App,Category,Rating,Reviews,Size,Installs,Type,Price,Content Rating,Genres,Last Updated,Current Ver,Android Ver,Revenue_Estimate,Last_Updated_Month,Type_Binary
Photo Editor & Candy Camera & Grid & ScrapBook,ART_AND_DESIGN,4.1,159.0,19.0,10000.0,Free,0.0,Everyone,Art & Design,"January 7, 2018",1.0.0,4.0.3 and up,0.0,January,0
Coloring book moana,ART_AND_DESIGN,3.9,967.0,14.0,500000.0,Free,0.0,Everyone,Art & Design;Pretend Play,"January 15, 2018",2.0.0,4.0.3 and up,0.0,January,0
Pixel Draw - Number Art Coloring Book,ART_AND_DESIGN,4.3,967.0,2.8,100000.0,Free,0.0,Everyone,Art & Design;Creativity,"June 20, 2018",1.1,4.4 and up,0.0,June,0
Paper flowers instructions,ART_AND_DESIGN,4.4,167.0,5.6,50000.0,Free,0.0,Everyone,Art & Design,"March 26, 2017",1.0,2.3 and up,0.0,March,0
Smoke Effect Photo Maker - Smoke Editor,ART_AND_DESIGN,3.8,178.0,19.0,50000.0,Free,0.0,Everyone,Art & Design,"April 26, 2018",1.1,4.0.3 and up,0.0,April,0
Infinite Painter,ART_AND_DESIGN,4.1,36815.0,29.0,1000000.0,Free,0.0,Everyone,Art & Design,"June 14, 2018",6.1.61.1,4.2 and up,0.0,June,0
Garden Coloring Book,ART_AND_DESIGN,4.4,13791.0,33.0,1000000.0,Free,0.0,Everyone,Art & Design,"September 20, 2017",2.9.2,3.0 and up,0.0,September,0
Kids Paint Free - Drawing Fun,ART_AND_DESIGN,4.7,121.0,3.1,10000.0,Free,0.0,Everyone,Art & Design;Creativity,"July 3, 2018",2.8,4.0.3 and up,0.0,July,0
Text on Photo - Fonteee,ART_AND_DESIGN,4.4,13880.0,28.0,1000000.0,Free,0.0,Everyone,Art & Design,"October 27, 2017",1.0.4,4.1 and up,0.0,October,0
Name Art Photo Editor - Focus n Filters,ART_AND_DESIGN,4.4,8788.0,12.0,1000000.0,Free,0.0,Everyone,Art & Design,"July 31, 2018",1.0.15,4.0 and up,0.0,July,0
Mandala Coloring Book,ART_AND_DESIGN,4.6,4326.0,21.0,100000.0,Free,0.0,Everyone,Art & Design,"June 26, 2018",1.0.4,4.4 and up,0.0,June,0
3D Color Pixel by Number - Sandbox Art Coloring,ART_AND_DESIGN,4.4,1518.0,37.0,100000.0,Free,0.0,Everyone,Art & Design,"August 3, 2018",1.2.3,2.3 and up,0.0,August,0
Photo Designer - Write your name with shapes,ART_AND_DESIGN,4.7,3632.0,5.5,500000.0,Free,0.0,Everyone,Art & Design,"July 31, 2018",3.1,4.1 and up,0.0,July,0
350 Diy Room Decor Ideas,ART_AND_DESIGN,4.5,27.0,17.0,10000.0,Free,0.0,Everyone,Art & Design,"November 7, 2017",1.0,2.3 and up,0.0,November,0
Logo Maker - Small Business,ART_AND_DESIGN,4.0,450.0,14.0,100000.0,Free,0.0,Everyone,Art & Design,"April 20, 2018",4.0,4.1 and up,0.0,April,0
Boys Photo Editor - Six Pack & Men's Suit,ART_AND_DESIGN,4.1,654.0,12.0,100000.0,Free,0.0,Everyone,Art & Design,"March 20, 2018",1.1,4.0.3 and up,0.0,March,0
Superheroes Wallpapers | 4K Backgrounds,ART_AND_DESIGN,4.7,7699.0,4.2,500000.0,Free,0.0,Everyone 10+,Art & Design,"July 12, 2018",2.2.6.2,4.0.3 and up,0.0,July,0
Mcqueen Coloring pages,ART_AND_DESIGN,4.3,61.0,7.0,100000.0,Free,0.0,Everyone,Art & Design;Action & Adventure,"March 7, 2018",1.0.0,4.1 and up,0.0,March,0
HD Mickey Minnie Wallpapers,ART_AND_DESIGN,4.7,118.0,23.0,50000.0,Free,0.0,Everyone,Art & Design,"July 7, 2018",1.1.3,4.1 and up,0.0,July,0
Harley Quinn wallpapers HD,ART_AND_DESIGN,4.8,192.0,6.0,10000.0,Free,0.0,Everyone,Art & Design,"April 25, 2018",1.5,3.0 and up,0.0,April,0
Colorfit - Drawing & Coloring,ART_AND_DESIGN,4.7,20260.0,25.0,500000.0,Free,0.0,Everyone,Art & Design;Creativity,"October 11, 2017",1.0.8,4.0.3 and up,0.0,October,0
Animated Photo Editor,ART_AND_DESIGN,4.1,203.0,6.1,100000.0,Free,0.0,Everyone,Art & Design,"March 21, 2018",1.03,4.0.3 and up,0.0,March,0
Pencil Sketch Drawing,ART_AND_DESIGN,3.9,136.0,4.6,10000.0,Free,0.0,Everyone,Art & Design,"July 12, 2018",6.0,2.3 and up,0.0,July,0
Easy Realistic Drawing Tutorial,ART_AND_DESIGN,4.1,223.0,4.2,100000.0,Free,0.0,Everyone,Art & Design,"August 22, 2017",1.0,2.3 and up,0.0,August,0
Pink Silver Bow Keyboard Theme,ART_AND_DESIGN,4.2,1120.0,9.2,100000.0,Free,0.0,Everyone,Art & Design,"July 12, 2018",6.7.12.2018,4.0.3 and up,0.0,July,0
Art Drawing Ideas,ART_AND_DESIGN,4.1,227.0,5.2,50000.0,Free,0.0,Everyone,Art & Design,"May 31, 2018",1.2,2.3 and up,0.0,May,0
Anime Manga Coloring Book,ART_AND_DESIGN,4.5,5035.0,11.0,100000.0,Free,0.0,Everyone,Art & Design,"July 19, 2018",2.20,4.0 and up,0.0,July,0
Easy Origami Ideas,ART_AND_DESIGN,4.2,1015.0,11.0,100000.0,Free,0.0,Everyone,Art & Design,"January 6, 2018",1.1.0,4.1 and up,0.0,January,0
I Creative Idea,ART_AND_DESIGN,4.7,353.0,4.2,10000.0,Free,0.0,Teen,Art & Design,"April 27, 2018",1.6,4.1 and up,0.0,April,0
How to draw Ladybug and Cat Noir,ART_AND_DESIGN,3.8,564.0,9.2,100000.0,Free,0.0,Everyone,Art & Design,"July 11, 2018",2.1,4.1 and up,0.0,July,0
UNICORN - Color By Number & Pixel Art Coloring,ART_AND_DESIGN,4.7,8145.0,24.0,500000.0,Free,0.0,Everyone,Art & Design;Creativity,"August 2, 2018",1.0.9,4.4 and up,0.0,August,0
PIP Camera - PIP Collage Maker,ART_AND_DESIGN,4.7,158.0,11.0,10000.0,Free,0.0,Everyone,Art & Design,"November 29, 2017",1.3,4.0.3 and up,0.0,November,0
How To Color Disney Princess - Coloring Pages,ART_AND_DESIGN,4.0,591.0,9.4,500000.0,Free,0.0,Everyone,Art & Design,"March 31, 2018",1,4.0 and up,0.0,March,0
Drawing Clothes Fashion Ideas,ART_AND_DESIGN,4.2,117.0,15.0,10000.0,Free,0.0,Everyone,Art & Design,"July 20, 2018",2.0.1,4.0.3 and up,0.0,July,0
Sad Poetry Photo Frames 2018,ART_AND_DESIGN,4.5,176.0,10.0,100000.0,Free,0.0,Everyone,Art & Design,"April 2, 2018",1.0,4.0.3 and up,0.0,April,0
Paint Splash!,ART_AND_DESIGN,3.8,2206.0,1.2,100000.0,Free,0.0,Everyone,Art & Design;Creativity,"April 15, 2018",1.46,4.1 and up,0.0,April,0
Popsicle Sticks and Similar DIY Craft Ideas,ART_AND_DESIGN,4.2,26.0,12.0,10000.0,Free,0.0,Everyone,Art & Design,"January 3, 2018",1.0.0,4.1 and up,0.0,January,0
Install images with music to make video without Net - 2018,ART_AND_DESIGN,4.6,1070.0,26.0,100000.0,Free,0.0,Everyone,Art & Design,"November 14, 2017",1.6,4.1 and up,0.0,November,0
Little Teddy Bear Colouring Book Game,ART_AND_DESIGN,4.2,85.0,8.0,100000.0,Free,0.0,Everyone,Art & Design,"December 17, 2017",2.0.0,4.1 and up,0.0,December,0
How To Draw Food,ART_AND_DESIGN,4.3,845.0,7.9,100000.0,Free,0.0,Everyone,Art & Design,"May 28, 2018",1.0,2.3 and up,0.0,May,0
Monster Truck Stunt 3D 2019,AUTO_AND_VEHICLES,4.2,367.0,25.0,100000.0,Free,0.0,Everyone,Auto & Vehicles,"May 10, 2018",1.0,4.0.3 and up,0.0,May,0
Used Cars and Trucks for Sale,AUTO_AND_VEHICLES,4.6,17057.0,13.0,1000000.0,Free,0.0,Everyone,Auto & Vehicles,"July 30, 2018",Varies with device,Varies with device,0.0,July,0
American Muscle Car Race,AUTO_AND_VEHICLES,3.9,129.0,35.0,100000.0,Free,0.0,Everyone,Auto & Vehicles,"July 26, 2018",3.0,4.1 and up,0.0,July,0
Offroad Oil Tanker Driver Transport Truck 2019,AUTO_AND_VEHICLES,4.3,542.0,33.0,100000.0,Free,0.0,Everyone,Auto & Vehicles,"July 31, 2018",4.0,4.1 and up,0.0,July,0
Tickets SDA 2018 and Exam from the State Traffic Safety Inspectorate with Drom.ru,AUTO_AND_VEHICLES,4.9,10479.0,33.0,100000.0,Free,0.0,Everyone,Auto & Vehicles,"July 18, 2018",1.7.1,4.0 and up,0.0,July,0
Gas Prices (Germany only),AUTO_AND_VEHICLES,4.4,805.0,5.6,50000.0,Free,0.0,Everyone,Auto & Vehicles,"July 29, 2018",2.5.1,4.4 and up,0.0,July,0
Restart Navigator,AUTO_AND_VEHICLES,4.0,1403.0,0.1962890625,100000.0,Free,0.0,Everyone,Auto & Vehicles,"August 26, 2014",1.0.1,2.2 and up,0.0,August,0
"REG - Check the regnumber, find information about Swedish vehicles",AUTO_AND_VEHICLES,3.9,3971.0,3.6,100000.0,Free,0.0,Everyone,Auto & Vehicles,"July 30, 2018",2.493,4.4 and up,0.0,July,0
CityBus Lviv,AUTO_AND_VEHICLES,4.6,534.0,5.7,10000.0,Free,0.0,Everyone,Auto & Vehicles,"July 8, 2018",1.9.1,4.0.3 and up,0.0,July,0
CDL Practice Test 2018 Edition,AUTO_AND_VEHICLES,4.9,7774.0,17.0,100000.0,Free,0.0,Everyone,Auto & Vehicles,"July 3, 2018",1.7,4.2 and up,0.0,July,0
"ezETC (ETC balance inquiry, meter trial, real-time traffic)",AUTO_AND_VEHICLES,4.3,38846.0,8.6,1000000.0,Free,0.0,Everyone,Auto & Vehicles,"July 28, 2018",2.20 Build 02,4.1 and up,0.0,July,0
Free VIN Report for Used Cars,AUTO_AND_VEHICLES,4.6,2431.0,2.4,100000.0,Free,0.0,Everyone,Auto & Vehicles,"June 12, 2018",1.37,4.0 and up,0.0,June,0
DMV Permit Practice Test 2018 Edition,AUTO_AND_VEHICLES,4.9,6090.0,27.0,100000.0,Free,0.0,Everyone,Auto & Vehicles,"July 3, 2018",1.7,4.2 and up,0.0,July,0
Check Vehicle Tax,AUTO_AND_VEHICLES,3.9,295.0,2.7,10000.0,Free,0.0,Everyone,Auto & Vehicles,"July 30, 2018",0.2.1,4.4 and up,0.0,July,0
Used Cars Mexico,AUTO_AND_VEHICLES,4.0,190.0,2.5,50000.0,Free,0.0,Everyone,Auto & Vehicles,"October 14, 2016",1.0,2.3 and up,0.0,October,0
REPUVE,AUTO_AND_VEHICLES,3.9,356.0,13.0,100000.0,Free,0.0,Everyone,Auto & Vehicles,"May 25, 2018",Varies with device,Varies with device,0.0,May,0
SK Enca Direct Malls - Used Cars Search,AUTO_AND_VEHICLES,3.6,1379.0,16.0,500000.0,Free,0.0,Everyone,Auto & Vehicles,"August 2, 2018",2.2.21,4.2 and up,0.0,August,0
PDD-UA,AUTO_AND_VEHICLES,4.8,736.0,13.0,100000.0,Free,0.0,Everyone,Auto & Vehicles,"July 29, 2018",2.9,2.3.3 and up,0.0,July,0
Tickets SDA 2019 + Exam RF,AUTO_AND_VEHICLES,4.8,7021.0,17.0,500000.0,Free,0.0,Everyone,Auto & Vehicles,"July 27, 2018",1.79,4.0 and up,0.0,July,0
Super Cars Wallpapers And Backgrounds,AUTO_AND_VEHICLES,4.6,197.0,3.4,50000.0,Free,0.0,Everyone,Auto & Vehicles,"June 14, 2018",1.3,4.0 and up,0.0,June,0
"Police Lights, Sirens & Follow Me",AUTO_AND_VEHICLES,4.5,737.0,8.9,100000.0,Free,0.0,Everyone,Auto & Vehicles,"June 8, 2018",2.3.5.1,4.1 and up,0.0,June,0
Police Detector (Speed Camera Radar),AUTO_AND_VEHICLES,4.3,3574.0,3.9,1000000.0,Free,0.0,Everyone 10+,Auto & Vehicles,"July 4, 2018",1.6,4.0 and up,0.0,July,0
Best Car Wallpapers,AUTO_AND_VEHICLES,4.5,994.0,2.9,100000.0,Free,0.0,Everyone,Auto & Vehicles,"March 27, 2018",1.6,4.1 and up,0.0,March,0
Pick Your Part Garage,AUTO_AND_VEHICLES,3.9,142.0,32.0,50000.0,Free,0.0,Everyone,Auto & Vehicles,"July 24, 2018",1.1.5.0,6.0 and up,0.0,July,0
PakWheels: Buy & Sell Cars,AUTO_AND_VEHICLES,4.4,15168.0,37.0,1000000.0,Free,0.0,Everyone,Auto & Vehicles,"July 27, 2018",10.0.2,4.2 and up,0.0,July,0
Supervision service,AUTO_AND_VEHICLES,4.0,2155.0,15.0,500000.0,Free,0.0,Everyone,Auto & Vehicles,"July 30, 2018",1.10.3,5.0 and up,0.0,July,0
Speed Camera Detector - Traffic & Speed Alert,AUTO_AND_VEHICLES,4.3,138.0,5.4,100000.0,Free,0.0,Everyone,Auto & Vehicles,"July 23, 2018",1.0,4.0.3 and up,0.0,July,0
Used car search Goo net whole car Go to net,AUTO_AND_VEHICLES,3.7,5414.0,18.0,1000000.0,Free,0.0,Everyone,Auto & Vehicles,"July 23, 2018",3.20.1,4.4 and up,0.0,July,0
CarMax – Cars for Sale: Search Used Car Inventory,AUTO_AND_VEHICLES,4.4,21777.0,13.0,1000000.0,Free,0.0,Everyone,Auto & Vehicles,"August 4, 2018",Varies with device,Varies with device,0.0,August,0
BEST CAR SOUNDS,AUTO_AND_VEHICLES,4.3,348.0,38.0,100000.0,Free,0.0,Everyone,Auto & Vehicles,"July 29, 2018",1.0.3,2.3 and up,0.0,July,0
AutoScout24 Switzerland – Find your new car,AUTO_AND_VEHICLES,4.6,13372.0,13.0,1000000.0,Free,0.0,Everyone,Auto & Vehicles,"August 3, 2018",Varies with device,Varies with device,0.0,August,0
Zona Azul Digital Fácil SP CET - OFFICIAL São Paulo,AUTO_AND_VEHICLES,4.6,7880.0,13.0,100000.0,Free,0.0,Everyone,Auto & Vehicles,"May 10, 2018",4.6.5,Varies with device,0.0,May,0
SMS Park,AUTO_AND_VEHICLES,4.5,3617.0,7.9,100000.0,Free,0.0,Everyone,Auto & Vehicles,"May 16, 2018",2.8.2,4.1 and up,0.0,May,0
SKencar,AUTO_AND_VEHICLES,3.7,4806.0,35.0,1000000.0,Free,0.0,Everyone,Auto & Vehicles,"July 31, 2018",4.0.3,4.0.3 and up,0.0,July,0
Fuelio: Gas log & costs,AUTO_AND_VEHICLES,4.6,65786.0,13.0,1000000.0,Free,0.0,Everyone,Auto & Vehicles,"August 2, 2018",Varies with device,4.0.3 and up,0.0,August,0
auto fines,AUTO_AND_VEHICLES,4.6,31433.0,17.0,1000000.0,Free,0.0,Everyone,Auto & Vehicles,"August 2, 2018",1.40,4.0.3 and up,0.0,August,0
"Used car is the first car - used car purchase, used car quotation, dealer information to",AUTO_AND_VEHICLES,4.6,5097.0,19.0,1000000.0,Free,0.0,Everyone,Auto & Vehicles,"July 23, 2018",1.5.18,4.0.3 and up,0.0,July,0
All of the parking lot - National Park application (parking lot search / parking sharing / discount payment),AUTO_AND_VEHICLES,4.0,1754.0,14.0,500000.0,Free,0.0,Everyone,Auto & Vehicles,"June 2, 2018",2.3.4,4.0 and up,0.0,June,0
Inquiry Fines and Debits of Vehicles,AUTO_AND_VEHICLES,4.4,2680.0,2.2,500000.0,Free,0.0,Everyone,Auto & Vehicles,"March 20, 2018",1.03,4.0.3 and up,0.0,March,0
Gas Station,AUTO_AND_VEHICLES,4.0,1288.0,4.5,100000.0,Free,0.0,Everyone,Auto & Vehicles,"April 21, 2018",2.17,4.0 and up,0.0,April,0
Hush - Beauty for Everyone,BEAUTY,4.7,18900.0,17.0,500000.0,Free,0.0,Everyone,Beauty,"August 2, 2018",6.10.1,5.0 and up,0.0,August,0
"ipsy: Makeup, Beauty, and Tips",BEAUTY,4.9,49790.0,14.0,1000000.0,Free,0.0,Everyone,Beauty,"November 9, 2017",2.3.0,4.1 and up,0.0,November,0
Natural recipes for your beauty,BEAUTY,4.7,1150.0,9.8,100000.0,Free,0.0,Everyone,Beauty,"May 15, 2018",4.0,4.1 and up,0.0,May,0
"BestCam Selfie-selfie, beauty camera, photo editor",BEAUTY,3.9,1739.0,21.0,500000.0,Free,0.0,Everyone,Beauty,"July 12, 2018",1.0.6,4.0.3 and up,0.0,July,0
Mirror - Zoom & Exposure -,BEAUTY,3.9,32090.0,13.0,1000000.0,Free,0.0,Everyone,Beauty,"October 24, 2016",Varies with device,Varies with device,0.0,October,0
Beauty Selfie Camera,BEAUTY,4.2,2225.0,52.0,500000.0,Free,0.0,Everyone,Beauty,"February 28, 2018",1.6,4.1 and up,0.0,February,0
Hairstyles step by step,BEAUTY,4.6,4369.0,14.0,100000.0,Free,0.0,Everyone,Beauty,"July 25, 2018",1.9,4.0.3 and up,0.0,July,0
Filters for Selfie,BEAUTY,4.3,8572.0,25.0,1000000.0,Free,0.0,Everyone,Beauty,"May 10, 2018",1.1.0,4.0 and up,0.0,May,0
Tie - Always be happy,BEAUTY,4.7,964.0,9.0,50000.0,Free,0.0,Everyone,Beauty,"June 21, 2018",4.0,4.2 and up,0.0,June,0
Ulta Beauty,BEAUTY,4.7,42050.0,13.0,1000000.0,Free,0.0,Everyone,Beauty,"June 5, 2018",5.4,5.0 and up,0.0,June,0
Prom MakeUp Tutorial,BEAUTY,4.8,104.0,12.0,10000.0,Free,0.0,Everyone,Beauty,"June 26, 2018",1.3,4.0.3 and up,0.0,June,0
Selfie Camera,BEAUTY,4.2,17934.0,13.0,1000000.0,Free,0.0,Everyone,Beauty,"September 12, 2017",Varies with device,Varies with device,0.0,September,0
Sweet Selfie Beauty Camera,BEAUTY,4.3,601.0,35.0,100000.0,Free,0.0,Everyone,Beauty,"June 2, 2018",2.0.0,4.0 and up,0.0,June,0
Colors of white in Urdu,BEAUTY,4.5,36.0,6.7,10000.0,Free,0.0,Everyone,Beauty,"July 26, 2018",6.0,4.0 and up,0.0,July,0
Selfie Camera Photo Editor & Filter & Sticker,BEAUTY,4.1,187.0,30.0,50000.0,Free,0.0,Teen,Beauty,"July 24, 2018",3.0.1,4.0.3 and up,0.0,July,0
Wrinkles and rejuvenation,BEAUTY,4.3,182.0,5.7,100000.0,Free,0.0,Everyone 10+,Beauty,"September 20, 2017",8.0,3.0 and up,0.0,September,0
Eyes Makeup Beauty Tips,BEAUTY,4.2,30.0,2.9,10000.0,Free,0.0,Everyone,Beauty,"April 9, 2018",3.3.9,4.0.3 and up,0.0,April,0
Photo Editor 2018,BEAUTY,4.5,134.0,17.0,10000.0,Free,0.0,Everyone,Beauty,"March 1, 2018",1.20,4.0.3 and up,0.0,March,0
Step By Step Eyes Makeup Tutorial,BEAUTY,4.4,74.0,2.9,10000.0,Free,0.0,Everyone,Beauty,"April 5, 2018",2.3.09,4.0.3 and up,0.0,April,0
Girls Hairstyles,BEAUTY,4.1,3595.0,13.0,500000.0,Free,0.0,Everyone,Beauty,"May 24, 2018",Varies with device,4.0 and up,0.0,May,0
Mirror Camera (Mirror + Selfie Camera),BEAUTY,4.1,9315.0,2.6,1000000.0,Free,0.0,Everyone,Beauty,"November 21, 2017",1.4.2,4.0 and up,0.0,November,0
Beauty Tips - Beauty Tips in Sinhala,BEAUTY,4.4,75.0,4.2,50000.0,Free,0.0,Everyone,Beauty,"October 18, 2017",1.0.0,4.0.3 and up,0.0,October,0
Haircut Tutorials/Haircut Videos,BEAUTY,4.6,38.0,7.1,10000.0,Free,0.0,Everyone,Beauty,"May 29, 2018",1.0,4.0 and up,0.0,May,0
Manicure - nail design,BEAUTY,4.3,119.0,3.7,50000.0,Free,0.0,Everyone,Beauty,"July 23, 2018",1.3,4.1 and up,0.0,July,0
"Sticker Camera - Selfie Filters, Beauty Camera",BEAUTY,3.9,2277.0,22.0,500000.0,Free,0.0,Everyone,Beauty,"July 12, 2018",1.1.0,4.0.3 and up,0.0,July,0
Filters for B Live,BEAUTY,4.4,2280.0,24.0,500000.0,Free,0.0,Everyone,Beauty,"May 14, 2018",1.1.0,4.0 and up,0.0,May,0
Skin Care and Natural Beauty,BEAUTY,4.3,654.0,7.4,100000.0,Free,0.0,Teen,Beauty,"July 17, 2018",1.15,4.1 and up,0.0,July,0
Facial Wrinkle Reduction,BEAUTY,4.6,184.0,21.0,10000.0,Free,0.0,Everyone,Beauty,"July 2, 2018",1.5,4.1 and up,0.0,July,0
Makeup Videos,BEAUTY,3.8,9.0,3.4,5000.0,Free,0.0,Everyone,Beauty,"June 7, 2018",1.0,4.0 and up,0.0,June,0
"Secrets of beauty, youth and health",BEAUTY,4.3,77.0,2.9,10000.0,Free,0.0,Mature 17+,Beauty,"August 8, 2017",2.0,2.3 and up,0.0,August,0
Recipes and tips for losing weight,BEAUTY,4.3,35.0,3.1,10000.0,Free,0.0,Everyone 10+,Beauty,"December 11, 2017",2.0,3.0 and up,0.0,December,0
Discover Color,BEAUTY,4.0,364.0,6.4,100000.0,Free,0.0,Everyone,Beauty,"May 24, 2018",1.1,4.0.3 and up,0.0,May,0
Eyeliner step by step 2018,BEAUTY,4.3,18.0,3.2,5000.0,Free,0.0,Everyone,Beauty,"June 1, 2018",1.2.13,4.0.3 and up,0.0,June,0
Dresses Ideas & Fashions +3000,BEAUTY,4.5,473.0,8.2,100000.0,Free,0.0,Mature 17+,Beauty,"March 1, 2017",1.0.2.0,1.6 and up,0.0,March,0
"Lady adviser (beauty, health)",BEAUTY,4.3,30.0,9.9,10000.0,Free,0.0,Mature 17+,Beauty,"January 24, 2018",3.0,3.0 and up,0.0,January,0
Step By Step Hairstyles For Women,BEAUTY,4.1,66.0,2.9,10000.0,Free,0.0,Everyone,Beauty,"April 5, 2018",3.1.89,4.0.3 and up,0.0,April,0
Rainbow Camera,BEAUTY,3.7,3871.0,23.0,1000000.0,Free,0.0,Everyone,Beauty,"July 30, 2018",2.2.0,4.0 and up,0.0,July,0
Methods of teeth whitening,BEAUTY,4.7,257.0,4.6,50000.0,Free,0.0,Everyone,Beauty,"August 7, 2017",1.0,4.0.3 and up,0.0,August,0
Girls hairstyles 2018,BEAUTY,4.2,62.0,3.1,10000.0,Free,0.0,Everyone,Beauty,"May 28, 2018",1.9.2,4.0.3 and up,0.0,May,0
E-Book Read - Read Book for free,BOOKS_AND_REFERENCE,4.5,1857.0,4.9,50000.0,Free,0.0,Everyone,Books & Reference,"August 3, 2018",1.3.2,4.4 and up,0.0,August,0
Download free book with green book,BOOKS_AND_REFERENCE,4.6,4478.0,9.5,100000.0,Free,0.0,Everyone 10+,Books & Reference,"July 31, 2017",1.1,4.0 and up,0.0,July,0
Free Panda Radio Music,BOOKS_AND_REFERENCE,4.5,418.0,4.2,100000.0,Free,0.0,Everyone,Books & Reference,"March 27, 2018",2.1,4.1 and up,0.0,March,0
Book store,BOOKS_AND_REFERENCE,4.4,22486.0,5.4,1000000.0,Free,0.0,Teen,Books & Reference,"June 6, 2018",3.2.1,4.0 and up,0.0,June,0
English Grammar Complete Handbook,BOOKS_AND_REFERENCE,4.6,1435.0,2.8,500000.0,Free,0.0,Everyone,Books & Reference,"January 21, 2018",1.0,4.0 and up,0.0,January,0
Free Books - Spirit Fanfiction and Stories,BOOKS_AND_REFERENCE,4.8,116507.0,5.0,1000000.0,Free,0.0,Teen,Books & Reference,"August 1, 2018",2.0.075,4.0.3 and up,0.0,August,0
Offline English Dictionary,BOOKS_AND_REFERENCE,4.2,860.0,13.0,100000.0,Free,0.0,Everyone,Books & Reference,"July 17, 2018",1.0,4.0.3 and up,0.0,July,0
Offline: English to Tagalog Dictionary,BOOKS_AND_REFERENCE,4.7,967.0,6.7,500000.0,Free,0.0,Everyone,Books & Reference,"August 4, 2018",1.1.6,4.0.3 and up,0.0,August,0
FamilySearch Tree,BOOKS_AND_REFERENCE,4.3,17506.0,17.0,1000000.0,Free,0.0,Everyone,Books & Reference,"July 20, 2018",2.3.18,4.1 and up,0.0,July,0
Recipes of Prophetic Medicine for free,BOOKS_AND_REFERENCE,4.6,2084.0,6.7,500000.0,Free,0.0,Everyone,Books & Reference,"May 17, 2018",15.0,2.3 and up,0.0,May,0
ReadEra – free ebook reader,BOOKS_AND_REFERENCE,4.8,47303.0,21.0,1000000.0,Free,0.0,Everyone,Books & Reference,"June 2, 2018",18.05.31+530,4.1 and up,0.0,June,0
NOOK App for NOOK Devices,BOOKS_AND_REFERENCE,4.7,19080.0,13.0,500000.0,Free,0.0,Everyone,Books & Reference,"April 25, 2018",Varies with device,Varies with device,0.0,April,0
Anonymous caller detection,BOOKS_AND_REFERENCE,4.3,161.0,2.7,10000.0,Free,0.0,Everyone,Books & Reference,"July 13, 2018",1.0,2.3 and up,0.0,July,0
Litnet - E-books,BOOKS_AND_REFERENCE,4.6,7831.0,15.0,100000.0,Free,0.0,Teen,Books & Reference,"July 4, 2018",1.2.3,4.0 and up,0.0,July,0
English to Urdu Dictionary,BOOKS_AND_REFERENCE,4.6,4620.0,19.0,500000.0,Free,0.0,Everyone,Books & Reference,"November 23, 2017",2.0,4.0.3 and up,0.0,November,0
eBoox: book reader fb2 epub zip,BOOKS_AND_REFERENCE,4.7,21336.0,23.0,1000000.0,Free,0.0,Everyone,Books & Reference,"June 20, 2018",1.28,3.0 and up,0.0,June,0
Flybook,BOOKS_AND_REFERENCE,3.9,1778.0,4.9,500000.0,Free,0.0,Mature 17+,Books & Reference,"October 16, 2014",1.0.3,2.1 and up,0.0,October,0
All Maths Formulas,BOOKS_AND_REFERENCE,4.4,2709.0,6.8,1000000.0,Free,0.0,Everyone,Books & Reference,"July 11, 2018",1.9,4.4 and up,0.0,July,0
English translation from Bengali,BOOKS_AND_REFERENCE,4.5,527.0,2.9,100000.0,Free,0.0,Everyone,Books & Reference,"March 31, 2018",14.0,4.0 and up,0.0,March,0
Pdf Book Download - Read Pdf Book,BOOKS_AND_REFERENCE,4.4,1322.0,3.5,100000.0,Free,0.0,Everyone,Books & Reference,"May 28, 2018",6.0,4.0.3 and up,0.0,May,0
eBoox new: Reader for fb2 epub zip books,BOOKS_AND_REFERENCE,4.9,2739.0,21.0,50000.0,Free,0.0,Everyone,Books & Reference,"July 17, 2018",2.0,3.0 and up,0.0,July,0
"Only 30 days in English, the guideline is guaranteed",BOOKS_AND_REFERENCE,4.6,1065.0,2.3,500000.0,Free,0.0,Everyone,Books & Reference,"June 16, 2018",1.5,3.0 and up,0.0,June,0
SH-02J Owner's Manual (Android 8.0),BOOKS_AND_REFERENCE,4.3,2.0,7.2,50000.0,Free,0.0,Everyone,Books & Reference,"June 15, 2018",3.0,6.0 and up,0.0,June,0
English-Myanmar Dictionary,BOOKS_AND_REFERENCE,4.4,8788.0,10.0,1000000.0,Free,0.0,Everyone,Books & Reference,"July 28, 2018",2.5.3,4.0 and up,0.0,July,0
Golden Dictionary (EN-AR),BOOKS_AND_REFERENCE,4.4,51269.0,6.1,1000000.0,Free,0.0,Everyone,Books & Reference,"July 19, 2018",7.0.4.6,4.2 and up,0.0,July,0
All Language Translator Free,BOOKS_AND_REFERENCE,4.4,30105.0,2.1,1000000.0,Free,0.0,Everyone,Books & Reference,"July 29, 2018",1.15,4.0.3 and up,0.0,July,0
Azpen eReader,BOOKS_AND_REFERENCE,3.5,156.0,42.0,500000.0,Free,0.0,Everyone,Books & Reference,"February 15, 2018",3.1.7.9,2.2 and up,0.0,February,0
URBANO V 02 instruction manual,BOOKS_AND_REFERENCE,4.3,114.0,7.3,100000.0,Free,0.0,Everyone,Books & Reference,"August 7, 2015",1.1,5.1 and up,0.0,August,0
Snag - Jobs Hiring Now,BUSINESS,4.3,32584.0,13.0,1000000.0,Free,0.0,Everyone,Business,"May 4, 2018",Varies with device,Varies with device,0.0,May,0
USPS MOBILE®,BUSINESS,3.9,16589.0,9.1,1000000.0,Free,0.0,Everyone,Business,"June 14, 2018",4.9.10,4.0.3 and up,0.0,June,0
Curriculum vitae App CV Builder Free Resume Maker,BUSINESS,4.5,4458.0,3.9,500000.0,Free,0.0,Everyone,Business,"July 8, 2018",3.3,4.1 and up,0.0,July,0
SuperLivePro,BUSINESS,4.3,46353.0,21.0,1000000.0,Free,0.0,Everyone,Business,"April 13, 2016",2.8,1.5 and up,0.0,April,0
My Space - Employment Center,BUSINESS,4.5,67000.0,13.0,1000000.0,Free,0.0,Everyone,Business,"July 17, 2018",Varies with device,4.3 and up,0.0,July,0
Kariyer.net,BUSINESS,3.9,45964.0,16.0,1000000.0,Free,0.0,Everyone,Business,"July 18, 2018",5.1.5,4.1 and up,0.0,July,0
SEEK Job Search,BUSINESS,4.3,14955.0,13.0,1000000.0,Free,0.0,Everyone,Business,"July 30, 2018",Varies with device,Varies with device,0.0,July,0
Become a Job - Find a job or advertise,BUSINESS,4.1,6903.0,14.0,1000000.0,Free,0.0,Everyone,Business,"July 10, 2018",2.3.6,4.1 and up,0.0,July,0
Facebook Ads Manager,BUSINESS,4.1,19023.0,13.0,1000000.0,Free,0.0,Everyone,Business,"August 1, 2018",99.0.0.35.75,4.1 and up,0.0,August,0
ViettelPost express delivery,BUSINESS,4.4,1225.0,25.0,100000.0,Free,0.0,Everyone,Business,"August 1, 2018",1.0.6.8,4.1 and up,0.0,August,0
Job Korea - Career Jobs,BUSINESS,4.3,10600.0,6.5,1000000.0,Free,0.0,Everyone,Business,"August 1, 2018",2.5.6,4.0 and up,0.0,August,0
"104 Looking for a job - looking for a job, looking for a job, looking for a part-time job, health checkup, resume, treatment room",BUSINESS,4.4,74359.0,25.0,1000000.0,Free,0.0,Everyone,Business,"July 27, 2018",1.12.5,4.0 and up,0.0,July,0
Myanmar 2D/3D,BUSINESS,4.6,822.0,3.1,100000.0,Free,0.0,Everyone,Business,"June 8, 2018",1.5,4.0.3 and up,0.0,June,0
sABN,BUSINESS,4.4,2287.0,1.5,1000000.0,Free,0.0,Everyone,Business,"March 26, 2018",4.9,2.2 and up,0.0,March,0
ATI Cargoes and Transportation,BUSINESS,4.7,4162.0,7.5,100000.0,Free,0.0,Everyone,Business,"July 24, 2018",0.9.4,4.0.3 and up,0.0,July,0
Y! Mobile menu,BUSINESS,4.3,9.0,1.2,100000.0,Free,0.0,Everyone,Business,"April 9, 2018",1.0.5,6.0 and up,0.0,April,0
SignEasy | Sign and Fill PDF and other Documents,BUSINESS,4.3,8978.0,13.0,1000000.0,Free,0.0,Everyone,Business,"July 25, 2018",Varies with device,Varies with device,0.0,July,0
Genius Scan - PDF Scanner,BUSINESS,4.4,42492.0,13.0,1000000.0,Free,0.0,Everyone,Business,"July 11, 2018",Varies with device,Varies with device,0.0,July,0
Mobile Doc Scanner (MDScan) Lite,BUSINESS,4.2,46505.0,19.0,1000000.0,Free,0.0,Everyone,Business,"August 2, 2018",3.4.49,4.1 and up,0.0,August,0
Zenefits,BUSINESS,4.2,296.0,14.0,50000.0,Free,0.0,Everyone,Business,"June 15, 2018",3.2.1,4.1 and up,0.0,June,0
FreshBooks Classic,BUSINESS,4.1,1802.0,26.0,100000.0,Free,0.0,Everyone,Business,"April 18, 2018",1.7.14,4.2 and up,0.0,April,0
Insightly CRM,BUSINESS,3.8,1383.0,51.0,100000.0,Free,0.0,Everyone,Business,"July 12, 2018",3.24.1,5.0 and up,0.0,July,0
QuickBooks Accounting: Invoicing & Expenses,BUSINESS,4.3,23175.0,41.0,1000000.0,Free,0.0,Everyone,Business,"July 13, 2018",18.7,4.1 and up,0.0,July,0
HipChat - Chat Built for Teams,BUSINESS,3.8,5868.0,20.0,500000.0,Free,0.0,Everyone,Business,"July 3, 2018",3.19.005,4.1 and up,0.0,July,0
Xero Accounting Software,BUSINESS,3.5,2111.0,13.0,100000.0,Free,0.0,Everyone,Business,"July 30, 2018",Varies with device,Varies with device,0.0,July,0
"MailChimp - Email, Marketing Automation",BUSINESS,4.1,5448.0,12.0,500000.0,Free,0.0,Everyone,Business,"July 25, 2018",4.9.1,5.0 and up,0.0,July,0
Crew - Free Messaging and Scheduling,BUSINESS,4.6,4159.0,48.0,500000.0,Free,0.0,Everyone,Business,"July 20, 2018",6.1.2,4.0.3 and up,0.0,July,0
Asana: organize team projects,BUSINESS,4.3,20815.0,10.0,1000000.0,Free,0.0,Everyone,Business,"July 26, 2018",6.4.4,5.0 and up,0.0,July,0
Google Analytics,BUSINESS,4.5,78662.0,22.0,1000000.0,Free,0.0,Everyone,Business,"February 13, 2018",3.7.5,4.4 and up,0.0,February,0
AdWords Express,BUSINESS,4.1,7149.0,11.0,1000000.0,Free,0.0,Everyone,Business,"July 31, 2018",2.6.158,4.0 and up,0.0,July,0
Accounting App - Zoho Books,BUSINESS,4.5,3079.0,8.5,100000.0,Free,0.0,Everyone,Business,"August 2, 2018",5.20.7,4.1 and up,0.0,August,0
Invoice & Time Tracking - Zoho,BUSINESS,4.6,5800.0,8.6,100000.0,Free,0.0,Everyone,Business,"August 2, 2018",5.20.7,4.1 and up,0.0,August,0
join.me - Simple Meetings,BUSINESS,4.0,6989.0,13.0,1000000.0,Free,0.0,Everyone,Business,"July 16, 2018",4.3.0.508,4.4 and up,0.0,July,0
Invoice 2go — Professional Invoices and Estimates,BUSINESS,4.2,16422.0,28.0,1000000.0,Free,0.0,Everyone,Business,"August 1, 2018",10.46.2,4.1 and up,0.0,August,0
ScreenMeet. Easy Phone Meeting,BUSINESS,4.0,624.0,9.0,100000.0,Free,0.0,Everyone,Business,"March 22, 2018",1.2.287,5.0 and up,0.0,March,0
Cisco Webex Teams,BUSINESS,4.2,1661.0,46.0,100000.0,Free,0.0,Everyone,Business,"August 2, 2018",3.0.4651,4.4 and up,0.0,August,0
Start Meeting,BUSINESS,4.1,308.0,14.0,50000.0,Free,0.0,Everyone,Business,"May 29, 2018",3.1.4.0,4.0.3 and up,0.0,May,0
ClickMeeting Webinars,BUSINESS,3.8,5211.0,26.0,1000000.0,Free,0.0,Everyone,Business,"July 30, 2018",3.3.0,4.0 and up,0.0,July,0
BlueJeans for Android,BUSINESS,3.9,1058.0,23.0,500000.0,Free,0.0,Everyone,Business,"June 29, 2018",2.22.397,5.0 and up,0.0,June,0
Verify - Receipts & Expenses,BUSINESS,4.5,413.0,29.0,10000.0,Free,0.0,Everyone,Business,"July 25, 2018",2.0.19,5.0 and up,0.0,July,0
Manga Master - Best manga & comic reader,COMICS,4.6,24005.0,4.9,500000.0,Free,0.0,Adults only 18+,Comics,"July 4, 2018",1.1.7.0,4.1 and up,0.0,July,0
GANMA! - All original stories free of charge for all original comics,COMICS,4.7,57106.0,27.0,1000000.0,Free,0.0,Teen,Comics,"July 23, 2018",2.11.3,4.1 and up,0.0,July,0
Röhrich Werner Soundboard,COMICS,4.7,2249.0,32.0,500000.0,Free,0.0,Everyone,Comics,"November 16, 2017",1.08,4.0.3 and up,0.0,November,0
Unicorn Pokez - Color By Number,COMICS,4.8,516.0,12.0,50000.0,Free,0.0,Everyone,Comics;Creativity,"August 3, 2018",1.0.6,4.4 and up,0.0,August,0
MangaToon - Comics updated Daily,COMICS,3.9,834.0,15.0,50000.0,Free,0.0,Mature 17+,Comics,"August 1, 2018",1.0.8,4.1 and up,0.0,August,0
Manga Net – Best Online Manga Reader,COMICS,4.1,1010.0,11.0,50000.0,Free,0.0,Mature 17+,Comics,"July 7, 2018",1.5,4.1 and up,0.0,July,0
Manga - read Thai translation,COMICS,4.6,302.0,2.2,10000.0,Free,0.0,Teen,Comics,"July 3, 2018",1.0,4.0 and up,0.0,July,0
The Vietnam Story - Fun Stories,COMICS,4.5,438.0,3.4,10000.0,Free,0.0,Everyone,Comics,"December 27, 2017",1.0,2.3 and up,0.0,December,0
Dragon Ball Wallpaper - Ringtones,COMICS,4.7,73.0,8.3,10000.0,Free,0.0,Everyone,Comics,"July 23, 2018",1.9,4.0.3 and up,0.0,July,0
Funny Jokes Photos,COMICS,4.4,39.0,4.3,10000.0,Free,0.0,Everyone 10+,Comics,"July 3, 2018",1.1,4.2 and up,0.0,July,0
Truyện Vui Tý Quậy,COMICS,4.5,144.0,4.7,10000.0,Free,0.0,Everyone,Comics,"July 19, 2018",3.0,4.0.3 and up,0.0,July,0
Comic Es - Shojo manga / love comics free of charge ♪ ♪,COMICS,3.9,2181.0,10.0,100000.0,Free,0.0,Teen,Comics,"March 5, 2018",1.2.12,4.0.3 and up,0.0,March,0
"漫咖 Comics - Manga,Novel and Stories",COMICS,4.1,12088.0,21.0,1000000.0,Free,0.0,Mature 17+,Comics,"July 6, 2018",2.3.1,4.0.3 and up,0.0,July,0
Emmanuella Funny Videos 2018,COMICS,4.5,314.0,6.1,100000.0,Free,0.0,Everyone,Comics,"May 23, 2018",3.1.0,4.1 and up,0.0,May,0
DC Comics,COMICS,4.2,25671.0,13.0,1000000.0,Free,0.0,Teen,Comics,"June 5, 2018",Varies with device,Varies with device,0.0,June,0
Manga Zero - Japanese cartoon and comic reader,COMICS,4.2,15194.0,15.0,1000000.0,Free,0.0,Teen,Comics,"July 19, 2018",4.7.3,4.2 and up,0.0,July,0
Marvel Unlimited,COMICS,3.7,22551.0,11.0,1000000.0,Free,0.0,Teen,Comics,"July 24, 2018",3.16.0,4.4 and up,0.0,July,0
"Tapas – Comics, Novels, and Stories",COMICS,4.5,29839.0,29.0,1000000.0,Free,0.0,Teen,Comics,"July 31, 2018",4.1.0,4.4 and up,0.0,July,0
Children's cartoons (Mithu-Mina-Raju),COMICS,4.6,279.0,3.3,100000.0,Free,0.0,Everyone,Comics,"December 18, 2017",1.6,4.0 and up,0.0,December,0
【Ranobbe complete free】 Novelba - Free app that you can read and write novels,COMICS,4.3,1330.0,22.0,50000.0,Free,0.0,Everyone,Comics,"July 3, 2018",6.1.1,4.2 and up,0.0,July,0
Faustop Sounds,COMICS,4.7,1677.0,40.0,100000.0,Free,0.0,Everyone,Comics,"May 26, 2018",1.7.7,4.1 and up,0.0,May,0
Manga Mania - Best online manga reader,COMICS,4.4,757.0,10.0,10000.0,Free,0.0,Teen,Comics,"May 24, 2018",1.0,4.1 and up,0.0,May,0
- Free Comics - Comic Apps,COMICS,3.5,115.0,9.1,10000.0,Free,0.0,Mature 17+,Comics,"July 13, 2018",5.0.12,5.0 and up,0.0,July,0
Buff Thun - Daily Free Webtoon / Comics / Web Fiction / Mini Game,COMICS,4.5,9952.0,38.0,500000.0,Free,0.0,Everyone 10+,Comics,"July 31, 2018",4.3.0,4.1 and up,0.0,July,0
pixiv comic - everyone's manga app,COMICS,4.4,18814.0,13.0,1000000.0,Free,0.0,Mature 17+,Comics,"July 30, 2018",Varies with device,Varies with device,0.0,July,0
Funny Jokes and Stories 2018,COMICS,4.2,21.0,6.7,5000.0,Free,0.0,Everyone,Comics,"March 31, 2018",1.3,4.0 and up,0.0,March,0
Hojiboy Tojiboyev Life Hacks,COMICS,5.0,15.0,37.0,1000.0,Free,0.0,Everyone,Comics,"June 26, 2018",2.0,4.0.3 and up,0.0,June,0
"Best Wallpapers Backgrounds(100,000+ 4K HD)",COMICS,4.7,3596.0,7.8,10000.0,Free,0.0,Teen,Comics,"June 16, 2018",1.01,4.0.3 and up,0.0,June,0
think Comics,COMICS,4.4,1006.0,19.0,50000.0,Free,0.0,Everyone,Comics,"August 3, 2018",2.3.3,4.0.3 and up,0.0,August,0
Memes Button,COMICS,4.4,5968.0,5.7,1000000.0,Free,0.0,Everyone,Comics,"May 28, 2018",1.4,4.0 and up,0.0,May,0
"Laftel - Watching and Announcing Snooping, Streaming",COMICS,4.6,4895.0,35.0,100000.0,Free,0.0,Everyone,Comics,"August 2, 2018",2.4.25,4.4 and up,0.0,August,0
TracFone My Account,COMMUNICATION,3.6,20769.0,18.0,1000000.0,Free,0.0,Everyone,Communication,"July 11, 2018",R6.0.3,4.1 and up,0.0,July,0
Firefox Focus: The privacy browser,COMMUNICATION,4.4,36880.0,4.0,1000000.0,Free,0.0,Everyone,Communication,"July 6, 2018",5.2,5.0 and up,0.0,July,0
My magenta,COMMUNICATION,3.9,42370.0,37.0,1000000.0,Free,0.0,Everyone,Communication,"June 25, 2018",7.5.1,5.0 and up,0.0,June,0
Seznam.cz,COMMUNICATION,4.3,46702.0,13.0,1000000.0,Free,0.0,Everyone,Communication,"July 4, 2018",Varies with device,Varies with device,0.0,July,0
Antillean Gold Telegram (original version),COMMUNICATION,4.4,2939.0,17.0,100000.0,Free,0.0,Everyone,Communication,"July 16, 2018",2.1,4.1 and up,0.0,July,0
"Messaging+ SMS, MMS Free",COMMUNICATION,4.1,28238.0,17.0,1000000.0,Free,0.0,Everyone,Communication,"August 2, 2018",4.98,2.3 and up,0.0,August,0
mysms SMS Text Messaging Sync,COMMUNICATION,4.3,37320.0,8.4,1000000.0,Free,0.0,Everyone,Communication,"July 30, 2018",6.5.1,4.0.3 and up,0.0,July,0
Firefox Focus: The privacy browser,COMMUNICATION,4.4,36893.0,4.0,1000000.0,Free,0.0,Everyone,Communication,"July 6, 2018",5.2,5.0 and up,0.0,July,0
2ndLine - Second Phone Number,COMMUNICATION,4.2,15880.0,32.0,1000000.0,Free,0.0,Everyone,Communication,"August 3, 2018",5.65.0,4.0 and up,0.0,August,0
Ninesky Browser,COMMUNICATION,4.2,42925.0,2.8,1000000.0,Free,0.0,Everyone,Communication,"August 27, 2017",6.1,2.3 and up,0.0,August,0
Ghostery Privacy Browser,COMMUNICATION,4.1,13100.0,2.2,1000000.0,Free,0.0,Everyone,Communication,"March 20, 2018",1.4.1.0,4.0.3 and up,0.0,March,0
InBrowser - Incognito Browsing,COMMUNICATION,4.2,27156.0,13.0,1000000.0,Free,0.0,Everyone,Communication,"May 31, 2018",Varies with device,Varies with device,0.0,May,0
Web Browser for Android,COMMUNICATION,4.1,55098.0,4.3,1000000.0,Free,0.0,Everyone,Communication,"June 20, 2018",2.2,4.0 and up,0.0,June,0
Lightning Web Browser,COMMUNICATION,4.1,12578.0,2.3,500000.0,Free,0.0,Everyone,Communication,"July 10, 2017",4.5.1,4.0 and up,0.0,July,0
Web Browser,COMMUNICATION,4.2,10965.0,2.3,500000.0,Free,0.0,Everyone,Communication,"February 2, 2015",2.0,3.0 and up,0.0,February,0
PHONE for Google Voice & GTalk,COMMUNICATION,4.3,72065.0,13.0,1000000.0,Free,0.0,Everyone,Communication,"April 18, 2018",3.0.7,4.0 and up,0.0,April,0
Safest Call Blocker,COMMUNICATION,4.4,27540.0,3.7,1000000.0,Free,0.0,Everyone,Communication,"January 5, 2018",1.26.001,4.0 and up,0.0,January,0
Call Blocker,COMMUNICATION,4.1,17529.0,10.0,1000000.0,Free,0.0,Everyone,Communication,"July 26, 2018",5.86,4.0.3 and up,0.0,July,0
RocketDial Dialer & Contacts,COMMUNICATION,4.4,32254.0,5.5,1000000.0,Free,0.0,Everyone,Communication,"December 4, 2017",3.9.7,2.1 and up,0.0,December,0
True Contact - Real Caller ID,COMMUNICATION,4.1,32283.0,13.0,1000000.0,Free,0.0,Everyone,Communication,"July 26, 2018",Varies with device,Varies with device,0.0,July,0
Video Caller Id,COMMUNICATION,4.2,15287.0,17.0,1000000.0,Free,0.0,Everyone,Communication,"January 24, 2018",2.2.245,4.0.3 and up,0.0,January,0
Burner - Free Phone Number,COMMUNICATION,4.3,14873.0,13.0,1000000.0,Free,0.0,Everyone,Communication,"July 12, 2018",Varies with device,Varies with device,0.0,July,0
Caller ID +,COMMUNICATION,4.0,9498.0,0.115234375,1000000.0,Free,0.0,Everyone,Communication,"June 7, 2016",5.28.0,2.3 and up,0.0,June,0
All Email Providers,COMMUNICATION,4.1,20901.0,7.3,1000000.0,Free,0.0,Everyone,Communication,"April 3, 2018",5.0.9,4.1 and up,0.0,April,0
"Newton Mail - Email App for Gmail, Outlook, IMAP",COMMUNICATION,4.0,122595.0,30.0,1000000.0,Free,0.0,Everyone,Communication,"July 19, 2018",9.8.376,5.0 and up,0.0,July,0
Mail1Click - Secure Mail,COMMUNICATION,4.1,255.0,1.6,10000.0,Free,0.0,Everyone,Communication,"April 11, 2017",2.3,2.2 and up,0.0,April,0
mail.com mail,COMMUNICATION,4.2,44706.0,13.0,1000000.0,Free,0.0,Everyone,Communication,"July 25, 2018",Varies with device,Varies with device,0.0,July,0
SolMail - All-in-One email app,COMMUNICATION,4.3,23707.0,13.0,500000.0,Free,0.0,Everyone,Communication,"August 9, 2017",2.3.17,Varies with device,0.0,August,0
Vonage Mobile® Call Video Text,COMMUNICATION,4.1,29208.0,23.0,1000000.0,Free,0.0,Everyone,Communication,"September 28, 2016",2.9.8,2.3.3 and up,0.0,September,0
Hinge: Dating & Relationships,DATING,4.2,7779.0,12.0,500000.0,Free,0.0,Mature 17+,Dating,"August 3, 2018",6.1.3,5.0 and up,0.0,August,0
BBW Dating & Plus Size Chat,DATING,4.4,12632.0,29.0,1000000.0,Free,0.0,Mature 17+,Dating,"July 27, 2018",3.5.0.1,4.1 and up,0.0,July,0
CMB Free Dating App,DATING,4.0,48845.0,40.0,1000000.0,Free,0.0,Mature 17+,Dating,"August 1, 2018",4.19.0.2320,4.4 and up,0.0,August,0
"Chispa, the Dating App for Latino, Latina Singles",DATING,4.2,4195.0,24.0,100000.0,Free,0.0,Mature 17+,Dating,"July 25, 2018",1.6.1,4.4 and up,0.0,July,0
Clover Dating App,DATING,4.1,11633.0,23.0,500000.0,Free,0.0,Mature 17+,Dating,"July 24, 2018",2.5.1,4.1 and up,0.0,July,0
Black People Meet Singles Date,DATING,3.9,10212.0,5.0,1000000.0,Free,0.0,Mature 17+,Dating,"July 25, 2018",1.9.7,4.4 and up,0.0,July,0
Mingle2 - Free Online Dating & Singles Chat Rooms,DATING,4.3,37053.0,44.0,1000000.0,Free,0.0,Mature 17+,Dating,"August 3, 2018",4.4B,4.1 and up,0.0,August,0
Free Dating App & Flirt Chat - Cheers,DATING,4.4,667.0,27.0,10000.0,Free,0.0,Mature 17+,Dating,"August 3, 2018",1.308.us,4.1 and up,0.0,August,0
stranger chat - anonymous chat,DATING,3.5,13202.0,6.1,1000000.0,Free,0.0,Mature 17+,Dating,"July 7, 2018",2.4.1,4.1 and up,0.0,July,0
"Blendr - Chat, Flirt & Meet",DATING,4.0,28671.0,13.0,1000000.0,Free,0.0,Mature 17+,Dating,"August 1, 2018",Varies with device,Varies with device,0.0,August,0
BLK - Swipe. Match. Chat.,DATING,4.1,2067.0,24.0,100000.0,Free,0.0,Mature 17+,Dating,"July 25, 2018",1.6.1,4.4 and up,0.0,July,0
Cougar Dating Life : Date Older Women Sugar Mummy,DATING,3.9,1643.0,31.0,500000.0,Free,0.0,Mature 17+,Dating,"July 3, 2018",4.5.5,4.1 and up,0.0,July,0
Howlr,DATING,3.9,105.0,27.0,5000.0,Free,0.0,Mature 17+,Dating,"June 19, 2018",1.0.4,4.4 and up,0.0,June,0
Stranger Chat & Date,DATING,3.6,3414.0,6.2,500000.0,Free,0.0,Mature 17+,Dating,"June 6, 2018",1.2.1,4.1 and up,0.0,June,0
RandoChat - Chat roulette,DATING,3.6,11806.0,12.0,1000000.0,Free,0.0,Mature 17+,Dating,"June 26, 2018",4.0.18,4.0.3 and up,0.0,June,0
"FastMeet: Chat, Dating, Love",DATING,4.2,22544.0,5.9,1000000.0,Free,0.0,Mature 17+,Dating,"July 27, 2018",1.31.4,4.0.3 and up,0.0,July,0
"Free Dating App - YoCutie - Flirt, Chat & Meet",DATING,4.1,97684.0,7.9,1000000.0,Free,0.0,Mature 17+,Dating,"July 10, 2018",1.230,4.0.3 and up,0.0,July,0
Dating for 50 plus Mature Singles – FINALLY,DATING,4.6,13046.0,13.0,500000.0,Free,0.0,Mature 17+,Dating,"July 31, 2018",4.17.2,4.1 and up,0.0,July,0
Sudy – Meet Elite & Rich Single,DATING,4.1,17268.0,40.0,500000.0,Free,0.0,Mature 17+,Dating,"June 25, 2018",4.1.2,4.0.3 and up,0.0,June,0
Christian Dating For Free App,DATING,3.9,8722.0,13.0,500000.0,Free,0.0,Mature 17+,Dating,"June 20, 2018",15.8,4.1 and up,0.0,June,0
Single Parent Meet #1 Dating,DATING,3.5,2593.0,5.0,500000.0,Free,0.0,Mature 17+,Dating,"July 25, 2018",1.9.7,4.4 and up,0.0,July,0
Millionaire Match: Rich Singles Dating App,DATING,3.9,852.0,27.0,100000.0,Free,0.0,Mature 17+,Dating,"July 30, 2018",6.4.6,4.1 and up,0.0,July,0
Sugar Mommas Dating And Single Search,DATING,3.5,1972.0,13.0,1000000.0,Free,0.0,Mature 17+,Dating,"May 12, 2018",4.3,4.1 and up,0.0,May,0
"Hide App, Private Dating, Safe Chat - PrivacyHider",DATING,4.4,35206.0,7.2,1000000.0,Free,0.0,Everyone,Dating,"May 21, 2018",2.9.6,4.0 and up,0.0,May,0
"muzmatch: Muslim & Arab Singles, Marriage & Dating",DATING,3.8,5164.0,25.0,100000.0,Free,0.0,Mature 17+,Dating,"July 24, 2018",3.8.75a,4.0.3 and up,0.0,July,0
NoBuffDating - Free Dating App,DATING,4.2,1939.0,13.0,100000.0,Free,0.0,Mature 17+,Dating,"January 8, 2017",1.0.0,4.0 and up,0.0,January,0
Free Dating App - Meet Local Singles - Flirt Chat,DATING,4.1,825.0,13.0,100000.0,Free,0.0,Mature 17+,Dating,"December 28, 2017",1.0.5,4.0 and up,0.0,December,0
"Meet4U - Chat, Love, Singles!",DATING,4.2,40035.0,6.5,1000000.0,Free,0.0,Mature 17+,Dating,"July 27, 2018",1.31.3,4.0.3 and up,0.0,July,0
SnpCupid Dating,DATING,3.5,1093.0,5.8,100000.0,Free,0.0,Mature 17+,Dating,"January 28, 2017",1.6.6,4.2 and up,0.0,January,0
Gay Sugar Daddy Dating & Hookup – Sudy Gay,DATING,4.1,2212.0,41.0,100000.0,Free,0.0,Mature 17+,Dating,"June 20, 2018",2.0.5,4.0.3 and up,0.0,June,0
"Meet24 - Love, Chat, Singles",DATING,4.2,57081.0,7.9,1000000.0,Free,0.0,Mature 17+,Dating,"July 27, 2018",1.31.3,4.0.3 and up,0.0,July,0
BBWCupid - BBW Dating App,DATING,3.5,241.0,2.8,50000.0,Free,0.0,Mature 17+,Dating,"June 1, 2018",2.2.0.1748,5.0 and up,0.0,June,0
"TryDate - Free Online Dating App, Chat Meet Adults",DATING,4.4,7888.0,15.0,500000.0,Free,0.0,Mature 17+,Dating,"April 29, 2018",2.4.0,4.1 and up,0.0,April,0
Black White Interracial Dating - Interracial Match,DATING,4.1,535.0,28.0,100000.0,Free,0.0,Mature 17+,Dating,"March 29, 2018",2.0.0,4.1 and up,0.0,March,0
"USA Singles Meet, Match and Date Free - Date",DATING,4.2,5084.0,9.6,100000.0,Free,0.0,Mature 17+,Dating,"August 3, 2018",1.55,4.1 and up,0.0,August,0
FlirtChat - ♥Free Dating/Flirting App♥,DATING,4.3,2430.0,13.0,500000.0,Free,0.0,Mature 17+,Dating,"July 26, 2018",12.0.4,4.1 and up,0.0,July,0
"Herpes Dating: 1,000K+ Singles",DATING,4.0,738.0,27.0,10000.0,Free,0.0,Mature 17+,Dating,"August 1, 2018",6.4.1,4.1 and up,0.0,August,0
95Live -SG#1 Live Streaming App,DATING,4.1,4953.0,15.0,1000000.0,Free,0.0,Teen,Dating,"August 1, 2018",8.7.2,4.2 and up,0.0,August,0
Mutual - LDS Dating,DATING,3.7,1439.0,38.0,50000.0,Free,0.0,Mature 17+,Dating,"July 30, 2018",1.1.46,4.2 and up,0.0,July,0
Cougar Dating Life : Date Older Women Sugar Mummy,DATING,3.9,1645.0,31.0,500000.0,Free,0.0,Mature 17+,Dating,"July 3, 2018",4.5.5,4.1 and up,0.0,July,0
stranger chat - anonymous chat,DATING,3.5,13204.0,6.1,1000000.0,Free,0.0,Mature 17+,Dating,"July 7, 2018",2.4.1,4.1 and up,0.0,July,0
Millionaire Match: Rich Singles Dating App,DATING,3.9,853.0,27.0,100000.0,Free,0.0,Mature 17+,Dating,"July 30, 2018",6.4.6,4.1 and up,0.0,July,0
2RedBeans,DATING,4.0,337.0,32.0,10000.0,Free,0.0,Mature 17+,Dating,"July 31, 2018",2.8.0,4.3 and up,0.0,July,0
Dating for 50 plus Mature Singles – FINALLY,DATING,4.6,13049.0,13.0,500000.0,Free,0.0,Mature 17+,Dating,"July 31, 2018",4.17.2,4.1 and up,0.0,July,0
"BiggerCity: Chat for gay bears, chubs & chasers",DATING,4.1,923.0,44.0,100000.0,Free,0.0,Mature 17+,Dating,"August 2, 2018",3.4.1.1,4.1 and up,0.0,August,0
Herpes Positive Singles Dating,DATING,4.4,198.0,28.0,10000.0,Free,0.0,Mature 17+,Dating,"May 18, 2018",5.5.7,4.1 and up,0.0,May,0
"FastMeet: Chat, Dating, Love",DATING,4.2,22545.0,5.9,1000000.0,Free,0.0,Mature 17+,Dating,"July 27, 2018",1.31.4,4.0.3 and up,0.0,July,0
Christian Dating For Free App,DATING,3.9,8723.0,13.0,500000.0,Free,0.0,Mature 17+,Dating,"June 20, 2018",15.8,4.1 and up,0.0,June,0
Glam - Premium Dating App,DATING,4.3,23170.0,9.0,500000.0,Free,0.0,Mature 17+,Dating,"July 25, 2018",1.5.4.0,4.1 and up,0.0,July,0
"Meet24 - Love, Chat, Singles",DATING,4.2,57083.0,7.9,1000000.0,Free,0.0,Mature 17+,Dating,"July 27, 2018",1.31.3,4.0.3 and up,0.0,July,0
Black White Interracial Dating - Interracial Match,DATING,4.1,537.0,28.0,100000.0,Free,0.0,Mature 17+,Dating,"March 29, 2018",2.0.0,4.1 and up,0.0,March,0
JustDating,DATING,4.0,13440.0,49.0,500000.0,Free,0.0,Mature 17+,Dating,"August 3, 2018",3.10.5,4.0.3 and up,0.0,August,0
Interracial Match Dating App,DATING,3.6,143.0,27.0,10000.0,Free,0.0,Mature 17+,Dating,"July 23, 2018",2.2.7,4.1 and up,0.0,July,0
Russian Dating & Chat for Russian speaking RusDate,DATING,4.2,1059.0,18.0,100000.0,Free,0.0,Mature 17+,Dating,"July 26, 2018",1.17,4.2 and up,0.0,July,0
Sky People (SPI): A secure blind date through authentication by Seoul National University,DATING,3.5,894.0,14.0,100000.0,Free,0.0,Mature 17+,Dating,"July 17, 2018",3.1.3,4.1 and up,0.0,July,0
Sweet mi - unlimited hunnam hunting blind date,DATING,4.0,6191.0,27.0,500000.0,Free,0.0,Mature 17+,Dating,"July 12, 2018",0.0.73,4.1 and up,0.0,July,0
Mingle - Online Dating App to Chat & Meet People,DATING,4.1,15081.0,38.0,1000000.0,Free,0.0,Mature 17+,Dating,"July 26, 2018",4.7.6,4.1 and up,0.0,July,0
BBW Dating & Curvy Singles Chat- LargeFriends,DATING,4.4,218.0,27.0,10000.0,Free,0.0,Mature 17+,Dating,"July 23, 2018",5.2.9,4.1 and up,0.0,July,0
"Hide App, Private Dating, Safe Chat - PrivacyHider",DATING,4.4,35205.0,7.2,1000000.0,Free,0.0,Everyone,Dating,"May 21, 2018",2.9.6,4.0 and up,0.0,May,0
A hundred,DATING,4.1,236.0,8.8,10000.0,Free,0.0,Mature 17+,Dating,"March 29, 2018",3.9.2,4.0.3 and up,0.0,March,0
JustSayHi- Dating App. Chat & Meet Singles Nearby,DATING,4.2,5152.0,38.0,100000.0,Free,0.0,Mature 17+,Dating,"July 26, 2018",3.6.3,4.1 and up,0.0,July,0
FERZU - Furries Social Network,DATING,3.9,1576.0,13.0,10000.0,Free,0.0,Mature 17+,Dating,"February 16, 2018",4.4.1,4.1 and up,0.0,February,0
WannaMeet – Dating & Chat App,DATING,4.1,6701.0,11.0,1000000.0,Free,0.0,Mature 17+,Dating,"June 29, 2018",5.16.2,4.0.3 and up,0.0,June,0
"Meet4U - Chat, Love, Singles!",DATING,4.2,40039.0,6.5,1000000.0,Free,0.0,Mature 17+,Dating,"July 27, 2018",1.31.3,4.0.3 and up,0.0,July,0
Luxy Pro- Elite Dating Single,DATING,3.9,742.0,26.0,50000.0,Free,0.0,Mature 17+,Dating,"April 7, 2018",5.3.3.13289,4.0.3 and up,0.0,April,0
Dating Network,DATING,4.0,187.0,19.0,10000.0,Free,0.0,Mature 17+,Dating,"July 26, 2018",1.17,4.2 and up,0.0,July,0
"Chatting - Free chat, random chat, boyfriend, girlfriend",DATING,4.2,2506.0,6.1,500000.0,Free,0.0,Mature 17+,Dating,"June 15, 2017",3.0.0,4.0 and up,0.0,June,0
"Meet, chat & date. Free dating app - Chocolate app",DATING,3.9,8661.0,9.5,1000000.0,Free,0.0,Mature 17+,Dating,"April 3, 2018",0.1.11,4.0 and up,0.0,April,0
Transenger – Ts Dating and Chat for Free,DATING,3.6,8.0,14.0,1000.0,Free,0.0,Mature 17+,Dating,"July 29, 2018",1.4.0,4.4 and up,0.0,July,0
O-Star,DATING,4.4,59.0,38.0,5000.0,Free,0.0,Everyone,Dating,"July 19, 2018",1.0.1,4.3 and up,0.0,July,0
Free Cam Girls - Live Webcam,DATING,3.5,35.0,16.0,1000.0,Free,0.0,Mature 17+,Dating,"July 16, 2018",2.4,4.0.3 and up,0.0,July,0
Cardi B Live Stream Video Chat - Prank,DATING,4.4,28.0,3.4,500.0,Free,0.0,Everyone,Dating,"July 16, 2018",2.5,4.0.3 and up,0.0,July,0
Live Girls Talk - Free Video Chat,DATING,4.8,125.0,4.7,5000.0,Free,0.0,Mature 17+,Dating,"July 8, 2018",8.2,4.0.3 and up,0.0,July,0
Live Talk - Free Text and Video Chat,DATING,4.6,185.0,5.0,10000.0,Free,0.0,Mature 17+,Dating,"July 16, 2018",8.2,4.0.3 and up,0.0,July,0
Chat Kids - Chat Room For Kids,DATING,4.7,6.0,4.9,100.0,Free,0.0,Mature 17+,Dating,"July 24, 2018",1.0,4.0.3 and up,0.0,July,0
Girls Live Chat - Free Text & Video Chat,DATING,4.8,110.0,4.9,10000.0,Free,0.0,Mature 17+,Dating,"July 9, 2018",8.2,4.0.3 and up,0.0,July,0
Random Video Chat,DATING,4.3,3.0,16.0,1000.0,Free,0.0,Mature 17+,Dating,"July 15, 2018",4.20,4.0.3 and up,0.0,July,0
American Girls Mobile Numbers,DATING,5.0,5.0,4.4,1000.0,Free,0.0,Mature 17+,Dating,"July 17, 2018",3.0,4.0.3 and up,0.0,July,0
Random Video Chat App With Strangers,DATING,4.3,3.0,4.8,1000.0,Free,0.0,Mature 17+,Dating,"July 17, 2018",1.,4.0 and up,0.0,July,0
FREE VIDEO CHAT - LIVE VIDEO AND TEXT CHAT,DATING,4.8,84.0,4.5,1000.0,Free,0.0,Mature 17+,Dating,"July 6, 2018",8.2,4.0.3 and up,0.0,July,0
Live Chat - Free Video Chat Rooms,DATING,4.8,20.0,4.9,500.0,Free,0.0,Mature 17+,Dating,"July 15, 2018",8.2,4.0.3 and up,0.0,July,0
Meet With Strangers: Video Chat & Dating,DATING,4.3,2.0,3.7,500.0,Free,0.0,Mature 17+,Dating,"July 16, 2018",1.,4.0 and up,0.0,July,0
FREE LIVE TALK,DATING,4.9,776.0,4.9,5000.0,Free,0.0,Mature 17+,Dating,"July 14, 2018",8.2,4.0.3 and up,0.0,July,0
Ost. Zombies Cast - New Music and Lyrics,DATING,4.3,1.0,4.6,100.0,Free,0.0,Teen,Dating,"July 20, 2018",1.0,4.0.3 and up,0.0,July,0
Dating White Girls,DATING,4.3,0.0,3.6,50.0,Free,0.0,Mature 17+,Dating,"July 20, 2018",1.0,4.0 and up,0.0,July,0
Live Chat - Free Video Talk,DATING,4.7,14.0,21.0,5000.0,Free,0.0,Mature 17+,Dating,"August 3, 2018",1.3,4.1 and up,0.0,August,0
Geeks Dating,DATING,4.3,0.0,13.0,50.0,Free,0.0,Mature 17+,Dating,"July 10, 2018",1.0,4.1 and up,0.0,July,0
Live chat - free video chat,DATING,4.3,1.0,8.7,500.0,Free,0.0,Mature 17+,Dating,"July 23, 2018",3.52,4.0.3 and up,0.0,July,0
Fishing Brain & Boating Maps Marine,DATING,4.3,3.0,6.9,500.0,Free,0.0,Everyone,Dating,"July 23, 2018",1.0,4.0.3 and up,0.0,July,0
CAM5678 Video Chat,DATING,4.3,0.0,39.0,500.0,Free,0.0,Mature 17+,Dating,"July 13, 2018",5.5.8,4.0.3 and up,0.0,July,0
Video chat live advices,DATING,4.3,0.0,8.0,100.0,Free,0.0,Everyone,Dating,"July 10, 2018",1.0,3.0 and up,0.0,July,0
chat live chat,DATING,4.3,24.0,3.9,1000.0,Free,0.0,Mature 17+,Dating,"July 26, 2018",1.0,4.0 and up,0.0,July,0
Pet Lovers Dating,DATING,4.3,0.0,14.0,10.0,Free,0.0,Mature 17+,Dating,"July 9, 2018",1.0,4.1 and up,0.0,July,0
Friend Find: free chat + flirt dating app,DATING,4.3,23.0,11.0,100.0,Free,0.0,Mature 17+,Dating,"July 31, 2018",1.0,4.4 and up,0.0,July,0
Latin Dating,DATING,4.3,0.0,13.0,10.0,Free,0.0,Mature 17+,Dating,"July 9, 2018",1.0,4.1 and up,0.0,July,0
Spine- The dating app,DATING,5.0,5.0,9.3,500.0,Free,0.0,Teen,Dating,"July 14, 2018",4.0,4.0.3 and up,0.0,July,0
Online Chat Girls Meet,DATING,4.7,18.0,5.0,500.0,Free,0.0,Mature 17+,Dating,"July 25, 2018",8.2,4.0.3 and up,0.0,July,0
Wifi Mingle,DATING,4.3,0.0,10.0,10.0,Free,0.0,Everyone,Dating,"July 27, 2018",1.3,4.4 and up,0.0,July,0
Girls Live Talk - Free Text and Video Chat,DATING,5.0,6.0,5.0,100.0,Free,0.0,Mature 17+,Dating,"August 1, 2018",8.2,4.0.3 and up,0.0,August,0
Soy Luna - Top Music And Lyrics,DATING,4.3,1.0,5.0,100.0,Free,0.0,Teen,Dating,"July 24, 2018",1.0,4.0.3 and up,0.0,July,0
When Will You Get Married,DATING,4.3,2.0,3.6,10.0,Free,0.0,Everyone,Dating,"July 14, 2018",1.0,4.0.3 and up,0.0,July,0
HOW TO ASK A GIRL OUT,DATING,4.3,0.0,19.0,10.0,Free,0.0,Everyone,Dating,"July 16, 2018",1.0,4.0.3 and up,0.0,July,0
Online Girls Chat Group,DATING,5.0,5.0,5.0,100.0,Free,0.0,Mature 17+,Dating,"August 2, 2018",8.2,4.0.3 and up,0.0,August,0
The DJ - Match with People,DATING,4.3,0.0,9.8,50.0,Free,0.0,Mature 17+,Dating,"August 2, 2018",1.2,4.1 and up,0.0,August,0
Toronto Dating,DATING,4.3,0.0,14.0,100.0,Free,0.0,Mature 17+,Dating,"July 12, 2018",1.0,4.1 and up,0.0,July,0
i miss you quotes and photos,DATING,4.3,0.0,5.0,100.0,Free,0.0,Everyone,Dating,"July 22, 2018",1.0.7,4.0 and up,0.0,July,0
JoJo Siwa Top Hits Music,DATING,4.3,0.0,4.9,10.0,Free,0.0,Teen,Dating,"July 26, 2018",1.0,4.0.3 and up,0.0,July,0
chat saudi arabia,DATING,4.1,11.0,11.0,1000.0,Free,0.0,Mature 17+,Dating,"July 14, 2018",1.1,4.0 and up,0.0,July,0
Chat Click - Dating Search,DATING,4.3,4.0,3.8,500.0,Free,0.0,Mature 17+,Dating,"July 11, 2018",1.0,3.0 and up,0.0,July,0
Iraq love chat,DATING,4.3,14.0,5.0,50.0,Free,0.0,Teen,Dating,"August 3, 2018",8.2,4.0.3 and up,0.0,August,0
Healthy Relationships Guide,DATING,4.3,0.0,8.2,1.0,Free,0.0,Everyone,Dating,"July 31, 2018",2.0,4.0.3 and up,0.0,July,0
following,DATING,4.3,1.0,21.0,10.0,Free,0.0,Mature 17+,Dating,"July 24, 2018",1.0.3,4.2 and up,0.0,July,0
Gods by Night,DATING,4.3,104.0,12.0,1000.0,Free,0.0,Mature 17+,Dating,"July 22, 2018",3.5.4.2.3,4.1 and up,0.0,July,0
PlusOne,DATING,4.3,0.0,10.0,1.0,Free,0.0,Mature 17+,Dating,"July 17, 2018",1.1.1,4.2 and up,0.0,July,0
Love Calendar - Couple Sharing Calendar & CoupleDay,DATING,4.3,14.0,3.3,50.0,Free,0.0,Everyone,Dating,"July 30, 2018",1.6,4.1 and up,0.0,July,0
Speeding Joyride & Car Meet App,DATING,5.0,3.0,25.0,100.0,Free,0.0,Mature 17+,Dating,"July 20, 2018",1.2.9,4.1 and up,0.0,July,0
LOBSTR - go on a lunch date,DATING,3.7,101.0,15.0,10000.0,Free,0.0,Mature 17+,Dating,"July 24, 2018",2,4.1 and up,0.0,July,0
Titanic App - Feminist Dating Application,DATING,4.5,120.0,10.0,500.0,Free,0.0,Mature 17+,Dating,"August 4, 2018",1.5-beta,5.0 and up,0.0,August,0
French Chat Room,DATING,4.2,24.0,4.9,1000.0,Free,0.0,Mature 17+,Dating,"July 11, 2018",1.0,4.0.3 and up,0.0,July,0
Soul Mate,DATING,4.3,0.0,4.4,10.0,Free,0.0,Mature 17+,Dating,"July 19, 2018",4.5.0,4.0.3 and up,0.0,July,0
Diamond Engagement Rings,DATING,4.3,0.0,3.5,5.0,Free,0.0,Everyone,Dating,"July 12, 2018",6.1,4.0 and up,0.0,July,0
Dating Tips For Men,DATING,4.3,0.0,7.8,10.0,Free,0.0,Everyone,Dating,"July 9, 2018",3.0,4.0.3 and up,0.0,July,0
Halalguur,DATING,4.3,6.0,9.0,100.0,Free,0.0,Mature 17+,Dating,"July 26, 2018",3.7,4.0.3 and up,0.0,July,0
95Live -SG#1 Live Streaming App,DATING,4.1,4954.0,15.0,1000000.0,Free,0.0,Teen,Dating,"August 1, 2018",8.7.2,4.2 and up,0.0,August,0
Find Lover,DATING,4.3,21.0,4.7,1000.0,Free,0.0,Mature 17+,Dating,"July 27, 2018",1.0.2,4.0.3 and up,0.0,July,0
"muzmatch: Muslim & Arab Singles, Marriage & Dating",DATING,3.8,5168.0,25.0,100000.0,Free,0.0,Mature 17+,Dating,"July 24, 2018",3.8.75a,4.0.3 and up,0.0,July,0
BBW Dating & Plus Size Chat,DATING,4.4,12633.0,29.0,1000000.0,Free,0.0,Mature 17+,Dating,"July 27, 2018",3.5.0.1,4.1 and up,0.0,July,0
"2Date Dating App, Love and matching",DATING,4.4,41605.0,8.1,500000.0,Free,0.0,Mature 17+,Dating,"July 26, 2018",4.813,4.0.3 and up,0.0,July,0
FlirtChat - ♥Free Dating/Flirting App♥,DATING,4.3,2433.0,13.0,500000.0,Free,0.0,Mature 17+,Dating,"July 26, 2018",12.0.4,4.1 and up,0.0,July,0
Girls Online Talk - Free Text and Video Chat,DATING,4.7,791.0,3.7,10000.0,Free,0.0,Mature 17+,Dating,"May 15, 2018",8.2,4.0.3 and up,0.0,May,0
Online Girls Chat,DATING,4.8,5323.0,3.5,50000.0,Free,0.0,Mature 17+,Dating,"April 21, 2018",8.2,4.0.3 and up,0.0,April,0
LIVE VIDEO TALK,DATING,4.7,478.0,4.5,10000.0,Free,0.0,Mature 17+,Dating,"June 28, 2018",8.2,4.0.3 and up,0.0,June,0
SkyLove – Dating and chat,DATING,3.5,69.0,36.0,5000.0,Free,0.0,Mature 17+,Dating,"August 4, 2018",1.0.82,4.4 and up,0.0,August,0
Free Live Talk-Video Call,DATING,4.7,158.0,4.5,10000.0,Free,0.0,Mature 17+,Dating,"July 5, 2018",8.2,4.0.3 and up,0.0,July,0
FindLoving,DATING,3.8,24.0,19.0,1000.0,Free,0.0,Mature 17+,Dating,"August 2, 2018",1.0.5,4.0 and up,0.0,August,0
"Free Dating App - YoCutie - Flirt, Chat & Meet",DATING,4.1,97699.0,7.9,1000000.0,Free,0.0,Mature 17+,Dating,"July 10, 2018",1.230,4.0.3 and up,0.0,July,0
"Chat Mexico: meet people, flirt and friendship",DATING,4.3,8.0,9.3,5000.0,Free,0.0,Mature 17+,Dating,"July 2, 2018",3.7,4.0.3 and up,0.0,July,0
English Communication - Learn English for Chinese (Learn English for Chinese),EDUCATION,4.7,2544.0,18.0,100000.0,Free,0.0,Everyone,Education,"December 29, 2017",3.1,4.0 and up,0.0,December,0
Ai La Trieu Phu - ALTP Free,EDUCATION,4.3,776.0,24.0,100000.0,Free,0.0,Everyone,Education,"July 23, 2018",1.5,4.0 and up,0.0,July,0
Learn Spanish - Español,EDUCATION,4.7,32346.0,3.2,1000000.0,Free,0.0,Everyone,Education,"December 18, 2017",1.3.8,4.0 and up,0.0,December,0
English Grammar Test,EDUCATION,4.8,4075.0,5.1,500000.0,Free,0.0,Everyone,Education,"June 22, 2018",2.1.8,4.0.3 and up,0.0,June,0
Speed Reading,EDUCATION,4.6,10611.0,11.0,500000.0,Free,0.0,Everyone,Education,"May 27, 2018",2.3.7,4.0 and up,0.0,May,0
English for beginners,EDUCATION,4.6,9321.0,27.0,1000000.0,Free,0.0,Everyone,Education,"July 18, 2018",2.9.0,4.0 and up,0.0,July,0
Flame - درب عقلك يوميا,EDUCATION,4.6,56065.0,37.0,1000000.0,Free,0.0,Everyone,Education,"July 26, 2018",3.3,4.1 and up,0.0,July,0
"Learn Japanese, Korean, Chinese Offline & Free",EDUCATION,4.9,133136.0,26.0,1000000.0,Free,0.0,Everyone,Education;Education,"July 20, 2018",2.16.11.10,4.2 and up,0.0,July,0
Kids Mode,EDUCATION,3.8,2469.0,11.0,500000.0,Free,0.0,Everyone,Education,"March 23, 2018",Varies with device,Varies with device,0.0,March,0
Dinosaurs Coloring Pages,EDUCATION,4.4,390.0,41.0,500000.0,Free,0.0,Everyone,Education;Education,"February 3, 2018",1.1.6,4.0 and up,0.0,February,0
Cars Coloring Pages,EDUCATION,4.4,1090.0,49.0,1000000.0,Free,0.0,Everyone,Education;Creativity,"February 3, 2018",1.2.0,4.0 and up,0.0,February,0
Monster Truck Driver & Racing,EDUCATION,4.4,748.0,51.0,1000000.0,Free,0.0,Everyone,Education;Action & Adventure,"January 19, 2017",1.0.9,2.3 and up,0.0,January,0
Japanese / English one-shop search dictionary - Free Japanese - English - Japanese dictionary application,EDUCATION,3.9,61.0,18.0,50000.0,Free,0.0,Mature 17+,Education,"May 28, 2018",1.4.2,5.0 and up,0.0,May,0
English speaking texts,EDUCATION,4.4,1619.0,3.0,1000000.0,Free,0.0,Everyone,Education,"July 20, 2018",1.2,1.6 and up,0.0,July,0
Thai Handwriting,EDUCATION,4.3,3168.0,19.0,1000000.0,Free,0.0,Everyone,Education,"October 26, 2017",3.1,4.4 and up,0.0,October,0
THAI DICT 2018,EDUCATION,4.4,29855.0,13.0,1000000.0,Free,0.0,Mature 17+,Education,"July 29, 2018",Varies with device,Varies with device,0.0,July,0
Kanji test · Han search Kanji training (free version),EDUCATION,4.2,6736.0,22.0,1000000.0,Free,0.0,Mature 17+,Education,"October 17, 2017",2.51.0,4.0.3 and up,0.0,October,0
Game for KIDS: KIDS match'em,EDUCATION,4.4,7005.0,6.9,1000000.0,Free,0.0,Everyone,Education,"October 23, 2016",1.17,2.3 and up,0.0,October,0
Flippy Campus - Buy & sell on campus at a discount,EDUCATION,4.0,889.0,7.4,500000.0,Free,0.0,Everyone,Education,"March 9, 2018",2.2.4,4.2 and up,0.0,March,0
PINKFONG Baby Shark,EDUCATION,4.5,10852.0,18.0,1000000.0,Free,0.0,Everyone,Education,"November 28, 2017",10,4.1 and up,0.0,November,0
English words application mikan,EDUCATION,4.7,9888.0,13.0,500000.0,Free,0.0,Everyone,Education,"July 30, 2018",Varies with device,4.1 and up,0.0,July,0
Learn English for beginners,EDUCATION,4.5,1929.0,2.5,500000.0,Free,0.0,Everyone,Education,"September 28, 2017",1.1,2.3 and up,0.0,September,0
Listen and learn English in seven days,EDUCATION,4.3,1516.0,3.9,100000.0,Free,0.0,Everyone,Education,"July 28, 2018",3.1,4.1 and up,0.0,July,0
Learn English from Persian: Persian to English,EDUCATION,4.3,423.0,21.0,100000.0,Free,0.0,Everyone,Education,"April 3, 2018",6.0,4.0.3 and up,0.0,April,0
Udemy - Online Courses,EDUCATION,4.5,99020.0,18.0,1000000.0,Free,0.0,Everyone,Education,"August 2, 2018",5.0.4,5.0 and up,0.0,August,0
"edX - Online Courses by Harvard, MIT & more",EDUCATION,4.6,32381.0,10.0,1000000.0,Free,0.0,Everyone 10+,Education,"July 15, 2018",2.15.1,4.1 and up,0.0,July,0
Lynda - Online Training Videos,EDUCATION,4.2,8599.0,17.0,1000000.0,Free,0.0,Everyone,Education,"July 11, 2018",4.9.10,4.1 and up,0.0,July,0
Brilliant,EDUCATION,4.5,41185.0,13.0,1000000.0,Free,0.0,Everyone,Education,"August 3, 2018",Varies with device,Varies with device,0.0,August,0
CppDroid - C/C++ IDE,EDUCATION,4.1,29980.0,13.0,1000000.0,Free,0.0,Everyone,Education,"August 17, 2017",Varies with device,Varies with device,0.0,August,0
Quiz&Learn Python,EDUCATION,4.0,304.0,2.0,10000.0,Free,0.0,Everyone,Education,"July 4, 2016",1.3.0,4.0 and up,0.0,July,0
C++ Tutorials,EDUCATION,4.1,358.0,1.9,50000.0,Free,0.0,Everyone,Education,"August 21, 2014",1.1,2.3 and up,0.0,August,0
C++ Programming,EDUCATION,4.3,11904.0,1.8,1000000.0,Free,0.0,Everyone,Education,"August 22, 2015",2.0,2.3 and up,0.0,August,0
C Programming,EDUCATION,4.3,22251.0,1.8,1000000.0,Free,0.0,Everyone,Education,"June 28, 2015",3.0,2.3 and up,0.0,June,0
Udacity - Lifelong Learning,EDUCATION,4.3,22384.0,17.0,1000000.0,Free,0.0,Everyone,Education,"July 31, 2018",4.7.0,5.0 and up,0.0,July,0
Learn C++,EDUCATION,4.6,73404.0,5.3,1000000.0,Free,0.0,Everyone,Education,"December 25, 2017",4.5.2,4.0 and up,0.0,December,0
Learn programming,EDUCATION,4.1,12733.0,13.0,1000000.0,Free,0.0,Everyone,Education,"May 20, 2018",Varies with device,Varies with device,0.0,May,0
Learn JavaScript,EDUCATION,4.6,25183.0,5.4,1000000.0,Free,0.0,Everyone,Education,"December 25, 2017",5.7.2,4.0 and up,0.0,December,0
Learn Java,EDUCATION,4.7,52743.0,5.4,1000000.0,Free,0.0,Everyone,Education,"December 25, 2017",3.5.2,4.0 and up,0.0,December,0
Learn HTML,EDUCATION,4.7,61749.0,5.4,1000000.0,Free,0.0,Everyone,Education,"December 25, 2017",5.5.2,4.0 and up,0.0,December,0
"Programming Hub, Learn to code",EDUCATION,4.3,55704.0,15.0,1000000.0,Free,0.0,Everyone,Education,"August 4, 2018",4.2.8,4.1 and up,0.0,August,0
Learn SQL,EDUCATION,4.7,19277.0,5.3,1000000.0,Free,0.0,Everyone,Education,"December 25, 2017",3.4.2,4.0 and up,0.0,December,0
Ready4 SAT (Prep4 SAT),EDUCATION,4.6,13612.0,48.0,100000.0,Free,0.0,Everyone,Education,"May 10, 2018",7.2.3633,4.4 and up,0.0,May,0
Socratic - Math Answers & Homework Help,EDUCATION,4.6,37862.0,5.4,1000000.0,Free,0.0,Everyone,Education,"June 7, 2018",1.8.1,4.1 and up,0.0,June,0
Ready4 GMAT (Prep4 GMAT),EDUCATION,4.6,18372.0,47.0,100000.0,Free,0.0,Everyone,Education,"May 21, 2018",7.2.3634,4.4 and up,0.0,May,0
Pocket GMAT Math,EDUCATION,4.3,656.0,0.54296875,10000.0,Free,0.0,Everyone,Education,"July 11, 2014",1.1,2.2 and up,0.0,July,0
GMAT Question Bank,EDUCATION,4.2,240.0,29.0,10000.0,Free,0.0,Everyone,Education,"April 29, 2015",1.2.0,2.3.3 and up,0.0,April,0
GRE Tutor,EDUCATION,4.0,275.0,2.3,50000.0,Free,0.0,Everyone,Education,"December 2, 2013",2.9,2.1 and up,0.0,December,0
GRE Flashcards,EDUCATION,4.5,13791.0,13.0,500000.0,Free,0.0,Everyone,Education,"June 6, 2018",Varies with device,Varies with device,0.0,June,0
"play2prep: ACT, SAT prep",EDUCATION,4.2,3692.0,4.4,100000.0,Free,0.0,Everyone,Education,"July 23, 2015",4.1.3,2.3.3 and up,0.0,July,0
SAT Test,EDUCATION,4.1,2363.0,6.6,100000.0,Free,0.0,Everyone,Education,"November 17, 2016",2.48,4.0 and up,0.0,November,0
GMAT Math Flashcards,EDUCATION,4.4,1769.0,13.0,100000.0,Free,0.0,Everyone,Education,"July 11, 2018",Varies with device,Varies with device,0.0,July,0
Pocket SAT Math,EDUCATION,4.0,430.0,0.513671875,10000.0,Free,0.0,Everyone,Education,"July 11, 2014",1.2,2.1 and up,0.0,July,0
TOEFL Prep & Practice from Magoosh,EDUCATION,4.5,756.0,12.0,100000.0,Free,0.0,Everyone,Education,"June 18, 2018",3.2.0,4.1 and up,0.0,June,0
GRE Prep & Practice by Magoosh,EDUCATION,4.4,3963.0,13.0,100000.0,Free,0.0,Everyone,Education,"June 6, 2018",Varies with device,Varies with device,0.0,June,0
GRE® Flashcards by Kaplan,EDUCATION,4.0,316.0,29.0,50000.0,Free,0.0,Everyone,Education,"February 15, 2017",1.4,4.0 and up,0.0,February,0
SAT Vocabulary,EDUCATION,4.2,642.0,13.0,50000.0,Free,0.0,Everyone,Education,"June 5, 2018",Varies with device,Varies with device,0.0,June,0
Magoosh GMAT Prep & Practice,EDUCATION,4.3,1058.0,13.0,100000.0,Free,0.0,Everyone,Education,"June 18, 2018",Varies with device,Varies with device,0.0,June,0
SAT Flashcards: Prep & Vocabulary,EDUCATION,4.2,2277.0,13.0,100000.0,Free,0.0,Everyone,Education,"November 7, 2017",Varies with device,Varies with device,0.0,November,0
"edX - Online Courses by Harvard, MIT & more",EDUCATION,4.6,32380.0,10.0,1000000.0,Free,0.0,Everyone 10+,Education,"July 15, 2018",2.15.1,4.1 and up,0.0,July,0
LinkedIn Learning: Online Courses to Learn Skills,EDUCATION,4.6,7973.0,18.0,1000000.0,Free,0.0,Everyone,Education,"July 27, 2018",0.29.74,4.4 and up,0.0,July,0
Learn English with Phrases,EDUCATION,4.2,5695.0,13.0,1000000.0,Free,0.0,Everyone,Education,"September 28, 2017",Varies with device,Varies with device,0.0,September,0
Babbel – Learn Spanish,EDUCATION,4.4,54798.0,11.0,1000000.0,Free,0.0,Everyone,Education,"July 30, 2018",20.7.2,4.4 and up,0.0,July,0
Mango Languages: Lovable Language Courses,EDUCATION,4.0,4815.0,19.0,500000.0,Free,0.0,Everyone,Education,"July 17, 2018",4.2.3,4.2 and up,0.0,July,0
Learn English with Aco,EDUCATION,4.6,75112.0,6.5,1000000.0,Free,0.0,Everyone,Education,"November 11, 2017",2.09,4.1 and up,0.0,November,0
Learn to Speak English,EDUCATION,4.4,33646.0,7.0,1000000.0,Free,0.0,Everyone,Education,"July 15, 2018",2.3.9,4.0 and up,0.0,July,0
My Class Schedule: Timetable,EDUCATION,4.1,9348.0,13.0,1000000.0,Free,0.0,Everyone,Education,"June 1, 2016",Varies with device,Varies with device,0.0,June,0
Study Checker,EDUCATION,4.2,3816.0,2.6,500000.0,Free,0.0,Everyone,Education,"May 4, 2016",3.6.0.115_FN,2.3 and up,0.0,May,0
My Study Life - School Planner,EDUCATION,4.3,47847.0,21.0,1000000.0,Free,0.0,Everyone,Education,"June 13, 2017",6.1.3,4.0.3 and up,0.0,June,0
HomeWork,EDUCATION,4.3,16195.0,5.2,1000000.0,Free,0.0,Everyone,Education,"September 20, 2016",8.5.2,4.0 and up,0.0,September,0
Next Gen Science Standards,EDUCATION,4.3,206.0,18.0,50000.0,Free,0.0,Everyone,Education,"December 20, 2016",1.12.1,2.3 and up,0.0,December,0
myHomework Student Planner,EDUCATION,4.0,28392.0,13.0,1000000.0,Free,0.0,Everyone,Education,"March 7, 2018",Varies with device,Varies with device,0.0,March,0
Teacher's Gradebook - Additio,EDUCATION,4.2,3241.0,16.0,100000.0,Free,0.0,Everyone,Education,"August 1, 2018",4.8.2,4.0.3 and up,0.0,August,0
Common Core,EDUCATION,4.0,835.0,15.0,100000.0,Free,0.0,Everyone,Education,"December 20, 2016",2.3.1,2.3 and up,0.0,December,0
Homework Planner,EDUCATION,4.0,2525.0,1.2,100000.0,Free,0.0,Everyone,Education,"January 11, 2015",15.9.4,4.0 and up,0.0,January,0
TeachersPayTeachers,EDUCATION,3.8,828.0,13.0,100000.0,Free,0.0,Everyone,Education,"October 1, 2017",Varies with device,Varies with device,0.0,October,0
Socrative Teacher,EDUCATION,3.9,1239.0,1.8,100000.0,Free,0.0,Everyone,Education,"July 29, 2016",4.4.1,3.2 and up,0.0,July,0
Training schedule - AllUniver,EDUCATION,4.1,702.0,7.6,10000.0,Free,0.0,Everyone,Education,"October 16, 2017",5.0,4.4 and up,0.0,October,0
Lerni. Learn languages.,EDUCATION,4.0,3847.0,6.9,500000.0,Free,0.0,Everyone,Education,"October 25, 2017",3.1.3,3.0 and up,0.0,October,0
Innovative: Learn 34 Languages,EDUCATION,4.5,14206.0,21.0,500000.0,Free,0.0,Everyone,Education,"July 26, 2018",1.16,3.0 and up,0.0,July,0
Chegg Study - Homework Help,EDUCATION,4.3,14700.0,21.0,1000000.0,Free,0.0,Everyone,Education,"July 30, 2018",5.7.0,4.4 and up,0.0,July,0
Canvas Student,EDUCATION,4.5,42828.0,13.0,1000000.0,Free,0.0,Everyone,Education,"July 20, 2018",Varies with device,Varies with device,0.0,July,0
Timetable,EDUCATION,4.2,40209.0,13.0,1000000.0,Free,0.0,Everyone,Education,"May 24, 2018",Varies with device,Varies with device,0.0,May,0
EasyBib: Citation Generator,EDUCATION,3.5,1405.0,7.3,100000.0,Free,0.0,Everyone,Education,"March 29, 2018",2.4.4,4.0 and up,0.0,March,0
Kids Learn Languages by Mondly,EDUCATION,4.4,2078.0,13.0,100000.0,Free,0.0,Everyone,Education;Education,"December 24, 2017",1.0.2,4.1 and up,0.0,December,0
Blinkist - Nonfiction Books,EDUCATION,4.1,16103.0,13.0,1000000.0,Free,0.0,Everyone,Education,"July 31, 2018",5.7.1,4.1 and up,0.0,July,0
Complete Spanish Movies,ENTERTAINMENT,4.0,11656.0,4.5,1000000.0,Free,0.0,Everyone,Entertainment,"January 20, 2018",1.02,4.0.3 and up,0.0,January,0
Pluto TV - It’s Free TV,ENTERTAINMENT,4.2,28948.0,13.0,1000000.0,Free,0.0,Teen,Entertainment,"August 4, 2018",Varies with device,Varies with device,0.0,August,0
The green alien dance,ENTERTAINMENT,3.8,6979.0,12.0,1000000.0,Free,0.0,Everyone,Entertainment,"July 5, 2018",1.03,4.0 and up,0.0,July,0
StarTimes - Live International Champions Cup,ENTERTAINMENT,4.4,17682.0,9.7,1000000.0,Free,0.0,Everyone,Entertainment,"August 3, 2018",5.2,4.0.3 and up,0.0,August,0
Cinematic Cinematic,ENTERTAINMENT,4.4,37000.0,15.0,1000000.0,Free,0.0,Mature 17+,Entertainment,"June 21, 2018",4.0.5,4.1 and up,0.0,June,0
Radio Javan,ENTERTAINMENT,4.4,46916.0,4.5,1000000.0,Free,0.0,Everyone,Entertainment,"July 18, 2018",7.3,4.2 and up,0.0,July,0
🔥 Football Wallpapers 4K | Full HD Backgrounds 😍,ENTERTAINMENT,4.7,11661.0,4.0,1000000.0,Free,0.0,Everyone,Entertainment,"July 14, 2018",1.1.3.2,4.0.3 and up,0.0,July,0
Low Poly – Puzzle art game,ENTERTAINMENT,4.5,23063.0,17.0,1000000.0,Free,0.0,Everyone,Entertainment;Brain Games,"August 3, 2018",1.0.9,4.1 and up,0.0,August,0
Adult Glitter Color by Number Book - Sandbox Pages,ENTERTAINMENT,4.3,8918.0,13.0,1000000.0,Free,0.0,Everyone,Entertainment;Creativity,"July 21, 2018",1.7,4.4 and up,0.0,July,0
"Red Bull TV: Live Sports, Music & Entertainment",ENTERTAINMENT,4.4,42050.0,13.0,1000000.0,Free,0.0,Teen,Entertainment,"August 3, 2018",Varies with device,Varies with device,0.0,August,0
Trailer Addict Movie Trailers,ENTERTAINMENT,3.9,2646.0,9.1,100000.0,Free,0.0,Teen,Entertainment,"February 14, 2018",2.2.0,4.2 and up,0.0,February,0
Cinemark Theatres,ENTERTAINMENT,4.1,21867.0,39.0,1000000.0,Free,0.0,Teen,Entertainment,"July 12, 2018",2.19.0,5.0 and up,0.0,July,0
Regal Cinemas,ENTERTAINMENT,4.3,32732.0,13.0,1000000.0,Free,0.0,Everyone,Entertainment,"July 19, 2018",Varies with device,Varies with device,0.0,July,0
Marcus Theatres,ENTERTAINMENT,3.6,2639.0,8.5,100000.0,Free,0.0,Everyone,Entertainment,"February 7, 2018",2.9.43,6.0 and up,0.0,February,0
Harkins Theatres,ENTERTAINMENT,4.3,1511.0,12.0,100000.0,Free,0.0,Everyone,Entertainment,"June 11, 2018",2.1.1,4.1 and up,0.0,June,0
Food Network,ENTERTAINMENT,4.1,7813.0,13.0,500000.0,Free,0.0,Teen,Entertainment,"July 27, 2018",Varies with device,Varies with device,0.0,July,0
Cooking Channel,ENTERTAINMENT,4.1,1033.0,16.0,100000.0,Free,0.0,Teen,Entertainment,"July 27, 2018",Varies with device,Varies with device,0.0,July,0
Animal Planet GO,ENTERTAINMENT,4.2,2442.0,9.6,100000.0,Free,0.0,Teen,Entertainment,"July 24, 2018",2.9.4,4.1 and up,0.0,July,0
"VRV: Anime, game videos & more",ENTERTAINMENT,3.9,15254.0,13.0,1000000.0,Free,0.0,Teen,Entertainment,"June 19, 2018",Varies with device,Varies with device,0.0,June,0
Investigation Discovery GO,ENTERTAINMENT,4.5,12216.0,13.0,1000000.0,Free,0.0,Teen,Entertainment,"July 24, 2018",2.9.4,4.1 and up,0.0,July,0
HISTORY: Watch TV Show Full Episodes & Specials,ENTERTAINMENT,4.1,33387.0,20.0,1000000.0,Free,0.0,Teen,Entertainment,"July 16, 2018",3.1.4,4.4 and up,0.0,July,0
VH1,ENTERTAINMENT,4.1,27424.0,17.0,1000000.0,Free,0.0,Teen,Entertainment,"July 8, 2018",11.45.0,4.4 and up,0.0,July,0
A&E - Watch Full Episodes of TV Shows,ENTERTAINMENT,4.0,29706.0,19.0,1000000.0,Free,0.0,Teen,Entertainment,"July 16, 2018",3.1.4,4.4 and up,0.0,July,0
BET NOW - Watch Shows,ENTERTAINMENT,4.2,14807.0,19.0,1000000.0,Free,0.0,Teen,Entertainment,"July 8, 2018",11.45.0,4.4 and up,0.0,July,0
Univision NOW - Live TV and On Demand,ENTERTAINMENT,4.0,22998.0,13.0,1000000.0,Free,0.0,Teen,Entertainment,"June 27, 2018",8.0626,Varies with device,0.0,June,0
SHOWTIME,ENTERTAINMENT,4.2,12398.0,13.0,1000000.0,Free,0.0,Teen,Entertainment,"July 2, 2018",Varies with device,Varies with device,0.0,July,0
Lifetime - Watch Full Episodes & Original Movies,ENTERTAINMENT,4.0,35928.0,19.0,1000000.0,Free,0.0,Teen,Entertainment,"July 16, 2018",3.1.4,4.4 and up,0.0,July,0
SeriesGuide – Show & Movie Manager,ENTERTAINMENT,4.3,64448.0,4.4,1000000.0,Free,0.0,Mature 17+,Entertainment,"July 21, 2018",43,4.0.3 and up,0.0,July,0
Comedy Central,ENTERTAINMENT,3.9,22378.0,19.0,1000000.0,Free,0.0,Teen,Entertainment,"July 8, 2018",11.45.0,4.4 and up,0.0,July,0
CW Seed,ENTERTAINMENT,4.5,16372.0,13.0,500000.0,Free,0.0,Teen,Entertainment,"July 18, 2018",1.16,4.4 and up,0.0,July,0
Universal Kids,ENTERTAINMENT,3.6,1968.0,21.0,500000.0,Free,0.0,Everyone,Entertainment;Music & Video,"May 24, 2018",3.3.1.41,4.4 and up,0.0,May,0
MTV,ENTERTAINMENT,3.8,35279.0,15.0,1000000.0,Free,0.0,Teen,Entertainment,"July 8, 2018",11.45.0,4.4 and up,0.0,July,0
Lifetime - Watch Full Episodes & Original Movies,ENTERTAINMENT,4.0,35931.0,19.0,1000000.0,Free,0.0,Teen,Entertainment,"July 16, 2018",3.1.4,4.4 and up,0.0,July,0
LEGO® TV,ENTERTAINMENT,3.7,17247.0,7.2,1000000.0,Free,0.0,Everyone 10+,Entertainment;Music & Video,"August 4, 2018",4.0.2,5.0 and up,0.0,August,0
Showtime Anytime,ENTERTAINMENT,3.7,18523.0,13.0,1000000.0,Free,0.0,Teen,Entertainment,"July 2, 2018",Varies with device,Varies with device,0.0,July,0
Telemundo Now,ENTERTAINMENT,3.9,8674.0,19.0,1000000.0,Free,0.0,Teen,Entertainment,"May 25, 2018",3.3.1.42,4.4 and up,0.0,May,0
Yidio: TV Show & Movie Guide,ENTERTAINMENT,3.9,27424.0,13.0,1000000.0,Free,0.0,Teen,Entertainment,"July 31, 2018",Varies with device,Varies with device,0.0,July,0
Univision NOW - Live TV and On Demand,ENTERTAINMENT,4.0,22997.0,13.0,1000000.0,Free,0.0,Teen,Entertainment,"June 27, 2018",8.0626,Varies with device,0.0,June,0
Nick Jr. - Shows & Games,ENTERTAINMENT,4.2,8968.0,35.0,1000000.0,Free,0.0,Everyone,Entertainment;Music & Video,"January 23, 2018",1.0.20,4.4 and up,0.0,January,0
Sticker Market: Emoji keyboard,ENTERTAINMENT,4.3,303.0,44.0,10000.0,Free,0.0,Teen,Entertainment,"December 14, 2017",1.2.3,4.2 and up,0.0,December,0
Kidjo TV Kids Have Fun & Learn,ENTERTAINMENT,4.6,732.0,13.0,100000.0,Free,0.0,Everyone,Entertainment;Music & Video,"August 1, 2018",Varies with device,Varies with device,0.0,August,0
Laugh Out Loud by Kevin Hart,ENTERTAINMENT,4.3,1856.0,20.0,100000.0,Free,0.0,Teen,Entertainment,"August 1, 2018",1.6.1,6.0 and up,0.0,August,0
Hamilton — The Official App,ENTERTAINMENT,4.5,1575.0,43.0,100000.0,Free,0.0,Everyone,Entertainment,"July 13, 2018",2.3.2,5.0 and up,0.0,July,0
Funny Pics,ENTERTAINMENT,3.9,9941.0,13.0,1000000.0,Free,0.0,Teen,Entertainment,"July 7, 2017",Varies with device,Varies with device,0.0,July,0
Funny Quotes Free,ENTERTAINMENT,4.2,23666.0,3.6,1000000.0,Free,0.0,Teen,Entertainment,"May 4, 2018",8.1,4.0 and up,0.0,May,0
LOL Pics (Funny Pictures),ENTERTAINMENT,4.4,67554.0,7.7,1000000.0,Free,0.0,Teen,Entertainment,"September 15, 2015",4.0,2.3.3 and up,0.0,September,0
Meme Creator,ENTERTAINMENT,4.2,38769.0,44.0,1000000.0,Free,0.0,Mature 17+,Entertainment,"September 22, 2015",7.2.3,2.3 and up,0.0,September,0
All Events in City,EVENTS,4.0,3782.0,9.5,100000.0,Free,0.0,Everyone,Events,"June 12, 2018",8.4,4.0.3 and up,0.0,June,0
Reminder,EVENTS,4.5,7074.0,6.3,500000.0,Free,0.0,Everyone,Events,"June 25, 2018",1.57,4.1 and up,0.0,June,0
Birdays - Birthday reminder,EVENTS,4.5,2153.0,5.9,50000.0,Free,0.0,Everyone,Events,"December 14, 2017",1.5.0,4.1 and up,0.0,December,0
Fever,EVENTS,4.0,20611.0,12.0,1000000.0,Free,0.0,Teen,Events,"July 18, 2018",4.3.6,4.1 and up,0.0,July,0
DroidAdmin for Android - Advice,EVENTS,4.2,811.0,2.8,10000.0,Free,0.0,Everyone,Events,"May 29, 2018",3.8,4.0 and up,0.0,May,0
"SeatGeek – Tickets to Sports, Concerts, Broadway",EVENTS,4.4,15558.0,26.0,1000000.0,Free,0.0,Everyone,Events,"August 3, 2018",2018.07.31229,5.0 and up,0.0,August,0
my4D,EVENTS,4.6,573.0,8.7,100000.0,Free,0.0,Everyone,Events,"July 12, 2018",1.40,4.2 and up,0.0,July,0
VAN NIAN 2018 - Vietnamese Calendar,EVENTS,4.3,37.0,16.0,10000.0,Free,0.0,Everyone,Events,"November 27, 2017",1.0,4.0 and up,0.0,November,0
Vivid Seats – Event Tickets,EVENTS,4.6,8232.0,53.0,1000000.0,Free,0.0,Everyone,Events,"July 31, 2018",Varies with device,5.0 and up,0.0,July,0
Name days,EVENTS,4.1,3089.0,13.0,100000.0,Free,0.0,Everyone,Events,"July 12, 2018",Varies with device,Varies with device,0.0,July,0
LBB - Find New & Unique Things To Do Around You,EVENTS,4.6,3874.0,14.0,100000.0,Free,0.0,Everyone,Events,"July 27, 2018",4.0.19,4.2 and up,0.0,July,0
Happy Birthday Songs Offline,EVENTS,4.4,464.0,8.9,100000.0,Free,0.0,Everyone,Events,"December 4, 2017",1.3,4.1 and up,0.0,December,0
Series Valley of the Wolves full of part,EVENTS,4.6,731.0,11.0,50000.0,Free,0.0,Everyone,Events,"December 24, 2017",2.0,4.0 and up,0.0,December,0
Mummatikabalkuragi,EVENTS,4.9,69.0,0.326171875,1000.0,Free,0.0,Teen,Events,"July 22, 2018",1.0,4.0 and up,0.0,July,0
"Gametime - Tickets to Sports, Concerts, Theater",EVENTS,4.5,8800.0,24.0,1000000.0,Free,0.0,Everyone,Events,"July 17, 2018",11.1.1,5.0 and up,0.0,July,0
"PTI Flex Maker, Photo Frame Editor & Songs 2018",EVENTS,4.6,99.0,13.0,10000.0,Free,0.0,Everyone,Events,"July 6, 2018",1.1,4.2 and up,0.0,July,0
Wipe out,EVENTS,4.7,30.0,13.0,500.0,Free,0.0,Teen,Events,"May 23, 2018",Varies with device,Varies with device,0.0,May,0
Birthdays & Other Events,EVENTS,4.3,456.0,2.8,50000.0,Free,0.0,Everyone,Events,"June 21, 2018",1.75,2.3.3 and up,0.0,June,0
Sarajevo Film Festival - Official,EVENTS,4.3,6.0,9.7,100.0,Free,0.0,Everyone 10+,Events,"July 31, 2018",2.0.1,4.4W and up,0.0,July,0
Summer Madness,EVENTS,4.3,4.0,1.4,100.0,Free,0.0,Everyone,Events,"July 26, 2018",1.107,4.0 and up,0.0,July,0
Events High - Meet Your City!,EVENTS,4.2,3200.0,13.0,100000.0,Free,0.0,Everyone 10+,Events,"June 23, 2018",Varies with device,Varies with device,0.0,June,0
vide-greniers.org,EVENTS,4.3,5839.0,3.5,100000.0,Free,0.0,Everyone,Events,"November 8, 2016",16.11.8,2.3.3 and up,0.0,November,0
Quake & Volcanoes: 3D Globe of Volcanic Eruptions,EVENTS,4.4,663.0,6.0,100000.0,Free,0.0,Everyone,Events,"October 14, 2017",1.1.3,4.1 and up,0.0,October,0
Prosperity,EVENTS,5.0,16.0,2.3,100.0,Free,0.0,Everyone,Events,"July 9, 2018",1.14,2.0 and up,0.0,July,0
Picktrainer: India's largest photo contest app,EVENTS,4.5,1065.0,9.0,100000.0,Free,0.0,Everyone,Events,"May 31, 2018",1.3.2,4.1 and up,0.0,May,0
AAS-IN-ASIA 2018,EVENTS,4.3,3.0,11.0,100.0,Free,0.0,Everyone,Events,"July 4, 2018",1.1.9,4.1 and up,0.0,July,0
Moot Peru 2018,EVENTS,4.3,13.0,27.0,1000.0,Free,0.0,Everyone,Events,"June 28, 2018",1.0,3.0 and up,0.0,June,0
FM News,EVENTS,4.3,46.0,3.6,5000.0,Free,0.0,Everyone,Events,"July 4, 2018",1.4,4.2 and up,0.0,July,0
Goldstar: Live Event Tickets,EVENTS,4.5,1953.0,13.0,100000.0,Free,0.0,Teen,Events,"August 1, 2018",Varies with device,Varies with device,0.0,August,0
Emmabodafestivalen,EVENTS,4.8,12.0,29.0,1000.0,Free,0.0,Everyone 10+,Events,"June 28, 2018",42.0,4.2 and up,0.0,June,0
KudaGo - things to do in NY,EVENTS,4.4,4298.0,4.4,100000.0,Free,0.0,Everyone,Events,"April 27, 2017",2.2.2,4.0 and up,0.0,April,0
Mindvalley U Tallinn 2018,EVENTS,5.0,1.0,21.0,100.0,Free,0.0,Everyone,Events,"July 3, 2018",1.0.5,4.4 and up,0.0,July,0
Rockmaraton Info,EVENTS,4.3,49.0,13.0,1000.0,Free,0.0,Everyone,Events,"July 8, 2018",18.4,4.4 and up,0.0,July,0
Freitas Auctioneer Official,EVENTS,3.7,100.0,27.0,50000.0,Free,0.0,Everyone,Events,"December 15, 2017",1.0.11,4.0.3 and up,0.0,December,0
mobLee Events,EVENTS,4.3,11.0,11.0,5000.0,Free,0.0,Everyone,Events,"May 30, 2018",3.05.30.16,4.1 and up,0.0,May,0
"Xceed - Clubs, DJs, Festivals & Tickets",EVENTS,4.1,399.0,24.0,100000.0,Free,0.0,Everyone,Events,"August 3, 2018",Cannonau 3.11.11,5.0 and up,0.0,August,0
AMM Events & CPD,EVENTS,4.3,5.0,6.1,100.0,Free,0.0,Everyone,Events,"August 4, 2018",1.0.5,4.3 and up,0.0,August,0
Arab Halls - For Wedding & Events,EVENTS,4.8,28.0,6.3,1000.0,Free,0.0,Everyone,Events,"May 20, 2018",8.0bld14,4.1 and up,0.0,May,0
MeAuDote - An act of love that saves a life,EVENTS,4.3,250.0,23.0,1000.0,Free,0.0,Everyone,Events,"June 22, 2018",1.0.11,4.1 and up,0.0,June,0
TCF National Conference,EVENTS,4.3,1.0,34.0,100.0,Free,0.0,Everyone,Events,"July 11, 2018",1.0,4.1 and up,0.0,July,0
Endurance Lifestyle,EVENTS,4.6,7.0,3.8,500.0,Free,0.0,Teen,Events,"July 10, 2017",2.1,4.2 and up,0.0,July,0
ING Banking,FINANCE,4.4,39041.0,13.0,1000000.0,Free,0.0,Everyone,Finance,"August 3, 2018",Varies with device,Varies with device,0.0,August,0
Nedbank Money,FINANCE,4.2,6076.0,32.0,500000.0,Free,0.0,Everyone,Finance,"July 28, 2018",4.1.1-0-prod,4.2 and up,0.0,July,0
Capitec Remote Banking,FINANCE,4.3,20672.0,13.0,1000000.0,Free,0.0,Everyone,Finance,"May 8, 2018",Varies with device,Varies with device,0.0,May,0
The Societe Generale App,FINANCE,4.1,31218.0,13.0,1000000.0,Free,0.0,Everyone,Finance,"July 31, 2018",Varies with device,Varies with device,0.0,July,0
Standard Bank / Stanbic Bank,FINANCE,3.6,15247.0,28.0,1000000.0,Free,0.0,Everyone,Finance,"July 13, 2018",3.0.5,4.0.3 and up,0.0,July,0
Intesa Sanpaolo Mobile,FINANCE,3.6,35518.0,13.0,1000000.0,Free,0.0,Everyone,Finance,"July 2, 2018",Varies with device,Varies with device,0.0,July,0
UBA Mobile Banking,FINANCE,4.3,12185.0,13.0,1000000.0,Free,0.0,Everyone,Finance,"June 8, 2018",Varies with device,Varies with device,0.0,June,0
MyMo by GSB,FINANCE,4.2,21996.0,14.0,1000000.0,Free,0.0,Everyone,Finance,"July 19, 2018",1.17.2,4.0.3 and up,0.0,July,0
Ecobank Mobile Banking,FINANCE,4.0,12073.0,42.0,1000000.0,Free,0.0,Everyone,Finance,"May 25, 2018",3.3,4.2 and up,0.0,May,0
BZWBK24 mobile,FINANCE,4.5,64959.0,39.0,1000000.0,Free,0.0,Everyone,Finance,"June 18, 2018",5.0.1,4.1 and up,0.0,June,0
Zenith Bank Mobile App,FINANCE,4.3,7215.0,18.0,1000000.0,Free,0.0,Everyone,Finance,"July 23, 2018",2.7.4,4.0 and up,0.0,July,0
"GCash - Buy Load, Pay Bills, Send Money",FINANCE,4.0,25508.0,13.0,1000000.0,Free,0.0,Everyone,Finance,"July 31, 2018",Varies with device,4.2 and up,0.0,July,0
People's Bank,FINANCE,3.6,10697.0,46.0,1000000.0,Free,0.0,Everyone,Finance,"July 18, 2018",3.22.1,4.1 and up,0.0,July,0
T-Mobile in,FINANCE,3.5,3856.0,8.2,1000000.0,Free,0.0,Everyone,Finance,"July 31, 2018",3.2.1,4.4 and up,0.0,July,0
Alfa-Bank (Alfa-Bank),FINANCE,4.0,44545.0,13.0,1000000.0,Free,0.0,Everyone,Finance,"July 31, 2018",Varies with device,Varies with device,0.0,July,0
WiseBanyan - Invest For Free,FINANCE,4.2,257.0,44.0,10000.0,Free,0.0,Everyone,Finance,"July 31, 2018",2.2.12,4.4W and up,0.0,July,0
"Robinhood - Investing, No Fees",FINANCE,4.6,57493.0,13.0,1000000.0,Free,0.0,Everyone,Finance,"July 31, 2018",Varies with device,Varies with device,0.0,July,0
Wells Fargo Daily Change,FINANCE,4.2,283.0,5.0,100000.0,Free,0.0,Everyone,Finance,"April 26, 2018",2.5.0.26,5.0 and up,0.0,April,0
"Even - organize your money, get paid early",FINANCE,4.8,12304.0,21.0,100000.0,Free,0.0,Everyone,Finance,"August 2, 2018",6.0.16,5.0 and up,0.0,August,0
Digit Save Money Automatically,FINANCE,4.5,8188.0,22.0,100000.0,Free,0.0,Everyone,Finance,"July 31, 2018",2.29.01,4.1 and up,0.0,July,0
Stash: Invest. Learn. Save.,FINANCE,4.2,11919.0,23.0,1000000.0,Free,0.0,Everyone,Finance,"July 27, 2018",1.13.2.11,4.4 and up,0.0,July,0
Acorns - Invest Spare Change,FINANCE,4.3,45957.0,13.0,1000000.0,Free,0.0,Everyone,Finance,"July 31, 2018",Varies with device,Varies with device,0.0,July,0
"Money Lover: Expense Tracker, Budget Planner",FINANCE,4.4,126431.0,13.0,1000000.0,Free,0.0,Everyone,Finance,"August 1, 2018",Varies with device,Varies with device,0.0,August,0
Expense IQ Money Manager,FINANCE,4.4,21570.0,27.0,1000000.0,Free,0.0,Everyone,Finance,"June 19, 2018",2.0.4,4.0 and up,0.0,June,0
"Prism Pay Bills, Track Money, Personal Finance",FINANCE,4.6,16961.0,32.0,500000.0,Free,0.0,Everyone,Finance,"August 4, 2018",2.12.100,4.1 and up,0.0,August,0
Monefy - Money Manager,FINANCE,4.6,111254.0,7.4,1000000.0,Free,0.0,Everyone,Finance,"July 3, 2018",1.8.9,4.0 and up,0.0,July,0
Simple - Better Banking,FINANCE,4.4,7731.0,24.0,100000.0,Free,0.0,Everyone,Finance,"August 2, 2018",2.53.2,5.0 and up,0.0,August,0
Chime - Mobile Banking,FINANCE,4.3,5928.0,22.0,500000.0,Free,0.0,Everyone,Finance,"July 22, 2018",5.1.1,5.0 and up,0.0,July,0
Bluebird by American Express,FINANCE,4.2,15703.0,13.0,1000000.0,Free,0.0,Everyone,Finance,"July 25, 2018",Varies with device,Varies with device,0.0,July,0
Walmart MoneyCard,FINANCE,4.2,6148.0,10.0,1000000.0,Free,0.0,Everyone,Finance,"June 1, 2018",1.14.1,4.1 and up,0.0,June,0
Moven - Smart Finances,FINANCE,3.8,861.0,17.0,100000.0,Free,0.0,Everyone,Finance,"May 29, 2018",3.3.9,4.4 and up,0.0,May,0
Qapital - Save Small. Live Large,FINANCE,4.5,8662.0,38.0,100000.0,Free,0.0,Everyone,Finance,"July 20, 2018",2.5.7,4.4 and up,0.0,July,0
Experian - Free Credit Report,FINANCE,4.6,23130.0,46.0,1000000.0,Free,0.0,Everyone,Finance,"July 12, 2018",2.1.4,4.2 and up,0.0,July,0
Branch,FINANCE,4.6,69973.0,3.8,1000000.0,Free,0.0,Everyone,Finance,"July 23, 2018",1.17.1,4.0 and up,0.0,July,0
"WalletHub - Free Credit Score, Report & Monitoring",FINANCE,4.7,1311.0,9.3,50000.0,Free,0.0,Everyone,Finance,"June 19, 2018",1.4.11,4.4 and up,0.0,June,0
CreditWise from Capital One,FINANCE,4.6,26587.0,8.4,1000000.0,Free,0.0,Everyone,Finance,"July 19, 2018",1.18.0,4.4 and up,0.0,July,0
"NerdWallet: Personal Finance, Credit Score & Cash",FINANCE,4.6,2417.0,28.0,100000.0,Free,0.0,Everyone,Finance,"August 3, 2018",3.5.0,4.4 and up,0.0,August,0
my face,FINANCE,3.8,1054.0,9.7,100000.0,Free,0.0,Everyone,Finance,"July 10, 2018",2.3.0,5.0 and up,0.0,July,0
Credit Sesame,FINANCE,4.3,25166.0,11.0,1000000.0,Free,0.0,Everyone,Finance,"July 25, 2018",3.1.16,4.1 and up,0.0,July,0
Fresh EBT - Food Stamp Balance,FINANCE,4.5,19870.0,7.4,1000000.0,Free,0.0,Everyone,Finance,"July 24, 2018",2.9.5,4.0.3 and up,0.0,July,0
"Hurdlr: Track Mileage, Expenses, and Log Receipts",FINANCE,4.6,3596.0,19.0,100000.0,Free,0.0,Everyone,Finance,"July 20, 2018",16.6,6.0 and up,0.0,July,0
Everlance: Free Mileage Log,FINANCE,4.7,7514.0,14.0,100000.0,Free,0.0,Everyone,Finance,"July 31, 2018",1.9.9.9.3,4.4 and up,0.0,July,0
MileIQ - Free Mileage Tracker for Business,FINANCE,4.5,46106.0,22.0,1000000.0,Free,0.0,Everyone,Finance,"July 31, 2018",1.28.0.5402,4.4 and up,0.0,July,0
QuickBooks Self-Employed:Mileage Tracker and Taxes,FINANCE,4.4,15141.0,25.0,1000000.0,Free,0.0,Everyone,Finance,"July 24, 2018",4.63,5.0 and up,0.0,July,0
FREE Stock Market Trading Tips,FINANCE,3.9,714.0,3.6,50000.0,Free,0.0,Everyone,Finance,"June 7, 2017",2.10.3,2.3.3 and up,0.0,June,0
MetaTrader 5,FINANCE,4.5,42410.0,13.0,1000000.0,Free,0.0,Everyone,Finance,"August 3, 2018",Varies with device,Varies with device,0.0,August,0
Stock Quote,FINANCE,4.1,4344.0,4.5,500000.0,Free,0.0,Everyone,Finance,"July 30, 2018",3.6.2,4.0 and up,0.0,July,0
Seeking Alpha,FINANCE,4.5,22808.0,13.0,1000000.0,Free,0.0,Everyone,Finance,"August 3, 2018",Varies with device,Varies with device,0.0,August,0
Stock Trainer: Virtual Trading (Stock Markets),FINANCE,4.4,42809.0,23.0,1000000.0,Free,0.0,Everyone,Finance,"July 27, 2018",3.04 - Beta,4.1 and up,0.0,July,0
Stocks: Realtime Quotes Charts,FINANCE,4.5,16808.0,13.0,1000000.0,Free,0.0,Everyone,Finance,"May 1, 2018",Varies with device,Varies with device,0.0,May,0
CNBC: Breaking Business News & Live Market Data,FINANCE,4.2,24647.0,13.0,1000000.0,Free,0.0,Everyone,Finance,"July 13, 2018",Varies with device,Varies with device,0.0,July,0
US Stock Market,FINANCE,4.4,1922.0,4.2,100000.0,Free,0.0,Everyone,Finance,"August 1, 2018",1.28,2.3 and up,0.0,August,0
Bloomberg Professional,FINANCE,4.1,3334.0,13.0,500000.0,Free,0.0,Everyone,Finance,"July 23, 2018",Varies with device,Varies with device,0.0,July,0
MSN Money- Stock Quotes & News,FINANCE,4.5,78361.0,22.0,1000000.0,Free,0.0,Everyone,Finance,"July 5, 2018",1.2.0,4.2 and up,0.0,July,0
Fox Business,FINANCE,3.7,2594.0,13.0,500000.0,Free,0.0,Everyone,Finance,"March 13, 2018",Varies with device,Varies with device,0.0,March,0
NSE Mobile Trading,FINANCE,4.1,13868.0,1.4,1000000.0,Free,0.0,Everyone,Finance,"August 3, 2017",1.1.16,2.1 and up,0.0,August,0
"JStock - Stock Market, Portfolio & News",FINANCE,4.6,11066.0,9.1,500000.0,Free,0.0,Everyone,Finance,"July 18, 2018",1.1.39,4.0 and up,0.0,July,0
Acorns - Invest Spare Change,FINANCE,4.3,45962.0,13.0,1000000.0,Free,0.0,Everyone,Finance,"July 31, 2018",Varies with device,Varies with device,0.0,July,0
Webull - Stock Quotes & Free Stock Trading,FINANCE,4.3,34861.0,13.0,1000000.0,Free,0.0,Everyone,Finance,"August 3, 2018",Varies with device,Varies with device,0.0,August,0
Current debit card and app made for teens,FINANCE,4.3,685.0,21.0,50000.0,Free,0.0,Everyone,Finance,"August 3, 2018",3.0.22,4.4 and up,0.0,August,0
"Money Lover: Expense Tracker, Budget Planner",FINANCE,4.4,126447.0,13.0,1000000.0,Free,0.0,Everyone,Finance,"August 1, 2018",Varies with device,Varies with device,0.0,August,0
Betterment,FINANCE,4.4,3780.0,11.0,100000.0,Free,0.0,Everyone,Finance,"August 3, 2018",6.0.6,5.0 and up,0.0,August,0
Citizens Bank Mobile Banking,FINANCE,4.1,15192.0,38.0,1000000.0,Free,0.0,Everyone,Finance,"May 23, 2018",4.2.1,4.1 and up,0.0,May,0
GoBank,FINANCE,4.4,5950.0,12.0,500000.0,Free,0.0,Everyone,Finance,"June 1, 2018",2.131,4.1 and up,0.0,June,0
NetSpend Prepaid,FINANCE,4.2,15993.0,45.0,1000000.0,Free,0.0,Everyone,Finance,"May 9, 2018",4.10.0,4.4 and up,0.0,May,0
BBVA Compass Banking,FINANCE,4.3,5905.0,50.0,500000.0,Free,0.0,Everyone,Finance,"July 27, 2018",6.0.2,4.4 and up,0.0,July,0
BankMobile Vibe App,FINANCE,4.3,14627.0,23.0,1000000.0,Free,0.0,Everyone,Finance,"July 9, 2018",5.1,4.1 and up,0.0,July,0
Netspend Skylight ONE,FINANCE,3.9,1098.0,46.0,100000.0,Free,0.0,Everyone,Finance,"May 9, 2018",4.10.0,4.4 and up,0.0,May,0
ACE Elite,FINANCE,4.1,2898.0,45.0,100000.0,Free,0.0,Everyone,Finance,"May 9, 2018",4.10.0,4.4 and up,0.0,May,0
U.S. Bank,FINANCE,4.1,70782.0,50.0,1000000.0,Free,0.0,Everyone,Finance,"July 25, 2018",2.34.29,4.0.3 and up,0.0,July,0
Huntington Mobile,FINANCE,4.2,11264.0,24.0,1000000.0,Free,0.0,Everyone,Finance,"June 26, 2018",5.2.203,4.2 and up,0.0,June,0
Associated Credit Union Mobile,FINANCE,4.7,3290.0,12.0,50000.0,Free,0.0,Everyone,Finance,"May 30, 2018",5.9.1.0,5.0 and up,0.0,May,0
USE Credit Union Mobile,FINANCE,4.6,964.0,14.0,10000.0,Free,0.0,Everyone,Finance,"June 12, 2018",5.9.1.0,5.0 and up,0.0,June,0
Amex Mobile,FINANCE,4.3,24729.0,32.0,1000000.0,Free,0.0,Everyone,Finance,"August 3, 2018",6.7.0,5.0 and up,0.0,August,0
Navy Federal Credit Union,FINANCE,4.4,43313.0,40.0,1000000.0,Free,0.0,Everyone,Finance,"July 9, 2018",5.16.2,4.1 and up,0.0,July,0
Barclays US for Android,FINANCE,4.1,6998.0,24.0,1000000.0,Free,0.0,Everyone,Finance,"August 1, 2018",6.29.37589,5.0 and up,0.0,August,0
Easy and Fast Recipes,FOOD_AND_DRINK,4.3,95.0,12.0,50000.0,Free,0.0,Everyone,Food & Drink,"January 6, 2018",3.0.1,2.3 and up,0.0,January,0
DELISH KITCHEN - FREE recipe movies make food fun and easy!,FOOD_AND_DRINK,4.6,32997.0,13.0,1000000.0,Free,0.0,Everyone,Food & Drink,"August 4, 2018",2.2.7,4.1 and up,0.0,August,0
Sumine side dish - dish recipe side dish,FOOD_AND_DRINK,4.3,82.0,4.9,10000.0,Free,0.0,Everyone,Food & Drink,"June 23, 2018",1.1,4.1 and up,0.0,June,0
Easy Recipes,FOOD_AND_DRINK,4.7,2707.0,8.9,100000.0,Free,0.0,Everyone,Food & Drink,"May 15, 2018",2.12,4.0.3 and up,0.0,May,0
Delicious Recipes,FOOD_AND_DRINK,4.7,129737.0,13.0,1000000.0,Free,0.0,Teen,Food & Drink,"August 3, 2018",Varies with device,Varies with device,0.0,August,0
Pastry & Cooking (Without Net),FOOD_AND_DRINK,4.7,6118.0,13.0,1000000.0,Free,0.0,Everyone,Food & Drink,"July 7, 2018",Varies with device,Varies with device,0.0,July,0
Frigo Magic: Easy recipe idea and anti-waste,FOOD_AND_DRINK,4.1,2473.0,14.0,500000.0,Free,0.0,Everyone,Food & Drink,"July 28, 2018",3.1.5,4.4 and up,0.0,July,0
Debonairs Pizza,FOOD_AND_DRINK,3.8,3320.0,8.4,500000.0,Free,0.0,Everyone,Food & Drink,"August 4, 2018",1.9.117,4.0.3 and up,0.0,August,0
Popeyes® App,FOOD_AND_DRINK,3.7,61.0,11.0,50000.0,Free,0.0,Everyone,Food & Drink,"July 23, 2018",1.0.2,4.1 and up,0.0,July,0
Refreshing app Free application that can use deal coupons,FOOD_AND_DRINK,3.5,10741.0,41.0,1000000.0,Free,0.0,Everyone,Food & Drink,"July 23, 2018",5.2.2,4.2 and up,0.0,July,0
Simple Recipes,FOOD_AND_DRINK,4.7,3803.0,15.0,500000.0,Free,0.0,Everyone,Food & Drink,"February 22, 2018",1.6,4.0 and up,0.0,February,0
Panera Bread,FOOD_AND_DRINK,4.2,10159.0,36.0,1000000.0,Free,0.0,Everyone,Food & Drink,"July 17, 2018",4.3.3,5.0 and up,0.0,July,0
hellofood - Food Delivery,FOOD_AND_DRINK,4.0,43614.0,25.0,1000000.0,Free,0.0,Everyone,Food & Drink,"October 12, 2016",2.14.36,4.0.3 and up,0.0,October,0
Easy and quick desserts,FOOD_AND_DRINK,4.6,1398.0,10.0,100000.0,Free,0.0,Everyone 10+,Food & Drink,"June 14, 2018",1.0,4.0.3 and up,0.0,June,0
HungerStation,FOOD_AND_DRINK,3.8,22513.0,11.0,1000000.0,Free,0.0,Everyone,Food & Drink,"May 21, 2018",5.3.8,4.0.3 and up,0.0,May,0
Dr. Oetker recipe ideas,FOOD_AND_DRINK,4.2,8509.0,17.0,1000000.0,Free,0.0,Everyone,Food & Drink,"July 12, 2018",3.5.5,4.0.3 and up,0.0,July,0
SONIC Drive-In,FOOD_AND_DRINK,4.3,19314.0,43.0,1000000.0,Free,0.0,Everyone,Food & Drink,"July 31, 2018",3.3.6,4.4 and up,0.0,July,0
SUBWAY®,FOOD_AND_DRINK,3.8,21314.0,41.0,1000000.0,Free,0.0,Everyone,Food & Drink,"July 24, 2018",7.9.0.0,4.4 and up,0.0,July,0
GialloZafferano: Recipes,FOOD_AND_DRINK,4.3,30224.0,13.0,1000000.0,Free,0.0,Everyone,Food & Drink,"May 28, 2018",Varies with device,Varies with device,0.0,May,0
Dairy Queen,FOOD_AND_DRINK,3.7,731.0,43.0,100000.0,Free,0.0,Everyone,Food & Drink,"July 25, 2018",2.1.0,4.1 and up,0.0,July,0
9th stage,FOOD_AND_DRINK,4.5,454.0,16.0,100000.0,Free,0.0,Everyone,Food & Drink,"March 28, 2018",2.0.0,4.0.3 and up,0.0,March,0
OpenRice,FOOD_AND_DRINK,3.6,14952.0,39.0,1000000.0,Free,0.0,Everyone,Food & Drink,"June 8, 2018",5.8.5,4.1 and up,0.0,June,0
SarashpazPapion (Cooking with Chef Bowls),FOOD_AND_DRINK,4.8,1250.0,13.0,50000.0,Free,0.0,Everyone,Food & Drink,"July 28, 2018",3.2.7,4.1 and up,0.0,July,0
Recipes Pastries and homemade pies More than 500 recipes for pastries,FOOD_AND_DRINK,4.7,14065.0,7.1,500000.0,Free,0.0,Everyone,Food & Drink,"June 12, 2018",1.2.2,4.1 and up,0.0,June,0
Om Waleed Sweets,FOOD_AND_DRINK,4.6,556.0,23.0,100000.0,Free,0.0,Teen,Food & Drink,"January 25, 2018",2.0,4.0 and up,0.0,January,0
"Eat Fast Prepare ""Without Internet""",FOOD_AND_DRINK,4.6,4925.0,17.0,1000000.0,Free,0.0,Everyone,Food & Drink,"June 10, 2018",3.6.6,4.0.3 and up,0.0,June,0
My Recipes Cookbook : RecetteTek,FOOD_AND_DRINK,4.6,11707.0,13.0,100000.0,Free,0.0,Everyone,Food & Drink,"June 24, 2018",Varies with device,Varies with device,0.0,June,0
Healthy Recipes Free,FOOD_AND_DRINK,4.0,1077.0,17.0,100000.0,Free,0.0,Everyone,Food & Drink,"October 18, 2017",3.2.0,4.0.3 and up,0.0,October,0
ChefTap Recipes & Grocery List,FOOD_AND_DRINK,4.5,9066.0,15.0,500000.0,Free,0.0,Everyone,Food & Drink,"April 25, 2018",4.0.0.427,5.1 and up,0.0,April,0
Recipe Keeper,FOOD_AND_DRINK,4.4,1962.0,22.0,100000.0,Free,0.0,Everyone,Food & Drink,"June 27, 2018",3.17.1.0,4.1 and up,0.0,June,0
My CookBook (Recipe Manager),FOOD_AND_DRINK,4.5,22071.0,13.0,1000000.0,Free,0.0,Everyone,Food & Drink,"June 29, 2018",Varies with device,Varies with device,0.0,June,0
50 Healthy Slow Cooker Recipes,FOOD_AND_DRINK,4.0,196.0,9.0,10000.0,Free,0.0,Everyone 10+,Food & Drink,"February 17, 2017",1.2,2.3.3 and up,0.0,February,0
Easy Healthy Recipes,FOOD_AND_DRINK,4.1,278.0,7.2,50000.0,Free,0.0,Everyone,Food & Drink,"July 20, 2018",24.5.0,4.0 and up,0.0,July,0
Yummly Recipes & Shopping List,FOOD_AND_DRINK,4.5,91359.0,27.0,1000000.0,Free,0.0,Everyone,Food & Drink,"July 5, 2018",2.0.3,4.4 and up,0.0,July,0
Kitchen Stories - Recipes & Cooking,FOOD_AND_DRINK,4.6,22015.0,13.0,1000000.0,Free,0.0,Everyone,Food & Drink,"July 6, 2018",Varies with device,5.0 and up,0.0,July,0
Postmates Food Delivery: Order Eats & Alcohol,FOOD_AND_DRINK,3.6,22875.0,22.0,1000000.0,Free,0.0,Everyone,Food & Drink,"July 27, 2018",4.2.6,5.0 and up,0.0,July,0
Instacart: Grocery Delivery,FOOD_AND_DRINK,4.4,17071.0,13.0,1000000.0,Free,0.0,Everyone,Food & Drink,"August 2, 2018",Varies with device,5.0 and up,0.0,August,0
Munchery: Chef Crafted Fresh Food Delivered,FOOD_AND_DRINK,3.9,464.0,28.0,50000.0,Free,0.0,Everyone,Food & Drink,"May 22, 2018",2.6.15,4.4 and up,0.0,May,0
"delivery.com: Order Food, Alcohol & Laundry",FOOD_AND_DRINK,4.1,1920.0,13.0,100000.0,Free,0.0,Everyone,Food & Drink,"July 31, 2018",Varies with device,Varies with device,0.0,July,0
Eat24 Food Delivery & Takeout,FOOD_AND_DRINK,4.3,40116.0,13.0,1000000.0,Free,0.0,Everyone,Food & Drink,"August 2, 2018",Varies with device,Varies with device,0.0,August,0
BeyondMenu Food Delivery,FOOD_AND_DRINK,4.7,51517.0,13.0,1000000.0,Free,0.0,Everyone,Food & Drink,"August 1, 2018",Varies with device,Varies with device,0.0,August,0
EatStreet Food Delivery App,FOOD_AND_DRINK,4.6,7690.0,25.0,100000.0,Free,0.0,Everyone,Food & Drink,"July 3, 2018",3.1.14,5.0 and up,0.0,July,0
Caviar - Food Delivery,FOOD_AND_DRINK,4.2,3755.0,8.5,100000.0,Free,0.0,Everyone,Food & Drink,"July 20, 2018",2.4.11,6.0 and up,0.0,July,0
DoorDash - Food Delivery,FOOD_AND_DRINK,4.5,104504.0,13.0,1000000.0,Free,0.0,Everyone,Food & Drink,"July 31, 2018",Varies with device,Varies with device,0.0,July,0
Seamless Food Delivery/Takeout,FOOD_AND_DRINK,4.5,35218.0,34.0,1000000.0,Free,0.0,Everyone,Food & Drink,"August 2, 2018",7.12,5.0 and up,0.0,August,0
Step Counter - Calorie Counter,HEALTH_AND_FITNESS,4.0,1577.0,2.2,500000.0,Free,0.0,Everyone,Health & Fitness,"August 12, 2017",1.0.7,4.4 and up,0.0,August,0
Pedometer - Step Counter Free & Calorie Burner,HEALTH_AND_FITNESS,4.8,31139.0,6.9,1000000.0,Free,0.0,Everyone,Health & Fitness,"July 24, 2018",1.0.11,4.1 and up,0.0,July,0
Sportractive GPS Running Cycling Distance Tracker,HEALTH_AND_FITNESS,4.8,48276.0,7.5,1000000.0,Free,0.0,Everyone,Health & Fitness,"August 4, 2018",3.0.6,4.4 and up,0.0,August,0
Home Workout for Men - Bodybuilding,HEALTH_AND_FITNESS,4.8,12705.0,15.0,1000000.0,Free,0.0,Everyone,Health & Fitness,"July 10, 2018",1.0.2,4.0 and up,0.0,July,0
Fat Burning Workout - Home Weight lose,HEALTH_AND_FITNESS,4.5,706.0,9.4,100000.0,Free,0.0,Everyone,Health & Fitness,"July 24, 2018",1.0.5,4.1 and up,0.0,July,0
Buttocks and Abdomen,HEALTH_AND_FITNESS,4.4,465.0,6.4,500000.0,Free,0.0,Everyone,Health & Fitness,"June 7, 2018",1.08,4.0.3 and up,0.0,June,0
Walking for Weight Loss - Walk Tracker,HEALTH_AND_FITNESS,4.5,644.0,5.5,100000.0,Free,0.0,Everyone,Health & Fitness,"July 25, 2018",1.0.4,4.1 and up,0.0,July,0
Running & Jogging,HEALTH_AND_FITNESS,4.5,6238.0,3.9,500000.0,Free,0.0,Everyone,Health & Fitness,"July 30, 2018",1.1.22,4.1 and up,0.0,July,0
Sleep Sounds,HEALTH_AND_FITNESS,4.8,51227.0,28.0,1000000.0,Free,0.0,Everyone,Health & Fitness,"July 13, 2018",4.0.1,4.0.3 and up,0.0,July,0
Lose Belly Fat-Home Abs Fitness Workout,HEALTH_AND_FITNESS,4.6,199.0,8.8,50000.0,Free,0.0,Everyone,Health & Fitness,"July 24, 2018",1.0.7,4.1 and up,0.0,July,0
Cycling - Bike Tracker,HEALTH_AND_FITNESS,4.5,9116.0,4.0,500000.0,Free,0.0,Everyone,Health & Fitness,"July 30, 2018",1.1.22,4.1 and up,0.0,July,0
Abs Training-Burn belly fat,HEALTH_AND_FITNESS,4.7,2071.0,6.9,100000.0,Free,0.0,Everyone,Health & Fitness,"July 24, 2018",1.0.12,4.1 and up,0.0,July,0
Calorie Counter - EasyFit free,HEALTH_AND_FITNESS,4.7,50294.0,11.0,1000000.0,Free,0.0,Everyone,Health & Fitness,"July 9, 2018",3.0.7,4.1 and up,0.0,July,0
Aunjai i lert u,HEALTH_AND_FITNESS,4.2,1140.0,5.5,500000.0,Free,0.0,Teen,Health & Fitness,"January 10, 2017",1.5,3.0 and up,0.0,January,0
Bike Computer - GPS Cycling Tracker,HEALTH_AND_FITNESS,4.4,12029.0,4.3,1000000.0,Free,0.0,Everyone,Health & Fitness,"August 4, 2018",2.6,4.2 and up,0.0,August,0
Six Packs for Man–Body Building with No Equipment,HEALTH_AND_FITNESS,4.6,2880.0,7.1,100000.0,Free,0.0,Everyone,Health & Fitness,"July 24, 2018",1.0.8,4.1 and up,0.0,July,0
Running Distance Tracker +,HEALTH_AND_FITNESS,4.7,77777.0,13.0,1000000.0,Free,0.0,Everyone,Health & Fitness,"June 29, 2018",3.401,5.0 and up,0.0,June,0
The TK-App - everything under control,HEALTH_AND_FITNESS,4.5,8642.0,18.0,100000.0,Free,0.0,Everyone,Health & Fitness,"August 2, 2018",1.20,4.4 and up,0.0,August,0
Walking: Pedometer diet,HEALTH_AND_FITNESS,3.7,1861.0,1.5,1000000.0,Free,0.0,Everyone,Health & Fitness,"June 18, 2018",1.5,2.3 and up,0.0,June,0
Recipes for hair and face tried,HEALTH_AND_FITNESS,4.5,1203.0,6.5,500000.0,Free,0.0,Everyone,Health & Fitness,"October 16, 2016",1.2,2.3.3 and up,0.0,October,0
Abs Workout - 30 Days Fitness App for Six Pack Abs,HEALTH_AND_FITNESS,4.6,299.0,11.0,100000.0,Free,0.0,Everyone,Health & Fitness,"August 3, 2018",1.3.8,4.4 and up,0.0,August,0
Keep Trainer - Workout Trainer & Fitness Coach,HEALTH_AND_FITNESS,4.7,14810.0,13.0,1000000.0,Free,0.0,Everyone,Health & Fitness,"July 24, 2018",Varies with device,Varies with device,0.0,July,0
Couch to 10K Running Trainer,HEALTH_AND_FITNESS,4.6,10445.0,48.0,500000.0,Free,0.0,Everyone,Health & Fitness,"July 2, 2018",112.0,4.4 and up,0.0,July,0
"Home workouts - fat burning, abs, legs, arms,chest",HEALTH_AND_FITNESS,4.3,4848.0,13.0,1000000.0,Free,0.0,Everyone,Health & Fitness,"July 18, 2018",2.6,4.1 and up,0.0,July,0
Running Weight Loss Walking Jogging Hiking FITAPP,HEALTH_AND_FITNESS,4.4,20812.0,13.0,1000000.0,Free,0.0,Teen,Health & Fitness,"July 27, 2018",Varies with device,Varies with device,0.0,July,0
StrongLifts 5x5 Workout Gym Log & Personal Trainer,HEALTH_AND_FITNESS,4.9,66791.0,10.0,1000000.0,Free,0.0,Everyone,Health & Fitness,"July 30, 2018",Varies with device,Varies with device,0.0,July,0
Workout Tracker & Gym Trainer - Fitness Log Book,HEALTH_AND_FITNESS,4.6,5420.0,21.0,500000.0,Free,0.0,Everyone,Health & Fitness,"June 5, 2018",2.48.3,4.1 and up,0.0,June,0
Seven - 7 Minute Workout Training Challenge,HEALTH_AND_FITNESS,4.5,75571.0,13.0,1000000.0,Free,0.0,Everyone,Health & Fitness,"August 3, 2018",7.2.5,Varies with device,0.0,August,0
Relax Meditation: Sleep with Sleep Sounds,HEALTH_AND_FITNESS,4.4,26540.0,43.0,1000000.0,Free,0.0,Everyone,Health & Fitness,"February 9, 2017",2.5.1,4.0.3 and up,0.0,February,0
Free Meditation - Take a Break,HEALTH_AND_FITNESS,4.2,1608.0,39.0,100000.0,Free,0.0,Everyone,Health & Fitness,"July 28, 2016",6.7,2.3.3 and up,0.0,July,0
Meditate OM,HEALTH_AND_FITNESS,4.5,19074.0,4.2,1000000.0,Free,0.0,Everyone,Health & Fitness,"January 17, 2018",16.0,4.0 and up,0.0,January,0
Yoga - Track Yoga,HEALTH_AND_FITNESS,4.5,7976.0,44.0,500000.0,Free,0.0,Everyone,Health & Fitness,"July 9, 2018",7.0,4.0.3 and up,0.0,July,0
My Chakra Meditation,HEALTH_AND_FITNESS,4.4,7586.0,45.0,500000.0,Free,0.0,Everyone,Health & Fitness,"April 10, 2018",1.0.6,2.3.3 and up,0.0,April,0
Relax with Andrew Johnson Lite,HEALTH_AND_FITNESS,4.3,2885.0,13.0,100000.0,Free,0.0,Everyone,Health & Fitness,"June 19, 2012",Varies with device,Varies with device,0.0,June,0
"Meditation Music - Relax, Yoga",HEALTH_AND_FITNESS,4.6,48226.0,28.0,1000000.0,Free,0.0,Everyone,Health & Fitness,"March 5, 2018",3.1.9,4.0.3 and up,0.0,March,0
Down Dog: Great Yoga Anywhere,HEALTH_AND_FITNESS,4.9,28945.0,12.0,500000.0,Free,0.0,Teen,Health & Fitness,"May 17, 2018",2.6.1,4.2 and up,0.0,May,0
21-Day Meditation Experience,HEALTH_AND_FITNESS,4.4,11506.0,15.0,100000.0,Free,0.0,Everyone,Health & Fitness,"August 2, 2018",3.0.0,4.1 and up,0.0,August,0
My Chakra Meditation 2,HEALTH_AND_FITNESS,4.3,1288.0,31.0,100000.0,Free,0.0,Everyone,Health & Fitness,"April 10, 2018",2.0.4,2.3.3 and up,0.0,April,0
Simply Yoga - Fitness Trainer for Workouts & Poses,HEALTH_AND_FITNESS,4.1,6826.0,13.0,1000000.0,Free,0.0,Everyone,Health & Fitness,"June 14, 2018",Varies with device,Varies with device,0.0,June,0
Simple Habit Meditation,HEALTH_AND_FITNESS,4.7,11689.0,20.0,500000.0,Free,0.0,Everyone,Health & Fitness,"July 27, 2018",1.29.15,4.4 and up,0.0,July,0
Pregnancy & Baby Tracker,HEALTH_AND_FITNESS,4.6,48286.0,13.0,1000000.0,Free,0.0,Everyone,Health & Fitness,"July 27, 2018",Varies with device,Varies with device,0.0,July,0
My Cycles Period and Ovulation,HEALTH_AND_FITNESS,4.3,26652.0,41.0,1000000.0,Free,0.0,Everyone,Health & Fitness,"May 4, 2018",2.3.3,4.0.3 and up,0.0,May,0
I’m Expecting - Pregnancy App,HEALTH_AND_FITNESS,4.6,71269.0,49.0,1000000.0,Free,0.0,Everyone,Health & Fitness,"March 30, 2018",2.3.2,4.0.3 and up,0.0,March,0
The Bump Pregnancy Tracker,HEALTH_AND_FITNESS,4.6,20301.0,22.0,1000000.0,Free,0.0,Everyone,Health & Fitness,"May 16, 2018",3.22,4.3 and up,0.0,May,0
Best Ovulation Tracker Fertility Calendar App Glow,HEALTH_AND_FITNESS,4.6,56145.0,23.0,1000000.0,Free,0.0,Everyone,Health & Fitness,"August 1, 2018",7.3.4-play,5.0 and up,0.0,August,0
"Eve Period Tracker - Love, Sex & Relationships App",HEALTH_AND_FITNESS,4.6,20326.0,28.0,1000000.0,Free,0.0,Teen,Health & Fitness,"August 4, 2018",2.9.18,4.1 and up,0.0,August,0
Fertility Friend Ovulation App,HEALTH_AND_FITNESS,4.5,12955.0,7.2,1000000.0,Free,0.0,Teen,Health & Fitness,"June 27, 2018",10.24,4.4 and up,0.0,June,0
Pregnancy Tracker,HEALTH_AND_FITNESS,4.1,2681.0,6.5,500000.0,Free,0.0,Everyone,Health & Fitness,"February 10, 2018",37,4.0.3 and up,0.0,February,0
"Spot On Period, Birth Control, & Cycle Tracker",HEALTH_AND_FITNESS,4.6,4102.0,24.0,500000.0,Free,0.0,Everyone 10+,Health & Fitness,"July 19, 2018",2.6.1,4.2 and up,0.0,July,0
OvuView: Ovulation and Fertility,HEALTH_AND_FITNESS,4.5,40296.0,13.0,1000000.0,Free,0.0,Everyone,Health & Fitness,"June 15, 2018",Varies with device,Varies with device,0.0,June,0
"ViewRanger - Hike, Ride or Walk",HEALTH_AND_FITNESS,4.2,34356.0,13.0,1000000.0,Free,0.0,Everyone,Health & Fitness,"July 31, 2018",Varies with device,Varies with device,0.0,July,0
Runtastic Mountain Bike GPS Tracker,HEALTH_AND_FITNESS,4.5,50679.0,38.0,1000000.0,Free,0.0,Everyone,Health & Fitness,"August 1, 2018",3.6.2,4.4 and up,0.0,August,0
"AllTrails: Hiking, Running & Mountain Bike Trails",HEALTH_AND_FITNESS,4.3,16943.0,32.0,1000000.0,Free,0.0,Everyone,Health & Fitness,"July 30, 2018",8.8.14,4.4 and up,0.0,July,0
"Zombies, Run! 5k Training (Free)",HEALTH_AND_FITNESS,4.0,267.0,13.0,50000.0,Free,0.0,Teen,Health & Fitness,"August 1, 2018",Varies with device,Varies with device,0.0,August,0
Tracks,HEALTH_AND_FITNESS,4.6,623.0,40.0,50000.0,Free,0.0,Everyone 10+,Health & Fitness,"July 17, 2017",1.2.3,4.0.3 and up,0.0,July,0
Couch to 5K by RunDouble,HEALTH_AND_FITNESS,4.7,15674.0,6.1,1000000.0,Free,0.0,Everyone,Health & Fitness,"July 31, 2018",4.5.4,4.1 and up,0.0,July,0
Fooducate Healthy Weight Loss & Calorie Counter,HEALTH_AND_FITNESS,4.4,14402.0,13.0,1000000.0,Free,0.0,Everyone,Health & Fitness,"August 3, 2018",Varies with device,Varies with device,0.0,August,0
Calorie Counter - MyNetDiary,HEALTH_AND_FITNESS,4.5,27439.0,19.0,1000000.0,Free,0.0,Everyone,Health & Fitness,"July 16, 2018",6.5.1,5.0 and up,0.0,July,0
10 Best Foods for You,HEALTH_AND_FITNESS,4.0,2490.0,3.8,500000.0,Free,0.0,Everyone 10+,Health & Fitness,"February 17, 2017",1.9,2.3.3 and up,0.0,February,0
MyPlate Calorie Tracker,HEALTH_AND_FITNESS,4.6,24094.0,18.0,1000000.0,Free,0.0,Everyone,Health & Fitness,"July 9, 2018",3.3.0(1),4.1 and up,0.0,July,0
Calorie Counter - Macros,HEALTH_AND_FITNESS,4.0,3061.0,5.5,100000.0,Free,0.0,Everyone,Health & Fitness,"August 27, 2016",2.3.4,5.0 and up,0.0,August,0
Weight Loss Tracker - RecStyle,HEALTH_AND_FITNESS,4.4,20547.0,5.7,1000000.0,Free,0.0,Everyone,Health & Fitness,"November 29, 2017",3.2.7,4.1 and up,0.0,November,0
Lark - 24/7 Health Coach,HEALTH_AND_FITNESS,4.1,3405.0,51.0,100000.0,Free,0.0,Everyone,Health & Fitness,"July 25, 2018",4.5.1.123,4.4 and up,0.0,July,0
MealLogger-Photo Food Journal,HEALTH_AND_FITNESS,3.5,217.0,9.4,50000.0,Free,0.0,Teen,Health & Fitness,"August 23, 2017",4.6.2,4.0.3 and up,0.0,August,0
Health and Nutrition Guide,HEALTH_AND_FITNESS,4.3,7895.0,3.3,500000.0,Free,0.0,Everyone,Health & Fitness,"July 15, 2018",3.3,4.0 and up,0.0,July,0
Calorie Counter & Diet Tracker,HEALTH_AND_FITNESS,4.5,32606.0,13.0,1000000.0,Free,0.0,Everyone,Health & Fitness,"March 22, 2018",Varies with device,Varies with device,0.0,March,0
Food Calorie Calculator,HEALTH_AND_FITNESS,4.2,1324.0,4.0,100000.0,Free,0.0,Everyone,Health & Fitness,"January 29, 2018",10.2.0,4.0 and up,0.0,January,0
Eat Fit - Diet and Health Free,HEALTH_AND_FITNESS,4.1,2469.0,3.6,100000.0,Free,0.0,Everyone,Health & Fitness,"July 23, 2014",1.0.9,2.3 and up,0.0,July,0
Self Healing,HEALTH_AND_FITNESS,4.5,14394.0,9.9,500000.0,Free,0.0,Everyone,Health & Fitness,"July 16, 2017",Public.Heal,4.0.3 and up,0.0,July,0
Happify,HEALTH_AND_FITNESS,3.7,1812.0,37.0,100000.0,Free,0.0,Everyone,Health & Fitness,"July 24, 2018",1.31.0-15160.950adac99,4.4 and up,0.0,July,0
Binaural Beats Therapy,HEALTH_AND_FITNESS,4.3,13724.0,13.0,1000000.0,Free,0.0,Everyone,Health & Fitness,"August 17, 2017",Varies with device,Varies with device,0.0,August,0
Pacifica - Stress & Anxiety,HEALTH_AND_FITNESS,4.5,10253.0,13.0,500000.0,Free,0.0,Teen,Health & Fitness,"July 9, 2018",6.3.1,Varies with device,0.0,July,0
Relaxing Sounds,HEALTH_AND_FITNESS,4.6,4642.0,40.0,100000.0,Free,0.0,Everyone,Health & Fitness,"March 11, 2017",1.92,4.1 and up,0.0,March,0
Insight Timer - Free Meditation App,HEALTH_AND_FITNESS,4.6,20161.0,13.0,1000000.0,Free,0.0,Everyone,Health & Fitness,"August 1, 2018",Varies with device,Varies with device,0.0,August,0
Self-help Anxiety Management,HEALTH_AND_FITNESS,4.0,2894.0,23.0,500000.0,Free,0.0,Everyone 10+,Health & Fitness,"February 22, 2017",1.2.6,4.0.3 and up,0.0,February,0
Brain Waves - Binaural Beats,HEALTH_AND_FITNESS,4.4,5038.0,10.0,500000.0,Free,0.0,Everyone,Health & Fitness,"July 15, 2018",5.2,4.4 and up,0.0,July,0
Prana Breath: Calm & Meditate,HEALTH_AND_FITNESS,4.8,31665.0,8.4,1000000.0,Free,0.0,Everyone,Health & Fitness,"July 19, 2018",8.2.0_8,4.0 and up,0.0,July,0
7 Cups: Anxiety & Stress Chat,HEALTH_AND_FITNESS,4.2,13799.0,13.0,500000.0,Free,0.0,Teen,Health & Fitness,"July 31, 2018",Varies with device,Varies with device,0.0,July,0
White Noise Lite,HEALTH_AND_FITNESS,4.4,57634.0,41.0,1000000.0,Free,0.0,Everyone,Health & Fitness,"June 25, 2018",7.4,4.1 and up,0.0,June,0
"Stop, Breathe & Think: Meditation & Mindfulness",HEALTH_AND_FITNESS,4.3,8576.0,13.0,1000000.0,Free,0.0,Everyone,Health & Fitness,"July 28, 2018",Varies with device,Varies with device,0.0,July,0
"Viva Decora - Decoration, Photos, Architecture, House",HOUSE_AND_HOME,4.8,3167.0,7.5,100000.0,Free,0.0,Everyone,House & Home,"August 3, 2018",2.0.0,5.0 and up,0.0,August,0
Apartments & Rentals - Zillow,HOUSE_AND_HOME,4.2,27386.0,13.0,1000000.0,Free,0.0,Everyone,House & Home,"June 21, 2018",Varies with device,Varies with device,0.0,June,0
"591 housing transactions - renting houses, middle-class houses, new cases, real-time registration, villas through the sky, apartment suites, MRT, buying a house selling prices, housing mortgages",HOUSE_AND_HOME,4.1,24977.0,21.0,1000000.0,Free,0.0,Everyone,House & Home,"August 1, 2018",3.5.9,4.0.3 and up,0.0,August,0
"Homes.com 🏠 For Sale, Rent",HOUSE_AND_HOME,4.0,6000.0,18.0,1000000.0,Free,0.0,Everyone,House & Home,"July 28, 2018",9.6.8,4.1 and up,0.0,July,0
"CYANOGEN. Rent, buy an apartment, a room, a cottage 3+",HOUSE_AND_HOME,4.3,37711.0,40.0,1000000.0,Free,0.0,Everyone,House & Home,"July 31, 2018",2.51.0,4.4 and up,0.0,July,0
Latest 2018 Home Designs,HOUSE_AND_HOME,4.3,174.0,8.7,10000.0,Free,0.0,Everyone,House & Home,"July 26, 2018",1.1,2.3 and up,0.0,July,0
Good room network fast rent,HOUSE_AND_HOME,3.7,2758.0,8.6,500000.0,Free,0.0,Everyone,House & Home,"June 25, 2018",4.2.3,4.0 and up,0.0,June,0
Yongqing fast search,HOUSE_AND_HOME,3.7,1437.0,13.0,100000.0,Free,0.0,Everyone,House & Home,"August 2, 2018",Varies with device,Varies with device,0.0,August,0
LIFULL HOME'S,HOUSE_AND_HOME,4.2,7573.0,18.0,1000000.0,Free,0.0,Everyone,House & Home,"July 25, 2018",8.2.1,4.2 and up,0.0,July,0
"Apartment List: Housing, Apt, and Property Rentals",HOUSE_AND_HOME,4.5,8481.0,7.5,1000000.0,Free,0.0,Everyone,House & Home,"August 3, 2018",2.1.0,5.0 and up,0.0,August,0
Gold Butterfly Keyboard Theme,HOUSE_AND_HOME,4.3,10054.0,9.1,1000000.0,Free,0.0,Everyone,House & Home,"July 12, 2018",6.7.12.2018,4.0.3 and up,0.0,July,0
"Apartment, Home Rental Search: Realtor.com Rentals",HOUSE_AND_HOME,3.9,10117.0,13.0,1000000.0,Free,0.0,Everyone,House & Home,"June 29, 2018",3.6,4.0.3 and up,0.0,June,0
Living Smart Home,HOUSE_AND_HOME,4.6,39189.0,13.0,1000000.0,Free,0.0,Everyone,House & Home,"July 30, 2018",Varies with device,Varies with device,0.0,July,0
591 Housing Trading - Hong Kong,HOUSE_AND_HOME,4.3,3522.0,15.0,100000.0,Free,0.0,Everyone,House & Home,"August 2, 2018",3.10.8,4.0 and up,0.0,August,0
Redfin Real Estate,HOUSE_AND_HOME,4.6,36857.0,19.0,1000000.0,Free,0.0,Everyone,House & Home,"July 25, 2018",220.0,5.0 and up,0.0,July,0
"Domofond Real Estate. Buy, rent an apartment.",HOUSE_AND_HOME,4.5,39123.0,13.0,1000000.0,Free,0.0,Everyone,House & Home,"August 3, 2018",Varies with device,Varies with device,0.0,August,0
"realestate.com.au - Buy, Rent & Sell Property",HOUSE_AND_HOME,3.8,14653.0,13.0,1000000.0,Free,0.0,Everyone,House & Home,"July 16, 2018",Varies with device,Varies with device,0.0,July,0
Yes319 real price login query,HOUSE_AND_HOME,4.3,12.0,5.1,5000.0,Free,0.0,Everyone,House & Home,"July 12, 2018",1.04,4.0.3 and up,0.0,July,0
DIY On A Budget,HOUSE_AND_HOME,4.7,114.0,8.3,10000.0,Free,0.0,Teen,House & Home,"February 18, 2018",2.1,4.1 and up,0.0,February,0
Mortgage by Zillow: Calculator & Rates,HOUSE_AND_HOME,4.3,4435.0,7.9,500000.0,Free,0.0,Everyone,House & Home,"March 2, 2016",2.6.0.287,4.0 and up,0.0,March,0
Home Security Camera WardenCam - reuse old phones,HOUSE_AND_HOME,4.3,43800.0,13.0,1000000.0,Free,0.0,Everyone,House & Home,"July 6, 2018",Varies with device,Varies with device,0.0,July,0
Room planner: Interior & Floorplan Design for IKEA,HOUSE_AND_HOME,4.0,4281.0,27.0,100000.0,Free,0.0,Everyone,House & Home,"August 5, 2018",858,4.0.3 and up,0.0,August,0
Rent.com Apartment Homes,HOUSE_AND_HOME,4.0,7508.0,5.1,1000000.0,Free,0.0,Everyone,House & Home,"July 9, 2018",7.9.0,5.0 and up,0.0,July,0
Good house to buy a house,HOUSE_AND_HOME,3.8,491.0,15.0,100000.0,Free,0.0,Everyone,House & Home,"July 25, 2018",2.6.0,4.0.3 and up,0.0,July,0
LH Housing Promotion Notice,HOUSE_AND_HOME,4.3,160.0,3.1,100000.0,Free,0.0,Everyone,House & Home,"September 19, 2017",1.2.0,4.0 and up,0.0,September,0
Apartments.com Rental Search,HOUSE_AND_HOME,4.3,22584.0,16.0,1000000.0,Free,0.0,Everyone,House & Home,"July 16, 2018",4.7.13,4.4 and up,0.0,July,0
Hemnet,HOUSE_AND_HOME,3.6,4087.0,9.2,500000.0,Free,0.0,Everyone,House & Home,"July 16, 2018",4.3.0,4.1 and up,0.0,July,0
At home - rental · real estate · room finding application such as apartment · apartment,HOUSE_AND_HOME,3.8,2496.0,13.0,500000.0,Free,0.0,Everyone,House & Home,"July 5, 2018",Varies with device,Varies with device,0.0,July,0
House app: beautiful everyday ~,HOUSE_AND_HOME,4.6,2669.0,10.0,500000.0,Free,0.0,Teen,House & Home,"August 3, 2018",2.0.6.9,4.1 and up,0.0,August,0
Home tips and advice,HOUSE_AND_HOME,4.3,10.0,2.6,5000.0,Free,0.0,Everyone,House & Home,"December 28, 2017",2.0,4.0.3 and up,0.0,December,0
"N1.RU - Real estate: apartments, new buildings, lodging",HOUSE_AND_HOME,4.5,7619.0,13.0,100000.0,Free,0.0,Everyone,House & Home,"July 12, 2018",1.22.0,4.0.3 and up,0.0,July,0
Ruler,HOUSE_AND_HOME,4.7,126.0,1.9,10000.0,Free,0.0,Everyone,House & Home,"August 21, 2017",1.0,4.0 and up,0.0,August,0
Home Decor Showpiece Art making: Medium Difficulty,HOUSE_AND_HOME,4.3,273.0,7.0,50000.0,Free,0.0,Everyone,House & Home,"May 30, 2018",1.2,4.0.3 and up,0.0,May,0
"乐屋网: Buying a house, selling a house, renting a house",HOUSE_AND_HOME,3.7,2248.0,15.0,100000.0,Free,0.0,Everyone,House & Home,"August 3, 2018",v3.1.1,4.0 and up,0.0,August,0
Real estate court auction information site - Hyundai court auction,HOUSE_AND_HOME,4.3,10.0,4.2,10000.0,Free,0.0,Everyone,House & Home,"August 2, 2018",1.2,4.3 and up,0.0,August,0
iProperty Malaysia,HOUSE_AND_HOME,4.2,809.0,7.8,100000.0,Free,0.0,Everyone,House & Home,"July 25, 2018",1.6.1.2,4.0 and up,0.0,July,0
Apartment Decorating Ideas,HOUSE_AND_HOME,3.9,1478.0,5.7,100000.0,Free,0.0,Everyone,House & Home,"March 13, 2015",1.2,3.0 and up,0.0,March,0
Bedroom Decorating Ideas,HOUSE_AND_HOME,4.0,2382.0,5.9,500000.0,Free,0.0,Everyone,House & Home,"April 7, 2015",1.7,3.0 and up,0.0,April,0
Room Painting Ideas,HOUSE_AND_HOME,4.0,4450.0,7.6,1000000.0,Free,0.0,Everyone,House & Home,"March 17, 2015",1.7,3.0 and up,0.0,March,0
Kitchen Island Ideas,HOUSE_AND_HOME,4.0,515.0,5.8,50000.0,Free,0.0,Everyone,House & Home,"May 30, 2015",1.5,3.0 and up,0.0,May,0
Living Room Decorating Ideas,HOUSE_AND_HOME,4.0,4465.0,5.8,1000000.0,Free,0.0,Everyone,House & Home,"March 6, 2015",1.7,3.0 and up,0.0,March,0
Bathroom Decorating Ideas,HOUSE_AND_HOME,4.1,2427.0,5.3,500000.0,Free,0.0,Everyone,House & Home,"March 12, 2015",1.4,3.0 and up,0.0,March,0
Wall Decorating Ideas,HOUSE_AND_HOME,3.9,6631.0,5.5,1000000.0,Free,0.0,Everyone,House & Home,"March 11, 2015",1.5,3.0 and up,0.0,March,0
Zumper - Apartment Rental Finder,HOUSE_AND_HOME,4.4,11200.0,25.0,1000000.0,Free,0.0,Everyone,House & Home,"July 16, 2018",4.5.15,5.0 and up,0.0,July,0
RadPad: Apartment Finder App,HOUSE_AND_HOME,4.4,6896.0,35.0,500000.0,Free,0.0,Everyone,House & Home,"August 30, 2017",1.7.3,4.1 and up,0.0,August,0
Homesnap Real Estate & Rentals,HOUSE_AND_HOME,4.3,3834.0,30.0,500000.0,Free,0.0,Everyone,House & Home,"July 31, 2018",5.20.38,4.2 and up,0.0,July,0
Apartments & Rentals - Zillow,HOUSE_AND_HOME,4.2,27387.0,13.0,1000000.0,Free,0.0,Everyone,House & Home,"June 21, 2018",Varies with device,Varies with device,0.0,June,0
Trulia Mortgage Calculators,HOUSE_AND_HOME,4.1,81.0,16.0,50000.0,Free,0.0,Everyone,House & Home,"February 16, 2018",2.1.0,4.4 and up,0.0,February,0
Public Digital Library,LIBRARIES_AND_DEMO,3.9,2087.0,13.0,50000.0,Free,0.0,Everyone,Libraries & Demo,"July 30, 2018",Varies with device,Varies with device,0.0,July,0
Quotes,LIBRARIES_AND_DEMO,4.4,58.0,15.0,10000.0,Free,0.0,Everyone,Libraries & Demo,"July 6, 2018",1.0,4.0.3 and up,0.0,July,0
Best New Ringtones 2018 Free 🔥 For Android™,LIBRARIES_AND_DEMO,4.6,3014.0,21.0,100000.0,Free,0.0,Everyone,Libraries & Demo,"June 27, 2018",1.1,5.0 and up,0.0,June,0
Lamp detector,LIBRARIES_AND_DEMO,4.3,5.0,1.8,1000.0,Free,0.0,Everyone,Libraries & Demo,"April 23, 2018",4.4.2,2.3.3 and up,0.0,April,0
SUDOKU,LIBRARIES_AND_DEMO,4.1,923.0,4.3,100000.0,Free,0.0,Everyone,Libraries & Demo,"October 15, 2015",3.1,2.3 and up,0.0,October,0
General culture,LIBRARIES_AND_DEMO,4.3,26.0,10.0,10000.0,Free,0.0,Everyone,Libraries & Demo,"February 20, 2018",1.2,4.0 and up,0.0,February,0
Luffs,LIBRARIES_AND_DEMO,4.3,487.0,3.7,100000.0,Free,0.0,Everyone,Libraries & Demo,"January 16, 2018",1.0,4.0.3 and up,0.0,January,0
Call Recorder,LIBRARIES_AND_DEMO,4.7,48.0,6.9,1000.0,Free,0.0,Everyone,Libraries & Demo,"May 25, 2018",1.7.2.10,4.0 and up,0.0,May,0
Pink Water Sakura Keyboard Theme,LIBRARIES_AND_DEMO,4.3,1465.0,7.0,100000.0,Free,0.0,Everyone,Libraries & Demo,"July 9, 2018",6.7.5,4.0.3 and up,0.0,July,0
auto Call Recorder 2018,LIBRARIES_AND_DEMO,4.5,929.0,7.0,50000.0,Free,0.0,Everyone,Libraries & Demo,"February 16, 2018",1.02.2018.11,4.0 and up,0.0,February,0
converter video to mp3,LIBRARIES_AND_DEMO,4.4,783.0,6.4,100000.0,Free,0.0,Everyone,Libraries & Demo,"June 10, 2017",1.6,2.2 and up,0.0,June,0
chicken song,LIBRARIES_AND_DEMO,4.3,434.0,16.0,100000.0,Free,0.0,Everyone,Libraries & Demo,"June 6, 2018",6.0.0,2.3 and up,0.0,June,0
Words (188 Category),LIBRARIES_AND_DEMO,4.3,54.0,5.9,10000.0,Free,0.0,Everyone,Libraries & Demo,"July 4, 2018",1.0,4.0.3 and up,0.0,July,0
Essential Resources,LIBRARIES_AND_DEMO,4.6,237.0,0.00830078125,50000.0,Free,0.0,Everyone,Libraries & Demo,"September 27, 2017",1.02,7.1 and up,0.0,September,0
MOMOLAND BBoom BBoom,LIBRARIES_AND_DEMO,4.6,2580.0,20.0,100000.0,Free,0.0,Everyone,Libraries & Demo,"March 8, 2018",2.0,2.3 and up,0.0,March,0
Cold Spirits,LIBRARIES_AND_DEMO,4.3,363.0,2.5,100000.0,Free,0.0,Everyone,Libraries & Demo,"January 2, 2017",1.2,2.3 and up,0.0,January,0
How to sew & make the easiest pattern,LIBRARIES_AND_DEMO,4.3,110.0,10.0,10000.0,Free,0.0,Everyone,Libraries & Demo,"November 5, 2017",1.0,4.0 and up,0.0,November,0
I will return his eggs,LIBRARIES_AND_DEMO,4.3,91.0,18.0,100000.0,Free,0.0,Everyone,Libraries & Demo,"November 16, 2017",6.0,2.3 and up,0.0,November,0
Bird Sounds & Bird Ringtones for Free 2018,LIBRARIES_AND_DEMO,4.6,130.0,12.0,10000.0,Free,0.0,Everyone,Libraries & Demo,"February 23, 2018",1.0,4.0.3 and up,0.0,February,0
Benefits of olive oil with garlic,LIBRARIES_AND_DEMO,4.3,25.0,2.5,10000.0,Free,0.0,Everyone,Libraries & Demo,"June 23, 2018",1.0,4.0.3 and up,0.0,June,0
Sad hair without net,LIBRARIES_AND_DEMO,4.3,20.0,2.1,5000.0,Free,0.0,Everyone,Libraries & Demo,"March 26, 2018",1.0,2.3 and up,0.0,March,0
Top Popular Ringtones 2018 Free 🔥,LIBRARIES_AND_DEMO,4.4,7396.0,22.0,500000.0,Free,0.0,Everyone,Libraries & Demo,"July 6, 2018",5.28,4.0.3 and up,0.0,July,0
Super Funny Ringtones 2018 🔔,LIBRARIES_AND_DEMO,4.5,1703.0,22.0,100000.0,Free,0.0,Everyone,Libraries & Demo,"March 1, 2018",3.1,4.0.3 and up,0.0,March,0
Apk Installer,LIBRARIES_AND_DEMO,3.8,7750.0,0.28515625,1000000.0,Free,0.0,Everyone,Libraries & Demo,"June 29, 2011",1.0,1.6 and up,0.0,June,0
SAMSUNG RETAILMODE 2018,LIBRARIES_AND_DEMO,4.3,6.0,5.5,10000.0,Free,0.0,Everyone,Libraries & Demo,"August 3, 2018",8.0.20180212,4.2 and up,0.0,August,0
OpenCV Manager,LIBRARIES_AND_DEMO,3.7,12657.0,13.0,1000000.0,Free,0.0,Everyone,Libraries & Demo,"September 21, 2015",3.00,Varies with device,0.0,September,0
Eternal life,LIBRARIES_AND_DEMO,5.0,26.0,2.5,1000.0,Free,0.0,Everyone,Libraries & Demo,"May 24, 2018",1.0,1.6 and up,0.0,May,0
Cool Popular Ringtones 2018 🔥,LIBRARIES_AND_DEMO,4.5,60170.0,28.0,1000000.0,Free,0.0,Everyone,Libraries & Demo,"July 13, 2018",2.4,5.0 and up,0.0,July,0
Blackpink as if it's your last,LIBRARIES_AND_DEMO,4.7,831.0,24.0,100000.0,Free,0.0,Everyone,Libraries & Demo,"February 20, 2018",8.0,2.3 and up,0.0,February,0
Wifi Test,LIBRARIES_AND_DEMO,4.0,8671.0,3.1,1000000.0,Free,0.0,Everyone,Libraries & Demo,"July 3, 2018",3.6,4.0 and up,0.0,July,0
Patience Words,LIBRARIES_AND_DEMO,4.3,31.0,3.4,10000.0,Free,0.0,Everyone,Libraries & Demo,"December 14, 2017",1.0,4.0.3 and up,0.0,December,0
Market Update Helper,LIBRARIES_AND_DEMO,4.1,20145.0,0.0107421875,1000000.0,Free,0.0,Everyone,Libraries & Demo,"February 12, 2013",Varies with device,1.5 and up,0.0,February,0
Ayyush wih wih new without Net,LIBRARIES_AND_DEMO,3.8,912.0,13.0,500000.0,Free,0.0,Everyone,Libraries & Demo,"January 9, 2018",2.0.0,2.3 and up,0.0,January,0
Girls Nancy Ajram Without Net,LIBRARIES_AND_DEMO,4.7,2639.0,19.0,500000.0,Free,0.0,Everyone,Libraries & Demo,"December 11, 2017",6.0,2.3 and up,0.0,December,0
R M Lock Screen,LIBRARIES_AND_DEMO,4.5,399.0,9.5,100000.0,Free,0.0,Everyone,Libraries & Demo,"May 22, 2018",1.1,4.0.3 and up,0.0,May,0
Mama Lala 's song,LIBRARIES_AND_DEMO,4.3,102.0,21.0,50000.0,Free,0.0,Everyone,Libraries & Demo,"July 1, 2018",6.0.0,2.3 and up,0.0,July,0
Barcode Scanner,LIBRARIES_AND_DEMO,4.2,3945.0,9.4,500000.0,Free,0.0,Everyone,Libraries & Demo,"January 9, 2018",4.2.2,3.2 and up,0.0,January,0
Young Speeches,LIBRARIES_AND_DEMO,4.3,2221.0,2.4,500000.0,Free,0.0,Everyone,Libraries & Demo,"January 8, 2017",1.1,2.3 and up,0.0,January,0
New Ringtones 2018,LIBRARIES_AND_DEMO,4.1,3781.0,36.0,1000000.0,Free,0.0,Everyone,Libraries & Demo,"April 15, 2018",1.8,4.0 and up,0.0,April,0
Easy Hair Style Design,LIFESTYLE,4.3,601.0,5.1,100000.0,Free,0.0,Everyone,Lifestyle,"December 20, 2017",1.0,2.3 and up,0.0,December,0
Girly Wallpapers Backgrounds,LIFESTYLE,4.4,13565.0,3.3,1000000.0,Free,0.0,Everyone,Lifestyle,"August 5, 2018",2.5,4.0 and up,0.0,August,0
Easy Makeup Tutorials,LIFESTYLE,4.3,7287.0,5.0,1000000.0,Free,0.0,Everyone,Lifestyle,"November 3, 2016",1.0,2.3 and up,0.0,November,0
ZenUI Safeguard,LIFESTYLE,4.5,100.0,7.1,1000000.0,Free,0.0,Everyone,Lifestyle,"May 9, 2018",1.0.0.21_180410,7.0 - 7.1.1,0.0,May,0
FOSSIL Q: DESIGN YOUR DIAL,LIFESTYLE,4.3,985.0,16.0,500000.0,Free,0.0,Everyone,Lifestyle,"May 31, 2018",3.7,7.0 and up,0.0,May,0
Van Nien 2018 - Lich Van su & Lich Am,LIFESTYLE,4.4,3829.0,23.0,1000000.0,Free,0.0,Everyone,Lifestyle,"June 1, 2018",3.9.3,4.1 and up,0.0,June,0
Safeway,LIFESTYLE,4.3,33572.0,37.0,1000000.0,Free,0.0,Everyone,Lifestyle,"August 2, 2018",6.2.0,4.4 and up,0.0,August,0
Tattoodo - Find your next tattoo,LIFESTYLE,4.5,7457.0,13.0,1000000.0,Free,0.0,Teen,Lifestyle,"August 3, 2018",2.4.12-r244,4.1 and up,0.0,August,0
Anime Avatar Creator: Make Your Own Avatar,LIFESTYLE,4.2,10944.0,36.0,1000000.0,Free,0.0,Everyone,Lifestyle,"June 15, 2018",2.0,4.1 and up,0.0,June,0
Beautiful Design Birthday Cake,LIFESTYLE,4.3,665.0,3.0,500000.0,Free,0.0,Everyone,Lifestyle,"August 4, 2018",2.0,2.3 and up,0.0,August,0
Pronunciation and know the name of the caller from his number,LIFESTYLE,4.6,2167.0,1.4,500000.0,Free,0.0,Everyone,Lifestyle,"January 7, 2018",1.0,2.3 and up,0.0,January,0
Super Slime Simulator - Satisfying Slime App,LIFESTYLE,4.5,53652.0,39.0,1000000.0,Free,0.0,Everyone,Lifestyle,"August 5, 2018",2.15,5.0 and up,0.0,August,0
H Pack,LIFESTYLE,4.3,9412.0,1.7,1000000.0,Free,0.0,Everyone,Lifestyle,"December 17, 2016",1.5.1,4.0.3 and up,0.0,December,0
သိင်္ Astrology - Min Thein Kha BayDin,LIFESTYLE,4.7,2225.0,15.0,100000.0,Free,0.0,Everyone,Lifestyle,"July 26, 2018",4.2.1,4.0.3 and up,0.0,July,0
w UN map,LIFESTYLE,4.2,23164.0,10.0,1000000.0,Free,0.0,Mature 17+,Lifestyle,"July 24, 2018",2.6,5.0 and up,0.0,July,0
PASS by KT (formerly KT certified),LIFESTYLE,3.5,7869.0,21.0,1000000.0,Free,0.0,Everyone,Lifestyle,"August 1, 2018",02.00.06,4.4 and up,0.0,August,0
Safety stepping stone,LIFESTYLE,3.7,4212.0,20.0,1000000.0,Free,0.0,Everyone,Lifestyle,"July 25, 2018",3.4.5,2.3 and up,0.0,July,0
JOANN - Crafts & Coupons,LIFESTYLE,4.6,34782.0,12.0,1000000.0,Free,0.0,Everyone,Lifestyle,"June 22, 2018",5.2.2,4.3 and up,0.0,June,0
MK eCatalog,LIFESTYLE,4.0,6676.0,6.2,1000000.0,Free,0.0,Everyone,Lifestyle,"February 21, 2018",3.0,4.2 and up,0.0,February,0
Vaniday - Beauty Booking App,LIFESTYLE,3.6,1067.0,13.0,100000.0,Free,0.0,Everyone,Lifestyle,"March 20, 2018",3.8.15,4.1 and up,0.0,March,0
Fashion in Vogue,LIFESTYLE,3.8,1797.0,6.8,100000.0,Free,0.0,Everyone,Lifestyle,"September 27, 2016",2.0,4.3 and up,0.0,September,0
StyleSeat,LIFESTYLE,4.7,20304.0,24.0,500000.0,Free,0.0,Everyone,Lifestyle,"July 31, 2018",4.35,4.0.3 and up,0.0,July,0
Wedding Countdown Widget,LIFESTYLE,3.9,7376.0,19.0,1000000.0,Free,0.0,Everyone,Lifestyle,"January 11, 2018",5.2.2018010801-1,4.1 and up,0.0,January,0
My Day - Countdown Calendar 🗓️,LIFESTYLE,4.1,49147.0,13.0,1000000.0,Free,0.0,Everyone,Lifestyle,"May 7, 2018",2.9.5,4.1 and up,0.0,May,0
justWink Greeting Cards,LIFESTYLE,4.6,69177.0,15.0,1000000.0,Free,0.0,Teen,Lifestyle,"August 2, 2017",2.7.3,4.4 and up,0.0,August,0
Wedding LookBook by The Knot,LIFESTYLE,4.2,3448.0,13.0,100000.0,Free,0.0,Everyone,Lifestyle,"July 9, 2018",3.9.5,4.0.3 and up,0.0,July,0
Big Days - Events Countdown,LIFESTYLE,4.6,39724.0,13.0,1000000.0,Free,0.0,Everyone,Lifestyle,"June 29, 2018",Varies with device,Varies with device,0.0,June,0
"Wedding Planner by WeddingWire - Venues, Checklist",LIFESTYLE,4.2,3788.0,44.0,1000000.0,Free,0.0,Everyone,Lifestyle,"July 24, 2018",8.5.1,5.0 and up,0.0,July,0
WedMeGood - Wedding Planner,LIFESTYLE,4.6,1658.0,9.7,100000.0,Free,0.0,Everyone,Lifestyle,"July 31, 2018",2.0.9,4.4 and up,0.0,July,0
DIY Garden Ideas,LIFESTYLE,4.1,3309.0,13.0,500000.0,Free,0.0,Everyone,Lifestyle,"August 5, 2018",10.0,4.0 and up,0.0,August,0
Brit + Co,LIFESTYLE,3.9,987.0,4.5,10000.0,Free,0.0,Everyone,Lifestyle,"August 29, 2017",2.0.4,4.0 and up,0.0,August,0
Creative Ideas - DIY & Craft,LIFESTYLE,4.0,5208.0,4.5,100000.0,Free,0.0,Teen,Lifestyle,"November 23, 2017",1.37,4.0 and up,0.0,November,0
JOANN - Crafts & Coupons,LIFESTYLE,4.6,34802.0,12.0,1000000.0,Free,0.0,Everyone,Lifestyle,"June 22, 2018",5.2.2,4.3 and up,0.0,June,0
Wheretoget: Shop in style,LIFESTYLE,4.1,6808.0,12.0,500000.0,Free,0.0,Teen,Lifestyle,"June 5, 2017",3.2.0,4.1 and up,0.0,June,0
My Dressing - Fashion closet,LIFESTYLE,4.1,12452.0,13.0,500000.0,Free,0.0,Everyone,Lifestyle,"January 26, 2017",Varies with device,Varies with device,0.0,January,0
Chictopia,LIFESTYLE,4.1,360.0,4.6,10000.0,Free,0.0,Everyone,Lifestyle,"April 30, 2014",1.6.2,2.2 and up,0.0,April,0
Scarf Fashion Designer,LIFESTYLE,4.4,16637.0,10.0,1000000.0,Free,0.0,Everyone,Lifestyle,"June 18, 2017",1.8,2.3 and up,0.0,June,0
Real Estate by Movoto,LIFESTYLE,4.4,3114.0,13.0,100000.0,Free,0.0,Everyone,Lifestyle,"February 20, 2018",6.1,4.0.3 and up,0.0,February,0
Etta Homes,LIFESTYLE,4.2,220.0,15.0,50000.0,Free,0.0,Everyone,Lifestyle,"July 26, 2018",9.1.0,5.0 and up,0.0,July,0
Houlihan Lawrence,LIFESTYLE,4.4,33.0,23.0,5000.0,Free,0.0,Everyone,Lifestyle,"October 12, 2017",3.9.5,4.2 and up,0.0,October,0
Home Scouting® MLS Mobile,LIFESTYLE,4.3,1533.0,7.7,100000.0,Free,0.0,Everyone,Lifestyle,"September 27, 2016",2.2.6,2.2 and up,0.0,September,0
Housing-Real Estate & Property,LIFESTYLE,4.1,28301.0,13.0,1000000.0,Free,0.0,Everyone,Lifestyle,"July 13, 2018",12.1.0,4.1 and up,0.0,July,0
ZipRealty Real Estate & Homes,LIFESTYLE,4.0,3937.0,15.0,100000.0,Free,0.0,Everyone,Lifestyle,"July 27, 2018",8.3.3,4.4 and up,0.0,July,0
Sotheby's International Realty,LIFESTYLE,4.2,894.0,25.0,50000.0,Free,0.0,Everyone,Lifestyle,"April 9, 2018",5.600.42,4.0.3 and up,0.0,April,0
Zoopla Property Search UK - Home to buy & rent,LIFESTYLE,4.1,21195.0,13.0,1000000.0,Free,0.0,Everyone,Lifestyle,"June 22, 2018",Varies with device,Varies with device,0.0,June,0
Neighborhoods & Apartments,LIFESTYLE,3.9,2042.0,3.0,100000.0,Free,0.0,Everyone,Lifestyle,"August 28, 2015",3.1.6,4.0 and up,0.0,August,0
Keller Williams Real Estate,LIFESTYLE,4.4,13213.0,22.0,1000000.0,Free,0.0,Everyone,Lifestyle,"March 28, 2018",5.800.04,4.0.3 and up,0.0,March,0
Relax Ocean ~ Nature Sounds,LIFESTYLE,4.5,9464.0,13.0,500000.0,Free,0.0,Everyone,Lifestyle,"July 18, 2017",Varies with device,Varies with device,0.0,July,0
Bed Time Fan - White Noise Sleep Sounds,LIFESTYLE,4.5,10097.0,7.5,500000.0,Free,0.0,Everyone,Lifestyle,"April 26, 2018",1.2,4.0 and up,0.0,April,0
Nature Sounds,LIFESTYLE,4.8,28588.0,24.0,1000000.0,Free,0.0,Everyone,Lifestyle,"March 1, 2018",3.1.8,4.0.3 and up,0.0,March,0
SleepyTime: Bedtime Calculator,LIFESTYLE,4.4,19621.0,13.0,500000.0,Free,0.0,Everyone,Lifestyle,"February 27, 2016",Varies with device,Varies with device,0.0,February,0
White Noise Baby,LIFESTYLE,4.5,10544.0,44.0,1000000.0,Free,0.0,Everyone,Lifestyle,"June 18, 2018",5.3,4.1 and up,0.0,June,0
White Noise ~ Sleeping Sounds,LIFESTYLE,4.5,4427.0,13.0,100000.0,Free,0.0,Everyone,Lifestyle,"June 23, 2017",Varies with device,Varies with device,0.0,June,0
"Journey - Diary, Journal",LIFESTYLE,4.6,50338.0,13.0,1000000.0,Free,0.0,Everyone,Lifestyle,"July 23, 2018",Varies with device,Varies with device,0.0,July,0
7 Day Food Journal Challenge,LIFESTYLE,4.5,3346.0,14.0,100000.0,Free,0.0,Teen,Lifestyle,"March 8, 2017",3.6.3,4.0.3 and up,0.0,March,0
Zombie Hunter King,GAME,4.3,10306.0,50.0,1000000.0,Free,0.0,Mature 17+,Action,"August 1, 2018",1.0.8,2.3 and up,0.0,August,0
Super Jim Jump - pixel 3d,GAME,4.5,10393.0,18.0,1000000.0,Free,0.0,Everyone,Arcade,"July 11, 2018",2.2.3181,4.0 and up,0.0,July,0
Zombie Hunter King,GAME,4.3,10354.0,50.0,1000000.0,Free,0.0,Mature 17+,Action,"August 1, 2018",1.0.8,2.3 and up,0.0,August,0
Super Jim Jump - pixel 3d,GAME,4.5,10434.0,18.0,1000000.0,Free,0.0,Everyone,Arcade,"July 11, 2018",2.2.3181,4.0 and up,0.0,July,0
Farm Fruit Pop: Party Time,GAME,4.4,9305.0,14.0,1000000.0,Free,0.0,Everyone,Casual,"August 2, 2018",1.9.2,4.0.3 and up,0.0,August,0
Woody Puzzle,GAME,4.7,21262.0,29.0,1000000.0,Free,0.0,Everyone,Puzzle,"August 3, 2018",1.0.9,4.4 and up,0.0,August,0
Bricks n Balls,GAME,4.4,30253.0,13.0,1000000.0,Free,0.0,Everyone,Casual,"August 5, 2018",1.0.1.049,4.1 and up,0.0,August,0
PLANK!,GAME,4.7,7196.0,38.0,500000.0,Free,0.0,Everyone,Arcade,"July 17, 2018",1.0.2,4.3 and up,0.0,July,0
Offroad Outlaws,GAME,4.4,29168.0,13.0,1000000.0,Free,0.0,Everyone,Racing,"May 29, 2018",2.0.1,4.1 and up,0.0,May,0
Ice Crush 2018 - A new Puzzle Matching Adventure,GAME,4.6,15403.0,25.0,1000000.0,Free,0.0,Everyone,Casual,"August 2, 2018",1.8.1,4.1 and up,0.0,August,0
TerraGenesis - Space Colony,GAME,4.3,38957.0,13.0,1000000.0,Free,0.0,Everyone,Simulation,"August 2, 2018",4.9.31,Varies with device,0.0,August,0
SHADOWGUN LEGENDS,GAME,4.6,100609.0,52.0,1000000.0,Free,0.0,Teen,Action,"July 16, 2018",0.5.4,6.0 and up,0.0,July,0
Might & Magic: Elemental Guardians,GAME,4.3,32551.0,35.0,500000.0,Free,0.0,Mature 17+,Role Playing,"July 12, 2018",1.93,4.4 and up,0.0,July,0
Dungeon Hunter Champions: Epic Online Action RPG,GAME,4.2,26247.0,13.0,1000000.0,Free,0.0,Teen,Role Playing,"July 26, 2018",1.1.40,4.0.3 and up,0.0,July,0
Zombie Hunter King,GAME,4.3,10493.0,50.0,1000000.0,Free,0.0,Mature 17+,Action,"August 1, 2018",1.0.8,2.3 and up,0.0,August,0
Super Jim Jump - pixel 3d,GAME,4.5,10460.0,18.0,1000000.0,Free,0.0,Everyone,Arcade,"July 11, 2018",2.2.3181,4.0 and up,0.0,July,0
Jewels Star: OZ adventure,GAME,4.5,21892.0,14.0,1000000.0,Free,0.0,Everyone,Puzzle,"December 29, 2017",1.3,4.0 and up,0.0,December,0
Extreme Match,GAME,4.5,696.0,13.0,100000.0,Free,0.0,Everyone,Action,"July 5, 2018",1.1.7,4.1 and up,0.0,July,0
Zombie Hunter King,GAME,4.3,10538.0,50.0,1000000.0,Free,0.0,Mature 17+,Action,"August 1, 2018",1.0.8,2.3 and up,0.0,August,0
Once Upon a Tower,GAME,4.7,37139.0,49.0,1000000.0,Free,0.0,Everyone 10+,Action,"January 24, 2018",8,4.1 and up,0.0,January,0
Runner 3d like,GAME,4.5,559.0,32.0,100000.0,Free,0.0,Everyone 10+,Action,"August 3, 2018",1.0.7,4.0 and up,0.0,August,0
Bubble Shooter Space,GAME,4.2,4355.0,13.0,1000000.0,Free,0.0,Everyone,Casual,"July 17, 2017",1.6,2.3 and up,0.0,July,0
Jewels Crush- Match 3 Puzzle,FAMILY,4.4,14774.0,19.0,1000000.0,Free,0.0,Everyone,Casual;Brain Games,"July 23, 2018",1.9.3901,4.0.3 and up,0.0,July,0
Super ABC! Learning games for kids! Preschool apps,FAMILY,4.6,20267.0,46.0,1000000.0,Free,0.0,Everyone,Educational;Education,"July 16, 2018",1.1.6.7,4.1 and up,0.0,July,0
Toy Pop Cubes,FAMILY,4.5,5761.0,21.0,1000000.0,Free,0.0,Everyone,Casual;Brain Games,"July 4, 2018",1.8.3181,4.0.3 and up,0.0,July,0
Candy Pop Story,FAMILY,4.7,12948.0,23.0,1000000.0,Free,0.0,Everyone,Casual;Brain Games,"May 24, 2018",2.0.3165,2.3 and up,0.0,May,0
Solitaire,FAMILY,4.4,685.0,26.0,100000.0,Free,0.0,Everyone,Card;Brain Games,"July 16, 2018",1.7.101,4.1 and up,0.0,July,0
Candy Smash,FAMILY,4.5,11436.0,15.0,1000000.0,Free,0.0,Everyone,Casual;Brain Games,"April 17, 2018",2.2.3169,4.0.3 and up,0.0,April,0
Happy Fruits Bomb - Cube Blast,FAMILY,4.5,2150.0,20.0,500000.0,Free,0.0,Everyone,Casual;Brain Games,"February 1, 2018",1.0.3122,4.0.3 and up,0.0,February,0
Princess Adventures Puzzles,FAMILY,4.4,382.0,44.0,500000.0,Free,0.0,Everyone,Education;Creativity,"August 1, 2018",1.1.0,2.3 and up,0.0,August,0
Puzzle Kids - Animals Shapes and Jigsaw Puzzles,FAMILY,4.6,1109.0,52.0,1000000.0,Free,0.0,Everyone,Educational;Brain Games,"July 18, 2018",1.0.6,4.1 and up,0.0,July,0
Coloring book moana,FAMILY,3.9,974.0,14.0,500000.0,Free,0.0,Everyone,Art & Design;Pretend Play,"January 15, 2018",2.0.0,4.0.3 and up,0.0,January,0
Kids Educational :All in One,FAMILY,4.5,1455.0,8.9,500000.0,Free,0.0,Everyone,Education;Education,"February 1, 2018",2.7,2.3 and up,0.0,February,0
Number Counting games for toddler preschool kids,FAMILY,4.3,1024.0,13.0,1000000.0,Free,0.0,Everyone,Educational;Education,"May 28, 2018",Varies with device,Varies with device,0.0,May,0
Learn To Draw Glow Flower,FAMILY,4.4,7320.0,10.0,1000000.0,Free,0.0,Everyone,Entertainment;Education,"July 7, 2017",1.0.1,4.0.3 and up,0.0,July,0
Draw.ly - Color by Number Pixel Art Coloring,FAMILY,4.4,18616.0,10.0,1000000.0,Free,0.0,Everyone,Casual;Education,"August 5, 2018",1.0.9,4.0.3 and up,0.0,August,0
Garden Fruit Legend,FAMILY,4.6,4289.0,33.0,500000.0,Free,0.0,Everyone,Casual;Brain Games,"July 31, 2018",3.5.3183,4.0.3 and up,0.0,July,0
Candy Day,FAMILY,4.5,11716.0,48.0,1000000.0,Free,0.0,Everyone,Casual;Brain Games,"August 3, 2018",8.4.3180,4.0 and up,0.0,August,0
Learn To Draw Glow Princess,FAMILY,4.5,3323.0,9.6,1000000.0,Free,0.0,Everyone,Casual;Pretend Play,"July 14, 2017",1.0.1,4.0.3 and up,0.0,July,0
Educational Games for Kids,FAMILY,4.5,7050.0,24.0,1000000.0,Free,0.0,Everyone,Educational;Education,"May 27, 2018",2.0,4.0 and up,0.0,May,0
Fruit Boom,FAMILY,4.4,17753.0,16.0,1000000.0,Free,0.0,Everyone,Casual;Brain Games,"May 25, 2018",2.2.3172,4.0.3 and up,0.0,May,0
Rhythm Patrol,FAMILY,4.3,4207.0,26.0,100000.0,Free,0.0,Everyone,Music;Music & Video,"July 23, 2018",2.180723,4.1 and up,0.0,July,0
Drawing for Kids Learning Games for Toddlers age 3,FAMILY,4.6,29436.0,43.0,1000000.0,Free,0.0,Everyone,Educational;Education,"March 21, 2018",2.0.5.0,4.1 and up,0.0,March,0
Baby ABC in box! Kids alphabet games for toddlers!,FAMILY,4.6,9652.0,53.0,1000000.0,Free,0.0,Everyone,Educational;Education,"July 16, 2018",2.0.7.4,4.1 and up,0.0,July,0
Henry Danger Crime Warp,FAMILY,4.6,9626.0,28.0,1000000.0,Free,0.0,Everyone,Action;Action & Adventure,"February 7, 2018",1.1,4.4 and up,0.0,February,0
Happy Street,FAMILY,4.5,110877.0,13.0,1000000.0,Free,0.0,Everyone 10+,Casual;Action & Adventure,"March 28, 2018",Varies with device,Varies with device,0.0,March,0
Leo and Tig,FAMILY,4.5,47644.0,27.0,1000000.0,Free,0.0,Everyone,Adventure;Action & Adventure,"May 31, 2018",10.180530,4.0.3 and up,0.0,May,0
Montessori Preschool,FAMILY,3.9,237.0,26.0,100000.0,Free,0.0,Everyone,Education;Education,"July 12, 2018",1.7.2,4.1 and up,0.0,July,0
Kids Corner: Interactive Tales and Games for kids,FAMILY,4.5,6404.0,46.0,500000.0,Free,0.0,Everyone,Educational;Brain Games,"July 16, 2018",1.8.3,4.1 and up,0.0,July,0
Basketball FRVR - Shoot the Hoop and Slam Dunk!,FAMILY,4.5,4076.0,13.0,100000.0,Free,0.0,Everyone,Sports;Action & Adventure,"August 1, 2018",1.3.3,4.1 and up,0.0,August,0
Little Panda Run,FAMILY,4.2,3235.0,32.0,1000000.0,Free,0.0,Everyone,Educational;Action & Adventure,"June 20, 2018",8.25.10.00,4.0.3 and up,0.0,June,0
Car Racing game for Kids - Beepzz Dogs 🐕,FAMILY,4.4,131.0,48.0,100000.0,Free,0.0,Everyone,Racing;Action & Adventure,"June 13, 2018",1.1.1,4.2 and up,0.0,June,0
Transformers Rescue Bots: Disaster Dash,FAMILY,4.4,19245.0,25.0,1000000.0,Free,0.0,Everyone,Casual;Action & Adventure,"March 28, 2018",1.3,4.1 and up,0.0,March,0
Mcqueen Coloring pages,FAMILY,4.3,65.0,7.0,100000.0,Free,0.0,Everyone,Art & Design;Action & Adventure,"March 7, 2018",1.0.0,4.1 and up,0.0,March,0
Monster Truck Driver & Racing,FAMILY,4.4,765.0,51.0,1000000.0,Free,0.0,Everyone,Education;Action & Adventure,"January 19, 2017",1.0.9,2.3 and up,0.0,January,0
L.O.L. Surprise Ball Pop,FAMILY,4.3,10088.0,13.0,1000000.0,Free,0.0,Everyone,Casual;Action & Adventure,"March 8, 2018",Varies with device,4.1 and up,0.0,March,0
Little Fire Station,FAMILY,4.2,3762.0,44.0,1000000.0,Free,0.0,Everyone,Education;Action & Adventure,"July 2, 2018",1.47,4.3 and up,0.0,July,0
Robots Vs Zombies: Transform To Race And Fight,FAMILY,4.5,278.0,13.0,100000.0,Free,0.0,Everyone,Racing;Action & Adventure,"July 11, 2018",3.49,4.2 and up,0.0,July,0
Doctor Pets,FAMILY,4.2,23060.0,21.0,1000000.0,Free,0.0,Everyone,Educational;Education,"July 26, 2018",1.19,4.1 and up,0.0,July,0
Cute Pet Puppies,FAMILY,4.0,10447.0,36.0,1000000.0,Free,0.0,Everyone,Simulation;Action & Adventure,"February 18, 2016",1.0.4,2.3 and up,0.0,February,0
Monica Toy TV,FAMILY,4.7,6188.0,49.0,500000.0,Free,0.0,Everyone 10+,Entertainment;Music & Video,"April 3, 2018",1.6.4,4.1 and up,0.0,April,0
Toy Guitar with songs for kids,FAMILY,4.3,1369.0,9.8,500000.0,Free,0.0,Everyone,Music & Audio;Music & Video,"March 5, 2016",1.0.3,2.3 and up,0.0,March,0
Endless Numbers,FAMILY,4.4,2952.0,37.0,500000.0,Free,0.0,Everyone,Education;Education,"June 19, 2018",1.2.0,5.1 and up,0.0,June,0
Toddler Learning Games - Little Kids Games,FAMILY,4.2,731.0,13.0,100000.0,Free,0.0,Everyone,Educational;Education,"July 28, 2018",3.7.2.7,4.2 and up,0.0,July,0
Nancy Drew Codes and Clues,FAMILY,4.1,154.0,16.0,10000.0,Free,0.0,Everyone,Educational;Education,"January 13, 2017",2.0.0,4.1 and up,0.0,January,0
Tic Tac Toe,FAMILY,4.1,6007.0,18.0,1000000.0,Free,0.0,Everyone,Board;Action & Adventure,"July 3, 2017",1.6.3028.0,2.3 and up,0.0,July,0
Dominos Game ✔️,FAMILY,4.1,2903.0,16.0,1000000.0,Free,0.0,Everyone,Board;Brain Games,"July 5, 2018",5.2,4.1 and up,0.0,July,0
Checkers ✔️,FAMILY,4.1,3617.0,19.0,1000000.0,Free,0.0,Everyone,Board;Brain Games,"July 24, 2018",4.0.2,4.1 and up,0.0,July,0
Crazy Colors: Bubbles Matching,FAMILY,4.6,3063.0,1.6,100000.0,Free,0.0,Everyone,Board;Brain Games,"May 24, 2018",2.9.7,3.0 and up,0.0,May,0
Chess for Kids - Play & Learn,FAMILY,4.1,3234.0,47.0,100000.0,Free,0.0,Everyone,Puzzle;Brain Games,"May 15, 2018",2.2.3,4.1 and up,0.0,May,0
Block Puzzle : Night in Egypt,FAMILY,4.4,276.0,16.0,50000.0,Free,0.0,Everyone,Puzzle;Brain Games,"September 12, 2017",1.2.16,2.3 and up,0.0,September,0
Mosaic puzzles,FAMILY,4.4,1595.0,14.0,500000.0,Free,0.0,Everyone,Puzzle;Brain Games,"July 4, 2018",2.8,4.0.3 and up,0.0,July,0
Chess School for Beginners,FAMILY,4.3,879.0,13.0,100000.0,Free,0.0,Everyone,Board;Brain Games,"May 22, 2018",1.1.0,4.1 and up,0.0,May,0
Pino chess,FAMILY,4.8,61.0,25.0,1000.0,Free,0.0,Everyone,Casual;Brain Games,"January 26, 2017",0.1.0,4.0 and up,0.0,January,0
Chess PRO Free,FAMILY,3.8,1123.0,5.7,100000.0,Free,0.0,Everyone,Board;Brain Games,"September 8, 2016",4.2,2.3 and up,0.0,September,0
All-in-One Mahjong 3 FREE,FAMILY,4.5,566.0,17.0,50000.0,Free,0.0,Everyone,Board;Brain Games,"June 13, 2018",20180609,4.0 and up,0.0,June,0
Sounds for Toddlers FREE,FAMILY,4.4,6190.0,23.0,1000000.0,Free,0.0,Everyone,Educational;Education,"August 24, 2015",1.7.1,4.0 and up,0.0,August,0
Elmo Calls by Sesame Street,FAMILY,3.9,6903.0,25.0,1000000.0,Free,0.0,Everyone,Educational;Pretend Play,"January 31, 2018",2.0.7,2.3 and up,0.0,January,0
Bita and the Animals - Pelos Ares,FAMILY,4.4,1160.0,37.0,100000.0,Free,0.0,Everyone,Education;Music & Video,"May 22, 2013",1.0,2.2 and up,0.0,May,0
DreamWorks Friends,FAMILY,3.6,1042.0,48.0,100000.0,Free,0.0,Everyone,Role Playing;Pretend Play,"August 4, 2017",2.5,4.3 and up,0.0,August,0
My Little Pony Celebration,FAMILY,4.3,63160.0,17.0,1000000.0,Free,0.0,Everyone,Simulation;Pretend Play,"July 22, 2016",1.0.0,2.3 and up,0.0,July,0
Thomas & Friends: Delivery,FAMILY,4.2,28737.0,17.0,1000000.0,Free,0.0,Everyone,Casual;Action & Adventure,"February 5, 2016",1.0,2.3 and up,0.0,February,0
Starfall Free & Member,FAMILY,4.2,19720.0,41.0,1000000.0,Free,0.0,Everyone,Education;Education,"November 7, 2017",1.35.23,4.0 and up,0.0,November,0
GoodRx Drug Prices and Coupons,MEDICAL,4.8,59158.0,11.0,1000000.0,Free,0.0,Everyone,Medical,"July 26, 2018",5.4.8,4.1 and up,0.0,July,0
MyChart,MEDICAL,4.2,19473.0,13.0,1000000.0,Free,0.0,Everyone,Medical,"July 24, 2018",Varies with device,Varies with device,0.0,July,0
FollowMyHealth®,MEDICAL,4.6,73118.0,37.0,1000000.0,Free,0.0,Everyone,Medical,"May 10, 2018",3.3,4.4 and up,0.0,May,0
CareZone,MEDICAL,4.4,27524.0,13.0,1000000.0,Free,0.0,Everyone,Medical,"July 30, 2018",Varies with device,Varies with device,0.0,July,0
Ovia Pregnancy Tracker & Baby Countdown Calendar,MEDICAL,4.8,102858.0,9.8,1000000.0,Free,0.0,Everyone,Medical,"August 3, 2018",2.2.4,4.3 and up,0.0,August,0
Teladoc Member,MEDICAL,4.0,2094.0,23.0,500000.0,Free,0.0,Everyone,Medical,"July 26, 2018",3.19,4.3 and up,0.0,July,0
myAir™ for Air10™ by ResMed,MEDICAL,3.7,236.0,18.0,50000.0,Free,0.0,Everyone,Medical,"July 25, 2018",1.1.0.0.1487,5.0 and up,0.0,July,0
Pregnancy Week By Week,MEDICAL,4.8,78825.0,11.0,1000000.0,Free,0.0,Everyone,Medical,"August 2, 2018",1.2.16,4.1 and up,0.0,August,0
Doctor On Demand,MEDICAL,4.7,18674.0,13.0,1000000.0,Free,0.0,Everyone,Medical,"July 27, 2018",3.25.0,4.4 and up,0.0,July,0
BioLife Plasma Services,MEDICAL,3.5,250.0,23.0,100000.0,Free,0.0,Everyone,Medical,"July 9, 2018",1.2.0,4.4 and up,0.0,July,0
OneTouch Reveal,MEDICAL,3.9,6266.0,34.0,500000.0,Free,0.0,Everyone,Medical,"May 22, 2018",3.5,5.1 and up,0.0,May,0
To,MEDICAL,4.2,22.0,15.0,10000.0,Free,0.0,Everyone,Medical,"May 30, 2018",Varies with device,Varies with device,0.0,May,0
Ovia Fertility Tracker & Ovulation Calculator,MEDICAL,4.8,53743.0,13.0,1000000.0,Free,0.0,Everyone,Medical,"July 27, 2018",Varies with device,4.3 and up,0.0,July,0
Blood Donor,MEDICAL,4.2,4476.0,20.0,500000.0,Free,0.0,Everyone,Medical,"July 31, 2018",1.6.2,4.1 and up,0.0,July,0
Zocdoc: Find Doctors & Book Appointments,MEDICAL,4.5,6099.0,38.0,500000.0,Free,0.0,Everyone,Medical,"July 31, 2018",3.18.2,4.3 and up,0.0,July,0
1800 Contacts - Lens Store,MEDICAL,4.7,23160.0,26.0,1000000.0,Free,0.0,Everyone,Medical,"July 27, 2018",7.4.1,5.0 and up,0.0,July,0
Blood Pressure Log - MyDiary,MEDICAL,4.7,8348.0,2.6,500000.0,Free,0.0,Everyone,Medical,"April 13, 2018",1.4.6,4.0 and up,0.0,April,0
PulsePoint Respond,MEDICAL,4.5,7837.0,21.0,100000.0,Free,0.0,Everyone,Medical,"July 31, 2018",2.4,4.1 and up,0.0,July,0
Ovia Parenting & Baby Development Tracker,MEDICAL,4.7,6185.0,38.0,100000.0,Free,0.0,Everyone,Medical,"August 3, 2018",1.2.0,4.3 and up,0.0,August,0
MyQuest for Patients,MEDICAL,4.0,3803.0,16.0,100000.0,Free,0.0,Everyone,Medical,"March 13, 2018",2.17,4.0 and up,0.0,March,0
CVS Caremark,MEDICAL,3.5,3707.0,10.0,500000.0,Free,0.0,Everyone,Medical,"July 28, 2018",4.36,4.4 and up,0.0,July,0
Ada - Your Health Guide,MEDICAL,4.7,87418.0,14.0,1000000.0,Free,0.0,Everyone,Medical,"July 16, 2018",2.25.0,4.4 and up,0.0,July,0
mySugr: the blood sugar tracker made just for you,MEDICAL,4.6,21189.0,36.0,1000000.0,Free,0.0,Everyone,Medical,"August 6, 2018",3.52.1,5.0 and up,0.0,August,0
ClearCareGo Caregiver,MEDICAL,4.2,1746.0,16.0,50000.0,Free,0.0,Everyone,Medical,"July 25, 2018",2.1.3,4.1 and up,0.0,July,0
All Mental disorders,MEDICAL,4.5,453.0,11.0,100000.0,Free,0.0,Everyone,Medical,"July 7, 2017",1.1,4.0.3 and up,0.0,July,0
DreamMapper,MEDICAL,4.2,10710.0,8.5,100000.0,Free,0.0,Everyone,Medical,"July 3, 2018",2.15,5.0 and up,0.0,July,0
ScriptSave WellRx Rx Discounts,MEDICAL,3.8,700.0,37.0,100000.0,Free,0.0,Everyone,Medical,"June 21, 2018",3.3.0,4.4 and up,0.0,June,0
Drugs.com Medication Guide,MEDICAL,4.4,15875.0,13.0,1000000.0,Free,0.0,Everyone,Medical,"May 22, 2018",Varies with device,4.4 and up,0.0,May,0
MoodSpace,MEDICAL,4.5,503.0,22.0,50000.0,Free,0.0,Everyone,Medical,"June 10, 2018",3.2.4,5.0 and up,0.0,June,0
Pill Identifier and Drug list,MEDICAL,4.0,488.0,17.0,100000.0,Free,0.0,Everyone,Medical,"August 1, 2018",3.8,4.1 and up,0.0,August,0
HealtheLife,MEDICAL,3.6,190.0,7.7,100000.0,Free,0.0,Everyone,Medical,"January 2, 2018",2.4.0,4.4 and up,0.0,January,0
SonicCloud: Hearing App,MEDICAL,4.4,15.0,39.0,1000.0,Free,0.0,Everyone,Medical,"July 19, 2018",1.16.0,4.1 and up,0.0,July,0
Migraine Buddy - The Migraine and Headache tracker,MEDICAL,4.7,26862.0,30.0,500000.0,Free,0.0,Everyone,Medical,"June 25, 2018",25.3.1,4.0.3 and up,0.0,June,0
Period Tracker,MEDICAL,4.9,100082.0,3.7,1000000.0,Free,0.0,Everyone,Medical,"July 9, 2018",1.2.2,4.1 and up,0.0,July,0
LabCorp | Patient,MEDICAL,3.6,27.0,28.0,10000.0,Free,0.0,Everyone,Medical,"April 19, 2018",1.0.0,4.1 and up,0.0,April,0
Anatomy Learning - 3D Atlas,MEDICAL,4.5,72167.0,16.0,1000000.0,Free,0.0,Everyone,Medical,"July 18, 2018",2.0,4.1 and up,0.0,July,0
Super Hearing Super Ear Amplifier,MEDICAL,4.1,21.0,20.0,1000.0,Free,0.0,Everyone,Medical,"June 11, 2018",1.1,4.1 and up,0.0,June,0
Moodpath - Depression & Anxiety Test,MEDICAL,4.6,6035.0,8.9,100000.0,Free,0.0,Everyone,Medical,"July 5, 2018",1.2.0,4.4 and up,0.0,July,0
Baritastic - Bariatric Tracker,MEDICAL,4.7,4318.0,12.0,100000.0,Free,0.0,Everyone,Medical,"July 26, 2018",1.3.185,4.1 and up,0.0,July,0
Mayo Clinic,MEDICAL,4.3,2218.0,13.0,500000.0,Free,0.0,Everyone,Medical,"August 1, 2018",Varies with device,Varies with device,0.0,August,0
98point6,MEDICAL,4.6,47.0,21.0,10000.0,Free,0.0,Everyone,Medical,"August 2, 2018",1.7.1 (946),5.0 and up,0.0,August,0
Epocrates Plus,MEDICAL,4.3,23889.0,13.0,1000000.0,Free,0.0,Everyone,Medical,"July 10, 2018",Varies with device,4.0 and up,0.0,July,0
Free Blood Pressure,MEDICAL,4.3,7.0,5.7,5000.0,Free,0.0,Everyone,Medical,"October 13, 2016",3.0.0,4.0.3 and up,0.0,October,0
Super Ear,MEDICAL,4.0,3498.0,6.6,100000.0,Free,0.0,Everyone,Medical,"May 1, 2018",1.7.2,4.0 and up,0.0,May,0
VitusVet: Pet Health Care App,MEDICAL,4.8,3052.0,12.0,100000.0,Free,0.0,Everyone,Medical,"July 31, 2018",3.8.0,4.1 and up,0.0,July,0
Banfield Pet Health Tracker,MEDICAL,4.2,1747.0,5.9,100000.0,Free,0.0,Everyone,Medical,"October 17, 2016",1.2.2,4.0 and up,0.0,October,0
Nurse Grid,MEDICAL,4.5,1686.0,15.0,100000.0,Free,0.0,Everyone,Medical,"July 30, 2018",2.9,4.4 and up,0.0,July,0
Castlight Mobile,MEDICAL,3.7,529.0,26.0,100000.0,Free,0.0,Everyone,Medical,"July 30, 2018",4.4.7,5.0 and up,0.0,July,0
Sanford Guide:Antimicrobial Rx,MEDICAL,4.5,1388.0,3.3,100000.0,Free,0.0,Everyone,Medical,"July 3, 2018",2.1.11,4.1 and up,0.0,July,0
Davis's Drug Guide for Nurses,MEDICAL,4.5,572.0,44.0,50000.0,Free,0.0,Everyone,Medical,"July 13, 2018",4.3.2.315,4.4 and up,0.0,July,0
live Point,MEDICAL,3.6,54.0,17.0,5000.0,Free,0.0,Mature 17+,Medical,"July 3, 2018",2.6.5,4.1 and up,0.0,July,0
Tarascon Pharmacopoeia,MEDICAL,4.4,275.0,5.8,10000.0,Free,0.0,Everyone 10+,Medical,"March 16, 2018",3.16.4.1669,4.4 and up,0.0,March,0
Official NBSTSA CST Exam Prep,MEDICAL,4.4,2159.0,11.0,10000.0,Free,0.0,Everyone,Medical,"May 17, 2018",4.5.1,4.4 and up,0.0,May,0
EMT-B Pocket Prep,MEDICAL,4.5,2951.0,16.0,50000.0,Free,0.0,Everyone,Medical,"July 11, 2018",4.5.2,4.4 and up,0.0,July,0
5-Minute Clinical Consult,MEDICAL,4.1,84.0,6.1,10000.0,Free,0.0,Everyone,Medical,"December 11, 2017",2.7.36,4.1 and up,0.0,December,0
Diabetes:M,MEDICAL,4.6,15545.0,13.0,100000.0,Free,0.0,Everyone,Medical,"August 1, 2018",6.1.3,Varies with device,0.0,August,0
"Pzizz - Sleep, Nap, Focus",MEDICAL,4.3,5521.0,22.0,100000.0,Free,0.0,Everyone,Medical,"July 1, 2018",4.9.6,4.1 and up,0.0,July,0
HESI A2 Pocket Prep,MEDICAL,4.3,2108.0,28.0,50000.0,Free,0.0,Everyone,Medical,"May 2, 2018",4.5.1,4.4 and up,0.0,May,0
Johns Hopkins Guides ABX...,MEDICAL,4.7,73.0,6.3,10000.0,Free,0.0,Everyone,Medical,"December 8, 2017",2.7.36,4.1 and up,0.0,December,0
5 Minute Clinical Consult 2019 - #1 for 25 years,MEDICAL,4.2,33.0,8.0,10000.0,Free,0.0,Everyone,Medical,"May 2, 2018",2.6.2,4.2 and up,0.0,May,0
Open Sesame - Touch Free Control,MEDICAL,4.4,197.0,20.0,10000.0,Free,0.0,Everyone,Medical,"August 2, 2018",3.5.7,7.0 and up,0.0,August,0
Davis's Drug Guide,MEDICAL,3.9,272.0,6.4,50000.0,Free,0.0,Everyone,Medical,"December 11, 2017",2.7.36,4.1 and up,0.0,December,0
Deep Sleep and Relax Hypnosis,MEDICAL,4.2,4852.0,34.0,100000.0,Free,0.0,Everyone,Medical,"October 22, 2013",1.3,2.2 and up,0.0,October,0
Complete Anatomy for Android,MEDICAL,4.1,90.0,21.0,1000.0,Free,0.0,Everyone,Medical,"July 11, 2018",1.0.0,7.0 and up,0.0,July,0
GlassesOff,MEDICAL,3.5,1288.0,38.0,100000.0,Free,0.0,Everyone,Medical,"July 10, 2018",1.0.0.10,3.0 and up,0.0,July,0
Free Hypnosis,MEDICAL,4.2,4303.0,13.0,100000.0,Free,0.0,Everyone,Medical,"September 6, 2016",Varies with device,Varies with device,0.0,September,0
Registered Dietitian Pocket Prep,MEDICAL,4.3,283.0,12.0,5000.0,Free,0.0,Everyone,Medical,"July 12, 2018",4.5.3,4.4 and up,0.0,July,0
Paramedic Pocket Prep,MEDICAL,4.3,460.0,13.0,10000.0,Free,0.0,Everyone,Medical,"July 12, 2018",4.5.2,4.4 and up,0.0,July,0
Wide address pocket prep,MEDICAL,4.5,513.0,12.0,5000.0,Free,0.0,Everyone,Medical,"July 11, 2018",4.5.2,4.4 and up,0.0,July,0
Nursing Central,MEDICAL,4.3,168.0,5.8,10000.0,Free,0.0,Everyone,Medical,"January 29, 2018",2.7.38,4.1 and up,0.0,January,0
PMHNP-BC Pocket Prep,MEDICAL,4.4,112.0,13.0,1000.0,Free,0.0,Everyone,Medical,"July 12, 2018",4.5.2,4.4 and up,0.0,July,0
Saunders Comprehensive Review NCLEX-PN Examination,MEDICAL,3.7,3.0,7.7,5000.0,Free,0.0,Everyone,Medical,"July 16, 2018",2.7.6,5.0 and up,0.0,July,0
Lippincott Nursing Advisor,MEDICAL,3.8,343.0,26.0,50000.0,Free,0.0,Everyone,Medical,"May 1, 2018",3.3.1,4.1 and up,0.0,May,0
Official NBSTSA CSFA Exam Prep,MEDICAL,4.4,137.0,11.0,1000.0,Free,0.0,Everyone,Medical,"May 17, 2018",4.5.1,4.4 and up,0.0,May,0
Dosecast - Medication Reminder,MEDICAL,4.3,4107.0,13.0,100000.0,Free,0.0,Everyone,Medical,"April 17, 2018",Varies with device,Varies with device,0.0,April,0
JH Blood Pressure Monitor,MEDICAL,3.7,9.0,2.9,500.0,Free,0.0,Everyone,Medical,"July 21, 2018",1.1,4.0.3 and up,0.0,July,0
Sway Medical,MEDICAL,5.0,3.0,22.0,100.0,Free,0.0,Everyone,Medical,"July 25, 2018",3.0.0,5.0 and up,0.0,July,0
Nucleus Smart,MEDICAL,3.7,20.0,19.0,1000.0,Free,0.0,Everyone,Medical,"June 27, 2018",1.830.0.564-(e405bb2),5.0 and up,0.0,June,0
Penn State Health OnDemand,MEDICAL,4.3,0.0,40.0,50.0,Free,0.0,Everyone,Medical,"July 24, 2018",10.4.1.018_06,4.0.3 and up,0.0,July,0
Breastfeeding Tracker Baby Log,MEDICAL,4.3,6.0,23.0,100.0,Free,0.0,Everyone,Medical,"July 20, 2018",1.3.5,5.0 and up,0.0,July,0
Lego Ninjago Wallpaper,MEDICAL,4.3,2.0,15.0,100.0,Free,0.0,Everyone,Medical,"August 2, 2018",1.2,3.0 and up,0.0,August,0
RT 516 VET,MEDICAL,4.3,0.0,29.0,10.0,Free,0.0,Everyone,Medical,"July 13, 2018",300000.1.11,4.0.3 and up,0.0,July,0
EXOGEN Connects (US),MEDICAL,4.3,0.0,16.0,10.0,Free,0.0,Everyone,Medical,"August 1, 2018",1.0.1,4.1 and up,0.0,August,0
Maricopa AH,MEDICAL,4.3,0.0,29.0,100.0,Free,0.0,Everyone,Medical,"July 16, 2018",300000.1.11,4.0.3 and up,0.0,July,0
Dare EMS Protocols,MEDICAL,4.3,0.0,20.0,10.0,Free,0.0,Everyone 10+,Medical,"July 26, 2018",1.8.3,4.1 and up,0.0,July,0
Pediatric Emergency Guide,MEDICAL,4.3,0.0,3.8,100.0,Free,0.0,Everyone,Medical,"July 9, 2018",3.1.1,4.4 and up,0.0,July,0
Weill Cornell Medicine,MEDICAL,4.3,0.0,19.0,50.0,Free,0.0,Everyone,Medical,"July 16, 2018",1.0.10,5.0 and up,0.0,July,0
Doctors Care,MEDICAL,4.3,0.0,25.0,10.0,Free,0.0,Everyone,Medical,"July 24, 2018",2.0.0 (35717),4.4 and up,0.0,July,0
PCOS Guide - Fight PCOS naturally,MEDICAL,4.3,0.0,5.1,100.0,Free,0.0,Everyone,Medical,"August 4, 2018",1.0,5.0 and up,0.0,August,0
EVA - Menstrual calendar and fertility,MEDICAL,4.3,25.0,16.0,1000.0,Free,0.0,Everyone,Medical,"August 2, 2018",1.1,4.1 and up,0.0,August,0
Hello Face,MEDICAL,4.3,0.0,1.5,10.0,Free,0.0,Everyone,Medical,"July 31, 2018",1.0,4.4 and up,0.0,July,0
Cochrane Library,MEDICAL,3.7,3.0,10.0,100.0,Free,0.0,Everyone,Medical,"July 17, 2018",1.5.0,4.1 and up,0.0,July,0
Labs on Demand,MEDICAL,5.0,1.0,22.0,10.0,Free,0.0,Everyone,Medical,"August 3, 2018",1.2,4.2 and up,0.0,August,0
Diabetes Testing,MEDICAL,4.3,1.0,3.6,500.0,Free,0.0,Mature 17+,Medical,"July 26, 2018",1.0,4.0.3 and up,0.0,July,0
GGDE: Prevent & Beat Depression Symptoms,MEDICAL,4.3,2.0,20.0,50.0,Free,0.0,Everyone,Medical,"July 24, 2018",2.01.12,4.0 and up,0.0,July,0
Dermatology Atlas (Colored & Illustrative),MEDICAL,5.0,3.0,20.0,100.0,Free,0.0,Everyone,Medical,"July 19, 2018",1.0,4.1 and up,0.0,July,0
Jaylex,MEDICAL,4.3,0.0,13.0,10.0,Free,0.0,Everyone,Medical,"July 30, 2018",1.2.3-DEBUG,4.2 and up,0.0,July,0
Tablet Reminder,MEDICAL,5.0,4.0,2.5,5.0,Free,0.0,Everyone,Medical,"August 3, 2018",1.0,4.1 and up,0.0,August,0
Clinical Pharmacology,MEDICAL,4.3,0.0,3.6,10.0,Free,0.0,Everyone,Medical,"August 1, 2018",1.0,4.1 and up,0.0,August,0
Galaxies of Hope,MEDICAL,5.0,2.0,24.0,50.0,Free,0.0,Everyone,Medical,"July 27, 2018",1.0,4.1 and up,0.0,July,0
Smartshading AI,MEDICAL,4.3,0.0,10.0,10.0,Free,0.0,Everyone,Medical,"June 21, 2018",1.0,4.1 and up,0.0,June,0
KBA-EZ Health Guide,MEDICAL,5.0,4.0,25.0,1.0,Free,0.0,Everyone,Medical,"August 2, 2018",1.0.72,4.0.3 and up,0.0,August,0
FoothillsVet,MEDICAL,5.0,2.0,29.0,50.0,Free,0.0,Everyone,Medical,"July 11, 2018",300000.1.11,4.0.3 and up,0.0,July,0
Eversense,MEDICAL,4.3,3.0,17.0,100.0,Free,0.0,Everyone,Medical,"July 18, 2018",2.0.101,4.4 and up,0.0,July,0
PrimeDelivery,MEDICAL,5.0,3.0,53.0,10.0,Free,0.0,Everyone,Medical,"July 13, 2018",0.1,4.1 and up,0.0,July,0
Anatomy & Physiology Vocabulary Exam Review App,MEDICAL,5.0,1.0,4.6,5.0,Free,0.0,Everyone,Medical,"August 2, 2018",2.0,4.0 and up,0.0,August,0
Drug Calculator,MEDICAL,4.3,0.0,4.6,10.0,Free,0.0,Everyone,Medical,"July 27, 2018",1.0,4.4 and up,0.0,July,0
HACH Cares,MEDICAL,4.3,0.0,28.0,10.0,Free,0.0,Everyone,Medical,"July 25, 2018",300000.1.11,4.0.3 and up,0.0,July,0
WAH 247,MEDICAL,4.3,0.0,29.0,1.0,Free,0.0,Everyone,Medical,"July 20, 2018",300000.1.11,4.0.3 and up,0.0,July,0
CT Scan Cross Sectional Anatomy,MEDICAL,4.3,10.0,46.0,100.0,Free,0.0,Everyone,Medical,"July 19, 2018",5.0.16,4.1 and up,0.0,July,0
VetCode,MEDICAL,4.9,28.0,5.7,5000.0,Free,0.0,Everyone,Medical,"July 7, 2018",1.0,4.4 and up,0.0,July,0
ear super hearing,MEDICAL,4.3,0.0,1.4,5.0,Free,0.0,Everyone,Medical,"July 31, 2018",1.0 Super Ear Hearing,4.0 and up,0.0,July,0
Traditional Chinese Medicine Fangfang Liangfang Daquan - Practical and ancient Chinese medicine and old prescriptions for the treatment of various incurable diseases,MEDICAL,4.3,1.0,12.0,10.0,Free,0.0,Everyone,Medical,"July 21, 2018",1.0.0,4.0 and up,0.0,July,0
COPD GOLD 2017,MEDICAL,4.3,5.0,2.2,10.0,Free,0.0,Everyone,Medical,"July 13, 2018",1.0,4.0 and up,0.0,July,0
Summit Medical Video Visits,MEDICAL,4.3,0.0,27.0,10.0,Free,0.0,Everyone,Medical,"July 12, 2018",1.1.1,4.1 and up,0.0,July,0
ExtendedCare Virtual Care Room,MEDICAL,4.3,0.0,18.0,5.0,Free,0.0,Everyone,Medical,"July 30, 2018",1.0,5.1 and up,0.0,July,0
Lord Fairfax EMS Council,MEDICAL,4.3,0.0,30.0,50.0,Free,0.0,Everyone,Medical,"July 17, 2018",1,4.0.3 and up,0.0,July,0
MyWoundDoctor - Provider,MEDICAL,4.3,0.0,3.5,1.0,Free,0.0,Everyone,Medical,"July 27, 2018",1.2.1,5.0 and up,0.0,July,0
NCLEX Multi-topic Nursing Exam Review-Quiz & notes,MEDICAL,5.0,1.0,4.2,10.0,Free,0.0,Everyone,Medical,"July 24, 2018",1.0,4.0.3 and up,0.0,July,0
Warfarin Dose Calculator,MEDICAL,4.3,0.0,6.9,50.0,Free,0.0,Everyone,Medical,"July 15, 2018",3.0.0,4.1 and up,0.0,July,0
Renesas PMA,MEDICAL,4.3,0.0,6.6,5.0,Free,0.0,Everyone,Medical,"July 18, 2018",1.2.9,4.4 and up,0.0,July,0
Pediatric Nursing,MEDICAL,4.9,14.0,7.0,100.0,Free,0.0,Everyone,Medical,"July 13, 2018",PN.1.0,4.0.3 and up,0.0,July,0
Interpret Chest X-Ray With 100 Cases,MEDICAL,4.6,5.0,11.0,100.0,Free,0.0,Everyone,Medical,"August 3, 2018",1.0,4.1 and up,0.0,August,0
Basics of Orthopaedics,MEDICAL,5.0,1.0,5.6,10.0,Free,0.0,Everyone,Medical,"July 27, 2018",1.0,4.1 and up,0.0,July,0
4 Paws PH,MEDICAL,4.3,1.0,29.0,5.0,Free,0.0,Everyone,Medical,"July 25, 2018",300000.1.11,4.0.3 and up,0.0,July,0
high cholesterol levels,MEDICAL,4.3,0.0,3.3,100.0,Free,0.0,Everyone,Medical,"July 23, 2018",1.0,4.1 and up,0.0,July,0
Thyroid Nodules,MEDICAL,4.3,0.0,20.0,10.0,Free,0.0,Everyone,Medical,"July 14, 2018",1.0,4.3 and up,0.0,July,0
Training course: Learn Nursing,MEDICAL,4.3,0.0,7.0,100.0,Free,0.0,Everyone,Medical,"July 8, 2018",1.0.0,4.1 and up,0.0,July,0
Familyfirst Messenger,MEDICAL,4.0,1.0,3.3,10.0,Free,0.0,Everyone,Medical,"July 12, 2018",0.1.2,4.4 and up,0.0,July,0
14thStreetVet,MEDICAL,4.3,0.0,29.0,5.0,Free,0.0,Everyone,Medical,"July 16, 2018",300000.1.11,4.0.3 and up,0.0,July,0
Clinic Doctor EHr,MEDICAL,5.0,2.0,7.1,5.0,Free,0.0,Everyone,Medical,"August 3, 2018",1.0.51.0.3,8.0 and up,0.0,August,0
OMD Protocols,MEDICAL,4.3,0.0,13.0,10.0,Free,0.0,Everyone,Medical,"July 27, 2018",1.0,Varies with device,0.0,July,0
Ovia Fertility Tracker & Ovulation Calculator,MEDICAL,4.8,53747.0,13.0,1000000.0,Free,0.0,Everyone,Medical,"July 27, 2018",Varies with device,4.3 and up,0.0,July,0
My Cancer Coach,MEDICAL,4.3,44.0,34.0,10000.0,Free,0.0,Everyone,Medical,"April 12, 2018",3.4.0.10,4.0.3 and up,0.0,April,0
IHSS Help,MEDICAL,4.7,10.0,4.3,1000.0,Free,0.0,Everyone,Medical,"June 5, 2018",1.0,5.0 and up,0.0,June,0
BURST Professionals,MEDICAL,4.5,11.0,25.0,1000.0,Free,0.0,Everyone,Medical,"January 17, 2018",1.0.7,4.2 and up,0.0,January,0
LactMed,MEDICAL,4.3,573.0,2.0,100000.0,Free,0.0,Everyone,Medical,"June 1, 2017",3.1,3.0 and up,0.0,June,0
Blue CareOnDemand,MEDICAL,4.4,163.0,40.0,10000.0,Free,0.0,Everyone,Medical,"June 29, 2018",10.4.1.015_05,4.0.3 and up,0.0,June,0
HHS,MEDICAL,4.3,0.0,4.3,500.0,Free,0.0,Everyone,Medical,"May 30, 2017",Initial,4.0 and up,0.0,May,0
Every disease has a drug without internet,MEDICAL,4.3,44.0,4.0,10000.0,Free,0.0,Everyone,Medical,"April 24, 2018",1.0,4.1 and up,0.0,April,0
PulsePoint AED,MEDICAL,4.5,330.0,17.0,50000.0,Free,0.0,Everyone,Medical,"July 31, 2018",1.12,4.0.3 and up,0.0,July,0
Deaf Interpreter,MEDICAL,3.8,24.0,4.4,1000.0,Free,0.0,Everyone,Medical,"September 26, 2017",5.51,3.0 and up,0.0,September,0
High Blood Pressure Symptoms,MEDICAL,4.0,531.0,2.3,100000.0,Free,0.0,Everyone,Medical,"January 18, 2015",1.0,3.0 and up,0.0,January,0
MedStar eVisit,MEDICAL,4.5,20.0,40.0,5000.0,Free,0.0,Everyone,Medical,"April 10, 2018",10.4.1.000_00,4.0.3 and up,0.0,April,0
Blood Pressure(BP) Diary,MEDICAL,3.7,3596.0,8.4,1000000.0,Free,0.0,Everyone,Medical,"July 18, 2018",4.0.9,4.0.3 and up,0.0,July,0
REDCap Mobile App,MEDICAL,4.3,56.0,11.0,10000.0,Free,0.0,Everyone,Medical,"July 31, 2018",3.0.8,4.3 and up,0.0,July,0
Blood Pressure,MEDICAL,4.3,10.0,2.4,1000.0,Free,0.0,Everyone,Medical,"March 14, 2015",1.0,2.3 and up,0.0,March,0
VITAS Hospice Referral App for Healthcare Pros,MEDICAL,4.4,27.0,15.0,5000.0,Free,0.0,Everyone,Medical,"July 20, 2018",2.5.0 b665,5.0 and up,0.0,July,0
AAFP,MEDICAL,3.8,63.0,24.0,10000.0,Free,0.0,Everyone,Medical,"June 22, 2018",2.3.1,5.0 and up,0.0,June,0
myvi by,MEDICAL,3.8,122.0,13.0,10000.0,Free,0.0,Everyone,Medical,"August 3, 2018",Varies with device,Varies with device,0.0,August,0
420 BZ Budeze Delivery,MEDICAL,5.0,2.0,11.0,100.0,Free,0.0,Mature 17+,Medical,"June 6, 2018",1.0.1,4.1 and up,0.0,June,0
Fever Meter,MEDICAL,3.6,26.0,0.9521484375,5000.0,Free,0.0,Everyone,Medical,"May 10, 2015",1.1,2.2 and up,0.0,May,0
Super Ear Super Hearing,MEDICAL,4.0,122.0,0.95703125,10000.0,Free,0.0,Everyone,Medical,"July 13, 2018",1.4,4.0 and up,0.0,July,0
Blood Pressure Monitor,MEDICAL,4.3,17.0,6.0,10000.0,Free,0.0,Everyone,Medical,"February 25, 2017",1.0.1,4.4 and up,0.0,February,0
BELONG Beating Cancer Together,MEDICAL,4.7,623.0,20.0,50000.0,Free,0.0,Teen,Medical,"July 29, 2018",4.0.5,4.3 and up,0.0,July,0
BP Journal - Blood Pressure Diary,MEDICAL,5.0,6.0,26.0,1000.0,Free,0.0,Everyone,Medical,"May 25, 2018",1.0.32,4.4 and up,0.0,May,0
TelaDoc,MEDICAL,4.7,6.0,13.0,1000.0,Free,0.0,Everyone,Medical,"March 31, 2018",1.3.0,5.0 and up,0.0,March,0
Blood Pressure - Stay Healthy,MEDICAL,4.6,7.0,2.7,1000.0,Free,0.0,Everyone,Medical,"April 16, 2018",43.0,4.0.3 and up,0.0,April,0
Club,MEDICAL,4.4,3786.0,28.0,50000.0,Free,0.0,Everyone,Medical,"July 16, 2018",4.4.3,4.0.3 and up,0.0,July,0
Zen Leaf,MEDICAL,5.0,1.0,6.1,100.0,Free,0.0,Mature 17+,Medical,"March 8, 2018",2.3.5,4.1 and up,0.0,March,0
Homeopathic Medicine Finder,MEDICAL,3.6,10.0,15.0,1000.0,Free,0.0,Everyone,Medical,"November 20, 2017",0.0.1,4.0 and up,0.0,November,0
Nemours CareConnect,MEDICAL,4.4,65.0,37.0,10000.0,Free,0.0,Everyone,Medical,"April 5, 2018",10.4.1.000_00,4.0.3 and up,0.0,April,0
tökr,MEDICAL,4.6,17.0,14.0,1000.0,Free,0.0,Everyone,Medical,"July 11, 2018",1.9.0.0,4.1 and up,0.0,July,0
Low Blood Pressure Symptoms,MEDICAL,4.2,28.0,2.3,10000.0,Free,0.0,Everyone,Medical,"January 20, 2015",1.0,3.0 and up,0.0,January,0
PatientPORTAL by InteliChart,MEDICAL,4.3,1.0,32.0,500.0,Free,0.0,Everyone,Medical,"May 24, 2018",1.0.1,5.0 and up,0.0,May,0
Hypertension High blood pressure,MEDICAL,3.8,292.0,2.7,100000.0,Free,0.0,Everyone,Medical,"April 16, 2018",43.0,4.0.3 and up,0.0,April,0
Fever Care,MEDICAL,3.5,19.0,2.2,5000.0,Free,0.0,Everyone,Medical,"May 12, 2018",1.4.15-free,4.0.3 and up,0.0,May,0
All Social Networks,SOCIAL,4.2,22492.0,1.5,1000000.0,Free,0.0,Everyone,Social,"May 21, 2018",2.4.12,4.0 and up,0.0,May,0
Social network all in one 2018,SOCIAL,4.3,1403.0,3.7,100000.0,Free,0.0,Everyone,Social,"January 30, 2018",1.0,4.0 and up,0.0,January,0
The Messenger App,SOCIAL,4.4,4919.0,2.8,1000000.0,Free,0.0,Everyone,Social,"August 3, 2018",0.1.1,4.1 and up,0.0,August,0
Messenger Pro,SOCIAL,4.4,13762.0,3.9,1000000.0,Free,0.0,Everyone,Social,"May 9, 2018",1.0.2,4.1 and up,0.0,May,0
"Free Messages, Video, Chat,Text for Messenger Plus",SOCIAL,4.3,6086.0,3.1,1000000.0,Free,0.0,Teen,Social,"June 14, 2018",1.0.9,4.3 and up,0.0,June,0
The Video Messenger App,SOCIAL,4.4,1200.0,2.8,100000.0,Free,0.0,Everyone,Social,"August 2, 2018",0.1.1,4.1 and up,0.0,August,0
Jodel - The Hyperlocal App,SOCIAL,4.5,76480.0,20.0,1000000.0,Free,0.0,Mature 17+,Social,"August 6, 2018",4.95.4,5.0 and up,0.0,August,0
Love Sticker,SOCIAL,4.6,33177.0,10.0,1000000.0,Free,0.0,Everyone,Social,"June 12, 2018",2.1.6,4.0 and up,0.0,June,0
Love Images,SOCIAL,4.3,16404.0,2.3,1000000.0,Free,0.0,Everyone,Social,"June 24, 2018",1.6,2.3 and up,0.0,June,0
Web Browser ( Fast & Secure Web Explorer),SOCIAL,4.4,2508.0,6.0,500000.0,Free,0.0,Everyone,Social,"November 20, 2017",2.0.1,4.0.3 and up,0.0,November,0
Golden telegram,SOCIAL,4.3,374.0,20.0,50000.0,Free,0.0,Everyone,Social,"July 30, 2018",T4.6.5-tl2.0.1,4.1 and up,0.0,July,0
Facebook Local,SOCIAL,4.2,4751.0,13.0,1000000.0,Free,0.0,Teen,Social,"June 30, 2018",13.0,4.1 and up,0.0,June,0
MobilePatrol Public Safety App,SOCIAL,4.0,22695.0,13.0,1000000.0,Free,0.0,Everyone 10+,Social,"June 21, 2018",Varies with device,Varies with device,0.0,June,0
"💘 WhatsLov: Smileys of love, stickers and GIF",SOCIAL,4.6,22098.0,18.0,1000000.0,Free,0.0,Everyone,Social,"July 24, 2018",4.2.4,4.0.3 and up,0.0,July,0
Family GPS tracker KidControl + GPS by SMS Locator,SOCIAL,4.5,57146.0,13.0,1000000.0,Free,0.0,Everyone,Social,"July 27, 2018",Varies with device,4.0.3 and up,0.0,July,0
Moment,SOCIAL,4.5,19583.0,37.0,1000000.0,Free,0.0,Teen,Social,"August 1, 2018",5.2.1,4.4 and up,0.0,August,0
Bloglovin',SOCIAL,3.9,8936.0,13.0,500000.0,Free,0.0,Everyone,Social,"May 18, 2017",Varies with device,Varies with device,0.0,May,0
Blogaway for Android (Blogger),SOCIAL,3.7,4253.0,4.1,100000.0,Free,0.0,Teen,Social,"May 31, 2018",7.0.7,4.0.3 and up,0.0,May,0
TwitCasting Live,SOCIAL,3.6,14835.0,13.0,1000000.0,Free,0.0,Teen,Social,"August 2, 2018",Varies with device,Varies with device,0.0,August,0
Stream - Live Video Community,SOCIAL,4.1,6388.0,13.0,500000.0,Free,0.0,Teen,Social,"December 5, 2017",Varies with device,Varies with device,0.0,December,0
Banjo,SOCIAL,4.2,58341.0,9.3,1000000.0,Free,0.0,Everyone,Social,"July 25, 2015",4.6.2.0,2.3 and up,0.0,July,0
Frontback - Social Photos,SOCIAL,3.8,19446.0,13.0,1000000.0,Free,0.0,Mature 17+,Social,"December 1, 2017",3.4.5,4.0.3 and up,0.0,December,0
Couple - Relationship App,SOCIAL,4.0,33249.0,8.4,1000000.0,Free,0.0,Everyone,Social,"March 5, 2015",1.8.0,2.3 and up,0.0,March,0
Patook - make platonic friends,SOCIAL,4.0,3677.0,50.0,100000.0,Free,0.0,Mature 17+,Social,"June 21, 2018",10.6.3,5.0 and up,0.0,June,0
uCiC- Videos and Photos on demand,SOCIAL,4.0,2052.0,7.0,100000.0,Free,0.0,Teen,Social,"September 27, 2017",2.16,4.4 and up,0.0,September,0
The wall,SHOPPING,4.4,35563.0,4.2,1000000.0,Free,0.0,Everyone,Shopping,"July 23, 2018",10.2.1,4.1 and up,0.0,July,0
"Horn, free country requirements",SHOPPING,4.5,37186.0,7.9,1000000.0,Free,0.0,Everyone,Shopping,"June 30, 2018",3.4.5,4.0 and up,0.0,June,0
Jiji.ng,SHOPPING,4.4,25714.0,12.0,1000000.0,Free,0.0,Everyone,Shopping,"July 24, 2018",3.8.2.2,4.0.3 and up,0.0,July,0
EHS Dongsen Shopping,SHOPPING,3.6,3656.0,9.0,1000000.0,Free,0.0,Teen,Shopping,"August 3, 2018",4.16.2,4.1 and up,0.0,August,0
Life market,SHOPPING,4.5,30834.0,13.0,1000000.0,Free,0.0,Everyone,Shopping,"July 17, 2018",3.2.6,4.0.3 and up,0.0,July,0
Family Dollar,SHOPPING,4.3,2588.0,21.0,1000000.0,Free,0.0,Everyone,Shopping,"July 23, 2018",2.4.0,4.1 and up,0.0,July,0
Chilindo,SHOPPING,3.8,18364.0,29.0,1000000.0,Free,0.0,Everyone,Shopping,"August 4, 2018",29.14,4.2 and up,0.0,August,0
CheckPoints 🏆 Rewards App,SHOPPING,4.1,23187.0,25.0,1000000.0,Free,0.0,Everyone,Shopping,"June 21, 2018",4.89,4.3 and up,0.0,June,0
Extreme Coupon Finder,SHOPPING,4.1,11798.0,13.0,1000000.0,Free,0.0,Everyone,Shopping,"May 10, 2018",Varies with device,Varies with device,0.0,May,0
SnipSnap Coupon App,SHOPPING,4.2,9975.0,18.0,1000000.0,Free,0.0,Everyone,Shopping,"January 22, 2018",1.4,4.3 and up,0.0,January,0
Coupon Sherpa,SHOPPING,4.4,7793.0,6.1,500000.0,Free,0.0,Everyone,Shopping,"February 6, 2018",3.0.3,4.0.3 and up,0.0,February,0
Gyft - Mobile Gift Card Wallet,SHOPPING,4.1,9701.0,14.0,500000.0,Free,0.0,Everyone,Shopping,"July 25, 2018",2.4.0,4.4 and up,0.0,July,0
SavingStar - Grocery Coupons,SHOPPING,4.2,31519.0,21.0,1000000.0,Free,0.0,Everyone,Shopping,"June 12, 2018",4.9.1,4.0 and up,0.0,June,0
Key Ring: Cards Coupon & Sales,SHOPPING,4.1,42871.0,23.0,1000000.0,Free,0.0,Everyone,Shopping,"July 27, 2018",8.9.1,4.1 and up,0.0,July,0
Nike,SHOPPING,4.7,67071.0,40.0,1000000.0,Free,0.0,Everyone,Shopping,"August 1, 2018",2.24.0,4.4 and up,0.0,August,0
Blidz - Hunt Free Deals On Trending Items!,SHOPPING,4.4,1659.0,33.0,50000.0,Free,0.0,Everyone,Shopping,"June 29, 2018",2.4.0,4.4 and up,0.0,June,0
"Shopular: Coupons, Weekly Ads & Shopping Deals",SHOPPING,4.7,57920.0,13.0,1000000.0,Free,0.0,Everyone,Shopping,"May 31, 2018",Varies with device,Varies with device,0.0,May,0
Coupons.com – Grocery Coupons & Cash Back Savings,SHOPPING,4.2,24953.0,13.0,1000000.0,Free,0.0,Everyone,Shopping,"June 21, 2018",Varies with device,Varies with device,0.0,June,0
"Ebates: Cash Back, Coupons, Rewards & Savings",SHOPPING,4.5,37253.0,31.0,1000000.0,Free,0.0,Everyone,Shopping,"August 3, 2018",4.31.2,4.4 and up,0.0,August,0
FidMe Loyalty Cards & Deals at Grocery Supermarket,SHOPPING,4.2,33758.0,13.0,1000000.0,Free,0.0,Everyone,Shopping,"August 6, 2018",Varies with device,Varies with device,0.0,August,0
Ratings by Consumer Reports,SHOPPING,4.3,3420.0,13.0,100000.0,Free,0.0,Everyone,Shopping,"February 27, 2018",2.3.2,4.1 and up,0.0,February,0
HauteLook,SHOPPING,4.1,7193.0,7.3,500000.0,Free,0.0,Everyone,Shopping,"July 13, 2018",5.0.2,4.4 and up,0.0,July,0
Nordstrom,SHOPPING,4.6,2278.0,12.0,500000.0,Free,0.0,Everyone,Shopping,"July 15, 2018",3.28.1.3.1359,4.4 and up,0.0,July,0
Modcloth – Unique Indie Women's Fashion & Style,SHOPPING,4.2,5121.0,8.8,500000.0,Free,0.0,Everyone,Shopping,"July 13, 2018",9.0.30,4.1 and up,0.0,July,0
"Twice: Buy, Sell Clothing",SHOPPING,4.2,1558.0,21.0,100000.0,Free,0.0,Everyone,Shopping,"July 29, 2015",1.2.12,2.3 and up,0.0,July,0
Slice: Package Tracker,SHOPPING,4.2,16966.0,34.0,1000000.0,Free,0.0,Everyone,Shopping,"July 12, 2018",6.10.0,4.0.3 and up,0.0,July,0
JackThreads: Men's Shopping,SHOPPING,4.0,13085.0,2.7,1000000.0,Free,0.0,Teen,Shopping,"November 8, 2017",5.1,4.0.3 and up,0.0,November,0
zulily - Shop Daily Deals in Fashion and Home,SHOPPING,4.5,28560.0,13.0,1000000.0,Free,0.0,Everyone,Shopping,"July 23, 2018",Varies with device,Varies with device,0.0,July,0
MiniInTheBox Online Shopping,SHOPPING,3.9,34171.0,13.0,1000000.0,Free,0.0,Everyone,Shopping,"July 24, 2018",Varies with device,Varies with device,0.0,July,0
Urban Outfitters,SHOPPING,4.2,4158.0,23.0,500000.0,Free,0.0,Teen,Shopping,"July 2, 2018",2.8,4.0.3 and up,0.0,July,0
Slickdeals: Coupons & Shopping,SHOPPING,4.5,33583.0,12.0,1000000.0,Free,0.0,Everyone,Shopping,"July 30, 2018",3.9,4.4 and up,0.0,July,0
Wanelo Shopping,SHOPPING,4.6,94205.0,6.5,1000000.0,Free,0.0,Everyone,Shopping,"June 13, 2018",5.6.8,4.4 and up,0.0,June,0
"Overstock – Home Decor, Furniture Shopping",SHOPPING,4.4,25719.0,13.0,1000000.0,Free,0.0,Teen,Shopping,"August 6, 2018",Varies with device,Varies with device,0.0,August,0
Find&Save - Local Shopping,SHOPPING,4.0,4602.0,6.2,500000.0,Free,0.0,Everyone,Shopping,"December 22, 2017",3.0.0,4.1 and up,0.0,December,0
Receipt Hog - Receipts to Cash,SHOPPING,4.5,72596.0,19.0,1000000.0,Free,0.0,Teen,Shopping,"August 3, 2018",4.2.2,4.1 and up,0.0,August,0
"Savory - Deals,Freebies,Sales",SHOPPING,4.4,2375.0,1.1,100000.0,Free,0.0,Everyone,Shopping,"November 2, 2016",3.1,2.3.3 and up,0.0,November,0
Newegg Mobile,SHOPPING,4.5,35497.0,16.0,1000000.0,Free,0.0,Everyone,Shopping,"July 11, 2018",4.16.0,4.4 and up,0.0,July,0
REI – Shop Outdoor Gear,SHOPPING,4.4,3878.0,8.8,100000.0,Free,0.0,Everyone,Shopping,"May 8, 2018",5.6.8,4.1 and up,0.0,May,0
Boxed Wholesale,SHOPPING,3.8,6380.0,13.0,1000000.0,Free,0.0,Everyone,Shopping,"August 2, 2018",Varies with device,Varies with device,0.0,August,0
La La-Shop Designer Brands Street,SHOPPING,4.5,5123.0,14.0,500000.0,Free,0.0,Everyone,Shopping,"July 28, 2018",4.4.4,5.0 and up,0.0,July,0
TouchNote: Cards & Gifts,PHOTOGRAPHY,4.1,19232.0,28.0,1000000.0,Free,0.0,Everyone,Photography,"August 6, 2018",7.4.2,4.4 and up,0.0,August,0
FreePrints – Free Photos Delivered,PHOTOGRAPHY,4.8,109500.0,37.0,1000000.0,Free,0.0,Everyone,Photography,"August 2, 2018",2.18.2,4.1 and up,0.0,August,0
Groovebook Photo Books & Gifts,PHOTOGRAPHY,4.0,21159.0,36.0,500000.0,Free,0.0,Everyone,Photography,"January 31, 2018",2.1.9,4.0.3 and up,0.0,January,0
"Moony Lab - Print Photos, Books & Magnets ™",PHOTOGRAPHY,4.7,1320.0,9.5,50000.0,Free,0.0,Everyone,Photography,"June 27, 2018",2.1.9,4.1 and up,0.0,June,0
Snapfish,PHOTOGRAPHY,4.1,32398.0,28.0,1000000.0,Free,0.0,Everyone,Photography,"August 1, 2018",9.6.4,4.4 and up,0.0,August,0
HD Camera - Quick Snap Photo & Video,PHOTOGRAPHY,4.5,21841.0,7.7,1000000.0,Free,0.0,Everyone,Photography,"July 24, 2018",1.6.4,4.2 and up,0.0,July,0
Waterfall Photo Frames,PHOTOGRAPHY,4.5,10349.0,11.0,1000000.0,Free,0.0,Everyone,Photography,"July 29, 2017",1.6.0,2.3 and up,0.0,July,0
Photo frame,PHOTOGRAPHY,4.5,859.0,21.0,100000.0,Free,0.0,Everyone,Photography,"July 18, 2018",1.5.1,4.0.3 and up,0.0,July,0
Unicorn Photo,PHOTOGRAPHY,3.7,3362.0,13.0,1000000.0,Free,0.0,Everyone,Photography,"May 22, 2018",Varies with device,4.0 and up,0.0,May,0
Makeup Editor -Beauty Photo Editor & Selfie Camera,PHOTOGRAPHY,4.5,3378.0,30.0,1000000.0,Free,0.0,Mature 17+,Photography,"July 25, 2018",1.7,4.1 and up,0.0,July,0
Makeup Photo Editor: Makeup Camera & Makeup Editor,PHOTOGRAPHY,4.4,10525.0,25.0,1000000.0,Free,0.0,Everyone,Photography,"July 27, 2018",8.9.9,4.0 and up,0.0,July,0
Garden Photo Frames - Garden Photo Editor,PHOTOGRAPHY,4.4,1864.0,13.0,500000.0,Free,0.0,Everyone,Photography,"May 3, 2018",22.0,4.0.3 and up,0.0,May,0
"Sweet Snap Lite - live filter, Selfie photo editor",PHOTOGRAPHY,4.5,3116.0,22.0,500000.0,Free,0.0,Everyone,Photography,"August 3, 2018",2.15.180,4.0.3 and up,0.0,August,0
"Selfie Camera: Beauty Camera, Photo Editor,Collage",PHOTOGRAPHY,4.7,31985.0,9.1,1000000.0,Free,0.0,Everyone,Photography,"August 6, 2018",1.7.14,4.2 and up,0.0,August,0
Night Photo Frame,PHOTOGRAPHY,4.5,4400.0,8.3,1000000.0,Free,0.0,Everyone,Photography,"July 28, 2018",2.0.1,4.0.3 and up,0.0,July,0
Selfie Photo Editor,PHOTOGRAPHY,4.6,11677.0,19.0,1000000.0,Free,0.0,Everyone,Photography,"July 5, 2018",1.0.3,4.4 and up,0.0,July,0
Kids Photo Frames,PHOTOGRAPHY,4.6,15700.0,10.0,1000000.0,Free,0.0,Everyone,Photography,"July 7, 2018",2.3,4.0.3 and up,0.0,July,0
Pencil Photo Sketch-Sketching Drawing Photo Editor,PHOTOGRAPHY,4.4,16523.0,13.0,1000000.0,Free,0.0,Everyone,Photography,"July 30, 2018",1.2.31,4.1 and up,0.0,July,0
DSLR Camera Hd Ultra Professional,PHOTOGRAPHY,4.2,4410.0,4.5,1000000.0,Free,0.0,Everyone,Photography,"June 27, 2018",4.1,4.0.3 and up,0.0,June,0
Snap Cat Face Camera,PHOTOGRAPHY,4.0,5855.0,4.9,1000000.0,Free,0.0,Everyone,Photography,"July 12, 2018",1.6,2.3 and up,0.0,July,0
Beauty Makeup – Photo Makeover,PHOTOGRAPHY,4.3,21730.0,19.0,1000000.0,Free,0.0,Everyone,Photography,"May 23, 2018",1.6.0,4.0 and up,0.0,May,0
love,PHOTOGRAPHY,4.3,42677.0,22.0,1000000.0,Free,0.0,Everyone,Photography,"June 15, 2018",1.28,4.0.3 and up,0.0,June,0
"KVAD Camera +: Selfie, Photo Filter, Grids",PHOTOGRAPHY,4.1,23440.0,30.0,1000000.0,Free,0.0,Everyone,Photography,"July 11, 2018",1.8.2,4.0 and up,0.0,July,0
Photo Editor,PHOTOGRAPHY,4.3,42079.0,17.0,1000000.0,Free,0.0,Everyone,Photography,"September 24, 2015",Varies with device,4.0.3 and up,0.0,September,0
Camera51 - a smarter camera,PHOTOGRAPHY,4.0,29707.0,18.0,1000000.0,Free,0.0,Everyone,Photography,"February 10, 2015",1.1.6,4.0 and up,0.0,February,0
InstaCam - Camera for Selfie,PHOTOGRAPHY,4.0,15098.0,10.0,1000000.0,Free,0.0,Everyone,Photography,"March 3, 2017",1.43,2.3 and up,0.0,March,0
"Phogy, 3D Camera",PHOTOGRAPHY,4.0,35724.0,9.9,1000000.0,Free,0.0,Everyone,Photography,"February 11, 2015",1.40,4.0 and up,0.0,February,0
Mega Photo,PHOTOGRAPHY,4.2,44941.0,16.0,1000000.0,Free,0.0,Everyone,Photography,"October 19, 2016",1.6.2,3.0 and up,0.0,October,0
HD Camera Pro for Android,PHOTOGRAPHY,4.1,49211.0,1.9,1000000.0,Free,0.0,Everyone,Photography,"January 19, 2017",1.5.5,2.1 and up,0.0,January,0
Samsung SMART CAMERA App,PHOTOGRAPHY,4.0,34753.0,22.0,1000000.0,Free,0.0,Everyone,Photography,"July 3, 2018",1.4.0_180703,4.2 and up,0.0,July,0
FilterGrid - Cam&Photo Editor,PHOTOGRAPHY,4.6,126337.0,9.6,1000000.0,Free,0.0,Everyone,Photography,"March 15, 2017",2.0.5,4.0 and up,0.0,March,0
Pic Stitch - #1 Collage Maker,PHOTOGRAPHY,4.2,15426.0,50.0,1000000.0,Free,0.0,Everyone,Photography,"July 24, 2018",3.8.3,5.1 and up,0.0,July,0
Add Text To Photo,PHOTOGRAPHY,4.1,21578.0,1.6,1000000.0,Free,0.0,Everyone,Photography,"September 8, 2017",1.1.3,2.3 and up,0.0,September,0
Free Sports TV,SPORTS,4.3,1802.0,9.8,100000.0,Free,0.0,Everyone,Sports,"June 21, 2018",1.4,4.0.3 and up,0.0,June,0
Cristiano Ronaldo Wallpaper,SPORTS,4.6,1733.0,19.0,500000.0,Free,0.0,Everyone,Sports,"July 17, 2018",2.1,4.1 and up,0.0,July,0
Futbol24,SPORTS,4.3,31908.0,13.0,1000000.0,Free,0.0,Everyone,Sports,"September 27, 2017",Varies with device,Varies with device,0.0,September,0
Sport.pl LIVE,SPORTS,4.4,21733.0,13.0,1000000.0,Free,0.0,Mature 17+,Sports,"June 29, 2018",Varies with device,Varies with device,0.0,June,0
BBC Sport,SPORTS,4.2,18678.0,13.0,1000000.0,Free,0.0,Everyone,Sports,"April 25, 2018",Varies with device,Varies with device,0.0,April,0
"Foot Mercato: transfers, results, news, live",SPORTS,4.3,39878.0,6.1,1000000.0,Free,0.0,Everyone,Sports,"July 28, 2018",3.6.7,4.1 and up,0.0,July,0
"All Football GO- Live Score, Games",SPORTS,4.6,1981.0,10.0,100000.0,Free,0.0,Everyone,Sports,"June 21, 2018",2.9.9go,4.1 and up,0.0,June,0
Top Mercato: football news,SPORTS,4.3,16016.0,6.9,1000000.0,Free,0.0,Everyone,Sports,"January 7, 2016",2.7.0,4.2 and up,0.0,January,0
GollerCepte Live Score,SPORTS,4.2,9992.0,31.0,1000000.0,Free,0.0,Everyone,Sports,"May 23, 2018",6.5,4.1 and up,0.0,May,0
Championat,SPORTS,4.3,36490.0,13.0,1000000.0,Free,0.0,Everyone,Sports,"July 25, 2018",Varies with device,Varies with device,0.0,July,0
Hovercraft Racer,SPORTS,4.0,218.0,28.0,100000.0,Free,0.0,Everyone,Sports,"July 19, 2018",5.0,4.1 and up,0.0,July,0
World Cup 2018,SPORTS,4.6,4011.0,2.6,500000.0,Free,0.0,Teen,Sports,"July 1, 2018",1.0.16,2.3 and up,0.0,July,0
GollerCepte 1903,SPORTS,4.7,25172.0,30.0,500000.0,Free,0.0,Everyone,Sports,"May 23, 2018",5.5,4.1 and up,0.0,May,0
League18,SPORTS,4.3,14123.0,13.0,500000.0,Free,0.0,Everyone,Sports,"August 1, 2018",4.0.0,4.0 and up,0.0,August,0
Speed Boat Racing,SPORTS,4.0,2487.0,27.0,1000000.0,Free,0.0,Everyone,Sports,"August 3, 2018",12.0,4.0.3 and up,0.0,August,0
Lionel Messi Wallpapers,SPORTS,4.7,950.0,18.0,100000.0,Free,0.0,Everyone,Sports,"July 17, 2018",2.6,4.1 and up,0.0,July,0
The 5th Stand,SPORTS,4.8,1664.0,17.0,100000.0,Free,0.0,Everyone,Sports,"July 31, 2018",1.2.677,4.4 and up,0.0,July,0
U + professional baseball,SPORTS,4.3,2486.0,18.0,500000.0,Free,0.0,Everyone,Sports,"July 30, 2018",06.11.00,4.4 and up,0.0,July,0
Mercato foot by Maxifoot,SPORTS,4.4,697.0,3.0,100000.0,Free,0.0,Everyone,Sports,"March 16, 2017",1.1,4.1 and up,0.0,March,0
MLB Ballpark,SPORTS,3.9,5510.0,32.0,1000000.0,Free,0.0,Everyone,Sports,"July 16, 2018",7.3.0,4.2 and up,0.0,July,0
MUTV - Manchester United TV,SPORTS,4.4,4549.0,24.0,500000.0,Free,0.0,Everyone,Sports,"August 1, 2018",2.4.0,4.1 and up,0.0,August,0
"Hole19: Golf GPS App, Rangefinder & Scorecard",SPORTS,4.4,6106.0,13.0,100000.0,Free,0.0,Everyone,Sports,"August 1, 2018",Varies with device,Varies with device,0.0,August,0
CBS Sports Fantasy,SPORTS,4.0,43611.0,27.0,1000000.0,Free,0.0,Everyone,Sports,"June 27, 2018",3.17.0+3,5.0 and up,0.0,June,0
UFC,SPORTS,4.0,30840.0,13.0,1000000.0,Free,0.0,Teen,Sports,"May 22, 2018",Varies with device,Varies with device,0.0,May,0
Telemundo Deportes - Live,SPORTS,4.5,36255.0,25.0,1000000.0,Free,0.0,Everyone,Sports,"August 1, 2018",5.10.5,4.1 and up,0.0,August,0
SwingAid - Level up Golf,SPORTS,4.3,752.0,33.0,100000.0,Free,0.0,Everyone,Sports,"July 10, 2018",2.6.3,4.1 and up,0.0,July,0
The Rules of Golf,SPORTS,4.3,926.0,9.3,100000.0,Free,0.0,Everyone,Sports,"January 17, 2018",5.9,4.1 and up,0.0,January,0
"GolfNow: Tee Time Deals at Golf Courses, Golf GPS",SPORTS,4.5,26102.0,13.0,1000000.0,Free,0.0,Everyone,Sports,"May 3, 2018",Varies with device,Varies with device,0.0,May,0
Golf GPS by SwingxSwing,SPORTS,4.6,37167.0,13.0,1000000.0,Free,0.0,Everyone,Sports,"July 30, 2018",Varies with device,4.4 and up,0.0,July,0
Live Golf Scores - US & European Golf,SPORTS,4.2,798.0,4.7,50000.0,Free,0.0,Everyone 10+,Sports,"August 1, 2018",3.5,4.0 and up,0.0,August,0
Golfshot: Golf GPS + Tee Times,SPORTS,4.3,7543.0,25.0,500000.0,Free,0.0,Everyone,Sports,"July 11, 2018",1.31.0,4.1 and up,0.0,July,0
Golf GPS Rangefinder: Golf Pad,SPORTS,4.6,13098.0,13.0,1000000.0,Free,0.0,Everyone,Sports,"July 28, 2018",Varies with device,Varies with device,0.0,July,0
Mobitee GPS Golf Free,SPORTS,4.2,1904.0,9.9,100000.0,Free,0.0,Everyone,Sports,"June 11, 2018",2.0.22,2.3 and up,0.0,June,0
PGA TOUR,SPORTS,4.0,11151.0,52.0,1000000.0,Free,0.0,Everyone,Sports,"June 27, 2018",2018.6,5.0 and up,0.0,June,0
DraftKings - Daily Fantasy Sports,SPORTS,4.5,50017.0,41.0,1000000.0,Free,0.0,Adults only 18+,Sports,"July 24, 2018",3.21.324,4.4 and up,0.0,July,0
Fantasy Football Manager (FPL),SPORTS,4.4,63650.0,4.6,1000000.0,Free,0.0,Everyone,Sports,"August 3, 2018",7.0.2,4.1 and up,0.0,August,0
Fantasy Football,SPORTS,3.5,50179.0,23.0,1000000.0,Free,0.0,Everyone,Sports,"August 2, 2018",2.5.7.1,5.0 and up,0.0,August,0
US Open Tennis Championships 2018,SPORTS,4.0,9971.0,33.0,1000000.0,Free,0.0,Everyone,Sports,"June 5, 2018",7.1,5.0 and up,0.0,June,0
Live Tennis Rankings / LTR,SPORTS,4.8,1660.0,4.7,10000.0,Free,0.0,Everyone,Sports,"June 5, 2018",3.9,4.0.3 and up,0.0,June,0
Tennis Livescore Widget,SPORTS,4.1,361.0,2.2,50000.0,Free,0.0,Everyone,Sports,"October 13, 2016",1.0,2.3 and up,0.0,October,0
Tennis Temple - Live Scores,SPORTS,4.6,5305.0,13.0,100000.0,Free,0.0,Everyone,Sports,"May 18, 2018",Varies with device,Varies with device,0.0,May,0
Tennis 24 - tennis live scores,SPORTS,4.6,990.0,9.4,100000.0,Free,0.0,Everyone,Sports,"July 18, 2018",2.28.1,4.1 and up,0.0,July,0
"Yahoo Sports - scores, stats, news, & highlights",SPORTS,4.5,32386.0,19.0,1000000.0,Free,0.0,Everyone,Sports,"August 1, 2018",7.8.0,5.1 and up,0.0,August,0
Tennis News and Scores,SPORTS,4.3,101.0,3.9,10000.0,Free,0.0,Everyone,Sports,"July 15, 2018",5.4,4.1 and up,0.0,July,0
MSN Sports - Scores & Schedule,SPORTS,4.5,35394.0,21.0,500000.0,Free,0.0,Everyone,Sports,"July 5, 2018",1.2.0,4.2 and up,0.0,July,0
Sports Alerts - NFL edition,SPORTS,4.6,11549.0,13.0,100000.0,Free,0.0,Everyone,Sports,"July 7, 2018",Varies with device,Varies with device,0.0,July,0
SportsManias Fantasy Team News,SPORTS,3.5,4057.0,26.0,500000.0,Free,0.0,Everyone,Sports,"May 10, 2018",3.2.12,4.0.3 and up,0.0,May,0
Thuuz Sports,SPORTS,4.5,5517.0,5.2,500000.0,Free,0.0,Everyone,Sports,"April 3, 2018",6.9.12,2.3 and up,0.0,April,0
NCAA Sports,SPORTS,3.9,4272.0,16.0,500000.0,Free,0.0,Everyone,Sports,"April 23, 2018",3.0.13,4.1 and up,0.0,April,0
850 Sports News Digest,SPORTS,4.6,539.0,13.0,10000.0,Free,0.0,Everyone,Sports,"August 23, 2016",Varies with device,Varies with device,0.0,August,0
Fantasy Football & NFL News,SPORTS,4.5,2943.0,8.1,100000.0,Free,0.0,Everyone,Sports,"May 15, 2018",6.1.3,2.3.3 and up,0.0,May,0
BBC Sport,SPORTS,4.2,18679.0,13.0,1000000.0,Free,0.0,Everyone,Sports,"April 25, 2018",Varies with device,Varies with device,0.0,April,0
NASCAR MOBILE,SPORTS,4.2,80900.0,21.0,1000000.0,Free,0.0,Everyone,Sports,"July 25, 2018",7.1.7.4,4.4 and up,0.0,July,0
MLB Ballpark,SPORTS,3.9,5511.0,32.0,1000000.0,Free,0.0,Everyone,Sports,"July 16, 2018",7.3.0,4.2 and up,0.0,July,0
TripIt: Travel Organizer,TRAVEL_AND_LOCAL,4.4,49190.0,25.0,1000000.0,Free,0.0,Everyone,Travel & Local,"June 15, 2018",7.5.0,5.0 and up,0.0,June,0
Trip by Skyscanner - City & Travel Guide,TRAVEL_AND_LOCAL,4.1,5150.0,13.0,500000.0,Free,0.0,Everyone,Travel & Local,"May 29, 2018",Varies with device,Varies with device,0.0,May,0
Hostelworld: Hostels & Cheap Hotels Travel App,TRAVEL_AND_LOCAL,4.4,17878.0,28.0,1000000.0,Free,0.0,Everyone,Travel & Local,"July 16, 2018",6.7.1,4.1 and up,0.0,July,0
Amtrak,TRAVEL_AND_LOCAL,3.7,16815.0,28.0,1000000.0,Free,0.0,Everyone,Travel & Local,"July 15, 2018",3.1.3,5.0 and up,0.0,July,0
VZ Navigator for Tablets,TRAVEL_AND_LOCAL,3.6,285.0,39.0,500000.0,Free,0.0,Everyone,Travel & Local,"January 22, 2018",10.7.8.111,4.2 and up,0.0,January,0
MAIN,TRAVEL_AND_LOCAL,3.6,7081.0,51.0,1000000.0,Free,0.0,Everyone,Travel & Local,"August 6, 2018",4.1.21,4.4 and up,0.0,August,0
Navigation Plus,TRAVEL_AND_LOCAL,4.1,928.0,14.0,1000000.0,Free,0.0,Everyone,Travel & Local,"January 9, 2018",11.0.269 (m),4.1 and up,0.0,January,0
TravelPirates,TRAVEL_AND_LOCAL,4.8,43054.0,13.0,1000000.0,Free,0.0,Everyone,Travel & Local,"August 6, 2018",Varies with device,Varies with device,0.0,August,0
Free Radar Detector,TRAVEL_AND_LOCAL,4.3,15680.0,11.0,1000000.0,Free,0.0,Everyone,Travel & Local,"July 6, 2018",6.2.3,4.1 and up,0.0,July,0
Restaurant Finder,TRAVEL_AND_LOCAL,4.1,12564.0,13.0,1000000.0,Free,0.0,Everyone,Travel & Local,"July 5, 2018",Varies with device,Varies with device,0.0,July,0
Gormey: Find Best Restaurants,TRAVEL_AND_LOCAL,4.3,34.0,7.6,1000.0,Free,0.0,Everyone,Travel & Local,"August 29, 2017",2.3,4.0.3 and up,0.0,August,0
Find Dining Restaurant Finder,TRAVEL_AND_LOCAL,4.1,427.0,26.0,100000.0,Free,0.0,Everyone,Travel & Local,"March 21, 2016",1.2.1,4.1 and up,0.0,March,0
Hipmunk Hotels & Flights,TRAVEL_AND_LOCAL,4.3,16734.0,10.0,1000000.0,Free,0.0,Everyone,Travel & Local,"July 31, 2018",8.8.2,5.0 and up,0.0,July,0
Skiplagged — Exclusive Flights & Hotels,TRAVEL_AND_LOCAL,4.6,10035.0,13.0,1000000.0,Free,0.0,Everyone,Travel & Local,"May 4, 2018",Varies with device,Varies with device,0.0,May,0
British Airways,TRAVEL_AND_LOCAL,4.2,25740.0,51.0,1000000.0,Free,0.0,Everyone,Travel & Local,"July 24, 2018",4.20,4.4 and up,0.0,July,0
"CheapTickets – Hotels, Flights & Travel Deals",TRAVEL_AND_LOCAL,4.4,6925.0,13.0,1000000.0,Free,0.0,Everyone,Travel & Local,"July 25, 2018",Varies with device,Varies with device,0.0,July,0
JetBlue,TRAVEL_AND_LOCAL,4.4,24281.0,29.0,1000000.0,Free,0.0,Everyone,Travel & Local,"July 25, 2018",4.4.2,4.4 and up,0.0,July,0
Flights,TRAVEL_AND_LOCAL,4.4,18039.0,3.1,1000000.0,Free,0.0,Everyone,Travel & Local,"July 26, 2018",3.6.6,4.1 and up,0.0,July,0
KLM - Royal Dutch Airlines,TRAVEL_AND_LOCAL,3.7,7705.0,40.0,1000000.0,Free,0.0,Everyone,Travel & Local,"August 6, 2018",9.7.1,4.1 and up,0.0,August,0
"Orbitz - Hotels, Flights & Package Deals",TRAVEL_AND_LOCAL,4.4,33256.0,13.0,1000000.0,Free,0.0,Everyone,Travel & Local,"July 31, 2018",Varies with device,Varies with device,0.0,July,0
Lufthansa,TRAVEL_AND_LOCAL,3.6,14544.0,43.0,1000000.0,Free,0.0,Everyone,Travel & Local,"July 27, 2018",7.2.5,4.1 and up,0.0,July,0
LateRooms: Find Hotel Deals,TRAVEL_AND_LOCAL,4.1,2419.0,13.0,1000000.0,Free,0.0,Everyone,Travel & Local,"May 29, 2018",1.24.5,4.1 and up,0.0,May,0
Choice Hotels,TRAVEL_AND_LOCAL,4.4,17915.0,13.0,1000000.0,Free,0.0,Everyone,Travel & Local,"July 18, 2018",Varies with device,Varies with device,0.0,July,0
Couchsurfing Travel App,TRAVEL_AND_LOCAL,4.4,61776.0,13.0,1000000.0,Free,0.0,Teen,Travel & Local,"July 10, 2018",Varies with device,Varies with device,0.0,July,0
Hotwire Hotel & Car Rental App,TRAVEL_AND_LOCAL,4.3,10323.0,13.0,1000000.0,Free,0.0,Everyone,Travel & Local,"July 19, 2018",Varies with device,Varies with device,0.0,July,0
HOTEL DEALS,TRAVEL_AND_LOCAL,4.2,1609.0,4.0,100000.0,Free,0.0,Everyone,Travel & Local,"April 26, 2018",53.89.55,4.1 and up,0.0,April,0
IHG®: Hotel Deals & Rewards,TRAVEL_AND_LOCAL,4.3,18622.0,44.0,1000000.0,Free,0.0,Everyone,Travel & Local,"August 3, 2018",4.15.1,4.4 and up,0.0,August,0
SPG: Starwood Hotels & Resorts,TRAVEL_AND_LOCAL,4.2,8258.0,22.0,1000000.0,Free,0.0,Everyone,Travel & Local,"July 3, 2018",v5.4.3,4.4 and up,0.0,July,0
Turo - Better Than Car Rental,TRAVEL_AND_LOCAL,4.4,14114.0,46.0,1000000.0,Free,0.0,Everyone,Travel & Local,"August 4, 2018",18.21.0,5.0 and up,0.0,August,0
Ascape VR: 360° Virtual Travel,TRAVEL_AND_LOCAL,4.1,890.0,7.6,100000.0,Free,0.0,Everyone,Travel & Local;Action & Adventure,"August 9, 2017",4.0.38,4.4 and up,0.0,August,0
Cheap hotel deals and discounts — Hotellook,TRAVEL_AND_LOCAL,4.5,7153.0,13.0,1000000.0,Free,0.0,Everyone,Travel & Local,"July 30, 2018",Varies with device,Varies with device,0.0,July,0
Airport + Flight Tracker Radar,TRAVEL_AND_LOCAL,4.2,6762.0,8.5,1000000.0,Free,0.0,Everyone,Travel & Local,"July 14, 2015",8.0,4.0 and up,0.0,July,0
Street Panorama View,TRAVEL_AND_LOCAL,4.2,40225.0,4.1,1000000.0,Free,0.0,Everyone,Travel & Local,"July 18, 2018",4.0.3,4.1 and up,0.0,July,0
Geo Tracker - GPS tracker,TRAVEL_AND_LOCAL,4.5,42849.0,13.0,1000000.0,Free,0.0,Everyone,Travel & Local,"August 10, 2016",Varies with device,Varies with device,0.0,August,0
DreamTrips,TRAVEL_AND_LOCAL,4.7,9971.0,22.0,500000.0,Free,0.0,Teen,Travel & Local,"August 6, 2018",1.28.1,5.0 and up,0.0,August,0
Navmii GPS USA (Navfree),TRAVEL_AND_LOCAL,4.0,5960.0,13.0,500000.0,Free,0.0,Everyone,Travel & Local,"May 23, 2018",Varies with device,Varies with device,0.0,May,0
Sygic Truck GPS Navigation,TRAVEL_AND_LOCAL,4.2,18294.0,28.0,1000000.0,Free,0.0,Everyone,Travel & Local,"August 2, 2018",13.8.3,4.0 and up,0.0,August,0
Moto Suggestions ™,TOOLS,4.6,308.0,4.3,1000000.0,Free,0.0,Everyone,Tools,"June 8, 2018",0.2.32,8.0 and up,0.0,June,0
Android TV Remote Service,TOOLS,4.3,1.0,3.7,1000000.0,Free,0.0,Everyone,Tools,"January 17, 2018",2.1.02.4477839,7.0 and up,0.0,January,0
"Calculator - free calculator ,multi calculator app",TOOLS,4.4,1236.0,5.8,100000.0,Free,0.0,Everyone,Tools,"July 6, 2018",8.1.6,4.2 and up,0.0,July,0
SD card backup,TOOLS,4.3,142.0,13.0,1000000.0,Free,0.0,Everyone,Tools,"March 27, 2017",Varies with device,Varies with device,0.0,March,0
Google Assistant Go,TOOLS,3.7,315.0,4.6,500000.0,Free,0.0,Everyone,Tools,"July 27, 2018",1.8.203182757.armeabi-v7a.release,8.0 and up,0.0,July,0
HTC Sense Input-LV,TOOLS,3.6,59.0,2.3,50000.0,Free,0.0,Everyone,Tools,"April 22, 2014",9.7.753080,4.1 and up,0.0,April,0
HTC Sense Input-AR,TOOLS,3.8,1420.0,2.7,100000.0,Free,0.0,Everyone,Tools,"April 22, 2014",9.7.753080,4.1 and up,0.0,April,0
Puzzle Alarm Clock ⏰,TOOLS,4.3,32111.0,5.3,1000000.0,Free,0.0,Everyone,Tools,"August 3, 2018",3.1.0.1126,4.4 and up,0.0,August,0
I Can't Wake Up! Alarm Clock,TOOLS,4.5,70404.0,4.2,1000000.0,Free,0.0,Everyone,Tools,"May 25, 2018",3.4.0,4.0 and up,0.0,May,0
Calculator with Percent (Free),TOOLS,4.8,48211.0,7.4,1000000.0,Free,0.0,Everyone,Tools,"November 18, 2017",32.1,4.1 and up,0.0,November,0
Graphing Calculator,TOOLS,3.9,12388.0,5.3,1000000.0,Free,0.0,Everyone,Tools,"April 1, 2016",1.17,2.3 and up,0.0,April,0
Unit Converter,TOOLS,4.5,85387.0,5.4,1000000.0,Free,0.0,Everyone,Tools,"July 3, 2018",2.1.54,4.0 and up,0.0,July,0
Calculator ++,TOOLS,4.6,33509.0,3.6,1000000.0,Free,0.0,Everyone,Tools,"May 12, 2018",2.2.7,4.4 and up,0.0,May,0
Unit Converter Pro,TOOLS,4.5,12718.0,13.0,1000000.0,Free,0.0,Everyone,Tools,"March 5, 2018",Varies with device,Varies with device,0.0,March,0
Scientific Calculator Free,TOOLS,4.3,16395.0,13.0,1000000.0,Free,0.0,Everyone,Tools,"June 28, 2018",Varies with device,Varies with device,0.0,June,0
weight conversion calculator,TOOLS,4.0,807.0,1.8,100000.0,Free,0.0,Everyone,Tools,"May 18, 2018",20180517,2.3 and up,0.0,May,0
Age Calculator,TOOLS,4.4,24265.0,3.3,1000000.0,Free,0.0,Everyone,Tools,"July 25, 2017",4.0.6,4.0.3 and up,0.0,July,0
EzCalculator,TOOLS,4.1,1657.0,2.0,100000.0,Free,0.0,Everyone,Tools,"September 17, 2017",2.1.0,5.0 and up,0.0,September,0
Fast Secure VPN,TOOLS,4.3,56848.0,9.6,1000000.0,Free,0.0,Everyone,Tools,"May 18, 2018",1.6.11,4.1 and up,0.0,May,0
Free & Premium VPN - FinchVPN,TOOLS,4.2,19096.0,10.0,1000000.0,Free,0.0,Everyone,Tools,"July 5, 2018",2.0.2,4.1 and up,0.0,July,0
"VPN - Fast, Secure & Unlimited WiFi with VyprVPN",TOOLS,4.2,40676.0,25.0,1000000.0,Free,0.0,Everyone,Tools,"July 5, 2018",2.27.1,4.1 and up,0.0,July,0
FREEDOME VPN Unlimited anonymous Wifi Security,TOOLS,4.3,39833.0,9.9,1000000.0,Free,0.0,Everyone,Tools,"July 9, 2018",2.5.1.7592,4.0.3 and up,0.0,July,0
Network Signal Info,TOOLS,4.1,33926.0,17.0,1000000.0,Free,0.0,Everyone,Tools,"August 3, 2018",4.78.06,4.2 and up,0.0,August,0
WiFi Overview 360,TOOLS,4.1,15693.0,18.0,1000000.0,Free,0.0,Everyone,Tools,"August 3, 2018",4.32.07,4.2 and up,0.0,August,0
Speedcheck,TOOLS,4.6,48979.0,14.0,1000000.0,Free,0.0,Everyone,Tools,"August 4, 2018",5.0.0.8,4.0.3 and up,0.0,August,0
WiFi Automatic,TOOLS,4.1,10595.0,13.0,1000000.0,Free,0.0,Everyone,Tools,"March 18, 2018",Varies with device,Varies with device,0.0,March,0
NETGEAR WiFi Analytics,TOOLS,4.1,9496.0,0.6796875,1000000.0,Free,0.0,Everyone,Tools,"April 25, 2014",1.0.19,2.2 and up,0.0,April,0
Lock Screen,TOOLS,4.0,41137.0,4.6,1000000.0,Free,0.0,Everyone,Tools,"November 15, 2017",1.7.3,3.2 and up,0.0,November,0
ZERO Lock Screen,TOOLS,3.5,75336.0,0.53125,1000000.0,Free,0.0,Everyone,Tools,"February 5, 2016",1.3,4.0 and up,0.0,February,0
Screen Lock,TOOLS,4.2,68309.0,2.1,1000000.0,Free,0.0,Everyone,Tools,"November 23, 2017",v3.9f,4.0 and up,0.0,November,0
Funny Ringtones,PERSONALIZATION,4.4,7146.0,14.0,1000000.0,Free,0.0,Everyone 10+,Personalization,"February 2, 2018",1.1,4.0 and up,0.0,February,0
3D Live Neon Weed Launcher,PERSONALIZATION,4.5,1724.0,21.0,100000.0,Free,0.0,Mature 17+,Personalization,"June 26, 2018",5.34.10,4.0.3 and up,0.0,June,0
Launcher,PERSONALIZATION,4.5,102923.0,18.0,1000000.0,Free,0.0,Everyone,Personalization,"July 10, 2018",2.1.2,5.0 and up,0.0,July,0
4K Wallpapers and Ultra HD Backgrounds,PERSONALIZATION,4.6,7583.0,3.8,500000.0,Free,0.0,Everyone 10+,Personalization,"July 4, 2018",2.6.2.1,4.0.3 and up,0.0,July,0
OnePlus Launcher,PERSONALIZATION,4.0,24215.0,13.0,1000000.0,Free,0.0,Everyone,Personalization,"August 3, 2018",Varies with device,Varies with device,0.0,August,0
Birds Sounds Ringtones & Wallpapers,PERSONALIZATION,4.6,5073.0,23.0,1000000.0,Free,0.0,Everyone 10+,Personalization,"September 25, 2017",1.1,4.0 and up,0.0,September,0
Funny Alarm Clock Ringtones,PERSONALIZATION,4.5,15633.0,14.0,1000000.0,Free,0.0,Everyone,Personalization,"March 9, 2017",1.1,4.0.3 and up,0.0,March,0
"Color Call - Caller Screen, LED Flash",PERSONALIZATION,4.7,29485.0,9.9,1000000.0,Free,0.0,Everyone,Personalization,"July 20, 2018",1.0.4,4.0 and up,0.0,July,0
Lovely Cute Pink Kitty Cat Keyboard Theme,PERSONALIZATION,4.3,2267.0,7.2,500000.0,Free,0.0,Everyone,Personalization,"July 9, 2018",6.7.5,4.0.3 and up,0.0,July,0
Goku Wallpaper Art,PERSONALIZATION,4.7,6342.0,38.0,1000000.0,Free,0.0,Everyone,Personalization,"July 13, 2018",1.8,4.1 and up,0.0,July,0
Door Lock Screen,PERSONALIZATION,4.3,5413.0,3.9,1000000.0,Free,0.0,Everyone,Personalization,"July 28, 2018",3.3.a,4.0 and up,0.0,July,0
Cute wallpapers & kawaii backgrounds images,PERSONALIZATION,4.6,4724.0,5.4,1000000.0,Free,0.0,Everyone,Personalization,"July 30, 2018",1.2,4.0.3 and up,0.0,July,0
OnePlus Icon Pack - Square,PERSONALIZATION,4.7,229.0,1.1,500000.0,Free,0.0,Everyone,Personalization,"May 23, 2018",1.9.1.180419172630.4a15962,5.0 and up,0.0,May,0
Live 3D Neon Blue Love Heart Keyboard Theme,PERSONALIZATION,4.3,6626.0,9.1,1000000.0,Free,0.0,Everyone,Personalization,"July 25, 2018",6.7.25.2018,4.0.3 and up,0.0,July,0
Pink Diamond Princess Keyboard Theme,PERSONALIZATION,3.7,10796.0,6.8,1000000.0,Free,0.0,Everyone,Personalization,"July 6, 2018",6.7.5,4.0.3 and up,0.0,July,0
Colorful Glitter Neon Butterfly Keyboard Theme,PERSONALIZATION,4.3,2056.0,9.8,500000.0,Free,0.0,Everyone,Personalization,"July 25, 2018",6.7.24.2018,4.0.3 and up,0.0,July,0
OnePlus Icon Pack,PERSONALIZATION,4.8,440.0,0.8984375,500000.0,Free,0.0,Everyone,Personalization,"May 23, 2018",1.9.2.180419172639.dbf3246,5.0 and up,0.0,May,0
Water Droplets Keyboard Theme,PERSONALIZATION,4.1,398.0,6.8,100000.0,Free,0.0,Everyone,Personalization,"June 29, 2018",6.6.28,4.0.3 and up,0.0,June,0
"FUN Keyboard – Emoji Keyboard, Sticker,Theme & GIF",PERSONALIZATION,4.7,12089.0,27.0,500000.0,Free,0.0,Everyone,Personalization,"July 3, 2018",1.2.5,4.0 and up,0.0,July,0
Freeme Launcher—Stylish Theme,PERSONALIZATION,4.1,2828.0,7.4,100000.0,Free,0.0,Everyone,Personalization,"January 22, 2017",2.11.5,4.1 and up,0.0,January,0
Zooper Widget,PERSONALIZATION,4.0,30498.0,5.9,1000000.0,Free,0.0,Everyone,Personalization,"March 11, 2015",2.60,3.2 and up,0.0,March,0
Beautiful Widgets Free,PERSONALIZATION,3.9,25037.0,14.0,1000000.0,Free,0.0,Everyone,Personalization,"October 20, 2016",5.7.6,2.3 and up,0.0,October,0
DashClock Widget,PERSONALIZATION,4.1,62301.0,1.9,1000000.0,Free,0.0,Everyone,Personalization,"May 11, 2016",1.7.2,4.2 and up,0.0,May,0
Northern Lights FREE (Aurora),PERSONALIZATION,4.1,12180.0,5.4,1000000.0,Free,0.0,Everyone,Personalization,"December 24, 2016",1.3,2.1 and up,0.0,December,0
Pink Roses Live Wallpaper,PERSONALIZATION,4.2,33074.0,3.3,1000000.0,Free,0.0,Everyone,Personalization,"May 4, 2018",4.1,4.1 and up,0.0,May,0
Wallpaper,PERSONALIZATION,4.5,69488.0,9.7,1000000.0,Free,0.0,Everyone,Personalization,"July 8, 2018",6.07,4.1 and up,0.0,July,0
Wolves Live Wallpaper,PERSONALIZATION,4.3,10401.0,3.3,1000000.0,Free,0.0,Everyone,Personalization,"October 27, 2017",7.5,4.1 and up,0.0,October,0
Horses Live Wallpaper,PERSONALIZATION,4.2,28806.0,7.1,1000000.0,Free,0.0,Everyone,Personalization,"May 22, 2018",18.0,4.1 and up,0.0,May,0
Tropical Beach Live Wallpaper,PERSONALIZATION,4.0,11343.0,8.4,1000000.0,Free,0.0,Everyone,Personalization,"May 22, 2018",18.0,4.1 and up,0.0,May,0
Dolphins Live Wallpaper,PERSONALIZATION,4.2,25807.0,5.5,1000000.0,Free,0.0,Everyone,Personalization,"October 29, 2017",15.0,4.1 and up,0.0,October,0
Yandex.Shell (Launcher+Dialer),PERSONALIZATION,4.4,87300.0,13.0,1000000.0,Free,0.0,Everyone,Personalization,"March 17, 2015",2.32,Varies with device,0.0,March,0
TouchPal Purple Butterfly Theme,PERSONALIZATION,4.2,7435.0,6.9,1000000.0,Free,0.0,Everyone,Personalization,"June 28, 2018",1,4.0.3 and up,0.0,June,0
Lavender Emoji Keyboard Theme,PERSONALIZATION,4.1,12008.0,6.1,1000000.0,Free,0.0,Everyone,Personalization,"May 27, 2016",5.0,4.0 and up,0.0,May,0
Power Booster - Junk Cleaner & CPU Cooler & Boost,PRODUCTIVITY,4.5,9653.0,5.1,1000000.0,Free,0.0,Everyone,Productivity,"August 6, 2018",1.2.5,4.1 and up,0.0,August,0
MyMTN,PRODUCTIVITY,4.0,8550.0,15.0,1000000.0,Free,0.0,Everyone,Productivity,"July 25, 2018",2.1.5,4.0 and up,0.0,July,0
Hacker's Keyboard,PRODUCTIVITY,4.4,41418.0,1.2,1000000.0,Free,0.0,Everyone,Productivity,"December 11, 2016",v1.39.3,2.2 and up,0.0,December,0
Security & Privacy,PRODUCTIVITY,4.0,212.0,10.0,1000000.0,Free,0.0,Everyone,Productivity,"April 26, 2018",5.0.44,4.1 and up,0.0,April,0
7 Weeks - Habit & Goal Tracker,PRODUCTIVITY,4.4,6011.0,4.3,500000.0,Free,0.0,Everyone,Productivity,"December 19, 2015",3.2.1,4.1 and up,0.0,December,0
Loop - Habit Tracker,PRODUCTIVITY,4.7,17955.0,3.8,1000000.0,Free,0.0,Everyone,Productivity,"May 23, 2018",1.7.9,4.0.3 and up,0.0,May,0
"TickTick: To Do List with Reminder, Day Planner",PRODUCTIVITY,4.6,25370.0,13.0,1000000.0,Free,0.0,Everyone,Productivity,"August 6, 2018",Varies with device,Varies with device,0.0,August,0
Planner Pro-Personal Organizer,PRODUCTIVITY,4.0,10270.0,8.4,1000000.0,Free,0.0,Everyone,Productivity,"March 23, 2018",4.4.1,4.0 and up,0.0,March,0
Cozi Family Organizer,PRODUCTIVITY,4.4,56713.0,25.0,1000000.0,Free,0.0,Everyone,Productivity,"July 5, 2018",9.3.5776,4.1 and up,0.0,July,0
IFTTT,PRODUCTIVITY,4.3,117255.0,13.0,1000000.0,Free,0.0,Everyone,Productivity,"August 6, 2018",Varies with device,Varies with device,0.0,August,0
Dashlane Free Password Manager,PRODUCTIVITY,4.6,73695.0,13.0,1000000.0,Free,0.0,Everyone,Productivity,"August 6, 2018",Varies with device,5.0 and up,0.0,August,0
Solid Explorer Classic,PRODUCTIVITY,4.5,49794.0,6.5,1000000.0,Free,0.0,Everyone,Productivity,"June 17, 2017",1.7.3,2.3 and up,0.0,June,0
File Explorer,PRODUCTIVITY,4.1,979.0,0.703125,100000.0,Free,0.0,Everyone,Productivity,"September 30, 2013",2.1.3,2.2 and up,0.0,September,0
Solid Explorer File Manager,PRODUCTIVITY,4.6,67523.0,13.0,1000000.0,Free,0.0,Everyone,Productivity,"July 19, 2018",2.5.4,4.1 and up,0.0,July,0
Smart File Manager,PRODUCTIVITY,4.2,17415.0,4.1,1000000.0,Free,0.0,Everyone,Productivity,"July 5, 2018",3.5.9,4.0 and up,0.0,July,0
Simple Notepad,PRODUCTIVITY,4.3,12321.0,0.6962890625,1000000.0,Free,0.0,Everyone,Productivity,"December 25, 2016",2.0.1,2.3 and up,0.0,December,0
Sticky Note + : Sync Notes,PRODUCTIVITY,4.2,21507.0,6.6,1000000.0,Free,0.0,Everyone,Productivity,"August 31, 2017",13.4,4.0 and up,0.0,August,0
Squid - Take Notes & Markup PDFs,PRODUCTIVITY,4.2,37204.0,19.0,1000000.0,Free,0.0,Everyone,Productivity,"July 21, 2018",3.4.4.4-GP,4.0 and up,0.0,July,0
"JotterPad - Writer, Screenplay, Novel",PRODUCTIVITY,4.6,57904.0,11.0,1000000.0,Free,0.0,Everyone,Productivity,"July 1, 2018",12.8.2-pi,4.2 and up,0.0,July,0
Planning Center Services,PRODUCTIVITY,4.3,5157.0,13.0,500000.0,Free,0.0,Everyone,Productivity,"July 31, 2018",Varies with device,Varies with device,0.0,July,0
Calendar+ Schedule Planner App,PRODUCTIVITY,4.0,8985.0,5.7,1000000.0,Free,0.0,Everyone,Productivity,"January 16, 2017",1.07.59,4.0.3 and up,0.0,January,0
Today Calendar 2017,PRODUCTIVITY,4.2,16349.0,9.0,1000000.0,Free,0.0,Everyone,Productivity,"April 25, 2016",4.0.7.3,4.1 and up,0.0,April,0
To-Do Calendar Planner,PRODUCTIVITY,4.2,30291.0,13.0,1000000.0,Free,0.0,Everyone,Productivity,"May 29, 2018",Varies with device,Varies with device,0.0,May,0
New Calendar,PRODUCTIVITY,4.5,25985.0,6.9,1000000.0,Free,0.0,Everyone,Productivity,"July 20, 2018",1.0.167,4.0.3 and up,0.0,July,0
Time Recording - Timesheet App,PRODUCTIVITY,4.6,23393.0,13.0,1000000.0,Free,0.0,Everyone,Productivity,"July 12, 2018",Varies with device,Varies with device,0.0,July,0
Unclouded - Cloud Manager,PRODUCTIVITY,4.1,6850.0,11.0,100000.0,Free,0.0,Everyone,Productivity,"August 8, 2016",2.3.3-play,4.1 and up,0.0,August,0
Amazon Drive,PRODUCTIVITY,4.4,18669.0,4.1,1000000.0,Free,0.0,Everyone,Productivity,"January 8, 2018",1.9.1.147.0-google,4.2 and up,0.0,January,0
SugarSync,PRODUCTIVITY,4.1,16420.0,3.8,1000000.0,Free,0.0,Everyone,Productivity,"May 16, 2018",4.4.0.4,2.3.3 and up,0.0,May,0
pCloud: Free Cloud Storage,PRODUCTIVITY,4.3,16149.0,13.0,1000000.0,Free,0.0,Everyone,Productivity,"July 24, 2018",Varies with device,Varies with device,0.0,July,0
Baby Names,PARENTING,4.5,86.0,2.8,10000.0,Free,0.0,Everyone,Parenting,"August 3, 2018",1.7,4.0.3 and up,0.0,August,0
Zoo For Preschool Kids 3-9 Years,PARENTING,4.3,76.0,8.2,10000.0,Free,0.0,Everyone,Parenting;Education,"April 24, 2018",1.0.7,4.0 and up,0.0,April,0
My baby Game (Balloon POP!),PARENTING,3.8,3614.0,3.3,1000000.0,Free,0.0,Everyone,Parenting;Brain Games,"May 28, 2018",2.15.2714,4.0 and up,0.0,May,0
Arabic Alphabets,PARENTING,4.3,34.0,6.2,10000.0,Free,0.0,Everyone,Parenting,"January 9, 2017",1.0,2.2 and up,0.0,January,0
Development of the child up to a year,PARENTING,4.6,1413.0,14.0,100000.0,Free,0.0,Mature 17+,Parenting,"July 20, 2018",2.9.9,4.1 and up,0.0,July,0
Ali Baba's Farm Tutorial Kids Games,PARENTING,4.3,36.0,5.5,5000.0,Free,0.0,Everyone,Parenting,"May 27, 2018",4.7,4.1 and up,0.0,May,0
Baby Panda Learns Shapes,PARENTING,4.0,3789.0,42.0,1000000.0,Free,0.0,Everyone,Parenting;Education,"June 21, 2018",8.25.10.00,4.0.3 and up,0.0,June,0
Learning English for children,PARENTING,4.3,67.0,15.0,50000.0,Free,0.0,Everyone,Parenting;Education,"April 18, 2018",1.9,2.3 and up,0.0,April,0
Kids Videos,PARENTING,4.1,559.0,6.4,100000.0,Free,0.0,Everyone,Parenting,"May 20, 2018",1.3.1,4.1 and up,0.0,May,0
My baby firework,PARENTING,3.7,4976.0,2.8,1000000.0,Free,0.0,Everyone,Parenting;Education,"May 28, 2018",2.04.2714,4.0 and up,0.0,May,0
We learn children's verses in kindergarten,PARENTING,4.3,3248.0,6.5,100000.0,Free,0.0,Everyone,Parenting;Education,"December 20, 2017",2.10,4.0 and up,0.0,December,0
Baby Food - Homemade Recipes,PARENTING,4.1,44.0,3.6,10000.0,Free,0.0,Everyone,Parenting,"August 7, 2018",8.2,4.0.3 and up,0.0,August,0
My baby Phone,PARENTING,3.7,9293.0,2.4,1000000.0,Free,0.0,Everyone,Parenting,"May 28, 2018",2.03.2714,4.0 and up,0.0,May,0
Baby Sleep: White noise lullabies for newborns,PARENTING,4.6,62386.0,3.4,1000000.0,Free,0.0,Everyone,Parenting,"June 12, 2018",2.7,4.0 and up,0.0,June,0
Arabic Chat - Chat,PARENTING,4.4,162.0,1.5,10000.0,Free,0.0,Everyone,Parenting,"May 1, 2018",1.0,4.1 and up,0.0,May,0
BookBaby - Baby Development,PARENTING,4.6,1002.0,5.0,50000.0,Free,0.0,Everyone,Parenting,"August 18, 2016",3.0,4.0.3 and up,0.0,August,0
Kids Craft Ideas,PARENTING,4.1,99.0,6.6,10000.0,Free,0.0,Everyone,Parenting,"March 29, 2018",1.1,4.1 and up,0.0,March,0
Child Growth Tracking,PARENTING,4.4,498.0,13.0,50000.0,Free,0.0,Everyone,Parenting,"July 25, 2018",1.5.3.1807,4.4 and up,0.0,July,0
Family Album Mitene: Private Photo & Video Sharing,PARENTING,4.7,34336.0,13.0,1000000.0,Free,0.0,Everyone,Parenting,"July 31, 2018",Varies with device,Varies with device,0.0,July,0
Family GPS Tracker and Chat + Baby Monitor Online,PARENTING,4.4,9073.0,13.0,500000.0,Free,0.0,Everyone,Parenting,"August 2, 2018",Varies with device,4.2 and up,0.0,August,0
How do I take care of my child?,PARENTING,4.8,190.0,6.8,100000.0,Free,0.0,Everyone,Parenting,"June 24, 2018",1.5,4.0 and up,0.0,June,0
Baby Name Together,PARENTING,4.0,464.0,24.0,100000.0,Free,0.0,Everyone,Parenting,"August 6, 2018",2.3.1,5.0 and up,0.0,August,0
White Noise for Baby,PARENTING,4.9,717.0,6.6,100000.0,Free,0.0,Everyone,Parenting,"December 30, 2017",1.6.0,4.1 and up,0.0,December,0
Favorite Soviet cartoons,PARENTING,4.3,63.0,4.9,10000.0,Free,0.0,Everyone,Parenting,"May 24, 2018",1.0.6,4.0 and up,0.0,May,0
The first year of a baby's life,PARENTING,4.8,7505.0,9.1,100000.0,Free,0.0,Everyone,Parenting,"January 7, 2017",1.1.27.477-free,2.3 and up,0.0,January,0
Safe365 – Cell Phone GPS Locator For Your Family,PARENTING,4.4,11501.0,11.0,1000000.0,Free,0.0,Everyone,Parenting,"July 30, 2018",3.7.1,4.0.3 and up,0.0,July,0
Listen to the story~The Story of the Fairy Tales,PARENTING,4.7,69.0,5.8,5000.0,Free,0.0,Everyone,Parenting,"July 10, 2018",1.0.6,4.0.3 and up,0.0,July,0
"Amazon FreeTime – Kids’ Videos, Books, & TV shows",PARENTING,4.2,2715.0,24.0,500000.0,Free,0.0,Everyone,Parenting;Music & Video,"July 24, 2018",FreeTimeApp-aosp_v3.14_Build-1.0.204367.0.13014,5.0 and up,0.0,July,0
"Kids Fang - Infant Videos, Children's Songs, Fairy Tales, Lullaby Collections",PARENTING,4.6,349.0,4.4,100000.0,Free,0.0,Everyone,Parenting,"March 21, 2018",1.7,4.4 and up,0.0,March,0
PPS Online,PARENTING,4.6,37.0,16.0,10000.0,Free,0.0,Everyone,Parenting,"July 9, 2018",3.19,4.0.3 and up,0.0,July,0
Johny Johny Yes Papa Nursery Rhyme - offline Video,PARENTING,4.5,806.0,11.0,500000.0,Free,0.0,Everyone,Parenting,"August 4, 2018",4.2,4.0.3 and up,0.0,August,0
Latest Emmanuella Comedy Video,PARENTING,4.6,60.0,4.9,10000.0,Free,0.0,Everyone,Parenting,"April 1, 2018",Natalia Studio Development,4.0.3 and up,0.0,April,0
Baby Care & Tracker,PARENTING,4.1,319.0,11.0,100000.0,Free,0.0,Everyone,Parenting,"July 12, 2018",5.3,4.0.3 and up,0.0,July,0
Urban Limo Taxi Simulator,PARENTING,3.8,824.0,53.0,1000000.0,Free,0.0,Everyone,Parenting,"August 2, 2018",8.9,4.0.3 and up,0.0,August,0
Rainbow - Journal & Activities,PARENTING,4.8,6668.0,20.0,100000.0,Free,0.0,Everyone,Parenting,"March 28, 2018",2.5.9,4.1 and up,0.0,March,0
Classical music for baby,PARENTING,4.8,1940.0,38.0,100000.0,Free,0.0,Everyone,Parenting;Music & Video,"July 18, 2018",1.04,4.2 and up,0.0,July,0
How do I care about my child?,PARENTING,4.3,34.0,4.9,10000.0,Free,0.0,Everyone,Parenting,"July 3, 2018",1.2,4.0 and up,0.0,July,0
My Child from eDziecko.pl,PARENTING,4.5,1025.0,17.0,100000.0,Free,0.0,Everyone,Parenting,"June 29, 2018",1.3.9,4.1 and up,0.0,June,0
Baby Panda Musical Genius,PARENTING,4.0,3346.0,37.0,1000000.0,Free,0.0,Everyone,Parenting;Music & Video,"June 15, 2018",8.25.10.00,4.0.3 and up,0.0,June,0
Baby Monitor,PARENTING,4.4,5343.0,5.2,1000000.0,Free,0.0,Everyone,Parenting,"March 30, 2018",2.1.1,4.1 and up,0.0,March,0
Daniel Tiger for Parents,PARENTING,4.7,247.0,28.0,100000.0,Free,0.0,Everyone,Parenting;Music & Video,"March 19, 2018",1.3.0,4.4 and up,0.0,March,0
Vegetable Fun,PARENTING,3.9,3182.0,46.0,1000000.0,Free,0.0,Everyone,Parenting;Education,"June 15, 2018",8.25.10.00,4.0.3 and up,0.0,June,0
It's open.,PARENTING,4.4,1528.0,16.0,100000.0,Free,0.0,Everyone,Parenting,"July 24, 2018",8.1.2,4.4 and up,0.0,July,0
Children's Stories 2018 - The Lion Come Lion,PARENTING,4.4,39.0,18.0,10000.0,Free,0.0,Everyone,Parenting;Music & Video,"October 31, 2017",1.2,4.0 and up,0.0,October,0
Feed Baby - Baby Tracker,PARENTING,4.5,76795.0,18.0,1000000.0,Free,0.0,Everyone,Parenting,"August 1, 2018",2.0.6,4.1 and up,0.0,August,0
Live Weather Pro,WEATHER,4.8,892.0,17.0,10000.0,Free,0.0,Everyone,Weather,"July 17, 2018",1.1,4.4 and up,0.0,July,0
weather - weather forecast,WEATHER,4.7,11118.0,9.7,1000000.0,Free,0.0,Everyone,Weather,"April 26, 2018",30,4.0 and up,0.0,April,0
SMHI Weather,WEATHER,3.5,11297.0,13.0,1000000.0,Free,0.0,Everyone,Weather,"June 26, 2018",Varies with device,Varies with device,0.0,June,0
Free live weather on screen,WEATHER,4.4,15370.0,21.0,1000000.0,Free,0.0,Everyone,Weather,"August 2, 2018",12.2.6.3660,4.1 and up,0.0,August,0
Weather Radar Widget,WEATHER,4.3,18194.0,3.2,1000000.0,Free,0.0,Everyone,Weather,"June 28, 2017",1.7.7,3.0 and up,0.0,June,0
Klara weather,WEATHER,4.6,36900.0,4.8,500000.0,Free,0.0,Everyone,Weather,"July 28, 2018",1.3.6,4.0 and up,0.0,July,0
Real time Weather Forecast,WEATHER,4.4,4184.0,10.0,1000000.0,Free,0.0,Everyone,Weather,"March 26, 2018",7.1.12.12,5.0 and up,0.0,March,0
Live Weather & Daily Local Weather Forecast,WEATHER,4.5,13426.0,19.0,1000000.0,Free,0.0,Everyone,Weather,"July 17, 2018",9.9.1.1910,4.1 and up,0.0,July,0
Yahoo! Weather for SH Forecast for understanding the approach of rain clouds Free,WEATHER,4.2,7457.0,13.0,1000000.0,Free,0.0,Everyone,Weather,"August 2, 2018",Varies with device,Varies with device,0.0,August,0
Klart.se - Sweden's best weather,WEATHER,3.6,7623.0,19.0,1000000.0,Free,0.0,Everyone,Weather,"July 11, 2018",3.18.5,4.4 and up,0.0,July,0
Info BMKG,WEATHER,4.3,21404.0,7.6,1000000.0,Free,0.0,Everyone,Weather,"June 15, 2017",2.2,4.4 and up,0.0,June,0
Weather From DMI/YR,WEATHER,4.3,2143.0,13.0,100000.0,Free,0.0,Everyone,Weather,"July 31, 2018",Varies with device,Varies with device,0.0,July,0
Storm Radar: Tornado Tracker & Hurricane Alerts,WEATHER,4.6,89868.0,13.0,1000000.0,Free,0.0,Everyone,Weather,"June 12, 2018",Varies with device,Varies with device,0.0,June,0
Local Weather Forecast & Visual Widget,WEATHER,4.5,3478.0,6.1,500000.0,Free,0.0,Everyone,Weather,"August 2, 2018",2.9.10,4.2 and up,0.0,August,0
Wetter by t-online.de,WEATHER,4.2,24349.0,9.2,1000000.0,Free,0.0,Everyone,Weather,"May 14, 2018",1.8.4.5,4.1 and up,0.0,May,0
AEMET's time,WEATHER,3.8,15966.0,9.2,1000000.0,Free,0.0,Everyone,Weather,"July 17, 2017",2.0,2.3 and up,0.0,July,0
New 2018 Weather App & Widget,WEATHER,4.5,2332.0,20.0,500000.0,Free,0.0,Teen,Weather,"August 3, 2018",12.2.7.3671,4.1 and up,0.0,August,0
Météociel,WEATHER,4.5,29344.0,22.0,500000.0,Free,0.0,Everyone,Weather,"July 25, 2018",4.1.11 - Hegoa,4.1 and up,0.0,July,0
Climatempo Lite - 15 day weather forecast,WEATHER,4.0,634.0,13.0,100000.0,Free,0.0,Everyone,Weather,"June 15, 2018",1.0.34,4.1 and up,0.0,June,0
ForecaWeather,WEATHER,4.2,18425.0,5.3,1000000.0,Free,0.0,Everyone,Weather,"July 29, 2017",3.1.7,4.1 and up,0.0,July,0
All Video Downloader 2018,VIDEO_PLAYERS,4.3,7557.0,5.6,1000000.0,Free,0.0,Everyone,Video Players & Editors,"July 25, 2018",1.0.1,4.4 and up,0.0,July,0
HD Video Player,VIDEO_PLAYERS,4.3,1551.0,2.9,1000000.0,Free,0.0,Everyone,Video Players & Editors,"July 25, 2018",1.1,4.1 and up,0.0,July,0
Iqiyi (for tablet),VIDEO_PLAYERS,3.6,12764.0,25.0,1000000.0,Free,0.0,Teen,Video Players & Editors,"July 11, 2018",7.1,4.0 and up,0.0,July,0
Free TV series,VIDEO_PLAYERS,3.7,400.0,7.2,100000.0,Free,0.0,Teen,Video Players & Editors,"May 28, 2018",v1.0.3,4.0.3 and up,0.0,May,0
Video Player All Format for Android,VIDEO_PLAYERS,4.6,3930.0,3.3,500000.0,Free,0.0,Everyone,Video Players & Editors,"July 26, 2018",1.1.7,4.0.3 and up,0.0,July,0
XX HD Video downloader-Free Video Downloader,VIDEO_PLAYERS,4.1,7624.0,6.0,1000000.0,Free,0.0,Everyone,Video Players & Editors,"April 20, 2018",1.9,4.0.3 and up,0.0,April,0
OBJECTIVE,VIDEO_PLAYERS,3.8,19738.0,33.0,1000000.0,Free,0.0,Teen,Video Players & Editors,"August 7, 2018",9.7.6,4.0 and up,0.0,August,0
HD Movie Video Player,VIDEO_PLAYERS,4.5,18699.0,4.1,1000000.0,Free,0.0,Everyone,Video Players & Editors,"March 27, 2018",1.0,4.0.3 and up,0.0,March,0
"Video Editor,Crop Video,Movie Video,Music,Effects",VIDEO_PLAYERS,4.7,53006.0,44.0,1000000.0,Free,0.0,Everyone,Video Players & Editors,"August 3, 2018",1.5.1,4.4 and up,0.0,August,0
VPlayer,VIDEO_PLAYERS,3.6,5639.0,13.0,1000000.0,Free,0.0,Everyone,Video Players & Editors,"April 12, 2018",Varies with device,Varies with device,0.0,April,0
Play Tube,VIDEO_PLAYERS,4.3,15874.0,5.4,1000000.0,Free,0.0,Everyone,Video Players & Editors,"July 5, 2018",1.2,4.1 and up,0.0,July,0
video player,VIDEO_PLAYERS,4.4,26421.0,13.0,1000000.0,Free,0.0,Everyone,Video Players & Editors,"May 30, 2018",3.4.5,4.1 and up,0.0,May,0
Video.Guru - Video Maker,VIDEO_PLAYERS,4.6,36969.0,27.0,1000000.0,Free,0.0,Everyone,Video Players & Editors,"August 6, 2018",1.137.22,4.3 and up,0.0,August,0
Video Status,VIDEO_PLAYERS,4.3,6685.0,4.0,1000000.0,Free,0.0,Everyone,Video Players & Editors,"August 2, 2018",1.1.4,4.1 and up,0.0,August,0
Video Wallpaper Show,VIDEO_PLAYERS,4.3,0.0,13.0,500.0,Free,0.0,Everyone,Video Players & Editors,"July 26, 2018",3.1,4.0.3 and up,0.0,July,0
SVT Play,VIDEO_PLAYERS,3.7,11549.0,13.0,1000000.0,Free,0.0,Teen,Video Players & Editors,"July 13, 2018",Varies with device,Varies with device,0.0,July,0
BluTV,VIDEO_PLAYERS,3.9,28835.0,13.0,1000000.0,Free,0.0,Teen,Video Players & Editors,"July 26, 2018",Varies with device,Varies with device,0.0,July,0
Tencent Video - Supporting the whole network,VIDEO_PLAYERS,3.5,13205.0,44.0,1000000.0,Free,0.0,Teen,Video Players & Editors,"July 31, 2018",6.2.2.17136,3.0 and up,0.0,July,0
amazer - Global Kpop Video Community,VIDEO_PLAYERS,4.3,1215.0,23.0,100000.0,Free,0.0,Everyone 10+,Video Players & Editors,"July 20, 2018",1.5.4,4.1 and up,0.0,July,0
BaBe + - Indonesian News,NEWS_AND_MAGAZINES,4.3,42624.0,16.0,1000000.0,Free,0.0,Everyone 10+,News & Magazines,"August 1, 2018",6.6.4,4.0 and up,0.0,August,0
daily News,NEWS_AND_MAGAZINES,4.5,26411.0,26.0,1000000.0,Free,0.0,Everyone,News & Magazines,"March 26, 2018",2.3.2,4.1 and up,0.0,March,0
"Free TV Shows App:News, TV Series, Episode, Movies",NEWS_AND_MAGAZINES,4.6,29706.0,11.0,1000000.0,Free,0.0,Teen,News & Magazines,"August 2, 2018",2.71,4.1 and up,0.0,August,0
News24,NEWS_AND_MAGAZINES,4.1,30693.0,13.0,1000000.0,Free,0.0,Everyone 10+,News & Magazines,"August 1, 2018",Varies with device,Varies with device,0.0,August,0
Nigeria News NAIJ.com,NEWS_AND_MAGAZINES,4.3,37882.0,9.1,1000000.0,Free,0.0,Teen,News & Magazines,"June 1, 2018",8.2.9,4.0.3 and up,0.0,June,0
BaBe Lite - Read Quota Saving News,NEWS_AND_MAGAZINES,4.5,9548.0,15.0,1000000.0,Free,0.0,Everyone,News & Magazines,"August 1, 2018",6.6.4,4.0 and up,0.0,August,0
ARY NEWS URDU,NEWS_AND_MAGAZINES,4.4,1071.0,9.7,500000.0,Free,0.0,Everyone,News & Magazines,"July 25, 2018",5.8.0,4.1 and up,0.0,July,0
Bengali Newspaper - The first L.,NEWS_AND_MAGAZINES,4.0,11908.0,5.5,1000000.0,Free,0.0,Everyone,News & Magazines,"July 1, 2018",8.3,4.1 and up,0.0,July,0
BBC Persian | BBC Farsi News,NEWS_AND_MAGAZINES,4.3,978.0,2.9,100000.0,Free,0.0,Everyone,News & Magazines,"May 12, 2018",1.8.2,4.0.3 and up,0.0,May,0
"Breaking News, Local news, Attacks and Alerts Free",NEWS_AND_MAGAZINES,4.7,2543.0,6.3,500000.0,Free,0.0,Everyone,News & Magazines,"July 19, 2018",8.0.6,4.1 and up,0.0,July,0
WE,NEWS_AND_MAGAZINES,3.8,18818.0,13.0,1000000.0,Free,0.0,Everyone 10+,News & Magazines,"June 26, 2018",Varies with device,Varies with device,0.0,June,0
Sky News,NEWS_AND_MAGAZINES,4.0,30287.0,19.0,1000000.0,Free,0.0,Everyone 10+,News & Magazines,"August 3, 2018",4.11.0.611033,4.1 and up,0.0,August,0
Microsoft News,NEWS_AND_MAGAZINES,4.2,31504.0,31.0,1000000.0,Free,0.0,Everyone 10+,News & Magazines,"July 30, 2018",18.201.01,5.0 and up,0.0,July,0
"Onet - news, weather, sport",NEWS_AND_MAGAZINES,4.0,13950.0,13.0,1000000.0,Free,0.0,Mature 17+,News & Magazines,"August 6, 2018",Varies with device,Varies with device,0.0,August,0
"The Report, Fox, Breitbart - Conservative News",NEWS_AND_MAGAZINES,4.6,2090.0,4.6,50000.0,Free,0.0,Everyone,News & Magazines,"August 5, 2018",1.9.0,4.1 and up,0.0,August,0
РИА Новости,NEWS_AND_MAGAZINES,4.5,44274.0,8.0,1000000.0,Free,0.0,Everyone,News & Magazines,"August 6, 2018",4.0.6,4.4 and up,0.0,August,0
Tencent News,NEWS_AND_MAGAZINES,4.0,7006.0,23.0,1000000.0,Free,0.0,Everyone,News & Magazines,"July 31, 2018",5.6.40,4.0 and up,0.0,July,0
ARY NEWS,NEWS_AND_MAGAZINES,4.4,2959.0,9.8,1000000.0,Free,0.0,Everyone,News & Magazines,"August 4, 2018",7.5.0,4.1 and up,0.0,August,0
Kurio - Read the Latest News,NEWS_AND_MAGAZINES,4.2,40167.0,8.7,1000000.0,Free,0.0,Everyone,News & Magazines,"July 30, 2018",3.12.0,4.4 and up,0.0,July,0
Loop - Caribbean Local News,NEWS_AND_MAGAZINES,4.0,4332.0,12.0,1000000.0,Free,0.0,Everyone,News & Magazines,"March 16, 2018",3.0.42,4.1 and up,0.0,March,0
"AD - News, Sports, Region & Entertainment",NEWS_AND_MAGAZINES,3.7,10382.0,13.0,1000000.0,Free,0.0,Everyone,News & Magazines,"July 28, 2018",Varies with device,Varies with device,0.0,July,0
Podcast Republic - Podcast Player & Radio Player,NEWS_AND_MAGAZINES,4.5,66978.0,13.0,1000000.0,Free,0.0,Teen,News & Magazines,"August 6, 2018",Varies with device,Varies with device,0.0,August,0
Podcast App: Free & Offline Podcasts by Player FM,NEWS_AND_MAGAZINES,4.6,66384.0,19.0,1000000.0,Free,0.0,Teen,News & Magazines,"July 25, 2018",4.1.0.72,4.0 and up,0.0,July,0
Spreaker Podcast Radio,NEWS_AND_MAGAZINES,4.5,17703.0,6.6,500000.0,Free,0.0,Teen,News & Magazines,"June 7, 2018",4.10.0,4.4 and up,0.0,June,0
BeyondPod Podcast Manager,NEWS_AND_MAGAZINES,3.9,32121.0,13.0,1000000.0,Free,0.0,Everyone,News & Magazines,"April 13, 2018",Varies with device,Varies with device,0.0,April,0
Dezeen Magazine RSS Reader,NEWS_AND_MAGAZINES,4.3,350.0,14.0,10000.0,Free,0.0,Everyone,News & Magazines,"July 22, 2018",3.000.1,4.2 and up,0.0,July,0
"issuu - Read Magazines, Catalogs, Newspapers.",NEWS_AND_MAGAZINES,4.4,74425.0,8.6,1000000.0,Free,0.0,Everyone,News & Magazines,"July 18, 2018",5.14.0,4.0.3 and up,0.0,July,0
Fast News,NEWS_AND_MAGAZINES,4.4,84957.0,13.0,1000000.0,Free,0.0,Everyone 10+,News & Magazines,"January 13, 2018",Varies with device,Varies with device,0.0,January,0
LA Times: Your California News,NEWS_AND_MAGAZINES,3.6,3311.0,10.0,100000.0,Free,0.0,Everyone,News & Magazines,"April 24, 2018",4.0.1,4.2 and up,0.0,April,0
The Washington Post Classic,NEWS_AND_MAGAZINES,4.5,23158.0,13.0,1000000.0,Free,0.0,Everyone 10+,News & Magazines,"July 17, 2018",Varies with device,Varies with device,0.0,July,0
Chicago Tribune,NEWS_AND_MAGAZINES,3.6,1380.0,13.0,100000.0,Free,0.0,Everyone,News & Magazines,"July 26, 2018",Varies with device,4.1 and up,0.0,July,0
The Wall Street Journal: Business & Market News,NEWS_AND_MAGAZINES,4.1,40975.0,36.0,1000000.0,Free,0.0,Everyone 10+,News & Magazines,"August 2, 2018",4.4.2.19,4.1 and up,0.0,August,0
Financial Times,NEWS_AND_MAGAZINES,4.2,27104.0,8.2,1000000.0,Free,0.0,Everyone 10+,News & Magazines,"August 3, 2018",2.42.1.9,4.4 and up,0.0,August,0
Digg,NEWS_AND_MAGAZINES,3.9,6105.0,13.0,100000.0,Free,0.0,Teen,News & Magazines,"March 11, 2016",Varies with device,Varies with device,0.0,March,0
News360: Personalized News,NEWS_AND_MAGAZINES,4.4,30722.0,13.0,1000000.0,Free,0.0,Teen,News & Magazines,"August 2, 2018",Varies with device,Varies with device,0.0,August,0
RT News (Russia Today),NEWS_AND_MAGAZINES,4.6,56524.0,14.0,1000000.0,Free,0.0,Teen,News & Magazines,"August 6, 2018",3.5.13,4.0.3 and up,0.0,August,0
NPR News,NEWS_AND_MAGAZINES,4.0,24790.0,13.0,1000000.0,Free,0.0,Everyone,News & Magazines,"July 20, 2018",Varies with device,Varies with device,0.0,July,0
Reuters News,NEWS_AND_MAGAZINES,4.3,13169.0,25.0,1000000.0,Free,0.0,Everyone 10+,News & Magazines,"June 6, 2018",3.4.4,4.1 and up,0.0,June,0
Haystack TV: Local & World News - Free,NEWS_AND_MAGAZINES,4.3,3684.0,13.0,100000.0,Free,0.0,Everyone 10+,News & Magazines,"August 2, 2018",Varies with device,Varies with device,0.0,August,0
ABC News - US & World News,NEWS_AND_MAGAZINES,4.0,18976.0,35.0,1000000.0,Free,0.0,Everyone 10+,News & Magazines,"June 6, 2018",3.19.11,5.0 and up,0.0,June,0
Sync for reddit,NEWS_AND_MAGAZINES,4.6,62740.0,8.6,500000.0,Free,0.0,Mature 17+,News & Magazines,"June 16, 2018",16.3,4.1 and up,0.0,June,0
AP Mobile - Breaking News,NEWS_AND_MAGAZINES,4.5,76677.0,4.6,1000000.0,Free,0.0,Everyone 10+,News & Magazines,"May 25, 2017",4.4.3,4.0 and up,0.0,May,0
HuffPost - News,NEWS_AND_MAGAZINES,4.2,78154.0,12.0,1000000.0,Free,0.0,Everyone 10+,News & Magazines,"August 3, 2018",19.2.8,4.4 and up,0.0,August,0
AC - Tips & News for Android™,NEWS_AND_MAGAZINES,4.2,23292.0,14.0,1000000.0,Free,0.0,Everyone 10+,News & Magazines,"May 24, 2018",3.1.12,4.1 and up,0.0,May,0
CBS News,NEWS_AND_MAGAZINES,4.3,23641.0,23.0,1000000.0,Free,0.0,Everyone 10+,News & Magazines,"June 29, 2018",3.9.0,4.1 and up,0.0,June,0
NPR One,NEWS_AND_MAGAZINES,3.9,13217.0,8.8,1000000.0,Free,0.0,Teen,News & Magazines,"August 3, 2018",1.8.7.0,5.0 and up,0.0,August,0
JailBase - Arrests + Mugshots,NEWS_AND_MAGAZINES,4.0,17240.0,13.0,1000000.0,Free,0.0,Everyone 10+,News & Magazines,"August 3, 2018",Varies with device,4.1 and up,0.0,August,0
BaconReader for Reddit,NEWS_AND_MAGAZINES,4.5,103074.0,13.0,1000000.0,Free,0.0,Mature 17+,News & Magazines,"July 2, 2018",Varies with device,Varies with device,0.0,July,0
Mapy.cz - Cycling & Hiking offline maps,MAPS_AND_NAVIGATION,4.5,56443.0,43.0,1000000.0,Free,0.0,Everyone,Maps & Navigation,"June 26, 2018",6.2.0,4.1 and up,0.0,June,0
Map and Router Badge,MAPS_AND_NAVIGATION,4.4,3652.0,32.0,500000.0,Free,0.0,Everyone,Maps & Navigation,"July 25, 2018",4.8.1,4.1 and up,0.0,July,0
Air Traffic,MAPS_AND_NAVIGATION,4.3,14110.0,6.8,1000000.0,Free,0.0,Everyone,Maps & Navigation,"July 24, 2018",4.3,5.0 and up,0.0,July,0
Speed Cameras Radar,MAPS_AND_NAVIGATION,4.4,18710.0,4.0,1000000.0,Free,0.0,Everyone,Maps & Navigation,"August 3, 2018",3.2.2,4.0.3 and up,0.0,August,0
Atlan3D Navigation: Korea navigator,MAPS_AND_NAVIGATION,4.2,22063.0,13.0,1000000.0,Free,0.0,Everyone,Maps & Navigation,"July 31, 2018",Varies with device,Varies with device,0.0,July,0
"Mappy - Plan, route comparison, GPS",MAPS_AND_NAVIGATION,4.1,15922.0,13.0,1000000.0,Free,0.0,Everyone,Maps & Navigation,"July 26, 2018",Varies with device,Varies with device,0.0,July,0
Gps Route Finder,MAPS_AND_NAVIGATION,4.4,652.0,3.4,100000.0,Free,0.0,Everyone,Maps & Navigation,"May 26, 2018",116,4.1 and up,0.0,May,0
Czech Public Transport IDOS,MAPS_AND_NAVIGATION,4.3,26014.0,7.7,1000000.0,Free,0.0,Everyone,Maps & Navigation,"November 6, 2017",2.4.1,4.0.3 and up,0.0,November,0
Soviet Military Maps Free,MAPS_AND_NAVIGATION,4.3,21589.0,5.6,1000000.0,Free,0.0,Everyone,Maps & Navigation,"August 1, 2018",5.1.0 free,4.0 and up,0.0,August,0
"Truck Car Navi by Navitime Large size car, traffic jam, traffic closure, live camera, typhoon / precipitation map",MAPS_AND_NAVIGATION,4.2,3682.0,13.0,100000.0,Free,0.0,Everyone,Maps & Navigation,"August 2, 2018",Varies with device,Varies with device,0.0,August,0
Sentin Information Map,MAPS_AND_NAVIGATION,4.1,2909.0,5.2,100000.0,Free,0.0,Everyone,Maps & Navigation,"June 26, 2018",1.39,4.1 and up,0.0,June,0
Snapp,MAPS_AND_NAVIGATION,4.5,37937.0,25.0,1000000.0,Free,0.0,Everyone,Maps & Navigation,"August 1, 2018",3.6.7,4.0.3 and up,0.0,August,0
GPS Speedometer and Odometer,MAPS_AND_NAVIGATION,4.8,15865.0,3.3,1000000.0,Free,0.0,Everyone,Maps & Navigation,"August 3, 2018",10.0,4.1 and up,0.0,August,0
Trucker Path – Truck Stops & Weigh Stations,MAPS_AND_NAVIGATION,4.7,38375.0,49.0,1000000.0,Free,0.0,Everyone,Maps & Navigation,"July 26, 2018",3.0.2,4.1 and up,0.0,July,0
Map Coordinates,MAPS_AND_NAVIGATION,4.3,16657.0,3.6,1000000.0,Free,0.0,Everyone,Maps & Navigation,"July 17, 2018",4.7.5,4.0.3 and up,0.0,July,0
SBB Mobile,MAPS_AND_NAVIGATION,3.7,20605.0,13.0,1000000.0,Free,0.0,Everyone,Maps & Navigation,"August 6, 2018",Varies with device,Varies with device,0.0,August,0
"GPS Speedometer, Distance Meter",MAPS_AND_NAVIGATION,4.6,16094.0,5.4,1000000.0,Free,0.0,Everyone,Maps & Navigation,"July 31, 2018",2.7.2,4.0 and up,0.0,July,0
GPS Speedometer - Trip Meter - Altimeter,MAPS_AND_NAVIGATION,4.3,32225.0,3.2,1000000.0,Free,0.0,Everyone,Maps & Navigation,"July 26, 2018",2.0.0,4.2 and up,0.0,July,0
FindShip,MAPS_AND_NAVIGATION,4.2,23279.0,8.5,1000000.0,Free,0.0,Everyone,Maps & Navigation,"April 26, 2018",5.2.10,4.1 and up,0.0,April,0
ÖBB Scotty,MAPS_AND_NAVIGATION,4.2,12572.0,24.0,1000000.0,Free,0.0,Everyone,Maps & Navigation,"February 19, 2018",5.4 (30),4.0 and up,0.0,February,0
Alopec - Online Shipping System,MAPS_AND_NAVIGATION,4.3,1240.0,14.0,100000.0,Free,0.0,Everyone,Maps & Navigation,"November 2, 2017",2.4.1,4.1 and up,0.0,November,0
NAVITIME Bus Transit JAPAN,MAPS_AND_NAVIGATION,3.7,6939.0,13.0,1000000.0,Free,0.0,Everyone,Maps & Navigation,"July 23, 2018",Varies with device,Varies with device,0.0,July,0
"Dynavix - Navigation, Maps, Traffic data & Cameras",MAPS_AND_NAVIGATION,4.2,1688.0,13.0,50000.0,Free,0.0,Everyone,Maps & Navigation,"August 3, 2018",6.1.2,4.0 and up,0.0,August,0
National Rail Enquiries,MAPS_AND_NAVIGATION,3.5,18857.0,7.0,1000000.0,Free,0.0,Everyone,Maps & Navigation,"May 24, 2018",9.3.3,4.0.3 and up,0.0,May,0
ixigo Cabs-Compare & Book Taxi,MAPS_AND_NAVIGATION,4.2,11838.0,9.2,1000000.0,Free,0.0,Everyone,Maps & Navigation,"April 9, 2018",1.7.3,4.0.3 and up,0.0,April,0
A Call From Santa Claus!,FAMILY,3.9,3720.0,11.0,1000000.0,Free,0.0,Everyone,Entertainment,"December 4, 2016",4.2.3,4.0.3 and up,0.0,December,0
A Word A Day,FAMILY,3.7,2398.0,2.9,500000.0,Free,0.0,Everyone,Education,"January 5, 2017",5.8,4.0 and up,0.0,January,0
Color by Number - Draw Sandbox Pixel Art,FAMILY,4.6,10247.0,15.0,1000000.0,Free,0.0,Everyone,Entertainment,"July 27, 2018",1.3.13,4.1 and up,0.0,July,0
A+ Mobile,FINANCE,3.9,730.0,6.3,10000.0,Free,0.0,Everyone,Finance,"June 26, 2018",5.4.4,4.4 and up,0.0,June,0
Find a Way: Addictive Puzzle,FAMILY,4.8,39480.0,14.0,500000.0,Free,0.0,Everyone,Puzzle,"June 16, 2017",4.1.1,4.1 and up,0.0,June,0
CompTIA A+ Pocket Prep,FAMILY,4.3,1311.0,14.0,10000.0,Free,0.0,Everyone,Education,"July 11, 2018",4.5.2,4.4 and up,0.0,July,0
Comptia A+ 220-901 & 220-902,FAMILY,4.4,174.0,5.7,10000.0,Free,0.0,Everyone,Education,"April 19, 2018",2.0.7,4.1 and up,0.0,April,0
4 in a Row,GAME,3.8,4257.0,13.0,500000.0,Free,0.0,Everyone,Board,"May 13, 2018",Varies with device,Varies with device,0.0,May,0
LokLok: Draw on a Lock Screen,COMMUNICATION,4.1,14766.0,16.0,500000.0,Free,0.0,Teen,Communication,"September 20, 2017",0.81 beta,4.0.3 and up,0.0,September,0
CompTIA Exam Training,FAMILY,4.8,3053.0,17.0,50000.0,Free,0.0,Everyone,Education,"July 3, 2018",1.7,4.2 and up,0.0,July,0
Wolfify - Be a Werewolf,FAMILY,3.8,6760.0,26.0,500000.0,Free,0.0,Everyone,Entertainment,"June 11, 2015",1.4.6,3.2 and up,0.0,June,0
Law of Creation: A Playable Manga,GAME,4.5,13118.0,47.0,500000.0,Free,0.0,Teen,Adventure,"June 25, 2018",1.0.19,4.0.3 and up,0.0,June,0
Be A Legend: Soccer,SPORTS,3.8,85763.0,21.0,1000000.0,Free,0.0,Everyone,Sports,"August 24, 2015",2.8.0.17,3.0 and up,0.0,August,0
Four In A Line,GAME,3.8,22191.0,3.0,1000000.0,Free,0.0,Everyone,Board,"May 4, 2015",1.10,2.3 and up,0.0,May,0
B-Messenger Video Chat,SOCIAL,4.1,12495.0,19.0,1000000.0,Free,0.0,Mature 17+,Social,"August 19, 2017",7.1.1,2.3 and up,0.0,August,0
B,FINANCE,3.7,800.0,32.0,50000.0,Free,0.0,Everyone,Finance,"June 21, 2018",2.16.5426,4.4 and up,0.0,June,0
B-BLE(BLE4.0 Scan),TOOLS,3.8,159.0,7.5,10000.0,Free,0.0,Everyone,Tools,"April 20, 2018",5.5,5.0 and up,0.0,April,0
Servers Ultimate Pack B,TOOLS,4.3,668.0,13.0,50000.0,Free,0.0,Everyone,Tools,"March 31, 2016",2.1.8,2.1 and up,0.0,March,0
EMT-B Pocket Prep,MEDICAL,4.5,2948.0,16.0,50000.0,Free,0.0,Everyone,Medical,"July 11, 2018",4.5.2,4.4 and up,0.0,July,0
CARDI B WALLPAPERS,PERSONALIZATION,4.1,8.0,4.5,1000.0,Free,0.0,Everyone,Personalization,"May 21, 2018",3.1,4.0.3 and up,0.0,May,0
B Tiff Viewer,PHOTOGRAPHY,4.1,283.0,7.4,100000.0,Free,0.0,Everyone,Photography,"May 12, 2018",1.1.7.4,4.0 and up,0.0,May,0
Cardi B Wallpaper,ART_AND_DESIGN,4.8,253.0,3.7,50000.0,Free,0.0,Everyone,Art & Design,"November 1, 2017",1.0.0,4.0 and up,0.0,November,0
A & B Taxi,MAPS_AND_NAVIGATION,4.1,41.0,25.0,1000.0,Free,0.0,Everyone,Maps & Navigation,"July 4, 2018",0.19.13-SPECTRUM,4.0.3 and up,0.0,July,0
Cardi B HD Wallpapers Lock Screen,PERSONALIZATION,4.5,2.0,10.0,500.0,Free,0.0,Mature 17+,Personalization,"June 10, 2018",1.3,4.0.3 and up,0.0,June,0
C Programming,FAMILY,4.3,22248.0,1.8,1000000.0,Free,0.0,Everyone,Education,"June 28, 2015",3.0,2.3 and up,0.0,June,0
CppDroid - C/C++ IDE,FAMILY,4.1,29978.0,13.0,1000000.0,Free,0.0,Everyone,Education,"August 17, 2017",Varies with device,Varies with device,0.0,August,0
Learn C [NEW],FAMILY,4.5,349.0,11.0,50000.0,Free,0.0,Everyone,Education,"March 16, 2018",2.1.1,4.0 and up,0.0,March,0
CL Mobile - Classifieds for Craigslist,SHOPPING,4.4,27275.0,8.3,1000000.0,Free,0.0,Teen,Shopping,"July 30, 2018",27500000,4.1 and up,0.0,July,0
C Programs and Reference,BOOKS_AND_REFERENCE,4.2,873.0,2.5,50000.0,Free,0.0,Everyone,Books & Reference,"July 31, 2014",2.2,2.1 and up,0.0,July,0
Learn C++,FAMILY,4.6,73404.0,5.3,1000000.0,Free,0.0,Everyone,Education,"December 25, 2017",4.5.2,4.0 and up,0.0,December,0
C Programming Zone,FAMILY,4.6,1218.0,4.0,50000.0,Free,0.0,Everyone,Education,"May 13, 2017",3.0,4.0.3 and up,0.0,May,0
C Offline Tutorial,BOOKS_AND_REFERENCE,4.7,88.0,4.2,1000.0,Free,0.0,Everyone,Books & Reference,"December 8, 2017",1.0.1,4.1 and up,0.0,December,0
All C Programs,FAMILY,4.7,2387.0,6.9,100000.0,Free,0.0,Everyone,Education,"June 9, 2018",2.5.1,4.1 and up,0.0,June,0
CPlus for Craigslist - Officially Licensed,LIFESTYLE,4.5,8096.0,16.0,1000000.0,Free,0.0,Mature 17+,Lifestyle,"August 3, 2018",1.6.4,4.1 and up,0.0,August,0
Alt-C,PRODUCTIVITY,4.0,499.0,4.7,10000.0,Free,0.0,Everyone,Productivity,"January 27, 2017",1.37,4.0 and up,0.0,January,0
C-SPAN Radio,FAMILY,3.6,608.0,5.4,100000.0,Free,0.0,Everyone,Entertainment,"May 17, 2018",4.3.2,4.1 and up,0.0,May,0
Community by C Space,LIFESTYLE,4.7,707.0,26.0,5000.0,Free,0.0,Everyone,Lifestyle,"July 17, 2018",2.2.0,4.4 and up,0.0,July,0
My C Spire,PRODUCTIVITY,4.1,376.0,32.0,50000.0,Free,0.0,Everyone,Productivity,"July 23, 2018",2.15.1,4.4 and up,0.0,July,0
learn c in hindi,FAMILY,4.3,109.0,2.7,5000.0,Free,0.0,Everyone,Education,"June 24, 2017",4.1,4.0 and up,0.0,June,0
Learn C Programming (Examples) (OFFLINE),FAMILY,4.3,43.0,3.7,10000.0,Free,0.0,Everyone,Education,"December 16, 2017",1.0.3,4.1 and up,0.0,December,0
"C Programming - Learn Code, Theory & Discuss",FAMILY,4.5,2751.0,7.0,100000.0,Free,0.0,Everyone,Education,"June 15, 2018",3.2.8,4.0.3 and up,0.0,June,0
Expert C Programming - Learn C Coding Easily,FAMILY,4.4,77.0,6.9,5000.0,Free,0.0,Everyone,Education,"January 5, 2018",1.1.9,5.0 and up,0.0,January,0
codeEazy - C/C++/JAVA,FAMILY,4.6,130.0,2.2,10000.0,Free,0.0,Everyone,Education,"April 4, 2016",1.0.3,4.0.3 and up,0.0,April,0
Batmobile™ R/C Controller,FAMILY,3.7,452.0,30.0,100000.0,Free,0.0,Everyone,Entertainment,"February 2, 2018",1.0.8,4.4 and up,0.0,February,0
C Pattern Programs Free,FAMILY,4.5,4115.0,5.8,100000.0,Free,0.0,Everyone,Education,"July 8, 2018",7.1.0,4.0 and up,0.0,July,0
C Programs Handbook,BOOKS_AND_REFERENCE,4.0,459.0,3.1,50000.0,Free,0.0,Everyone,Books & Reference,"November 16, 2017",2.2.3.3,4.0 and up,0.0,November,0
C Functions,FAMILY,4.8,55.0,1.5,1000.0,Free,0.0,Everyone,Education,"September 26, 2015",1.0,4.0.3 and up,0.0,September,0
Learn C# - .Net - C Sharp Programming Tutorial App,FAMILY,4.0,1320.0,8.6,100000.0,Free,0.0,Everyone,Education,"June 3, 2018",4.1.0,4.1 and up,0.0,June,0
Learn Basic C - For Beginners,FAMILY,4.7,27.0,0.75390625,5000.0,Free,0.0,Everyone,Education,"January 20, 2016",1.0,3.0 and up,0.0,January,0
C Prowess,FAMILY,4.8,306.0,3.3,5000.0,Free,0.0,Everyone,Education,"June 3, 2017",1.2,4.1 and up,0.0,June,0
101 C Programming Problems,FAMILY,4.6,498.0,5.0,50000.0,Free,0.0,Everyone,Education,"October 15, 2017",2.0,4.0.3 and up,0.0,October,0
Let us C - Example Programs,FAMILY,4.3,36.0,1.1,5000.0,Free,0.0,Everyone,Education,"August 30, 2017",1.2,3.0 and up,0.0,August,0
C Examples,FAMILY,4.2,1002.0,4.4,10000.0,Free,0.0,Everyone,Education,"August 31, 2016",3.9,4.0 and up,0.0,August,0
C BOOK-C PROGRAMS,FAMILY,4.8,138.0,2.1,10000.0,Free,0.0,Everyone,Education,"September 22, 2017",1.0,3.0 and up,0.0,September,0
100+ C Programs,FAMILY,4.2,20.0,1.6,5000.0,Free,0.0,Everyone,Education,"January 3, 2017",1.0,4.0 and up,0.0,January,0
Dance School Stories - Dance Dreams Come True,FAMILY,4.4,91171.0,36.0,1000000.0,Free,0.0,Everyone,Role Playing,"August 3, 2018",1.0.8,4.1 and up,0.0,August,0
Z Ringtones PREMIUM 2018,PERSONALIZATION,4.5,10158.0,3.6,500000.0,Free,0.0,Everyone,Personalization,"March 1, 2018",1.5,4.0.3 and up,0.0,March,0
E! News,NEWS_AND_MAGAZINES,4.0,15443.0,25.0,1000000.0,Free,0.0,Teen,News & Magazines,"June 19, 2018",4.2.133,4.4 and up,0.0,June,0
E-cigarette for free,FAMILY,3.6,1354.0,4.8,500000.0,Free,0.0,Mature 17+,Entertainment,"October 23, 2017",1.0,2.3 and up,0.0,October,0
World History Quick e-Book,FAMILY,4.4,1657.0,4.9,100000.0,Free,0.0,Everyone,Education;Education,"July 17, 2018",1.35,4.1 and up,0.0,July,0
Greeting Cards & Wishes,SOCIAL,4.5,17350.0,12.0,500000.0,Free,0.0,Everyone,Social,"July 18, 2018",1.078,Varies with device,0.0,July,0
theScore esports,SPORTS,4.5,16257.0,14.0,500000.0,Free,0.0,Everyone 10+,Sports,"February 3, 2017",2.8,4.1 and up,0.0,February,0
EX File Explorer File Manager,PRODUCTIVITY,4.0,4660.0,5.9,1000000.0,Free,0.0,Everyone,Productivity,"October 6, 2016",1.0,4.0 and up,0.0,October,0
Aab e Hayat Full Novel,BOOKS_AND_REFERENCE,4.3,1476.0,41.0,100000.0,Free,0.0,Everyone,Books & Reference,"February 21, 2017",1.0,3.0 and up,0.0,February,0
E-NUM,FINANCE,4.0,10374.0,13.0,500000.0,Free,0.0,Everyone,Finance,"October 24, 2016",Varies with device,Varies with device,0.0,October,0
Synd e-Passbook,FINANCE,4.3,9400.0,6.1,1000000.0,Free,0.0,Everyone,Finance,"May 12, 2016",1.09,2.2 and up,0.0,May,0
F-Stop Gallery,PHOTOGRAPHY,4.2,12726.0,15.0,1000000.0,Free,0.0,Everyone,Photography,"July 21, 2018",4.9.18,4.1 and up,0.0,July,0
FlashLight F.Light,TOOLS,4.3,3943.0,11.0,100000.0,Free,0.0,Everyone,Tools,"May 23, 2018",1.4.2,5.0 and up,0.0,May,0
F-Secure SENSE,TOOLS,4.6,57.0,13.0,5000.0,Free,0.0,Everyone,Tools,"July 4, 2018",1.0.988,5.0 and up,0.0,July,0
Super Car F. Mod for MCPE,GAME,3.6,214.0,4.9,50000.0,Free,0.0,Everyone,Adventure,"July 19, 2018",3.0.1,4.2 and up,0.0,July,0
F-Secure KEY Password manager,TOOLS,4.2,2588.0,7.6,100000.0,Free,0.0,Everyone,Tools,"June 27, 2018",4.7.4,4.0 and up,0.0,June,0
Inputting Plus: Ctrl + Z/F/C/V,PRODUCTIVITY,4.2,1117.0,3.0,50000.0,Free,0.0,Everyone,Productivity,"October 18, 2017",1.0.6,5.0 and up,0.0,October,0
CTRL-F - Search the real world,PRODUCTIVITY,4.4,607.0,37.0,50000.0,Free,0.0,Everyone,Productivity,"July 24, 2016",1.1,4.0.3 and up,0.0,July,0
F-Secure SAFE,TOOLS,4.3,9433.0,9.3,500000.0,Free,0.0,Everyone,Tools,"July 30, 2018",17.4.0014017,5.0 and up,0.0,July,0
MHD F-Series,AUTO_AND_VEHICLES,4.9,73.0,23.0,1000.0,Free,0.0,Everyone,Auto & Vehicles,"June 5, 2018",version 0.994,3.2 and up,0.0,June,0
F-Secure AV Test,TOOLS,4.5,1250.0,0.2353515625,50000.0,Free,0.0,Everyone,Tools,"March 6, 2018",1.0.1,4.0.3 and up,0.0,March,0
F-Secure Mobile Security,TOOLS,4.2,13096.0,9.2,500000.0,Free,0.0,Everyone,Tools,"July 30, 2018",17.4.0014017,5.0 and up,0.0,July,0
f'east,LIFESTYLE,3.8,38.0,4.8,5000.0,Free,0.0,Everyone,Lifestyle,"April 17, 2018",2.6.3,4.0 and up,0.0,April,0
HumorCast - Authentic Weather,WEATHER,4.4,6495.0,40.0,100000.0,Free,0.0,Teen,Weather,"July 12, 2018",4.4.4,4.4 and up,0.0,July,0
F & M Mobile Banking,FINANCE,4.0,43.0,13.0,5000.0,Free,0.0,Everyone,Finance,"February 20, 2018",4.5.0,4.0 and up,0.0,February,0
F,TOOLS,4.3,6.0,4.9,500.0,Free,0.0,Everyone,Tools,"May 15, 2018",1.0.2,4.0 and up,0.0,May,0
RPG End of Aspiration F,FAMILY,4.4,20368.0,31.0,500000.0,Free,0.0,Teen,Role Playing,"December 15, 2016",3.0.0fr,2.3 and up,0.0,December,0
F-Secure Freedome for Business,BUSINESS,3.8,183.0,9.9,50000.0,Free,0.0,Everyone,Business,"July 16, 2018",2.5.1.7594.psb,4.0.3 and up,0.0,July,0
"f.lux (preview, root-only)",HEALTH_AND_FITNESS,3.7,5559.0,3.7,500000.0,Free,0.0,Everyone,Health & Fitness,"March 15, 2016",22.0,4.0.3 and up,0.0,March,0
Convert degree Celsius to Fahrenheit or °F to °C,TOOLS,4.4,51.0,2.1,5000.0,Free,0.0,Everyone,Tools,"May 21, 2018",1.5.8,4.0 and up,0.0,May,0
F-Gas Solutions,BUSINESS,4.2,127.0,1.4,10000.0,Free,0.0,Everyone,Business,"October 7, 2016",2.1.3,4.0 and up,0.0,October,0
Rolling G Sky,GAME,3.6,2065.0,25.0,100000.0,Free,0.0,Everyone,Adventure,"January 25, 2017",1.0,2.3.3 and up,0.0,January,0
G-Switch 2,GAME,4.4,12683.0,19.0,1000000.0,Free,0.0,Everyone,Action,"February 5, 2018",1.1,2.3 and up,0.0,February,0
G-Switch 3,GAME,4.6,3656.0,39.0,100000.0,Free,0.0,Everyone,Action,"March 15, 2018",1.1.3,3.0 and up,0.0,March,0
Share G - Images Sharing - Wallpapers App,SOCIAL,4.4,120.0,2.3,10000.0,Free,0.0,Teen,Social,"October 5, 2017",1.0,4.0.3 and up,0.0,October,0
G-Switch,GAME,3.8,4116.0,8.8,100000.0,Free,0.0,Everyone,Action,"September 1, 2015",1.3.4,2.3 and up,0.0,September,0
Offroad G-Class 2018,FAMILY,4.4,7715.0,28.0,500000.0,Free,0.0,Everyone,Simulation,"June 29, 2018",1.7,4.1 and up,0.0,June,0
My G:,MAPS_AND_NAVIGATION,3.7,96.0,14.0,10000.0,Free,0.0,Everyone,Maps & Navigation,"November 14, 2017",1.4.0,4.1 and up,0.0,November,0
Speedometer with G-FORCE meter,TOOLS,3.8,415.0,2.7,50000.0,Free,0.0,Everyone,Tools,"June 1, 2017",7.0,2.3 and up,0.0,June,0
Radial-G : Infinity,GAME,3.6,517.0,47.0,50000.0,Free,0.0,Everyone,Arcade,"December 7, 2015",1.4,4.1 and up,0.0,December,0
G-REMOTE,HOUSE_AND_HOME,4.5,30.0,25.0,1000.0,Free,0.0,Everyone,House & Home,"August 1, 2018",2.4,4.0.3 and up,0.0,August,0
Car G-Force Meter,TOOLS,4.2,184.0,1.3,10000.0,Free,0.0,Everyone,Tools,"July 29, 2017",2.23,4.0 and up,0.0,July,0
DNS Changer - BEST (Gprs/Edge/3G/H/H+/4G),TOOLS,4.3,123.0,1.9,5000.0,Free,0.0,Everyone,Tools,"September 30, 2017",1.2,4.0 and up,0.0,September,0
صور حرف H,ART_AND_DESIGN,4.4,13.0,4.5,1000.0,Free,0.0,Everyone,Art & Design,"March 27, 2018",2.0,4.0.3 and up,0.0,March,0
H!LooK - Dating,DATING,4.2,46.0,26.0,10000.0,Free,0.0,Mature 17+,Dating,"July 29, 2018",2.1.6,5.0 and up,0.0,July,0
H-Connect,HEALTH_AND_FITNESS,4.0,50.0,15.0,5000.0,Free,0.0,Everyone,Health & Fitness,"July 3, 2018",2.14,4.4 and up,0.0,July,0
AntennaPict β,COMMUNICATION,4.3,15439.0,2.2,1000000.0,Free,0.0,Everyone,Communication,"November 7, 2016",2.0.0,2.3 and up,0.0,November,0
Elkhart County 4-H Fair,FAMILY,3.9,38.0,42.0,5000.0,Free,0.0,Everyone,Entertainment,"April 6, 2018",5055.524.5,4.1 and up,0.0,April,0
H letter images,SOCIAL,4.3,17.0,8.5,1000.0,Free,0.0,Teen,Social,"June 28, 2018",16.7,4.0.3 and up,0.0,June,0
H Band,HEALTH_AND_FITNESS,4.0,214.0,8.9,10000.0,Free,0.0,Everyone,Health & Fitness,"June 13, 2018",3.0.2,4.4 and up,0.0,June,0
MJX H,FAMILY,3.7,126.0,13.0,10000.0,Free,0.0,Everyone,Entertainment,"August 22, 2017",1.0-build20170819,4.1 and up,0.0,August,0
H-Kakashi - theme Xperia™,PERSONALIZATION,4.6,621.0,5.4,50000.0,Free,0.0,Everyone,Personalization,"December 1, 2017",a.2,4.4 and up,0.0,December,0
RC City Police Heavy Traffic Racer,GAME,4.4,3250.0,27.0,1000000.0,Free,0.0,Everyone,Racing,"July 19, 2018",1.2,4.0 and up,0.0,July,0
"Alphabet ""H"" Passcode Lock Screen",PERSONALIZATION,4.5,2.0,3.0,100.0,Free,0.0,Everyone,Personalization,"December 21, 2017",1.0,4.1 and up,0.0,December,0
Add-On: Alcatel (h),PRODUCTIVITY,4.5,107.0,1.2,50000.0,Free,0.0,Everyone,Productivity,"May 19, 2015",10.0.3148,4.0 and up,0.0,May,0
My Android Device S/W & H/W,FAMILY,4.5,681.0,2.8,50000.0,Free,0.0,Everyone,Education,"November 20, 2015",1.1,2.3 and up,0.0,November,0
ADMIRALTY H-Note,BUSINESS,4.5,176.0,19.0,10000.0,Free,0.0,Everyone,Business,"October 25, 2016",2.0,5.0 and up,0.0,October,0
Force LTE Only,TOOLS,4.1,10426.0,7.2,1000000.0,Free,0.0,Everyone,Tools,"February 4, 2018",1.4,4.0 and up,0.0,February,0
Helix,GAME,3.9,2454.0,37.0,500000.0,Free,0.0,Everyone,Arcade,"September 10, 2017",1.2,4.0 and up,0.0,September,0
I am Nose Doctor -Save my Nose,FAMILY,4.2,3133.0,34.0,500000.0,Free,0.0,Everyone,Casual,"January 4, 2016",1.1.1,3.1 and up,0.0,January,0
What was I in my Past Life,FAMILY,3.7,7453.0,6.5,1000000.0,Free,0.0,Everyone,Entertainment,"December 19, 2017",2.1,4.1 and up,0.0,December,0
I Screen Dialer,TOOLS,4.1,8137.0,3.9,1000000.0,Free,0.0,Everyone,Tools,"February 25, 2018",1.11,4.3 and up,0.0,February,0
I'm Ping Pong King :),SPORTS,4.4,29864.0,40.0,1000000.0,Free,0.0,Everyone,Sports,"July 26, 2018",2.5,4.1 and up,0.0,July,0
FollowMeter for Instagram,SOCIAL,4.4,90082.0,8.8,1000000.0,Free,0.0,Everyone,Social,"May 22, 2018",2.44,4.1 and up,0.0,May,0
I LOVE PASTA,FAMILY,4.0,83875.0,43.0,1000000.0,Free,0.0,Everyone,Simulation,"September 8, 2017",1.6.1,2.3.3 and up,0.0,September,0
J Touch,TOOLS,4.6,2176.0,0.9306640625,100000.0,Free,0.0,Everyone,Tools,"August 1, 2018",1.5.1-GP,4.1 and up,0.0,August,0
The J-Notes: Jazz News,SPORTS,4.3,7.0,7.2,1000.0,Free,0.0,Everyone 10+,Sports,"February 28, 2018",5.2.2,4.1 and up,0.0,February,0
J-UFO,FAMILY,3.5,339.0,13.0,100000.0,Free,0.0,Everyone,Entertainment,"December 12, 2017",Varies with device,4.0.3 and up,0.0,December,0
J. Cole Rapper Wallpaper HD,PERSONALIZATION,4.1,8.0,3.1,1000.0,Free,0.0,Everyone,Personalization,"January 11, 2018",1.0,4.1 and up,0.0,January,0
Keyboard for Sony Xperia J,PERSONALIZATION,4.1,797.0,6.7,50000.0,Free,0.0,Everyone,Personalization,"July 29, 2018",1.279.13.98,4.0.3 and up,0.0,July,0
Harris J Lyrics,FAMILY,4.7,36.0,7.1,1000.0,Free,0.0,Everyone,Entertainment,"March 12, 2018",1.3,4.0.3 and up,0.0,March,0
J Balvin Piano Tiles,GAME,4.3,6.0,30.0,500.0,Free,0.0,Everyone,Music,"May 15, 2018",2.0,4.1 and up,0.0,May,0
Guess the song of J Balvin,GAME,4.3,28.0,8.9,1000.0,Free,0.0,Everyone,Trivia,"December 24, 2017",1.1,4.1 and up,0.0,December,0
J-Stars Victory VS Guide,GAME,4.1,609.0,13.0,10000.0,Free,0.0,Everyone,Action,"May 14, 2014",1.7,2.2 and up,0.0,May,0
2048 BTS J Hope KPop Puzzle Game,FAMILY,4.7,17.0,2.4,1000.0,Free,0.0,Everyone,Puzzle,"September 26, 2017",1,2.3.3 and up,0.0,September,0
J. Polep Plus Mobile,PRODUCTIVITY,4.3,0.0,44.0,100.0,Free,0.0,Everyone,Productivity,"March 26, 2018",1.1.4,5.0 and up,0.0,March,0
J. Cole Albums (2007-2017),FAMILY,4.6,7.0,7.3,1000.0,Free,0.0,Mature 17+,Entertainment,"April 11, 2018",1.3,4.0.3 and up,0.0,April,0
J Dark Ice Substratum Theme,PERSONALIZATION,4.5,164.0,33.0,10000.0,Free,0.0,Everyone,Personalization,"July 19, 2018",4.3,6.0 and up,0.0,July,0
BTS J-Hope Wallpaper KPOP Fans HD,PERSONALIZATION,4.7,98.0,3.4,10000.0,Free,0.0,Everyone,Personalization,"May 19, 2018",1.1.1,4.0 and up,0.0,May,0
BTS j-hope LINE Launcher theme,PERSONALIZATION,4.9,934.0,3.8,10000.0,Free,0.0,Everyone,Personalization,"October 17, 2014",4.1,4.0.3 and up,0.0,October,0
BTS J-Hope Wallpaper HD for KPOP Fans,PERSONALIZATION,4.3,4.0,3.6,500.0,Free,0.0,Everyone,Personalization,"July 26, 2018",2.1.4,4.0 and up,0.0,July,0
K Health,HEALTH_AND_FITNESS,4.1,290.0,40.0,50000.0,Free,0.0,Teen,Health & Fitness,"July 22, 2018",1.7.2992,4.1 and up,0.0,July,0
CIRCLE K,SHOPPING,4.4,9140.0,14.0,500000.0,Free,0.0,Everyone,Shopping,"July 31, 2018",5.9.0,4.4 and up,0.0,July,0
K-@ Mail - Email App,COMMUNICATION,4.1,1760.0,13.0,100000.0,Free,0.0,Everyone,Communication,"July 23, 2016",Varies with device,Varies with device,0.0,July,0
Sight Words Pre-K to Grade-3,FAMILY,4.4,1185.0,40.0,100000.0,Free,0.0,Everyone,Educational;Education,"June 17, 2018",1.5.1,4.1 and up,0.0,June,0
[Substratum] K-Manager for K-Klock,PERSONALIZATION,4.5,14.0,11.0,1000.0,Free,0.0,Everyone,Personalization,"July 31, 2018",31,7.0 and up,0.0,July,0
K keyboard - Myanmar,TOOLS,4.8,1955.0,14.0,100000.0,Free,0.0,Everyone,Tools,"March 17, 2018",1.0.8,4.1 and up,0.0,March,0
K-Chiing VPN (Free),TOOLS,3.7,43.0,10.0,5000.0,Free,0.0,Mature 17+,Tools,"July 24, 2018",2.1.2,4.1 and up,0.0,July,0
Preschool All-In-One,FAMILY,4.1,9019.0,44.0,1000000.0,Free,0.0,Everyone,Casual;Education,"March 28, 2018",6.6,4.0 and up,0.0,March,0
OST),FAMILY,3.7,4444.0,10.0,500000.0,Free,0.0,Everyone,Entertainment,"July 6, 2018",3.0.12,4.1 and up,0.0,July,0
Radio K - KUOM,FAMILY,4.5,39.0,7.4,1000.0,Free,0.0,Everyone,Entertainment,"March 9, 2018",3.0.57,4.1 and up,0.0,March,0
Speech Therapy: K,FAMILY,4.3,2.0,15.0,1000.0,Free,0.0,Everyone,Education,"October 7, 2016",1.0,2.3.3 and up,0.0,October,0
K-Otic Universe,FAMILY,4.9,55.0,40.0,1000.0,Free,0.0,Everyone,Puzzle,"August 3, 2018",108,4.1 and up,0.0,August,0
CASE K-12 Math English Science,FAMILY,4.6,60.0,2.1,10000.0,Free,0.0,Everyone,Education,"May 1, 2016",1.0,2.2 and up,0.0,May,0
Mermaid Princess Pre K Games,FAMILY,4.3,19.0,31.0,5000.0,Free,0.0,Everyone,Educational;Education,"June 29, 2018",3.01,4.1 and up,0.0,June,0
K-App Mitarbeiter Galeria Kaufhof,PRODUCTIVITY,4.3,0.0,19.0,100.0,Free,0.0,Everyone,Productivity,"July 10, 2018",3.27.1,4.4 and up,0.0,July,0
"Niche: College, K-12, and Neighborhood Search",LIFESTYLE,4.0,42.0,26.0,5000.0,Free,0.0,Everyone,Lifestyle,"July 6, 2018",1.0.1,4.4 and up,0.0,July,0
"K-Spapp, the K-Space app",FAMILY,4.8,39.0,3.6,1000.0,Free,0.0,Everyone,Education,"February 9, 2017",1.53,4.0.3 and up,0.0,February,0
"Math Quiz Free: Grades K,1,2,3",FAMILY,4.3,159.0,13.0,10000.0,Free,0.0,Everyone,Education;Education,"February 3, 2015",1.0,4.0 and up,0.0,February,0
K-9 Material (unofficial),COMMUNICATION,4.4,64.0,4.5,5000.0,Free,0.0,Teen,Communication,"March 27, 2017",5.206,5.0 and up,0.0,March,0
Discovery K!ds Play! Español,FAMILY,4.2,11263.0,35.0,1000000.0,Free,0.0,Everyone,Entertainment;Music & Video,"May 3, 2018",2.1.0.2173,4.0.3 and up,0.0,May,0
Wallpapers Bus Scania Irizar K,PERSONALIZATION,4.3,35.0,15.0,10000.0,Free,0.0,Teen,Personalization,"April 21, 2016",1.0,2.3.3 and up,0.0,April,0
K-pop Music,FAMILY,4.0,369.0,3.5,10000.0,Free,0.0,Everyone,Entertainment,"January 11, 2017",2.0.0,2.3 and up,0.0,January,0
Korean Dungeon: K-Word 1000,GAME,4.7,703.0,40.0,10000.0,Free,0.0,Everyone 10+,Word,"November 17, 2017",1.0.4,4.1 and up,0.0,November,0
"Messenger L SMS, MMS",PERSONALIZATION,4.0,6263.0,20.0,500000.0,Free,0.0,Everyone,Personalization,"July 12, 2018",7.46,2.3 and up,0.0,July,0
EXO-L,FAMILY,4.6,67410.0,0.8447265625,1000000.0,Free,0.0,Everyone,Entertainment,"November 2, 2017",1.0.9,2.2 and up,0.0,November,0
Calculator L,PRODUCTIVITY,4.5,2965.0,2.4,100000.0,Free,0.0,Everyone,Productivity,"May 10, 2015",1.1.3,4.3 and up,0.0,May,0
Emoji Android L Keyboard,PRODUCTIVITY,4.0,11535.0,6.8,1000000.0,Free,0.0,Everyone,Productivity,"December 7, 2017",1.42,4.0 and up,0.0,December,0
Lollipop Keyboard L Pro,PERSONALIZATION,3.6,5525.0,2.6,500000.0,Free,0.0,Everyone,Personalization,"June 6, 2016",1.6,2.3 and up,0.0,June,0
French to English Speaking - Apprendre l' Anglais,FAMILY,4.5,4251.0,13.0,1000000.0,Free,0.0,Everyone,Education,"April 27, 2018",23.0,4.0.3 and up,0.0,April,0
Clock L,PERSONALIZATION,3.9,2852.0,5.4,100000.0,Free,0.0,Everyone,Personalization,"September 7, 2015",1.3,4.0 and up,0.0,September,0
Dialer theme Droid L,PERSONALIZATION,4.3,1734.0,2.8,100000.0,Free,0.0,Mature 17+,Personalization,"April 2, 2016",4.0,4.0.3 and up,0.0,April,0
SPEED L,SHOPPING,4.3,85.0,2.9,50000.0,Free,0.0,Everyone,Shopping,"June 26, 2018",1.24,4.4 and up,0.0,June,0
Je Parle ANGLAIS - Apprendre l’anglais Audio cours,FAMILY,4.4,499.0,27.0,100000.0,Free,0.0,Everyone,Education,"March 13, 2018",2.4,4.0.3 and up,0.0,March,0
M-Files,BUSINESS,4.4,236.0,44.0,10000.0,Free,0.0,Everyone,Business,"June 26, 2018",3.1.1,4.4 and up,0.0,June,0
M Launcher -Marshmallow 6.0,PERSONALIZATION,4.4,37234.0,7.3,1000000.0,Free,0.0,Everyone,Personalization,"March 22, 2018",1.4.9,4.1 and up,0.0,March,0
"Mobizen Screen Recorder for LG - Record, Capture",VIDEO_PLAYERS,4.5,58820.0,37.0,1000000.0,Free,0.0,Everyone,Video Players & Editors,"April 26, 2018",3.5.1.8,4.4 and up,0.0,April,0
M3-X5-X6-M-İ3-İ8 RACİNG 2018,GAME,4.4,596.0,44.0,100000.0,Free,0.0,Everyone,Arcade,"February 12, 2017","1,01",4.0 and up,0.0,February,0
360-M Flight,TOOLS,3.9,84.0,24.0,10000.0,Free,0.0,Everyone,Tools,"December 14, 2017",2.18,4.0.3 and up,0.0,December,0
M-acceleration 3D Car Racing,GAME,3.9,1202.0,34.0,100000.0,Free,0.0,Everyone,Racing,"June 28, 2018",1.6,4.1 and up,0.0,June,0
M+,NEWS_AND_MAGAZINES,4.9,198.0,9.1,10000.0,Free,0.0,Everyone,News & Magazines,"May 29, 2018",3.2.2,5.0 and up,0.0,May,0
Super Hero M Craft Run,GAME,3.7,303.0,38.0,100000.0,Free,0.0,Everyone,Arcade,"July 12, 2017",1.6,4.0.3 and up,0.0,July,0
GTS-M,TOOLS,4.2,38.0,0.2451171875,5000.0,Free,0.0,Everyone,Tools,"January 26, 2017",1.4,1.6 and up,0.0,January,0
M star Dialer,COMMUNICATION,3.5,400.0,4.2,100000.0,Free,0.0,Everyone,Communication,"March 20, 2017",3.8.8,2.2 and up,0.0,March,0
I’m Expecting - Pregnancy App,HEALTH_AND_FITNESS,4.6,71266.0,49.0,1000000.0,Free,0.0,Everyone,Health & Fitness,"March 30, 2018",2.3.2,4.0.3 and up,0.0,March,0
M Notifier for M Launcher,TOOLS,4.2,2803.0,1.4,100000.0,Free,0.0,Everyone,Tools,"February 15, 2017",1.0.4,4.0 and up,0.0,February,0
M Theme - Dark Green Icon Pack,PERSONALIZATION,4.2,202.0,4.9,10000.0,Free,0.0,Everyone,Personalization,"November 16, 2016",1.2.3,3.0 and up,0.0,November,0
m-Faisaa,FINANCE,4.0,142.0,6.2,10000.0,Free,0.0,Everyone,Finance,"July 13, 2018",5.3,4.0.3 and up,0.0,July,0
Diabetes:M,MEDICAL,4.6,15537.0,13.0,100000.0,Free,0.0,Everyone,Medical,"August 1, 2018",6.1.3,Varies with device,0.0,August,0
m.ride - your motorcycle app,AUTO_AND_VEHICLES,4.5,189.0,16.0,10000.0,Free,0.0,Everyone,Auto & Vehicles,"July 3, 2018",1.1.6,6.0 and up,0.0,July,0
N Launcher: Nougat Theme,PERSONALIZATION,4.2,128.0,7.7,10000.0,Free,0.0,Everyone,Personalization,"June 13, 2017",1.0,4.1 and up,0.0,June,0
Dino in City-Dinosaur N Police,FAMILY,3.7,10035.0,30.0,1000000.0,Free,0.0,Teen,Simulation,"May 23, 2018",2.07,4.1 and up,0.0,May,0
Cops N Robbers 2,GAME,4.1,63680.0,46.0,1000000.0,Free,0.0,Everyone 10+,Adventure,"June 2, 2018",2.2.2,4.1 and up,0.0,June,0
N Launcher - Nougat 7.0,PERSONALIZATION,4.4,32597.0,8.4,1000000.0,Free,0.0,Everyone,Personalization,"May 24, 2018",1.5.2,4.1 and up,0.0,May,0
Tap N Pay,PRODUCTIVITY,4.4,253.0,8.2,10000.0,Free,0.0,Everyone,Productivity,"July 31, 2018",0.1.22,4.1 and up,0.0,July,0
Dual N-Back - Brain game,FAMILY,4.3,817.0,28.0,100000.0,Free,0.0,Everyone,Educational,"May 25, 2018",2.4.2,4.1 and up,0.0,May,0
N Files - File Manager & Explorer,PRODUCTIVITY,4.3,369.0,11.0,10000.0,Free,0.0,Everyone,Productivity,"July 18, 2018",2.9.5,4.1 and up,0.0,July,0
Mopar Drag N Brag,GAME,4.2,30630.0,17.0,1000000.0,Free,0.0,Everyone,Racing,"May 25, 2015",1.2.5,4.1 and up,0.0,May,0
Read Unlimitedly! Kids'n Books,FAMILY,3.8,7462.0,31.0,1000000.0,Free,0.0,Everyone,Education;Music & Video,"February 16, 2018",3.42,2.3 and up,0.0,February,0
Eat'n Park,LIFESTYLE,3.5,292.0,20.0,50000.0,Free,0.0,Everyone,Lifestyle,"December 18, 2017",3.1.3,4.0 and up,0.0,December,0
Rock N' Cash Casino Slots -Free Vegas Slot Games,GAME,4.7,6187.0,33.0,100000.0,Free,0.0,Teen,Casino,"July 27, 2018",1.15.0,4.0.3 and up,0.0,July,0
Sketch 'n' go,VIDEO_PLAYERS,3.8,3965.0,6.4,100000.0,Free,0.0,Everyone,Video Players & Editors,"March 26, 2018",2.2.9,4.1 and up,0.0,March,0
Rock n Roll Music Quiz Game,GAME,3.7,80.0,7.6,10000.0,Free,0.0,Everyone,Trivia,"June 6, 2018",5.0,4.1 and up,0.0,June,0
N-Back,FAMILY,4.1,413.0,0.908203125,10000.0,Free,0.0,Everyone,Puzzle,"February 15, 2016",1.6,2.1 and up,0.0,February,0
O Launcher 8.0 for Android™ O Oreo Launcher,TOOLS,4.4,11393.0,8.7,1000000.0,Free,0.0,Everyone,Tools,"July 27, 2018",3.9,4.4 and up,0.0,July,0
WiFi-o-Matic,PRODUCTIVITY,4.0,736.0,6.8,50000.0,Free,0.0,Everyone,Productivity,"February 1, 2018",1.80.03,4.1 and up,0.0,February,0
O Shopping,SHOPPING,3.9,671.0,3.6,100000.0,Free,0.0,Everyone,Shopping,"July 23, 2018",1.1.2,4.0.3 and up,0.0,July,0
AC Remote for O General - NOW FREE,TOOLS,3.7,274.0,26.0,50000.0,Free,0.0,Everyone,Tools,"July 30, 2018",6.1.7,4.2 and up,0.0,July,0
Drink-O-Tron The Drinking Game,GAME,4.1,140.0,45.0,50000.0,Free,0.0,Mature 17+,Card,"May 31, 2017",1.64,4.0.3 and up,0.0,May,0
Multiling O Keyboard + emoji,PRODUCTIVITY,4.3,30443.0,0.52734375,1000000.0,Free,0.0,Everyone,Productivity,"July 3, 2018",0.54.2.4,2.1 and up,0.0,July,0
Google I/O 2018,BOOKS_AND_REFERENCE,4.3,22401.0,4.6,500000.0,Free,0.0,Everyone,Books & Reference,"May 7, 2018",6.1.2,5.0 and up,0.0,May,0
OO Launcher for Android O 8.0 Oreo™ Launcher,PERSONALIZATION,4.4,14832.0,8.6,1000000.0,Free,0.0,Everyone,Personalization,"August 3, 2018",4.6,4.0 and up,0.0,August,0
Band O'Clock,LIFESTYLE,3.8,1140.0,0.728515625,100000.0,Free,0.0,Everyone,Lifestyle,"December 3, 2011",0.11,2.1 and up,0.0,December,0
O Launcher,TOOLS,4.3,2059.0,10.0,100000.0,Free,0.0,Everyone,Tools,"May 22, 2018",1.1.4,5.0 and up,0.0,May,0
Verdad o Reto,SOCIAL,3.8,826.0,5.1,500000.0,Free,0.0,Teen,Social,"May 10, 2018",2.0,4.1 and up,0.0,May,0
O-Level Past Papers & Solution (up to 2017),FAMILY,3.8,589.0,28.0,100000.0,Free,0.0,Everyone,Education,"June 11, 2018",8.3.2,4.0.3 and up,0.0,June,0
"O Multiple - App Cloner, Duals APP, tarallel",TOOLS,3.9,145.0,5.2,50000.0,Free,0.0,Everyone,Tools,"May 15, 2018",1.0.7,4.1 and up,0.0,May,0
P Icon Pack for Pixel,PERSONALIZATION,4.4,38.0,51.0,1000.0,Free,0.0,Everyone,Personalization,"May 6, 2018",1.0.3,4.1 and up,0.0,May,0
"Super P Launcher for Android P 9.0 launcher, theme",TOOLS,4.4,2026.0,7.5,100000.0,Free,0.0,Everyone,Tools,"August 3, 2018",1.9,4.0 and up,0.0,August,0
pixiv,SOCIAL,4.2,86956.0,24.0,1000000.0,Free,0.0,Mature 17+,Social,"August 3, 2018",5.0.109,4.4 and up,0.0,August,0
P Launcher for Android™ 9.0,PERSONALIZATION,3.9,35.0,6.3,5000.0,Free,0.0,Everyone,Personalization,"July 1, 2018",0.9.3,5.0 and up,0.0,July,0
P Launcher Theme For Android™ 9.0,PERSONALIZATION,3.9,213.0,28.0,10000.0,Free,0.0,Everyone,Personalization,"May 18, 2018",1.4,4.0 and up,0.0,May,0
P Theme for Android™ P 9.0 Style Launcher,PERSONALIZATION,4.5,216.0,5.7,50000.0,Free,0.0,Everyone,Personalization,"April 13, 2018",1.4,4.1 and up,0.0,April,0
Android P Wallpapers,PERSONALIZATION,3.6,53.0,2.0,5000.0,Free,0.0,Everyone,Personalization,"February 12, 2018",1,4.0.3 and up,0.0,February,0
P XPERIA Theme™ | Design For SONY 🎨,PERSONALIZATION,4.4,147.0,16.0,10000.0,Free,0.0,Everyone,Personalization,"May 28, 2018",1.0.0,4.4 and up,0.0,May,0
Theme for New Android P,PERSONALIZATION,4.3,13.0,4.3,1000.0,Free,0.0,Everyone,Personalization,"May 23, 2018",1.1.4,4.0 and up,0.0,May,0
P9 Launcher - Android™ 9.0 P Launcher Style,TOOLS,4.3,1162.0,7.3,100000.0,Free,0.0,Everyone,Tools,"July 6, 2018",2.5,4.1 and up,0.0,July,0
Android P Stock Wallpapers,PERSONALIZATION,4.5,16.0,3.7,1000.0,Free,0.0,Everyone,Personalization,"August 1, 2018",2.3.0,5.0 and up,0.0,August,0
G-Pix [Android P] Dark EMUI 8/5 THEME,PERSONALIZATION,4.1,169.0,24.0,10000.0,Free,0.0,Everyone,Personalization,"March 25, 2018",7,4.4 and up,0.0,March,0
G-Pix [Android P] EMUI 8/5 THEME,PERSONALIZATION,4.1,720.0,10.0,100000.0,Free,0.0,Everyone,Personalization,"March 13, 2018",12,4.4 and up,0.0,March,0
Android-P Mono Grey EMUI 8/5 Theme,PERSONALIZATION,4.5,61.0,7.5,10000.0,Free,0.0,Everyone,Personalization,"April 4, 2018",4,4.4 and up,0.0,April,0
P XPERIA Theme™ | PURPLE - Design For SONY 🎨,PERSONALIZATION,4.3,3.0,13.0,500.0,Free,0.0,Everyone,Personalization,"June 5, 2018",1.0.0,4.4 and up,0.0,June,0
Materialistic P Wallpapers,PERSONALIZATION,4.8,24.0,3.6,1000.0,Free,0.0,Everyone,Personalization,"August 3, 2018",2.244,5.0 and up,0.0,August,0
Android P Rotation,TOOLS,4.5,502.0,2.0,10000.0,Free,0.0,Everyone,Tools,"July 15, 2018",1.5,5.0 and up,0.0,July,0
P XPERIA Theme™ | INDIGO - Design For SONY 🎨,PERSONALIZATION,4.3,12.0,14.0,1000.0,Free,0.0,Everyone,Personalization,"June 5, 2018",1.0.0,4.4 and up,0.0,June,0
Android P Launcher 9.0 launcher,TOOLS,4.0,164.0,2.3,10000.0,Free,0.0,Everyone,Tools,"April 23, 2018",1.0,5.0 and up,0.0,April,0
Pi Dark [substratum],PERSONALIZATION,4.5,189.0,2.1,10000.0,Free,0.0,Everyone,Personalization,"March 27, 2018",1.1,4.1 and up,0.0,March,0
"Official QR Code® Reader ""Q""",PRODUCTIVITY,4.4,3031.0,13.0,500000.0,Free,0.0,Everyone,Productivity,"March 23, 2018",Varies with device,Varies with device,0.0,March,0
Q Cat Live Wallpaper,PERSONALIZATION,4.2,4383.0,7.1,500000.0,Free,0.0,Teen,Personalization,"March 16, 2015",2.7,2.3.3 and up,0.0,March,0
Offroad Car Q,FAMILY,4.1,24668.0,40.0,1000000.0,Free,0.0,Everyone,Simulation,"August 4, 2016",1.0.2,2.3.3 and up,0.0,August,0
Gun Shoot War Q,GAME,4.2,26893.0,20.0,1000000.0,Free,0.0,Teen,Arcade,"March 1, 2017",1.0.5,2.3 and up,0.0,March,0
Q Actions - Digital Assistant,PRODUCTIVITY,4.3,0.0,13.0,500.0,Free,0.0,Everyone,Productivity,"July 20, 2018",Varies with device,Varies with device,0.0,July,0
Q Link Wireless Zone,PRODUCTIVITY,4.0,2194.0,17.0,500000.0,Free,0.0,Everyone,Productivity,"March 8, 2018",2.0.4,4.4 and up,0.0,March,0
Q Avatar (Avatar Maker),COMICS,4.4,2012.0,3.6,100000.0,Free,0.0,Everyone,Comics,"March 4, 2017",1.3.5,2.3 and up,0.0,March,0
Q downloader : download your social media videos,FAMILY,4.1,41.0,4.5,1000.0,Free,0.0,Everyone,Entertainment,"June 21, 2018",1.1.2.1,4.0.3 and up,0.0,June,0
Q Wunder,FAMILY,3.8,156.0,43.0,10000.0,Free,0.0,Everyone,Education;Education,"June 30, 2018",2.0.13,4.1 and up,0.0,June,0
Q Remote Control,TOOLS,3.8,4264.0,14.0,500000.0,Free,0.0,Everyone,Tools,"July 12, 2014",2.6.1,2.3 and up,0.0,July,0
Q-Ticketing,MAPS_AND_NAVIGATION,3.8,114.0,19.0,10000.0,Free,0.0,Everyone,Maps & Navigation,"December 18, 2017",1.8.3111,4.3 and up,0.0,December,0
myQ,TOOLS,3.6,3642.0,29.0,100000.0,Free,0.0,Everyone,Tools,"July 23, 2018",3.2.0,4.0.3 and up,0.0,July,0
Q Operator,BUSINESS,4.6,60.0,13.0,1000.0,Free,0.0,Everyone,Business,"November 8, 2016",1.10.4,4.3 and up,0.0,November,0
Q Call,TOOLS,4.3,20.0,16.0,1000.0,Free,0.0,Everyone,Tools,"July 16, 2018",2.100,4.0 and up,0.0,July,0
Q Mobile Banking,FINANCE,4.7,460.0,12.0,10000.0,Free,0.0,Everyone,Finance,"June 26, 2018",5.9.1.0,5.0 and up,0.0,June,0
Q Quiz SK,FAMILY,3.9,159.0,39.0,5000.0,Free,0.0,Everyone,Education,"December 8, 2015",2.3,2.3 and up,0.0,December,0
Big Q Car Service,MAPS_AND_NAVIGATION,4.4,75.0,26.0,5000.0,Free,0.0,Everyone,Maps & Navigation,"May 15, 2017",3.002,4.0.3 and up,0.0,May,0
Q-See QT View,TOOLS,3.6,7357.0,19.0,100000.0,Free,0.0,Everyone,Tools,"July 12, 2018",4.4.1,5.0 and up,0.0,July,0
"DataCamp - Learn R, Python & SQL",FAMILY,4.4,944.0,12.0,100000.0,Free,0.0,Everyone,Education,"August 1, 2018",3.1.0,4.1 and up,0.0,August,0
R Language Reference Guide,BOOKS_AND_REFERENCE,3.9,54.0,2.8,10000.0,Free,0.0,Everyone,Books & Reference,"December 24, 2017",1.11,4.0 and up,0.0,December,0
Run R Script - Online Statistical Data Analysis,FAMILY,3.9,8.0,6.2,1000.0,Free,0.0,Everyone,Education,"April 4, 2018",1.1 Build 226,2.2 and up,0.0,April,0
R Programming Language,FAMILY,3.8,39.0,2.9,1000.0,Free,0.0,Everyone,Education,"December 21, 2017",1.0,4.2 and up,0.0,December,0
R Programming,FAMILY,4.3,2.0,5.9,1000.0,Free,0.0,Everyone,Education,"November 21, 2017",1.0,4.0.3 and up,0.0,November,0
Learn R Programming Full,BOOKS_AND_REFERENCE,4.3,11.0,9.2,5000.0,Free,0.0,Everyone,Books & Reference,"January 30, 2018",1.5,5.0 and up,0.0,January,0
R Programming Tutorial,FAMILY,4.3,5.0,2.8,1000.0,Free,0.0,Everyone,Education,"May 14, 2017",1.0,4.0.3 and up,0.0,May,0
R Programing Offline Tutorial,BOOKS_AND_REFERENCE,5.0,4.0,3.9,1000.0,Free,0.0,Everyone,Books & Reference,"March 15, 2018",1.0.0,4.1 and up,0.0,March,0
Learn R Language Easy Way,FAMILY,4.1,17.0,2.2,10000.0,Free,0.0,Everyone,Education,"September 24, 2017",1.22,4.0.3 and up,0.0,September,0
.R,TOOLS,4.5,259.0,0.1982421875,10000.0,Free,0.0,Everyone,Tools,"September 16, 2014",1.1.06,1.5 and up,0.0,September,0
Guide for R Programming,BOOKS_AND_REFERENCE,4.3,0.0,3.7,5.0,Free,0.0,Everyone,Books & Reference,"May 25, 2018",1.0.0,4.1 and up,0.0,May,0
R Programming Solution,FAMILY,3.9,169.0,7.7,10000.0,Free,0.0,Everyone,Education,"June 20, 2016",1.0.3,4.0 and up,0.0,June,0
Learn R - Programming Concepts,FAMILY,3.5,6.0,2.9,1000.0,Free,0.0,Everyone,Education,"April 25, 2017",1.0.1,4.0.3 and up,0.0,April,0
Learn R Programming,BOOKS_AND_REFERENCE,4.3,0.0,29.0,10.0,Free,0.0,Everyone,Books & Reference,"April 28, 2018",1.0,4.1 and up,0.0,April,0
R Quick Reference Big Data,BOOKS_AND_REFERENCE,4.3,6.0,3.6,1000.0,Free,0.0,Everyone,Books & Reference,"May 29, 2017",1.2,2.3 and up,0.0,May,0
Learn R Programming Free EBook,FAMILY,4.3,1.0,5.7,50.0,Free,0.0,Everyone,Education,"March 23, 2018",1.0.0,4.0 and up,0.0,March,0
R Programming Language (Paperset 2) MCQ Quiz,FAMILY,4.3,0.0,3.4,10.0,Free,0.0,Everyone,Education,"March 19, 2018",1.0,4.0.3 and up,0.0,March,0
R File Manager,TOOLS,4.8,17.0,6.7,50.0,Free,0.0,Everyone,Tools,"May 5, 2018",v2,4.4 and up,0.0,May,0
R Studio,SHOPPING,3.7,23.0,8.9,5000.0,Free,0.0,Everyone,Shopping,"July 8, 2016",2.1.1,4.0.3 and up,0.0,July,0
"Join R, Community Engagement",SOCIAL,4.7,144.0,12.0,1000.0,Free,0.0,Teen,Social,"January 31, 2017",1.0.12,4.0.3 and up,0.0,January,0
R Bank,FINANCE,4.3,90.0,13.0,5000.0,Free,0.0,Everyone,Finance,"May 30, 2018",5.9.1.0,5.0 and up,0.0,May,0
Mat|r viewer,PRODUCTIVITY,4.3,5.0,28.0,100.0,Free,0.0,Everyone,Productivity,"July 27, 2018",1.0.5,5.0 and up,0.0,July,0
R. Lee Ermey's Official Sound,FAMILY,4.2,1696.0,2.7,100000.0,Free,0.0,Mature 17+,Entertainment,"September 19, 2012",1.4,2.1 and up,0.0,September,0
Tutorials for R Programming Offline,FAMILY,4.3,2.0,4.4,500.0,Free,0.0,Everyone,Education,"December 4, 2017",1.0,4.0 and up,0.0,December,0
R Programming Language (Paperset 1) MCQ Quiz,FAMILY,4.3,1.0,3.4,10.0,Free,0.0,Everyone,Education,"March 19, 2018",1.0,4.0.3 and up,0.0,March,0
S Launcher for Galaxy TouchWiz,PERSONALIZATION,4.2,11244.0,2.2,1000000.0,Free,0.0,Everyone,Personalization,"June 12, 2018",1.1.1,4.1 and up,0.0,June,0
S Player - Lightest and Most Powerful Video Player,TOOLS,4.6,14224.0,7.1,1000000.0,Free,0.0,Everyone,Tools,"October 12, 2017",1.0.98_ww,2.3 and up,0.0,October,0
Offroad Pickup Truck S,FAMILY,4.2,5178.0,20.0,1000000.0,Free,0.0,Everyone,Simulation,"October 10, 2017",1.7,2.3 and up,0.0,October,0
Type S LED,LIFESTYLE,3.5,628.0,13.0,100000.0,Free,0.0,Everyone,Lifestyle,"August 14, 2017",Varies with device,4.3 and up,0.0,August,0
S’more - Earn Cash Rewards,PRODUCTIVITY,4.1,15097.0,14.0,1000000.0,Free,0.0,Everyone,Productivity,"July 23, 2018",1.6.0,4.2 and up,0.0,July,0
"S S9 Launcher - Galaxy S8/S9 Launcher, theme, cool",TOOLS,4.4,22503.0,6.5,1000000.0,Free,0.0,Everyone,Tools,"July 6, 2018",4.1,4.1 and up,0.0,July,0
S Pen Keeper,TOOLS,3.8,560.0,0.306640625,50000.0,Free,0.0,Everyone,Tools,"June 8, 2018",2.1.0.032,4.0.3 and up,0.0,June,0
SH Script Runner,PRODUCTIVITY,3.9,334.0,3.7,50000.0,Free,0.0,Everyone,Productivity,"January 2, 2018",1.07,4.1 and up,0.0,January,0
T Uploader,FAMILY,4.1,75.0,2.2,10000.0,Free,0.0,Everyone,Education,"November 24, 2017",0.1.5,4.0 and up,0.0,November,0
AT&T Digital Life,LIFESTYLE,4.1,10067.0,13.0,1000000.0,Free,0.0,Everyone,Lifestyle,"December 7, 2017",Varies with device,4.3 and up,0.0,December,0
T-Mobile Content Transfer,PRODUCTIVITY,4.1,370.0,29.0,500000.0,Free,0.0,Everyone,Productivity,"January 25, 2018",2.1.5,4.0 and up,0.0,January,0
Showtime Anytime,FAMILY,3.7,18522.0,13.0,1000000.0,Free,0.0,Teen,Entertainment,"July 2, 2018",Varies with device,Varies with device,0.0,July,0
The T Factor,EVENTS,4.8,48.0,13.0,1000.0,Free,0.0,Everyone,Events,"September 26, 2017",8.8,4.2 and up,0.0,September,0
T-Mobile SyncUP DRIVE,AUTO_AND_VEHICLES,4.0,1981.0,18.0,100000.0,Free,0.0,Everyone,Auto & Vehicles,"August 1, 2018",2.15.1.4,5.0 and up,0.0,August,0
T-shirt design - Snaptee,LIFESTYLE,4.2,29756.0,45.0,1000000.0,Free,0.0,Everyone,Lifestyle,"July 19, 2018",1.1.6.1,4.1 and up,0.0,July,0
MBTA GPS - Track the T,MAPS_AND_NAVIGATION,3.8,82.0,5.6,5000.0,Free,0.0,Everyone,Maps & Navigation,"February 23, 2018",5.1.0,4.1 and up,0.0,February,0
T. Rowe Price Personal® App,FINANCE,4.5,1057.0,4.5,50000.0,Free,0.0,Everyone,Finance,"July 6, 2018",1.7,6.0 and up,0.0,July,0
Můj T-Mobile Business,PRODUCTIVITY,3.7,10490.0,5.8,1000000.0,Free,0.0,Everyone,Productivity,"July 24, 2018",3.1.7,4.1 and up,0.0,July,0
U by BB&T,FINANCE,4.3,16600.0,24.0,1000000.0,Free,0.0,Everyone,Finance,"June 19, 2018",1.7.7,4.4 and up,0.0,June,0
U LIVE – Video Chat & Stream,SOCIAL,4.5,67611.0,21.0,1000000.0,Free,0.0,Mature 17+,Social,"April 23, 2018",263.16.29,4.0.3 and up,0.0,April,0
"U - Webinars, Meetings & Messenger",COMMUNICATION,4.1,6601.0,31.0,500000.0,Free,0.0,Everyone,Communication,"July 2, 2018",4.7.0,4.1 and up,0.0,July,0
ENCHANT U,FAMILY,4.3,83977.0,11.0,500000.0,Free,0.0,Everyone,Casual,"November 8, 2012",1.2.2,2.1 and up,0.0,November,0
/u/app,COMMUNICATION,4.7,573.0,53.0,10000.0,Free,0.0,Mature 17+,Communication,"July 3, 2018",4.2.4,4.1 and up,0.0,July,0
Vienna U-Bahn,MAPS_AND_NAVIGATION,3.9,139.0,2.0,10000.0,Free,0.0,Everyone,Maps & Navigation,"July 25, 2018",1.21.0,4.0 and up,0.0,July,0
Kicker U Lite,LIFESTYLE,4.1,438.0,26.0,50000.0,Free,0.0,Everyone,Lifestyle,"September 27, 2013",2.0.0,2.1 and up,0.0,September,0
I Love U Theme&Emoji Keyboard,PERSONALIZATION,4.6,655.0,3.5,100000.0,Free,0.0,Everyone,Personalization,"May 8, 2018",4.3,4.1 and up,0.0,May,0
Channel U,FAMILY,4.6,34.0,14.0,1000.0,Free,0.0,Everyone,Entertainment,"May 21, 2018",1.3,4.1 and up,0.0,May,0
"Parallel U - App Cloner, Duals APP, tarallel",TOOLS,4.1,3315.0,5.1,500000.0,Free,0.0,Everyone,Tools,"May 15, 2018",1.0.24,4.1 and up,0.0,May,0
U Camera : Phone 6s OS 9 style,PHOTOGRAPHY,4.2,2158.0,3.0,500000.0,Free,0.0,Everyone,Photography,"August 28, 2017",1.0.3,4.0 and up,0.0,August,0
U get - Wireless Speed Test,TOOLS,4.2,26.0,2.2,5000.0,Free,0.0,Everyone,Tools,"June 4, 2018",1.3.5,4.0 and up,0.0,June,0
"See U - Random video chat, video chat",SOCIAL,4.1,568.0,27.0,100000.0,Free,0.0,Mature 17+,Social,"April 13, 2018",1.4.1,4.1 and up,0.0,April,0
What U See,SOCIAL,4.0,712.0,21.0,100000.0,Free,0.0,Teen,Social,"March 5, 2018",2.3.9,4.1 and up,0.0,March,0
U Assist - Screen Mirroring & Sharing App,PRODUCTIVITY,4.0,198.0,3.5,50000.0,Free,0.0,Everyone,Productivity,"January 26, 2017",2.0.16,2.3 and up,0.0,January,0
Waiting For U Launcher Theme,PERSONALIZATION,4.4,5599.0,4.8,500000.0,Free,0.0,Everyone,Personalization,"July 23, 2016",2.0.40,2.3 and up,0.0,July,0
U of I Community Credit Union,FINANCE,3.7,52.0,13.0,5000.0,Free,0.0,Everyone,Finance,"May 4, 2018",4.16.10,4.4 and up,0.0,May,0
U-Report,SOCIAL,4.3,241.0,7.5,10000.0,Free,0.0,Teen,Social,"April 10, 2018",2.8.4,4.0.3 and up,0.0,April,0
"Meet U - Get Friends for Snapchat, Kik & Instagram",SOCIAL,4.6,4435.0,5.4,100000.0,Free,0.0,Mature 17+,Social,"May 25, 2018",1.0.3386,4.0.3 and up,0.0,May,0
U-Craft Mobile,FAMILY,4.2,11404.0,30.0,100000.0,Free,0.0,Everyone,Strategy,"September 11, 2017",1.0.14,4.0.3 and up,0.0,September,0
U-Disco,FAMILY,3.6,906.0,0.19140625,100000.0,Free,0.0,Everyone,Entertainment,"February 5, 2014",1.7.3,2.3 and up,0.0,February,0
Be U Salons Hair-Beauty Deals In Delhi & Bangalore,LIFESTYLE,4.0,889.0,16.0,100000.0,Free,0.0,Everyone,Lifestyle,"August 2, 2018",1.1.4.38,4.2 and up,0.0,August,0
U-48 Submarine Commander Free,GAME,3.5,4575.0,3.8,500000.0,Free,0.0,Everyone,Arcade,"October 7, 2017",1.24,4.0.3 and up,0.0,October,0
Berlin Subway – BVG U-Bahn & S-Bahn map and routes,MAPS_AND_NAVIGATION,4.4,509.0,17.0,100000.0,Free,0.0,Everyone,Maps & Navigation,"June 6, 2018",1.0.7,5.0 and up,0.0,June,0
Pocket U ASW,FAMILY,3.9,93.0,28.0,10000.0,Free,0.0,Everyone,Education,"July 25, 2018",3.0.6,4.2 and up,0.0,July,0
Identity V,GAME,4.2,109263.0,38.0,1000000.0,Free,0.0,Teen,Action,"July 10, 2018",1.0.144431,4.1 and up,0.0,July,0
V Made,BOOKS_AND_REFERENCE,4.3,241.0,20.0,100000.0,Free,0.0,Everyone,Books & Reference,"February 13, 2018",1.0,4.0.3 and up,0.0,February,0
VidPlay,VIDEO_PLAYERS,4.2,3546.0,3.7,1000000.0,Free,0.0,Everyone,Video Players & Editors,"May 27, 2018",2.0.19,4.1 and up,0.0,May,0
V-CUBE Seminar Mobile,BUSINESS,4.3,542.0,30.0,100000.0,Free,0.0,Everyone,Business,"April 17, 2018",1.23.0,4.0 and up,0.0,April,0
San Andreas: Gang Crime V,GAME,4.1,2399.0,42.0,100000.0,Free,0.0,Mature 17+,Action,"January 28, 2018",1.0.1,2.3 and up,0.0,January,0
BTS V LINE Launcher theme,PERSONALIZATION,4.8,3283.0,3.6,100000.0,Free,0.0,Everyone,Personalization,"October 17, 2014",4.1,4.0.3 and up,0.0,October,0
VMate Lite - Funny Short Videos Social Network,SOCIAL,4.3,903.0,4.6,1000000.0,Free,0.0,Teen,Social,"August 3, 2018",1.76,4.0.3 and up,0.0,August,0
Mirk V Launcher Theme,PERSONALIZATION,4.5,292.0,7.9,10000.0,Free,0.0,Everyone,Personalization,"March 15, 2017",v1.0.50,2.3 and up,0.0,March,0
The grand theft V Wallpaper,PERSONALIZATION,3.8,87.0,4.3,10000.0,Free,0.0,Everyone 10+,Personalization,"June 5, 2018",1.1,4.0.3 and up,0.0,June,0
V Bucks ProTips New,SOCIAL,4.7,594.0,3.6,1000.0,Free,0.0,Everyone,Social,"July 19, 2018",1.0,2.1 and up,0.0,July,0
Cheats for GTA V,FAMILY,4.2,450.0,5.9,100000.0,Free,0.0,Everyone,Entertainment,"July 29, 2018",6,4.0 and up,0.0,July,0
V for Vampire - Free,FAMILY,4.3,2772.0,35.0,500000.0,Free,0.0,Teen,Puzzle,"September 20, 2014",1.0.1,2.1 and up,0.0,September,0
Get Free V-bucks_fortnite Hints,FAMILY,4.7,1997.0,1.8,5000.0,Free,0.0,Everyone,Entertainment,"July 21, 2018",1.0,4.4 and up,0.0,July,0
V BTS Wallpaper,PERSONALIZATION,4.7,127.0,9.5,5000.0,Free,0.0,Everyone,Personalization,"May 4, 2018",8.0,3.0 and up,0.0,May,0
v-view,FAMILY,3.6,309.0,19.0,10000.0,Free,0.0,Everyone,Entertainment,"June 22, 2017",1.1.0.0402,4.2 and up,0.0,June,0
Grand Stickman Cover V,GAME,4.0,1744.0,37.0,100000.0,Free,0.0,Mature 17+,Action,"May 19, 2018",1.0.1,4.1 and up,0.0,May,0
Cheat Codes for GTA V,FAMILY,4.3,589.0,3.6,100000.0,Free,0.0,Mature 17+,Entertainment,"September 3, 2017",1.8.0,4.0 and up,0.0,September,0
Easy V-Bux free,FAMILY,4.6,856.0,2.9,5000.0,Free,0.0,Everyone,Entertainment,"July 17, 2018",1.0,2.1 and up,0.0,July,0
BTS V Kim Taehyung Wallpapers Kpop HD New,PERSONALIZATION,4.8,51.0,3.4,5000.0,Free,0.0,Everyone,Personalization,"June 10, 2018",1.1.1,4.0 and up,0.0,June,0
W - Weather Forecast & Animated Radar Maps,WEATHER,4.2,29.0,3.5,5000.0,Free,0.0,Everyone,Weather,"April 23, 2018",1.1,4.1 and up,0.0,April,0
Fantasy Squad W,FAMILY,4.3,2142.0,47.0,50000.0,Free,0.0,Everyone 10+,Role Playing,"April 16, 2018",1.5.4,4.1 and up,0.0,April,0
Ace Screen Recorder w facecam,TOOLS,4.2,2447.0,2.5,100000.0,Free,0.0,Everyone,Tools,"December 26, 2017",1.19,5.0 and up,0.0,December,0
Flashlight Free w/ compass,TOOLS,4.0,75.0,1.9,10000.0,Free,0.0,Everyone,Tools,"March 15, 2017",2.5,2.2 and up,0.0,March,0
"App Lock: Locker w/ fingerprint, Parental Control",TOOLS,4.5,37607.0,13.0,1000000.0,Free,0.0,Everyone,Tools,"April 4, 2018",Varies with device,Varies with device,0.0,April,0
IRS W-9 form,BUSINESS,4.8,492.0,27.0,10000.0,Free,0.0,Everyone,Business,"July 26, 2018",1.7.11,5.0 and up,0.0,July,0
Open in WhatsApp (click to chat),TOOLS,4.2,12121.0,0.0771484375,1000000.0,Free,0.0,Everyone,Tools,"August 1, 2018",1.12,2.3.3 and up,0.0,August,0
B & W Filter for Photo Editor Pro,PERSONALIZATION,4.7,65.0,7.6,5000.0,Free,0.0,Everyone,Personalization,"May 2, 2018",1.0.1,4.1 and up,0.0,May,0
Zaatar w Zeit,FOOD_AND_DRINK,4.4,205.0,33.0,50000.0,Free,0.0,Everyone,Food & Drink,"July 1, 2018",2.2.2,4.4 and up,0.0,July,0
Profile w/o crop for Telegram,PHOTOGRAPHY,4.2,348.0,1.5,10000.0,Free,0.0,Everyone,Photography,"April 11, 2014",3.1.50,2.3.3 and up,0.0,April,0
X Launcher: With OS11 Style Theme & Control Center,ART_AND_DESIGN,4.7,5754.0,4.4,100000.0,Free,0.0,Everyone,Art & Design,"July 30, 2018",2.1.2,4.1 and up,0.0,July,0
Lock Screen Phone X Style OS 11,TOOLS,4.4,1166.0,13.0,100000.0,Free,0.0,Everyone,Tools,"March 26, 2018",8.8,4.3 and up,0.0,March,0
Control Center iOS 11 - Phone X Control Panel,TOOLS,4.1,1925.0,8.3,100000.0,Free,0.0,Everyone,Tools,"November 15, 2017",3.1,4.4 and up,0.0,November,0
X Browser,COMMUNICATION,4.0,142.0,2.5,50000.0,Free,0.0,Everyone,Communication,"December 31, 2017",1.1.1,4.0 and up,0.0,December,0
Flashlight X,TOOLS,4.6,20418.0,4.3,1000000.0,Free,0.0,Everyone,Tools,"April 8, 2018",4.54,4.0 and up,0.0,April,0
iSwipe Phone X,TOOLS,4.7,58366.0,6.3,1000000.0,Free,0.0,Everyone,Tools,"December 7, 2017",1.0,4.1 and up,0.0,December,0
X Home Bar - Free,TOOLS,4.6,4210.0,1.9,100000.0,Free,0.0,Everyone,Tools,"June 18, 2018",1.5.0,4.1 and up,0.0,June,0
[ROOT] X Privacy Installer,TOOLS,4.2,12147.0,0.115234375,1000000.0,Free,0.0,Everyone,Tools,"January 25, 2015",1.18,4.0.3 and up,0.0,January,0
The X-Files: Deep State - Hidden Object Adventure,FAMILY,4.5,22018.0,53.0,500000.0,Free,0.0,Teen,Casual,"July 18, 2018",2.6.1,5.0 and up,0.0,July,0
Theme for Iphone X Plus,PERSONALIZATION,4.0,126.0,8.0,10000.0,Free,0.0,Everyone,Personalization,"October 19, 2017",1.0,2.3.3 and up,0.0,October,0
Casino X - Free Online Slots,GAME,4.5,30515.0,13.0,1000000.0,Free,0.0,Teen,Casino,"May 22, 2018",2.92,4.0 and up,0.0,May,0
X-WOLF,GAME,4.2,4878.0,27.0,100000.0,Free,0.0,Everyone 10+,Adventure,"February 2, 2018",1.2.0,4.1 and up,0.0,February,0
X-Plane 10 Flight Simulator,FAMILY,4.2,63197.0,11.0,1000000.0,Free,0.0,Everyone,Simulation,"June 27, 2018",Varies with device,Varies with device,0.0,June,0
Anime X Wallpaper,PERSONALIZATION,4.7,32613.0,3.2,1000000.0,Free,0.0,Everyone,Personalization,"May 31, 2018",3.11,4.1 and up,0.0,May,0
NEW Theme for Phone X,PERSONALIZATION,4.7,8642.0,3.7,500000.0,Free,0.0,Everyone,Personalization,"May 22, 2018",1.1.6,4.0 and up,0.0,May,0
Control Center iOS 11 - Phone X notifications,TOOLS,4.3,514.0,8.4,50000.0,Free,0.0,Everyone,Tools,"February 12, 2018",1.8,4.4 and up,0.0,February,0
iLocker X - iOS11 Lockscreen with HD Wallpapers,PERSONALIZATION,4.3,1714.0,31.0,100000.0,Free,0.0,Everyone,Personalization,"June 19, 2018",1.4.7,4.1 and up,0.0,June,0
Hero Fighter X,GAME,4.5,24210.0,45.0,500000.0,Free,0.0,Teen,Action,"November 13, 2015",1.091,2.2 and up,0.0,November,0
Guide (for X-MEN),BOOKS_AND_REFERENCE,4.6,586.0,17.0,100000.0,Free,0.0,Everyone,Books & Reference,"May 8, 2017",1.1.1,3.0 and up,0.0,May,0
Flight Simulator X 2016 Free,FAMILY,3.8,44636.0,13.0,1000000.0,Free,0.0,Everyone,Simulation,"January 23, 2017",Varies with device,Varies with device,0.0,January,0
Space X: Sky Wars of Air Force,GAME,4.5,10748.0,47.0,1000000.0,Free,0.0,Everyone,Arcade,"August 4, 2018",4.0,4.1 and up,0.0,August,0
OS-X EMUI 4/5/8 THEME,PERSONALIZATION,3.9,916.0,36.0,100000.0,Free,0.0,Everyone,Personalization,"February 5, 2018",5,4.4 and up,0.0,February,0
Flexiroam X,TRAVEL_AND_LOCAL,4.0,875.0,21.0,100000.0,Free,0.0,Everyone,Travel & Local,"August 3, 2018",3.5.3,4.1 and up,0.0,August,0
X-Wing Squadron Builder,FAMILY,4.6,5898.0,50.0,100000.0,Free,0.0,Everyone,Entertainment,"August 1, 2017",3.3.8.03082017,1.6 and up,0.0,August,0
YouTube TV - Watch & Record Live TV,FAMILY,4.4,38517.0,17.0,1000000.0,Free,0.0,Teen,Entertainment,"August 2, 2018",2.29.2,5.0 and up,0.0,August,0
JW Caleb y Sofia,FAMILY,4.6,5227.0,1.9,500000.0,Free,0.0,Everyone,Education,"November 20, 2015",1.0,4.0.3 and up,0.0,November,0
Flashlight Ultimate,TOOLS,4.6,16936.0,5.0,1000000.0,Free,0.0,Everyone,Tools,"January 25, 2018",2.94,4.0 and up,0.0,January,0
yHomework - Math Solver,FAMILY,4.2,50771.0,13.0,1000000.0,Free,0.0,Everyone,Education,"May 12, 2016",Varies with device,Varies with device,0.0,May,0
Rage Z: Multiplayer Zombie FPS Online Shooter,GAME,4.1,11258.0,44.0,500000.0,Free,0.0,Mature 17+,Action,"December 8, 2016",1.25,4.2 and up,0.0,December,0
Mini DAYZ: Zombie Survival,GAME,4.1,94661.0,13.0,1000000.0,Free,0.0,Teen,Action,"June 8, 2018",1.4.0,4.4 and up,0.0,June,0
Z-Empire: Dead Strike,FAMILY,4.6,99.0,19.0,10000.0,Free,0.0,Teen,Strategy,"June 8, 2018",1.8.7,4.0.3 and up,0.0,June,0
Z Camera,PHOTOGRAPHY,3.8,142.0,7.7,10000.0,Free,0.0,Everyone,Photography,"April 8, 2016",1.8,4.0 and up,0.0,April,0
GO SMS Pro Z Glass Theme EX,PERSONALIZATION,3.8,24198.0,2.2,1000000.0,Free,0.0,Everyone,Personalization,"July 10, 2014",1.0,1.6 and up,0.0,July,0
Route Z,GAME,3.9,24697.0,16.0,500000.0,Free,0.0,Teen,Action,"July 10, 2015",1.5,4.0 and up,0.0,July,0
Dragon X Adventure: Warrior Z,GAME,4.3,8537.0,29.0,100000.0,Free,0.0,Everyone 10+,Action,"November 3, 2015",1.1.4,2.3 and up,0.0,November,0
Ultimate Fighter Z,GAME,4.3,180.0,24.0,5000.0,Free,0.0,Everyone,Action,"July 16, 2018",2.0,4.4 and up,0.0,July,0
Theme eXp - Black Z Light,PERSONALIZATION,4.3,29540.0,4.3,1000000.0,Free,0.0,Everyone,Personalization,"June 15, 2016",2.0,5.0 and up,0.0,June,0
Toy Battle Z,FAMILY,4.1,133.0,48.0,10000.0,Free,0.0,Everyone,Casual,"July 23, 2018",1.0.4,4.0 and up,0.0,July,0
30 Day Ab Challenge,HEALTH_AND_FITNESS,4.5,1886.0,7.6,500000.0,Free,0.0,Everyone,Health & Fitness,"June 21, 2016",3.2.1,4.0 and up,0.0,June,0
ab,FAMILY,3.8,10.0,22.0,1000.0,Free,0.0,Everyone,Casual,"October 27, 2016",1.0,4.0 and up,0.0,October,0
Ultimate Ab & Core Workouts,HEALTH_AND_FITNESS,4.7,55571.0,12.0,1000000.0,Free,0.0,Everyone,Health & Fitness,"February 21, 2018",1.23,4.0 and up,0.0,February,0
6 Pack Promise - Ultimate Abs,HEALTH_AND_FITNESS,4.6,18921.0,13.0,1000000.0,Free,0.0,Everyone,Health & Fitness,"August 4, 2018",Varies with device,Varies with device,0.0,August,0
AB Repeat Player,VIDEO_PLAYERS,4.3,1628.0,18.0,100000.0,Free,0.0,Everyone,Video Players & Editors,"March 6, 2018",4.1.1,4.4 and up,0.0,March,0
"Abs, Core & Back Workout Challenge",HEALTH_AND_FITNESS,4.8,3908.0,33.0,100000.0,Free,0.0,Everyone,Health & Fitness,"July 9, 2018",1.5.8,4.1 and up,0.0,July,0
A-B repeater,VIDEO_PLAYERS,4.4,32.0,0.2333984375,5000.0,Free,0.0,Everyone,Video Players & Editors,"May 18, 2018",1.8,3.0 and up,0.0,May,0
Abs workout 7 minutes,HEALTH_AND_FITNESS,4.6,37224.0,13.0,1000000.0,Free,0.0,Everyone,Health & Fitness,"June 13, 2018",Varies with device,Varies with device,0.0,June,0
30 Day Ab Challenge FREE,HEALTH_AND_FITNESS,4.3,48253.0,13.0,1000000.0,Free,0.0,Everyone,Health & Fitness,"December 13, 2017",Varies with device,Varies with device,0.0,December,0
AB Blast Match 3,FAMILY,4.3,111.0,48.0,10000.0,Free,0.0,Everyone,Puzzle,"June 19, 2018",1.13,4.1 and up,0.0,June,0
AB Click2Shop,SHOPPING,3.8,454.0,18.0,100000.0,Free,0.0,Everyone,Shopping,"June 26, 2018",1.1.0.0,4.1 and up,0.0,June,0
Math games for kids : times tables - AB Math,FAMILY,3.9,2371.0,8.3,500000.0,Free,0.0,Everyone,Educational;Education,"July 27, 2018",3.9.3,4.0.3 and up,0.0,July,0
"ABS Workout - Belly workout, 30 days AB",HEALTH_AND_FITNESS,4.8,5103.0,13.0,100000.0,Free,0.0,Everyone,Health & Fitness,"July 13, 2018",2.0.5,4.0.3 and up,0.0,July,0
AB Match,FAMILY,4.2,9.0,30.0,1000.0,Free,0.0,Everyone,Casual,"May 19, 2018",1.0.4,4.1 and up,0.0,May,0
7 minute abs workout - Daily Ab Workout,HEALTH_AND_FITNESS,4.8,527.0,23.0,100000.0,Free,0.0,Everyone,Health & Fitness,"March 30, 2018",2.01,4.1 and up,0.0,March,0
AB Anywhere Mobile Banking,FINANCE,4.3,3.0,11.0,500.0,Free,0.0,Everyone,Finance,"July 3, 2018",4.17.82,4.4 and up,0.0,July,0
5 Minute Ab Workouts,HEALTH_AND_FITNESS,4.6,2067.0,8.4,50000.0,Free,0.0,Everyone,Health & Fitness,"May 18, 2018",2.0.4,4.1 and up,0.0,May,0
AB Screen Recorder,TOOLS,4.2,533.0,5.0,10000.0,Free,0.0,Everyone,Tools,"October 2, 2017",2.8,5.0 and up,0.0,October,0
Six Pack Abs Photo Editor,PHOTOGRAPHY,4.0,5967.0,17.0,1000000.0,Free,0.0,Everyone,Photography,"February 2, 2017",2.0,3.0 and up,0.0,February,0
Best Blood Type AB: Food Diet & Personality,LIFESTYLE,4.3,3.0,37.0,1000.0,Free,0.0,Everyone,Lifestyle,"July 11, 2018",1.2,4.0.3 and up,0.0,July,0
30 Day AB Challenge - Lumowell,HEALTH_AND_FITNESS,4.8,793.0,40.0,10000.0,Free,0.0,Everyone,Health & Fitness,"September 15, 2016",1.0.3,4.0.3 and up,0.0,September,0
Ab Workouts,HEALTH_AND_FITNESS,4.1,27501.0,7.0,1000000.0,Free,0.0,Everyone,Health & Fitness,"January 5, 2018",5.1.9,4.0 and up,0.0,January,0
Ab Workouts - Ab Generator,HEALTH_AND_FITNESS,4.7,21.0,3.8,1000.0,Free,0.0,Everyone,Health & Fitness,"December 31, 2016",2.0.0,4.1 and up,0.0,December,0
Chatime AB Rewards,FAMILY,4.3,9.0,22.0,1000.0,Free,0.0,Everyone,Entertainment,"June 22, 2018",2.7.0621,4.2 and up,0.0,June,0
Abs workout - 21 Day Fitness Challenge,HEALTH_AND_FITNESS,4.8,18604.0,15.0,1000000.0,Free,0.0,Everyone,Health & Fitness,"May 2, 2018",1.0.0.9,4.1 and up,0.0,May,0
Ladies' Ab Workout FREE,HEALTH_AND_FITNESS,4.0,12906.0,8.5,1000000.0,Free,0.0,Everyone,Health & Fitness,"October 8, 2012",1.01,2.1 and up,0.0,October,0
30-Day Ab Challenge Tracker,HEALTH_AND_FITNESS,3.5,224.0,0.3623046875,10000.0,Free,0.0,Everyone,Health & Fitness,"July 9, 2014",1.2.6,4.1 and up,0.0,July,0
Universal AC Remote Control,TOOLS,3.8,40934.0,5.2,1000000.0,Free,0.0,Everyone,Tools,"July 28, 2018",acremotecontrol18,4.0.3 and up,0.0,July,0
AC Freedom,BUSINESS,3.5,537.0,13.0,100000.0,Free,0.0,Everyone,Business,"May 25, 2018",Varies with device,Varies with device,0.0,May,0
AC WIFI,TOOLS,3.6,41.0,23.0,10000.0,Free,0.0,Everyone,Tools,"June 3, 2018",1.0.3,2.3 and up,0.0,June,0
AC Troubleshooter,TOOLS,4.7,147.0,4.2,10000.0,Free,0.0,Everyone,Tools,"January 8, 2015",1.3,3.0 and up,0.0,January,0
AC remote control mobile,TOOLS,3.9,3043.0,7.7,100000.0,Free,0.0,Everyone,Tools,"June 2, 2017",1.3 acremotecontrol,4.0.3 and up,0.0,June,0
"AC Air condition Troubleshoot,Repair,Maintenance",BOOKS_AND_REFERENCE,4.2,27.0,3.1,5000.0,Free,0.0,Everyone,Books & Reference,"February 7, 2018",1.1,4.0 and up,0.0,February,0
AC Remote for Haier - NOW FREE,TOOLS,3.9,336.0,27.0,50000.0,Free,0.0,Everyone,Tools,"July 30, 2018",6.1.7,4.2 and up,0.0,July,0
Air Conditioner Maintenance,PRODUCTIVITY,4.0,11.0,0.21484375,5000.0,Free,0.0,Everyone,Productivity,"November 27, 2015",airConditionerMaintenance_13112015,2.3.3 and up,0.0,November,0
AC Remote for Daikin - NOW FREE,TOOLS,3.5,383.0,26.0,50000.0,Free,0.0,Everyone,Tools,"July 30, 2018",6.1.7,4.2 and up,0.0,July,0
AC Remote for LG - NOW FREE,TOOLS,3.7,1041.0,28.0,100000.0,Free,0.0,Everyone,Tools,"July 30, 2018",6.1.7,4.2 and up,0.0,July,0
Plug-in app (System AC),TOOLS,3.6,126.0,11.0,10000.0,Free,0.0,Everyone,Tools,"June 8, 2017",v1.1072.35.0,4.0 and up,0.0,June,0
AC Remote for Midea - NOW FREE,TOOLS,4.0,448.0,26.0,100000.0,Free,0.0,Everyone,Tools,"July 30, 2018",6.1.7,4.2 and up,0.0,July,0
Ac remote control,TOOLS,3.7,822.0,5.0,50000.0,Free,0.0,Everyone,Tools,"February 27, 2017",1.1,2.3 and up,0.0,February,0
All Type Ac Repair & Services,LIFESTYLE,4.3,45.0,2.2,10000.0,Free,0.0,Everyone,Lifestyle,"December 26, 2017",0.8,4.1 and up,0.0,December,0
AC - Tips & News for Android™,NEWS_AND_MAGAZINES,4.2,23291.0,14.0,1000000.0,Free,0.0,Everyone 10+,News & Magazines,"May 24, 2018",3.1.12,4.1 and up,0.0,May,0
AcDisplay,PERSONALIZATION,4.1,66473.0,3.0,1000000.0,Free,0.0,Everyone,Personalization,"July 30, 2015",3.8.4,4.1 and up,0.0,July,0
AC Remote for Sharp - NOW FREE,TOOLS,3.7,332.0,26.0,50000.0,Free,0.0,Everyone,Tools,"July 30, 2018",6.1.7,4.2 and up,0.0,July,0
AC Remote for Samsung - NOW FREE,TOOLS,3.7,566.0,27.0,100000.0,Free,0.0,Everyone,Tools,"July 30, 2018",6.1.7,4.2 and up,0.0,July,0
AC Remote for Carrier - NOW FREE,TOOLS,3.7,163.0,26.0,10000.0,Free,0.0,Everyone,Tools,"July 30, 2018",6.1.7,4.2 and up,0.0,July,0
"AC & TV, DVD, Set Top Box - Remote control IR",TOOLS,3.6,3632.0,3.2,1000000.0,Free,0.0,Everyone,Tools,"November 13, 2017",11;11.26,4.0.3 and up,0.0,November,0
ac remote control,TOOLS,3.7,9514.0,7.0,500000.0,Free,0.0,Everyone,Tools,"July 11, 2018",acremotecontrol-v7,4.0.3 and up,0.0,July,0
Ad Detect Plugin - Handy Tool,PRODUCTIVITY,3.8,5107.0,1.4,500000.0,Free,0.0,Everyone,Productivity,"December 28, 2015",1.6.3,2.3 and up,0.0,December,0
AppBrain Ad Detector,TOOLS,3.7,9221.0,1.7,1000000.0,Free,0.0,Everyone,Tools,"April 12, 2018",2.2.1,4.1 and up,0.0,April,0
"AD - Nieuws, Sport, Regio & Entertainment",NEWS_AND_MAGAZINES,3.7,10369.0,13.0,1000000.0,Free,0.0,Everyone,News & Magazines,"July 28, 2018",Varies with device,Varies with device,0.0,July,0
AdClear Ad blocker for Samsung,TOOLS,4.2,1586.0,1.5,500000.0,Free,0.0,Everyone,Tools,"September 7, 2017",1.0.5,5.0 and up,0.0,September,0
Adguard Content Blocker,TOOLS,4.1,14491.0,4.3,1000000.0,Free,0.0,Everyone,Tools,"February 26, 2018",2.1.2,Varies with device,0.0,February,0
Ad Detector,TOOLS,3.8,208.0,0.712890625,50000.0,Free,0.0,Everyone,Tools,"July 28, 2014",1.0,2.3 and up,0.0,July,0
Adblock Plus for Samsung Internet - Browse safe.,COMMUNICATION,4.0,8769.0,2.1,1000000.0,Free,0.0,Everyone,Communication,"April 5, 2018",1.1.4,5.0 and up,0.0,April,0
Safe Notes - Secure Ad-free notepad,PRODUCTIVITY,4.6,3362.0,0.73828125,50000.0,Free,0.0,Everyone,Productivity,"November 21, 2017",1.7,4.0 and up,0.0,November,0
Adblock Fast,PRODUCTIVITY,4.1,9914.0,3.2,1000000.0,Free,0.0,Everyone,Productivity,"May 17, 2017",1.4.0,5.0 and up,0.0,May,0
2000 AD Comics and Judge Dredd,COMICS,3.7,705.0,20.0,50000.0,Free,0.0,Teen,Comics,"July 19, 2018",1.3.0,4.0.3 and up,0.0,July,0
Anti Adware,TOOLS,3.9,18751.0,3.6,1000000.0,Free,0.0,Everyone,Tools,"June 19, 2018",3.6,4.1 and up,0.0,June,0
Ad Blocker Turbo - Adblocker Browser,COMMUNICATION,3.9,107.0,44.0,10000.0,Free,0.0,Everyone,Communication,"January 29, 2018",1.0.5,4.1 and up,0.0,January,0
Google AdSense,PRODUCTIVITY,4.3,52677.0,2.9,1000000.0,Free,0.0,Everyone,Productivity,"December 13, 2017",3.3,4.0 and up,0.0,December,0
Ad-free Triangle Solver,FAMILY,4.5,118.0,24.0,10000.0,Free,0.0,Everyone,Education,"August 20, 2015",6.3.1,4.2 and up,0.0,August,0
Ez Screen Recorder (no ad),VIDEO_PLAYERS,4.7,8696.0,14.0,100000.0,Free,0.0,Everyone,Video Players & Editors,"June 3, 2018",2.1.4,5.0 and up,0.0,June,0
Best Applock - Locker & No Ads,PRODUCTIVITY,4.7,10672.0,6.9,100000.0,Free,0.0,Everyone,Productivity,"June 23, 2018",2.1.1,4.1 and up,0.0,June,0
Local Services ads by Google,BUSINESS,4.1,7.0,12.0,1000.0,Free,0.0,Everyone,Business,"July 17, 2018",3.3.270,4.0 and up,0.0,July,0
Photo Compress 2.0 - Ad Free,TOOLS,4.1,6267.0,1.7,1000000.0,Free,0.0,Everyone,Tools,"May 7, 2016",2.1,3.2 and up,0.0,May,0
Solitaire: Decked Out Ad Free,GAME,4.9,37302.0,35.0,500000.0,Free,0.0,Everyone,Card,"May 8, 2017",1.3.3,4.1 and up,0.0,May,0
"WeatherClear - Ad-free Weather, Minute forecast",WEATHER,4.5,3252.0,3.8,50000.0,Free,0.0,Everyone,Weather,"June 25, 2017",1.2.6,4.1 and up,0.0,June,0
"Digital Clock : Simple, Tiny, Ad-free Desk Clock.",LIFESTYLE,4.4,317.0,0.072265625,50000.0,Free,0.0,Everyone,Lifestyle,"December 21, 2016",3.0,2.3 and up,0.0,December,0
Bing Ads,BUSINESS,4.1,1828.0,13.0,100000.0,Free,0.0,Everyone,Business,"July 20, 2018",2.13.2,4.1 and up,0.0,July,0
Apps Ads Detector,TOOLS,3.5,315.0,8.3,100000.0,Free,0.0,Everyone,Tools,"February 19, 2018",25,4.0.3 and up,0.0,February,0
TIMBER AD FILTER - Very useful ad block app,PRODUCTIVITY,3.8,1343.0,9.0,100000.0,Free,0.0,Everyone,Productivity,"March 12, 2018",1.0.26,5.0 and up,0.0,March,0
Alchemy Classic Ad Free,FAMILY,4.6,20178.0,9.0,100000.0,Free,0.0,Everyone,Puzzle,"May 26, 2014",1.7.3,1.6 and up,0.0,May,0
"AE + Aerie: Jeans, Dresses, Swimsuits & Bralettes",SHOPPING,4.2,20476.0,28.0,1000000.0,Free,0.0,Everyone,Shopping,"July 17, 2018",5.6.0,4.4 and up,0.0,July,0
A&E - Watch Full Episodes of TV Shows,FAMILY,4.0,29708.0,19.0,1000000.0,Free,0.0,Teen,Entertainment,"July 16, 2018",3.1.4,4.4 and up,0.0,July,0
Shortcuts for After Effects,FAMILY,3.7,464.0,1.9,50000.0,Free,0.0,Everyone,Education,"August 9, 2014",1.0,2.3 and up,0.0,August,0
AE Sudoku,FAMILY,4.3,2171.0,12.0,100000.0,Free,0.0,Everyone,Puzzle,"July 29, 2015",1.1.0,2.2 and up,0.0,July,0
AE Jewels 2: Island Adventures,GAME,4.2,652.0,30.0,10000.0,Free,0.0,Everyone,Action,"February 24, 2016",1.0,2.3 and up,0.0,February,0
AE Bubble:Offline Bubble Games,FAMILY,4.2,6973.0,13.0,100000.0,Free,0.0,Everyone,Casual,"October 20, 2017",Varies with device,Varies with device,0.0,October,0
AE Basketball,SPORTS,4.0,8100.0,13.0,1000000.0,Free,0.0,Everyone,Sports,"November 20, 2013",Varies with device,Varies with device,0.0,November,0
AE Bingo: Offline Bingo Games,GAME,4.4,61746.0,13.0,500000.0,Free,0.0,Teen,Casino,"September 30, 2016",Varies with device,2.3.3 and up,0.0,September,0
AE Jewels,GAME,4.2,960.0,18.0,50000.0,Free,0.0,Everyone,Action,"August 20, 2015",1.0.5,3.0 and up,0.0,August,0
AE Spider Solitaire,GAME,4.5,17263.0,13.0,500000.0,Free,0.0,Everyone,Card,"June 7, 2017",Varies with device,Varies with device,0.0,June,0
AE Coin Mania : Arcade Fun,GAME,4.3,30002.0,29.0,1000000.0,Free,0.0,Teen,Casino,"February 8, 2018",2.3.5,4.0.3 and up,0.0,February,0
AE Roundy POP,FAMILY,4.4,5262.0,26.0,100000.0,Free,0.0,Everyone,Casual,"March 23, 2016",1.1.2,2.3 and up,0.0,March,0
Mupen64+AE FREE (N64 Emulator),GAME,4.0,41759.0,12.0,1000000.0,Free,0.0,Everyone,Arcade,"January 19, 2014",2.4.4,2.0 and up,0.0,January,0
AE Lucky Fishing,GAME,4.3,18277.0,17.0,1000000.0,Free,0.0,Teen,Arcade,"March 14, 2016",2.0.2,2.3 and up,0.0,March,0
AE Video Poker,GAME,4.0,721.0,18.0,50000.0,Free,0.0,Teen,Casino,"December 31, 2015",1.3.2,2.3 and up,0.0,December,0
AE Solitaire,GAME,4.3,1776.0,26.0,50000.0,Free,0.0,Everyone,Card,"January 4, 2018",2.3.4,4.0.3 and up,0.0,January,0
AE Archer,SPORTS,3.9,8638.0,13.0,500000.0,Free,0.0,Everyone,Sports,"September 2, 2015",Varies with device,Varies with device,0.0,September,0
AE Blackjack,GAME,4.0,1417.0,17.0,100000.0,Free,0.0,Teen,Card,"November 27, 2015",1.3.1,2.3 and up,0.0,November,0
AE Gun Ball: arcade ball games,GAME,3.7,8581.0,12.0,1000000.0,Free,0.0,Everyone,Arcade,"December 13, 2013",1.0.2,2.2 and up,0.0,December,0
AE Order,TOOLS,4.1,19.0,0.3095703125,1000.0,Free,0.0,Everyone,Tools,"November 12, 2013",2.0.131112,2.3 and up,0.0,November,0
TV.AE,FAMILY,3.9,109.0,7.5,10000.0,Free,0.0,Everyone,Entertainment,"September 21, 2017",1.0.4,4.4 and up,0.0,September,0
AE Bulletins,BOOKS_AND_REFERENCE,4.5,14.0,30.0,1000.0,Free,0.0,Everyone,Books & Reference,"July 18, 2018",2.2.5,4.0.3 and up,0.0,July,0
AE GTO Racing,GAME,3.9,6988.0,35.0,100000.0,Free,0.0,Everyone 10+,Racing,"September 24, 2015",Varies with device,Varies with device,0.0,September,0
AE 3D Moto 3,GAME,3.9,2588.0,26.0,100000.0,Free,0.0,Everyone 10+,Racing,"December 31, 2014",1.7.1,2.3 and up,0.0,December,0
AE FreeCell,GAME,4.2,358.0,15.0,10000.0,Free,0.0,Everyone,Card,"November 6, 2014",1.1.5,2.3 and up,0.0,November,0
AE City Jump,GAME,4.5,804.0,27.0,10000.0,Free,0.0,Everyone,Action,"July 18, 2018",1.0.4,4.0 and up,0.0,July,0
AE Angry Chef,GAME,4.1,533.0,39.0,10000.0,Free,0.0,Everyone 10+,Action,"January 24, 2014",1.0,2.1 and up,0.0,January,0
Ae Allah na Dai (Rasa),BOOKS_AND_REFERENCE,4.7,263.0,9.1,10000.0,Free,0.0,Everyone,Books & Reference,"January 1, 2015",2.0,2.1 and up,0.0,January,0
Dashboard AE,AUTO_AND_VEHICLES,4.3,0.0,13.0,10.0,Free,0.0,Everyone,Auto & Vehicles,"May 16, 2018",1255162018,6.0 and up,0.0,May,0
Event Manager - AllEvents.in,EVENTS,4.7,120.0,5.1,10000.0,Free,0.0,Everyone,Events,"July 25, 2018",2.5,4.0.3 and up,0.0,July,0
Nasihat - Chalo ae Pyaara,FAMILY,4.7,557.0,6.7,10000.0,Free,0.0,Everyone,Education,"October 9, 2015",1.0,2.1 and up,0.0,October,0
AE Master Moto,GAME,4.0,17876.0,37.0,1000000.0,Free,0.0,Everyone,Racing,"December 10, 2015",1.8.6,2.3 and up,0.0,December,0
Brica BPRO5 AE,PHOTOGRAPHY,3.9,4726.0,3.9,500000.0,Free,0.0,Everyone,Photography,"June 17, 2015",v1.0,3.1 and up,0.0,June,0
AE Manager,TOOLS,4.3,0.0,4.0,100.0,Free,0.0,Everyone,Tools,"June 15, 2015",1.0.0,4.0.3 and up,0.0,June,0
AE Air Hockey,SPORTS,3.8,926.0,7.6,50000.0,Free,0.0,Everyone,Sports,"August 1, 2013",1.0.0,2.2 and up,0.0,August,0
Connect.ae - Local Search UAE,TRAVEL_AND_LOCAL,3.9,194.0,13.0,10000.0,Free,0.0,Everyone,Travel & Local,"April 5, 2018",Varies with device,Varies with device,0.0,April,0
AE Fishing Hunter,GAME,4.4,14.0,6.6,1000.0,Free,0.0,Everyone,Adventure,"March 15, 2016",0.0.3,3.0 and up,0.0,March,0
Ivanti AE Agent,BUSINESS,4.3,1.0,2.9,1000.0,Free,0.0,Everyone,Business,"May 10, 2018",11.0.0,4.0.3 and up,0.0,May,0
AE Checkout Plugin,SHOPPING,3.8,208.0,0.076171875,10000.0,Free,0.0,Everyone,Shopping,"February 11, 2015",1.3.1,2.3 and up,0.0,February,0
AF Link,NEWS_AND_MAGAZINES,4.7,210.0,18.0,10000.0,Free,0.0,Everyone,News & Magazines,"May 31, 2018",v4.29.0.9,4.4 and up,0.0,May,0
Flim Af Somali Hindi Fanproj,FAMILY,3.9,12.0,3.5,1000.0,Free,0.0,Everyone,Entertainment,"June 22, 2018",1.0,4.0 and up,0.0,June,0
"Cardiac diagnosis (heart rate, arrhythmia)",MEDICAL,4.2,4559.0,6.4,100000.0,Free,0.0,Everyone,Medical,"July 27, 2018",117,3.0 and up,0.0,July,0
AF-STROKE (FREE),MEDICAL,4.5,93.0,0.90234375,10000.0,Free,0.0,Teen,Medical,"January 25, 2013",1.1,2.1 and up,0.0,January,0
Hesab.af - Send money in Afghanistan,FINANCE,4.7,51.0,11.0,1000.0,Free,0.0,Everyone,Finance,"April 15, 2018",1.4.0,4.1 and up,0.0,April,0
Toppen af Danmark,TRAVEL_AND_LOCAL,4.3,8.0,6.1,5000.0,Free,0.0,Everyone,Travel & Local,"June 28, 2018",8.3.0,4.4 and up,0.0,June,0
i-share AF/KLM (AFKL ishare),SOCIAL,4.3,2.0,53.0,100.0,Free,0.0,Teen,Social,"July 21, 2018",1.16.5,4.1 and up,0.0,July,0
Bazar.af,SHOPPING,4.7,13.0,1.3,500.0,Free,0.0,Everyone,Shopping,"July 7, 2017",cli-6.5.0,4.0 and up,0.0,July,0
Ariana News AF,NEWS_AND_MAGAZINES,4.1,20.0,3.1,5000.0,Free,0.0,Everyone,News & Magazines,"July 10, 2017",1.1,4.0 and up,0.0,July,0
AF Legendary 2017,BUSINESS,4.3,0.0,11.0,50.0,Free,0.0,Teen,Business,"September 30, 2017",v2.7.11.6,4.1 and up,0.0,September,0
AzadBazar.af,SHOPPING,4.3,3.0,3.7,100.0,Free,0.0,Everyone,Shopping,"March 9, 2018",1.0,4.0 and up,0.0,March,0
easyFocus,PHOTOGRAPHY,3.7,3396.0,0.259765625,500000.0,Free,0.0,Everyone,Photography,"November 28, 2012",1.2.0,2.2 and up,0.0,November,0
AF Nutrition - Integratori,HEALTH_AND_FITNESS,4.3,6.0,19.0,100.0,Free,0.0,Everyone,Health & Fitness,"August 2, 2018",1.3,4.1 and up,0.0,August,0
Tafsiir Quraan MP3 Af Soomaali Quraanka Kariimka,LIFESTYLE,5.0,7.0,3.4,1000.0,Free,0.0,Everyone,Lifestyle,"June 9, 2018",1.4,4.0 and up,0.0,June,0
Camera Pro,PHOTOGRAPHY,4.1,7479.0,13.0,1000000.0,Free,0.0,Everyone,Photography,"April 16, 2018",5.4,4.0 and up,0.0,April,0
Rоhi.af,NEWS_AND_MAGAZINES,4.8,46.0,46.0,1000.0,Free,0.0,Everyone,News & Magazines,"May 1, 2017",1.0.1,4.1 and up,0.0,May,0
HD Camera - silent shutter,PHOTOGRAPHY,4.0,26530.0,3.9,1000000.0,Free,0.0,Everyone,Photography,"July 23, 2018",2.3.5,3.2 and up,0.0,July,0
AF Our Time to Shine,BUSINESS,4.3,0.0,11.0,100.0,Free,0.0,Everyone,Business,"July 17, 2017",v2.7.10.6,4.1 and up,0.0,July,0
Auto Dslr Photo Effect : Auto Focus Effect,PHOTOGRAPHY,3.8,6.0,3.5,1000.0,Free,0.0,Everyone,Photography,"February 20, 2018",1.6,4.0.3 and up,0.0,February,0
AF Johannesburg,FAMILY,4.3,3.0,11.0,100.0,Free,0.0,Everyone,Education,"May 2, 2017",1.0.3,4.1 and up,0.0,May,0
What's Up,LIFESTYLE,4.1,23453.0,10.0,1000000.0,Free,0.0,Everyone,Lifestyle,"October 26, 2017",2.0,4.0 and up,0.0,October,0
Afterlight,PHOTOGRAPHY,4.3,50893.0,35.0,1000000.0,Free,0.0,Everyone,Photography,"November 20, 2014",1.0.6,4.0.3 and up,0.0,November,0
Blurfoto : Auto blur photo background & DSLR focus,PHOTOGRAPHY,4.3,2215.0,12.0,500000.0,Free,0.0,Everyone,Photography,"July 27, 2018",1.12,4.3 and up,0.0,July,0
Blur,PHOTOGRAPHY,4.0,9013.0,2.4,1000000.0,Free,0.0,Everyone,Photography,"June 18, 2018",4.0.2,4.4 and up,0.0,June,0
Ag PhD Field Guide,BOOKS_AND_REFERENCE,4.1,114.0,6.3,10000.0,Free,0.0,Everyone,Books & Reference,"May 25, 2015",2.0,2.3 and up,0.0,May,0
AG Drive 3D,GAME,3.8,164.0,22.0,10000.0,Free,0.0,Everyone,Adventure,"March 20, 2015",1.0.1,2.3.3 and up,0.0,March,0
Apps for SportsBєtting.ag - Bitcoin Welcome here!,SPORTS,4.3,0.0,10.0,1000.0,Free,0.0,Everyone,Sports,"December 11, 2017",1.0,4.0 and up,0.0,December,0
"AG Contacts, Lite edition",COMMUNICATION,4.5,185.0,3.7,5000.0,Free,0.0,Everyone,Communication,"May 18, 2018",8.05.18.14250,4.0.3 and up,0.0,May,0
Ag Weather Tools,WEATHER,4.3,0.0,4.6,500.0,Free,0.0,Everyone,Weather,"January 9, 2018",1.0.1,5.0 and up,0.0,January,0
Trimble Ag Mobile,PRODUCTIVITY,4.1,85.0,44.0,10000.0,Free,0.0,Everyone,Productivity,"August 2, 2018",2.7.8,4.1 and up,0.0,August,0
Ag Tools,TOOLS,4.3,2.0,18.0,1000.0,Free,0.0,Everyone,Tools,"September 27, 2017",1.0,4.0.3 and up,0.0,September,0
Ag PhD Deficiencies,BOOKS_AND_REFERENCE,3.9,20.0,9.7,10000.0,Free,0.0,Everyone,Books & Reference,"June 21, 2016",1.0,4.0.3 and up,0.0,June,0
AG Screen Recorder,TOOLS,3.7,7.0,2.7,1000.0,Free,0.0,Everyone,Tools,"April 3, 2018",3.0,5.0 and up,0.0,April,0
SOLEM AG,TOOLS,4.3,1.0,51.0,1000.0,Free,0.0,Everyone,Tools,"September 19, 2017",1.0.2,4.0 and up,0.0,September,0
Elim AG,LIFESTYLE,4.3,7.0,13.0,100.0,Free,0.0,Everyone,Lifestyle,"March 31, 2017",1.0,4.2 and up,0.0,March,0
AG Subway Simulator Pro,FAMILY,4.3,0.0,13.0,1000.0,Free,0.0,Everyone,Simulation,"July 27, 2018",Varies with device,Varies with device,0.0,July,0
BRL AG,TOOLS,4.3,0.0,52.0,100.0,Free,0.0,Everyone,Tools,"September 19, 2017",1.0.1,4.0 and up,0.0,September,0
Oklahoma Ag Co-op Council,COMMUNICATION,4.3,0.0,4.9,10.0,Free,0.0,Everyone,Communication,"July 23, 2018",2.2.3,4.0.3 and up,0.0,July,0
AG Fast Service Automotive,AUTO_AND_VEHICLES,4.3,5.0,1.7,100.0,Free,0.0,Everyone,Auto & Vehicles,"June 12, 2018",1.0.8,4.4 and up,0.0,June,0
All States Ag Parts,SHOPPING,4.7,68.0,6.5,10000.0,Free,0.0,Everyone,Shopping,"January 25, 2018",5.26.0,5.0 and up,0.0,January,0
Safe Ag Systems™,BUSINESS,4.7,3.0,36.0,100.0,Free,0.0,Everyone,Business,"July 22, 2018",2.0.3,4.0.3 and up,0.0,July,0
Ag PhD Planting Population Calculator,BOOKS_AND_REFERENCE,4.3,0.0,5.2,1000.0,Free,0.0,Everyone,Books & Reference,"June 9, 2017",2.0,4.0.3 and up,0.0,June,0
Ag Trucking Mobile App,PRODUCTIVITY,4.3,0.0,43.0,100.0,Free,0.0,Everyone,Productivity,"May 17, 2017",8.0,4.0.3 and up,0.0,May,0
Lakeside AG Moultrie,LIFESTYLE,5.0,3.0,8.6,50.0,Free,0.0,Everyone,Lifestyle,"May 23, 2017",1.0,4.1 and up,0.0,May,0
Ag Guardian,PRODUCTIVITY,4.3,1.0,2.0,100.0,Free,0.0,Everyone,Productivity,"December 28, 2015",1.0.0,4.0 and up,0.0,December,0
Wind & Weather Meter for Ag,WEATHER,4.3,3.0,14.0,1000.0,Free,0.0,Everyone,Weather,"March 14, 2016",v1.0,4.3 and up,0.0,March,0
Ag Across America,FAMILY,4.3,0.0,15.0,10.0,Free,0.0,Everyone,Educational;Education,"May 15, 2018",1.0.0,4.1 and up,0.0,May,0
Border Ag & Energy,BUSINESS,4.3,0.0,12.0,50.0,Free,0.0,Everyone,Business,"April 30, 2018",2.1,4.3 and up,0.0,April,0
Ag-Pro Companies,BUSINESS,4.3,0.0,45.0,50.0,Free,0.0,Everyone,Business,"March 6, 2018",2.3.0,4.4 and up,0.0,March,0
My Ag Report,PRODUCTIVITY,4.3,1.0,3.2,50.0,Free,0.0,Everyone,Productivity,"June 18, 2018",1.2,5.1 and up,0.0,June,0
Alabama Ag Credit Ag Banking,FINANCE,4.3,0.0,13.0,100.0,Free,0.0,Everyone,Finance,"February 9, 2018",5.3.4,4.4 and up,0.0,February,0
Mix Tank – Tank Mixing Ag App,PRODUCTIVITY,3.6,64.0,15.0,10000.0,Free,0.0,Everyone,Productivity,"October 16, 2017",4.2,4.4 and up,0.0,October,0
Eternal Light AG,SOCIAL,5.0,30.0,13.0,100.0,Free,0.0,Teen,Social,"May 19, 2018",1.04,4.0.3 and up,0.0,May,0
AG test,TOOLS,4.3,3.0,18.0,100.0,Free,0.0,Everyone,Tools,"October 18, 2017",1.0.2,4.1 and up,0.0,October,0
West Central Ag,BUSINESS,4.3,3.0,1.7,100.0,Free,0.0,Everyone,Business,"January 16, 2017",1.2,4.0 and up,0.0,January,0
Platincoin Wallet - PLC Group AG,LIBRARIES_AND_DEMO,4.3,375.0,15.0,10000.0,Free,0.0,Everyone,Libraries & Demo,"June 1, 2018",2.0.1,4.0.3 and up,0.0,June,0
Tri-Ag (WV) FCU,FINANCE,4.3,0.0,2.9,100.0,Free,0.0,Everyone,Finance,"July 3, 2018",3.1.10,4.1 and up,0.0,July,0
Ag PhD Soybean Diseases,BOOKS_AND_REFERENCE,4.3,0.0,5.9,1000.0,Free,0.0,Everyone,Books & Reference,"May 8, 2017",1.0.3,4.0.3 and up,0.0,May,0
United Ag Cooperative,BUSINESS,4.3,0.0,4.2,5.0,Free,0.0,Everyone,Business,"April 27, 2018",30.0.0,4.4 and up,0.0,April,0
Ag-Power,BUSINESS,4.3,0.0,47.0,10.0,Free,0.0,Everyone,Business,"July 13, 2018",2.4.3,4.4 and up,0.0,July,0
Fertilizer Removal By Crop,BOOKS_AND_REFERENCE,4.1,295.0,6.9,50000.0,Free,0.0,Everyone,Books & Reference,"June 20, 2017",2.0.3,4.0.3 and up,0.0,June,0
AG Track,TOOLS,4.1,12.0,8.7,100.0,Free,0.0,Everyone,Tools,"March 23, 2018",3.3,4.0 and up,0.0,March,0
Denis Brogniart - AH !,FAMILY,4.5,2931.0,0.798828125,100000.0,Free,0.0,Everyone,Entertainment,"August 4, 2017",1.1,4.2 and up,0.0,August,0
Freeland AH,MEDICAL,4.3,0.0,28.0,100.0,Free,0.0,Everyone,Medical,"December 18, 2017",300000.0.95,4.0.3 and up,0.0,December,0
MD PAWS AH,MEDICAL,4.3,0.0,29.0,100.0,Free,0.0,Everyone,Medical,"February 23, 2018",300000.0.98,4.0.3 and up,0.0,February,0
Woodland AH,MEDICAL,4.3,0.0,13.0,50.0,Free,0.0,Everyone,Medical,"February 2, 2018",300000.0.97,4.0.3 and up,0.0,February,0
Mukwonago AH,MEDICAL,4.3,1.0,29.0,100.0,Free,0.0,Everyone,Medical,"June 29, 2017",300000.0.85,4.0.3 and up,0.0,June,0
Angelcare AH,MEDICAL,4.3,0.0,29.0,50.0,Free,0.0,Everyone,Medical,"October 6, 2017",300000.0.91,4.0.3 and up,0.0,October,0
Chenoweth AH,MEDICAL,5.0,1.0,27.0,100.0,Free,0.0,Everyone,Medical,"April 3, 2017",300000.0.78,4.0.3 and up,0.0,April,0
Sayers AH,MEDICAL,4.3,0.0,29.0,50.0,Free,0.0,Everyone,Medical,"January 17, 2018",300000.0.97,4.0.3 and up,0.0,January,0
Claus Paws AH,MEDICAL,4.3,1.0,29.0,100.0,Free,0.0,Everyone,Medical,"December 8, 2017",300000.0.94,4.0.3 and up,0.0,December,0
Denis Brogniart - AH 2 !,FAMILY,4.3,4.0,14.0,100.0,Free,0.0,Everyone,Entertainment,"October 28, 2017",1.0,2.1 and up,0.0,October,0
Ah! Cutie,FAMILY,3.9,536.0,10.0,10000.0,Free,0.0,Everyone,Casual,"June 27, 2017",2.0.0,4.0 and up,0.0,June,0
Arrowhead AH App,MEDICAL,5.0,3.0,28.0,100.0,Free,0.0,Everyone,Medical,"April 21, 2017",300000.0.80,4.0.3 and up,0.0,April,0
Ah! Monster,FAMILY,4.1,1998.0,9.8,100000.0,Free,0.0,Everyone,Casual,"June 21, 2017",4.0.0,4.0 and up,0.0,June,0
Kimbrough AH,MEDICAL,5.0,5.0,28.0,100.0,Free,0.0,Everyone,Medical,"September 21, 2017",300000.0.90,4.0.3 and up,0.0,September,0
Bee'ah Employee App,COMMUNICATION,4.0,4.0,5.4,100.0,Free,0.0,Teen,Communication,"December 24, 2017",2.26.5.0,5.0 and up,0.0,December,0
WAH AH,MEDICAL,4.3,0.0,29.0,100.0,Free,0.0,Everyone,Medical,"May 3, 2017",300000.0.80,4.0.3 and up,0.0,May,0
Prestige AH,MEDICAL,4.0,2.0,29.0,100.0,Free,0.0,Everyone,Medical,"May 11, 2017",300000.0.81,4.0.3 and up,0.0,May,0
San Dimas AH,MEDICAL,4.3,0.0,29.0,100.0,Free,0.0,Everyone,Medical,"February 18, 2018",300000.0.97,4.0.3 and up,0.0,February,0
Ah Bailar,FAMILY,4.3,10.0,3.0,100.0,Free,0.0,Everyone,Entertainment,"April 14, 2018",1.0,5.0 and up,0.0,April,0
Ebenezer AH,MEDICAL,4.0,4.0,27.0,500.0,Free,0.0,Everyone,Medical,"May 5, 2017",300000.0.79,4.0.3 and up,0.0,May,0
Boston AH,MEDICAL,4.3,1.0,29.0,50.0,Free,0.0,Everyone,Medical,"November 30, 2017",300000.0.93,4.0.3 and up,0.0,November,0
Ah !,FAMILY,4.3,3.0,22.0,50.0,Free,0.0,Everyone,Entertainment,"December 27, 2017",1.1.2,5.0 and up,0.0,December,0
Kay AH GA,MEDICAL,4.3,0.0,29.0,1.0,Free,0.0,Everyone,Medical,"February 15, 2018",300000.0.97,4.0.3 and up,0.0,February,0
Bayview Hill AH,MEDICAL,4.3,0.0,29.0,50.0,Free,0.0,Everyone,Medical,"June 6, 2018",300000.1.08,4.0.3 and up,0.0,June,0
Hilltop AH,MEDICAL,4.3,0.0,29.0,100.0,Free,0.0,Everyone,Medical,"January 10, 2018",300000.0.96,4.0.3 and up,0.0,January,0
Ah Ha Block,FAMILY,4.3,2.0,16.0,100.0,Free,0.0,Everyone,Casual,"July 9, 2017",1.0,4.0 and up,0.0,July,0
AH Lake Villa,MEDICAL,4.3,3.0,27.0,100.0,Free,0.0,Everyone,Medical,"April 22, 2017",300000.0.78,4.0.3 and up,0.0,April,0
Ferguson AH,MEDICAL,4.3,0.0,29.0,100.0,Free,0.0,Everyone,Medical,"July 17, 2017",300000.0.86,4.0.3 and up,0.0,July,0
be'ah,HEALTH_AND_FITNESS,4.3,5.0,5.7,10.0,Free,0.0,Everyone,Health & Fitness,"March 28, 2018",1.0,2.3 and up,0.0,March,0
Ah! Bird,SPORTS,3.5,1689.0,5.7,100000.0,Free,0.0,Everyone,Sports,"August 29, 2017",1.5.062,4.3 and up,0.0,August,0
Downers Grove AH,MEDICAL,4.3,0.0,29.0,100.0,Free,0.0,Everyone,Medical,"January 10, 2018",300000.0.96,4.0.3 and up,0.0,January,0
AH! Soundboard,FAMILY,4.3,11.0,2.0,100.0,Free,0.0,Everyone,Entertainment,"September 21, 2017",1.1,4.1 and up,0.0,September,0
Sherbourne AH,MEDICAL,4.3,1.0,29.0,50.0,Free,0.0,Everyone,Medical,"February 27, 2018",300000.0.98,4.0.3 and up,0.0,February,0
Cathy AH,TOOLS,4.3,0.0,20.0,1.0,Free,0.0,Everyone,Tools,"July 16, 2018",1.0.4,4.1 and up,0.0,July,0
Monticello AH,MEDICAL,4.3,0.0,28.0,50.0,Free,0.0,Everyone,Medical,"May 26, 2017",300000.0.84,4.0.3 and up,0.0,May,0
Forest Crossing AH,MEDICAL,4.3,0.0,29.0,10.0,Free,0.0,Everyone,Medical,"April 12, 2018",300000.1.01,4.0.3 and up,0.0,April,0
Mitchell AH,MEDICAL,4.3,0.0,29.0,50.0,Free,0.0,Everyone,Medical,"May 23, 2018",300000.1.08,4.0.3 and up,0.0,May,0
AH of Rocky Hill,MEDICAL,4.3,0.0,29.0,100.0,Free,0.0,Everyone,Medical,"November 24, 2017",300000.0.93,4.0.3 and up,0.0,November,0
Replika,FAMILY,4.5,45458.0,35.0,1000000.0,Free,0.0,Mature 17+,Entertainment,"August 3, 2018",1.5.49,4.4 and up,0.0,August,0
Real AI,FAMILY,3.8,949.0,1.2,50000.0,Free,0.0,Everyone,Entertainment,"July 22, 2018",4.9,4.0 and up,0.0,July,0
Virtual Assistant DataBot: Artificial Intelligence,FAMILY,4.4,80927.0,27.0,1000000.0,Free,0.0,Everyone,Entertainment,"July 31, 2018",7.2.5,4.0 and up,0.0,July,0
ALPHA - Artificial Intelligence,FAMILY,4.0,51.0,3.2,1000.0,Free,0.0,Everyone,Entertainment,"June 3, 2018",1.3.4,4.0 and up,0.0,June,0
Artificial Intelligence,FAMILY,3.9,339.0,4.2,50000.0,Free,0.0,Everyone,Education,"April 5, 2018",6.2,4.0 and up,0.0,April,0
Orbita AI — Exciting mobile puzzles & riddles,FAMILY,4.6,116973.0,31.0,1000000.0,Free,0.0,Everyone,Puzzle,"March 29, 2018",1.1.9.1,4.1 and up,0.0,March,0
SMS AI Bot,TOOLS,3.8,89.0,3.9,10000.0,Free,0.0,Everyone,Tools,"July 1, 2018",3.0.4,4.1 and up,0.0,July,0
ChatBot AI Talking Girl,FAMILY,3.8,3597.0,25.0,100000.0,Free,0.0,Everyone 10+,Entertainment,"July 31, 2018",1.0.16,4.0.3 and up,0.0,July,0
Ai File Viewer,TOOLS,4.0,66.0,13.0,10000.0,Free,0.0,Everyone,Tools,"July 7, 2018",Varies with device,Varies with device,0.0,July,0
ParaTek Ai Speech generator,TOOLS,3.6,448.0,4.3,50000.0,Free,0.0,Everyone,Tools,"March 23, 2017",1.9,1.6 and up,0.0,March,0
Extreme- Personal Voice Assistant,PRODUCTIVITY,4.4,25627.0,9.8,1000000.0,Free,0.0,Everyone,Productivity,"August 5, 2018",132,5.0 and up,0.0,August,0
Robin - AI Voice Assistant,MAPS_AND_NAVIGATION,4.2,55313.0,16.0,1000000.0,Free,0.0,Everyone,Maps & Navigation,"August 5, 2018",4.435,4.1 and up,0.0,August,0
Learn Artificial Intelligence,FAMILY,4.6,27.0,4.2,10000.0,Free,0.0,Everyone,Education,"July 14, 2018",1.1.4,4.1 and up,0.0,July,0
AI Today : Artificial Intelligence News & AI 101,NEWS_AND_MAGAZINES,5.0,43.0,2.3,100.0,Free,0.0,Everyone,News & Magazines,"June 22, 2018",1.0,4.4 and up,0.0,June,0
Puck AI Personal Assistant Robot,PRODUCTIVITY,4.1,22.0,26.0,1000.0,Free,0.0,Everyone,Productivity,"November 2, 2017",1.5,4.0.3 and up,0.0,November,0
Builder (by Engineer.ai),PRODUCTIVITY,3.6,8.0,3.2,100.0,Free,0.0,Everyone,Productivity,"November 4, 2017",1.2-Release,4.1 and up,0.0,November,0
Friday: Smart Personal Assistant,PRODUCTIVITY,4.4,2087.0,8.3,100000.0,Free,0.0,Everyone,Productivity,"June 24, 2018",20,5.0 and up,0.0,June,0
Picai - Smart AI Camera,PHOTOGRAPHY,4.0,529.0,13.0,100000.0,Free,0.0,Everyone,Photography,"July 17, 2018",1.2.3,6.0 and up,0.0,July,0
Virtual Eye AI,TOOLS,4.4,26.0,3.8,500.0,Free,0.0,Everyone,Tools,"May 27, 2018",1.2,4.0 and up,0.0,May,0
Lyra Virtual Assistant,PRODUCTIVITY,4.5,41624.0,3.4,1000000.0,Free,0.0,Everyone,Productivity,"May 24, 2018",1.2.4,4.0.3 and up,0.0,May,0
2048(AI),FAMILY,4.3,20.0,3.5,1000.0,Free,0.0,Everyone,Casual,"June 3, 2015",0.33,2.3 and up,0.0,June,0
ai robot keyboard,PERSONALIZATION,4.7,1891.0,1.9,100000.0,Free,0.0,Everyone,Personalization,"May 24, 2018",10001008,4.0.3 and up,0.0,May,0
AI with Python Tutorial,FAMILY,4.4,8.0,3.3,5000.0,Free,0.0,Everyone,Education,"June 5, 2018",1.0.4,4.1 and up,0.0,June,0
ai.Bot Box,PRODUCTIVITY,4.3,0.0,13.0,10000.0,Free,0.0,Everyone,Productivity,"March 1, 2017",Varies with device,Varies with device,0.0,March,0
Message AI - Write Better Messages (Free),SOCIAL,3.7,3.0,7.9,100.0,Free,0.0,Everyone,Social,"July 4, 2018",1.3.1-lite,5.0 and up,0.0,July,0
Artificial intelligence,FAMILY,4.3,3.0,1.8,100.0,Free,0.0,Everyone,Entertainment,"March 5, 2018",2.2,4.1 and up,0.0,March,0
MiAI (Artificial Intelligence) Assistant,PRODUCTIVITY,3.7,3.0,7.5,100.0,Free,0.0,Everyone,Productivity,"March 1, 2018",11.04,4.1 and up,0.0,March,0
AI Image Recognizer (beta),PHOTOGRAPHY,4.3,0.0,3.7,500.0,Free,0.0,Everyone,Photography,"September 13, 2017",closed,4.0 and up,0.0,September,0
AI Sight,PRODUCTIVITY,3.5,43.0,48.0,1000.0,Free,0.0,Everyone,Productivity,"June 18, 2018",1.2,4.0.3 and up,0.0,June,0
Jarvis artificial intelligent,FAMILY,3.9,253.0,14.0,10000.0,Free,0.0,Everyone,Entertainment,"March 28, 2018",1.1,2.3 and up,0.0,March,0
DREAM-e: Dream Analysis A.I.,LIFESTYLE,3.8,89.0,0.9169921875,10000.0,Free,0.0,Everyone,Lifestyle,"February 18, 2013",2.3,2.1 and up,0.0,February,0
AJ Academy: Amazing Animals,FAMILY,4.5,1564.0,35.0,50000.0,Free,0.0,Everyone,Educational;Education,"May 25, 2018",1.1.0,4.1 and up,0.0,May,0
Dash Tag - Fun Endless Runner!,FAMILY,4.5,6750.0,43.0,100000.0,Free,0.0,Everyone,Casual,"June 13, 2018",2.0.3,4.3 and up,0.0,June,0
AJ+ Beta,NEWS_AND_MAGAZINES,4.3,0.0,13.0,1000.0,Free,0.0,Everyone,News & Magazines,"May 4, 2017",Varies with device,Varies with device,0.0,May,0
AJ Cam,PHOTOGRAPHY,5.0,44.0,2.8,100.0,Free,0.0,Everyone,Photography,"January 23, 2018",1.0,4.1 and up,0.0,January,0
AJ Reminders,MAPS_AND_NAVIGATION,4.3,0.0,3.2,10.0,Free,0.0,Everyone,Maps & Navigation,"January 27, 2018",1.0,4.2 and up,0.0,January,0
tournaments and more.aj.2,COMMUNICATION,4.3,0.0,4.2,100.0,Free,0.0,Teen,Communication,"September 25, 2017",4.3,2.3 and up,0.0,September,0
Aj. Vallbona,NEWS_AND_MAGAZINES,4.3,0.0,22.0,10.0,Free,0.0,Everyone,News & Magazines,"July 25, 2018",4.0,4.4 and up,0.0,July,0
AJ Official,FAMILY,4.6,31.0,7.3,500.0,Free,0.0,Everyone,Education,"May 3, 2017",0.1,2.3 and up,0.0,May,0
Selfie With Champion AJ Style,PHOTOGRAPHY,5.0,2.0,7.5,500.0,Free,0.0,Everyone,Photography,"January 8, 2018",1.0,3.2 and up,0.0,January,0
AJ Concept Group App,HOUSE_AND_HOME,4.3,0.0,17.0,10.0,Free,0.0,Everyone,House & Home,"July 25, 2017",3.0,4.0.3 and up,0.0,July,0
Blackjack aj Poker,GAME,3.8,8.0,4.2,1000.0,Free,0.0,Teen,Card,"October 19, 2016",1.1,2.3.3 and up,0.0,October,0
Bonza Poly Art - Tenkyu Animal Jam for Kids,FAMILY,4.1,22.0,31.0,1000.0,Free,0.0,Everyone,Puzzle,"August 3, 2018",1.0.9,4.1 and up,0.0,August,0
A.J. Styles HD Wallpapers 2018,PHOTOGRAPHY,4.3,1.0,7.6,100.0,Free,0.0,Everyone,Photography,"July 26, 2018",1.0,4.1 and up,0.0,July,0
AJ Player,VIDEO_PLAYERS,4.8,18.0,1.7,100.0,Free,0.0,Everyone,Video Players & Editors,"April 22, 2018",1.6.3.1,5.0 and up,0.0,April,0
AJ RETAILS,SHOPPING,5.0,9.0,0.1650390625,10.0,Free,0.0,Everyone,Shopping,"June 1, 2018",18060104,2.2 and up,0.0,June,0
AJ AUTO,AUTO_AND_VEHICLES,4.3,0.0,7.7,10.0,Free,0.0,Everyone,Auto & Vehicles,"February 27, 2017",1.0.0,4.0.3 and up,0.0,February,0
AJ Percent Off Calculator,SHOPPING,4.4,134.0,0.0439453125,10000.0,Free,0.0,Everyone,Shopping,"June 4, 2013",1.2,2.2 and up,0.0,June,0
AJ Nails Supply,SHOPPING,4.3,1.0,6.6,100.0,Free,0.0,Everyone,Shopping,"August 15, 2016",1.0,2.3.3 and up,0.0,August,0
Aj.Petra,COMMUNICATION,4.3,5.0,14.0,100.0,Free,0.0,Everyone,Communication,"September 29, 2017",1.0.1,4.1 and up,0.0,September,0
AJ Men's Grooming,LIFESTYLE,5.0,2.0,22.0,100.0,Free,0.0,Everyone,Lifestyle,"August 28, 2017",5,4.1 and up,0.0,August,0
AJ Rafael Music Lyrics,FAMILY,4.3,0.0,8.4,50.0,Free,0.0,Everyone 10+,Entertainment,"January 3, 2018",2.0,4.0.3 and up,0.0,January,0
AJ Styles HD Wallpapers,ART_AND_DESIGN,4.8,48.0,25.0,5000.0,Free,0.0,Everyone,Art & Design,"August 4, 2018",1.1.1,4.1 and up,0.0,August,0
AJ and Alyssa,LIFESTYLE,4.3,0.0,0.4638671875,100.0,Free,0.0,Everyone,Lifestyle,"June 1, 2017",1.0.0,2.3.3 and up,0.0,June,0
A.J. Green Wallpapers 4 Fans,LIFESTYLE,4.3,0.0,4.3,5.0,Free,0.0,Everyone,Lifestyle,"May 26, 2018",1.0,4.0 and up,0.0,May,0
AJ Styles Wallpaper 2018 - AJ Styles HD Wallpaper,ART_AND_DESIGN,4.0,18.0,3.6,1000.0,Free,0.0,Everyone,Art & Design,"March 22, 2018",1.1,4.0 and up,0.0,March,0
A-J Media Vault,BOOKS_AND_REFERENCE,4.3,1.0,24.0,50.0,Free,0.0,Everyone,Books & Reference,"January 4, 2017",5.62.1,4.0.3 and up,0.0,January,0
AJ-COMICS,FOOD_AND_DRINK,4.3,0.0,27.0,5.0,Free,0.0,Everyone,Food & Drink,"July 13, 2018",0.1.0,4.4 and up,0.0,July,0
AJ Tracey Music and Lyrics,FAMILY,4.3,0.0,2.7,5.0,Free,0.0,Teen,Entertainment,"June 7, 2018",1.0,4.0.3 and up,0.0,June,0
AJ렌터카 법인 카셰어링,MAPS_AND_NAVIGATION,4.3,0.0,27.0,10.0,Free,0.0,Everyone,Maps & Navigation,"July 30, 2018",1.0.0.0,4.3 and up,0.0,July,0
AJ Rafael Music Lessons,FAMILY,5.0,1.0,8.2,10.0,Free,0.0,Everyone,Entertainment,"November 29, 2017",1.2.1,4.1 and up,0.0,November,0
AJ Wallpapers,PERSONALIZATION,4.3,0.0,3.9,100.0,Free,0.0,Everyone,Personalization,"May 6, 2018",2.0,4.0.3 and up,0.0,May,0
Aj Di Awaaz,NEWS_AND_MAGAZINES,4.3,9.0,1.1,500.0,Free,0.0,Everyone,News & Magazines,"September 7, 2016",1.0,4.1 and up,0.0,September,0
How it works: AK-74N,FAMILY,4.4,1031.0,48.0,100000.0,Free,0.0,Everyone,Entertainment,"January 9, 2018",2.1.9f0,4.0.3 and up,0.0,January,0
AK-47: Simulator and Shooting,FAMILY,4.0,345.0,14.0,100000.0,Free,0.0,Everyone 10+,Simulation,"November 11, 2016",1.3.0,3.0 and up,0.0,November,0
AK-47 Simulation and Info,FAMILY,4.3,2.0,18.0,100.0,Free,0.0,Everyone,Entertainment,"May 5, 2018",2.0.0,5.0 and up,0.0,May,0
AK-47 Sounds,FAMILY,3.9,656.0,2.9,500000.0,Free,0.0,Everyone 10+,Entertainment,"September 14, 2016",2.0,2.3.3 and up,0.0,September,0
AK 47 Live Wallpaper,PERSONALIZATION,4.1,585.0,4.4,50000.0,Free,0.0,Everyone,Personalization,"June 20, 2018",1.3,4.1 and up,0.0,June,0
AK Interactive,FAMILY,4.3,734.0,13.0,10000.0,Free,0.0,Everyone,Entertainment,"July 12, 2018",2.5,4.0 and up,0.0,July,0
AK-47 sounds,FAMILY,3.9,7.0,3.8,1000.0,Free,0.0,Everyone,Entertainment,"June 18, 2018",568,4.0 and up,0.0,June,0
Wallpapers AK 47 Guns,PERSONALIZATION,4.5,37.0,15.0,5000.0,Free,0.0,Teen,Personalization,"February 26, 2017",1.0,4.1 and up,0.0,February,0
AK 47 Assault Rifle Wallpapers,PERSONALIZATION,4.3,1.0,15.0,100.0,Free,0.0,Teen,Personalization,"February 22, 2018",1.0,4.1 and up,0.0,February,0
AK-47 Assault Rifle,FAMILY,3.7,165.0,25.0,10000.0,Free,0.0,Teen,Entertainment,"April 26, 2015",1.0,2.3 and up,0.0,April,0
AK 47 Guns Wallpaper,PERSONALIZATION,4.2,322.0,6.8,50000.0,Free,0.0,Everyone,Personalization,"May 29, 2017",1.0,4.1 and up,0.0,May,0
AK-47 3D,GAME,3.7,91.0,24.0,10000.0,Free,0.0,Everyone,Action,"December 25, 2016",3.2,2.3 and up,0.0,December,0
Book of AK-47,LIFESTYLE,3.8,6.0,3.4,500.0,Free,0.0,Everyone,Lifestyle,"March 1, 2016",1.0.2,4.0.3 and up,0.0,March,0
Weapon stripping 3D,FAMILY,4.6,23971.0,24.0,1000000.0,Free,0.0,Everyone,Simulation,"August 4, 2018",39.231,4.1 and up,0.0,August,0
AK-47 Assult Rifle: Gun Shooting Simulator Game,GAME,4.3,1.0,5.8,500.0,Free,0.0,Everyone,Action,"May 17, 2018",2.0,4.0.3 and up,0.0,May,0
Ak-47 Wallpapers 2018,PERSONALIZATION,4.3,7.0,4.9,500.0,Free,0.0,Everyone,Personalization,"March 14, 2018",newversion,4.3 and up,0.0,March,0
Wallpapers New AK 47 Assault Rifle Guns Arms,PERSONALIZATION,4.3,0.0,16.0,100.0,Free,0.0,Teen,Personalization,"March 10, 2018",1.0,4.1 and up,0.0,March,0
AK47 Assault Rifle,TOOLS,3.9,54.0,2.8,10000.0,Free,0.0,Everyone,Tools,"May 2, 2015",1.0.0.1,2.2 and up,0.0,May,0
Wallpapers AK 74M,PERSONALIZATION,4.3,0.0,11.0,10.0,Free,0.0,Teen,Personalization,"April 13, 2018",1.0,4.1 and up,0.0,April,0
Weapons simulator AK-47,FAMILY,4.1,21.0,26.0,5000.0,Free,0.0,Everyone,Simulation,"May 15, 2017",1,4.1 and up,0.0,May,0
Wallpapers AK 12,PERSONALIZATION,4.3,0.0,11.0,10.0,Free,0.0,Teen,Personalization,"April 12, 2018",1.0,4.1 and up,0.0,April,0
AK 47 Lock Screen,PERSONALIZATION,4.6,5.0,8.8,500.0,Free,0.0,Mature 17+,Personalization,"February 11, 2018",1.0,4.0.3 and up,0.0,February,0
Gun AK 47,FAMILY,4.3,3.0,6.2,1000.0,Free,0.0,Everyone,Entertainment,"April 18, 2017",1.0,2.3 and up,0.0,April,0
AK Blackjack,GAME,4.3,4.0,7.6,1000.0,Free,0.0,Teen,Card,"July 30, 2018",1.3,4.1 and up,0.0,July,0
Jigsaw Puzzles AK 74M,PERSONALIZATION,4.3,0.0,4.9,10.0,Free,0.0,Mature 17+,Personalization,"May 7, 2018",1.0,4.0.3 and up,0.0,May,0
AK-47 guns Sounds,FAMILY,4.3,2.0,5.1,100.0,Free,0.0,Everyone,Entertainment,"June 28, 2018",666,4.0 and up,0.0,June,0
AK Phone,COMMUNICATION,4.4,9.0,4.2,5000.0,Free,0.0,Everyone,Communication,"May 29, 2017",3.8.8,2.2 and up,0.0,May,0
AK Booster,TOOLS,3.8,71.0,7.0,10000.0,Free,0.0,Everyone,Tools,"May 2, 2018",2.0.1.966,4.4 and up,0.0,May,0
AK Lodi Films,VIDEO_PLAYERS,4.9,23.0,2.1,100.0,Free,0.0,Everyone,Video Players & Editors,"August 11, 2015",1.1,4.0 and up,0.0,August,0
AK Math Coach,FAMILY,3.6,283.0,18.0,50000.0,Free,0.0,Everyone,Education,"May 19, 2015",1.3,2.3.3 and up,0.0,May,0
University of Alabama,FAMILY,4.5,302.0,3.0,50000.0,Free,0.0,Everyone,Education,"November 30, 2017",3.3,4.1 and up,0.0,November,0
Alabama Gameday Live,SPORTS,4.7,19.0,12.0,1000.0,Free,0.0,Everyone,Sports,"May 18, 2018",2.0.1,4.2 and up,0.0,May,0
AL.com: Alabama Football News,SPORTS,4.5,459.0,8.0,10000.0,Free,0.0,Everyone 10+,Sports,"July 23, 2018",3.7.10-0d44b899,4.1 and up,0.0,July,0
Alabama Road Trips,TRAVEL_AND_LOCAL,4.4,71.0,28.0,10000.0,Free,0.0,Everyone,Travel & Local,"October 27, 2017",1.8.7,4.0 and up,0.0,October,0
Alabama DMV Permit Test - AL,FAMILY,4.3,218.0,29.0,10000.0,Free,0.0,Everyone,Education,"February 15, 2018",6.0.3,4.4 and up,0.0,February,0
Official AL Fishing & Hunting,TRAVEL_AND_LOCAL,4.2,1291.0,40.0,50000.0,Free,0.0,Everyone,Travel & Local,"October 18, 2017",5.29.77 Domain 427,4.4 and up,0.0,October,0
Al Quran (Tafsir & by Word),BOOKS_AND_REFERENCE,4.8,57400.0,14.0,500000.0,Free,0.0,Everyone,Books & Reference,"July 30, 2018",1.6.5,4.0 and up,0.0,July,0
Al Quran Al karim,BOOKS_AND_REFERENCE,4.6,41608.0,49.0,1000000.0,Free,0.0,Everyone,Books & Reference,"November 5, 2017",1.1.7,2.2 and up,0.0,November,0
Al jazeera TV,FAMILY,4.6,9952.0,3.7,100000.0,Free,0.0,Teen,Entertainment,"July 5, 2016",1.0.0,4.0.3 and up,0.0,July,0
Al Jazeera English,NEWS_AND_MAGAZINES,4.1,24456.0,13.0,1000000.0,Free,0.0,Everyone,News & Magazines,"July 24, 2018",Varies with device,Varies with device,0.0,July,0
Al-Muhaffiz,BOOKS_AND_REFERENCE,4.7,2319.0,27.0,50000.0,Free,0.0,Everyone,Books & Reference,"April 22, 2018",10.10,4.1 and up,0.0,April,0
Al Quran Audio (Full 30 Juz),FAMILY,4.7,7878.0,3.6,1000000.0,Free,0.0,Everyone,Education,"May 29, 2017",4.0,2.3 and up,0.0,May,0
Quran for All (Al-Huda Int.),FAMILY,4.8,6696.0,5.3,100000.0,Free,0.0,Everyone,Education,"February 7, 2018",3.1.0,4.0 and up,0.0,February,0
AL Voice Recorder,PRODUCTIVITY,3.6,4832.0,2.4,1000000.0,Free,0.0,Everyone,Productivity,"November 22, 2016",2.1.7.3,3.0 and up,0.0,November,0
Quran Juz-30 - Mahad al Zahra,FAMILY,4.6,2654.0,6.7,100000.0,Free,0.0,Everyone,Education,"November 2, 2016",1.10.0,2.2 and up,0.0,November,0
Al Mayadeen,NEWS_AND_MAGAZINES,4.7,13620.0,9.0,500000.0,Free,0.0,Everyone,News & Magazines,"April 16, 2018",2.137,4.1 and up,0.0,April,0
Al-Quran Al-Muallim,FAMILY,4.5,199.0,0.259765625,10000.0,Free,0.0,Everyone,Education,"September 11, 2013",1.0beta,2.2 and up,0.0,September,0
We're Working Out - Al Kavadlo,HEALTH_AND_FITNESS,4.3,979.0,13.0,50000.0,Free,0.0,Everyone,Health & Fitness,"December 24, 2017",Varies with device,Varies with device,0.0,December,0
Al-Quran 30 Juz free copies,BOOKS_AND_REFERENCE,4.5,12322.0,27.0,500000.0,Free,0.0,Everyone,Books & Reference,"December 17, 2016",3.0,2.3 and up,0.0,December,0
Al Quran MP3 - Quran Reading®,FAMILY,4.7,47463.0,22.0,1000000.0,Free,0.0,Everyone,Education,"April 24, 2018",4.4,4.0.3 and up,0.0,April,0
Al-Quran Ahmad Saud Offline,FAMILY,4.7,7116.0,40.0,100000.0,Free,0.0,Everyone,Education,"August 9, 2016",1.0,2.3.3 and up,0.0,August,0
12 Step Meditations & Sober Prayers AA NA AL-ANON,LIFESTYLE,4.7,759.0,15.0,50000.0,Free,0.0,Everyone 10+,Lifestyle,"January 22, 2018",1.4.5,4.1 and up,0.0,January,0
Al Quran Free - القرآن (Islam),BOOKS_AND_REFERENCE,4.7,1777.0,23.0,50000.0,Free,0.0,Everyone,Books & Reference,"February 15, 2015",1.1,2.2 and up,0.0,February,0
Taha Al Junaid Quran Mp3,LIFESTYLE,4.6,518.0,4.2,50000.0,Free,0.0,Everyone,Lifestyle,"March 25, 2017",1.1,2.3.3 and up,0.0,March,0
Surah Al-Waqiah,BOOKS_AND_REFERENCE,4.7,1201.0,2.9,100000.0,Free,0.0,Everyone,Books & Reference,"June 24, 2015",1.0,2.3.3 and up,0.0,June,0
I AM RICH,FAMILY,3.9,1455.0,1.1,10000.0,Free,0.0,Everyone,Entertainment,"October 11, 2017",1.0,2.3 and up,0.0,October,0
i am rich,BUSINESS,3.9,213.0,2.9,1000.0,Free,0.0,Everyone,Business,"June 9, 2018",1.0,4.0 and up,0.0,June,0
Where Am I At?,TRAVEL_AND_LOCAL,3.8,39.0,12.0,10000.0,Free,0.0,Everyone,Travel & Local,"October 8, 2016",1.2,4.1 and up,0.0,October,0
Where Am I? GPS Loc,TRAVEL_AND_LOCAL,4.6,68.0,4.2,10000.0,Free,0.0,Everyone,Travel & Local,"November 14, 2017",5.0,4.0.3 and up,0.0,November,0
Coast To Coast AM Insider,NEWS_AND_MAGAZINES,3.9,4581.0,21.0,100000.0,Free,0.0,Everyone,News & Magazines,"January 4, 2018",5.0.108,4.4 and up,0.0,January,0
Where Am I?,TOOLS,4.2,1313.0,13.0,100000.0,Free,0.0,Everyone,Tools,"July 28, 2014",Varies with device,Varies with device,0.0,July,0
What Am I? - Brain Teasers,GAME,4.2,4537.0,15.0,100000.0,Free,0.0,Everyone,Trivia,"April 5, 2017",2.2,4.0.3 and up,0.0,April,0
Who am I? (Biblical),GAME,4.5,5849.0,5.1,500000.0,Free,0.0,Everyone,Trivia,"September 13, 2017",1.2.2_comAds,4.0.3 and up,0.0,September,0
DWWW 774 Ultimate AM Radio,NEWS_AND_MAGAZINES,4.7,327.0,31.0,10000.0,Free,0.0,Everyone,News & Magazines,"June 26, 2018",4.0.9,4.1 and up,0.0,June,0
Anno: Build an Empire,FAMILY,3.5,33944.0,28.0,1000000.0,Free,0.0,Everyone 10+,Strategy,"March 10, 2016",2.0.0,4.1 and up,0.0,March,0
Vikings: an Archer's Journey,GAME,4.5,10256.0,39.0,1000000.0,Free,0.0,Everyone,Action,"December 11, 2017",2.1.0,4.3 and up,0.0,December,0
Trell: An app for Explorers | Best Wanderlust App,LIFESTYLE,4.6,8004.0,34.0,100000.0,Free,0.0,Teen,Lifestyle,"July 31, 2018",3.4.8,4.1 and up,0.0,July,0
Create apps fast with beautiful design and no code,BUSINESS,3.7,23729.0,24.0,1000000.0,Free,0.0,Everyone,Business,"May 14, 2018",7.2,4.4 and up,0.0,May,0
"Resume Builder Free, 5 Minute CV Maker & Templates",BUSINESS,4.4,72202.0,6.7,1000000.0,Free,0.0,Everyone,Business,"June 25, 2018",6.0,4.0.3 and up,0.0,June,0
AO Surgery Reference,MEDICAL,4.7,2570.0,3.8,100000.0,Free,0.0,Everyone,Medical,"May 10, 2017",1.2.6,4.0 and up,0.0,May,0
ao,FAMILY,3.5,14145.0,5.9,1000000.0,Free,0.0,Everyone,Strategy,"June 8, 2016",1.0.9,4.0 and up,0.0,June,0
AO/OTA Fracture Classification,MEDICAL,4.9,25.0,46.0,5000.0,Free,0.0,Everyone,Medical,"April 17, 2018",1.0,5.0 and up,0.0,April,0
AO Player,EVENTS,4.0,9.0,3.3,1000.0,Free,0.0,Everyone,Events,"December 20, 2017",1.1.4,4.4 and up,0.0,December,0
Ao Oni2,GAME,4.1,21223.0,48.0,1000000.0,Free,0.0,Teen,Adventure,"April 20, 2018",1.6.6,4.1 and up,0.0,April,0
A. O. Smith,TOOLS,4.2,32.0,33.0,10000.0,Free,0.0,Everyone,Tools,"May 21, 2018",3.0.22,4.0 and up,0.0,May,0
AO-EVENT,BUSINESS,4.3,0.0,42.0,100.0,Free,0.0,Everyone,Business,"May 28, 2018",6.2.6,4.1 and up,0.0,May,0
PlacarTv Futebol Ao Vivo,COMMUNICATION,4.1,2063.0,4.5,100000.0,Free,0.0,Everyone,Communication,"June 3, 2018",1.0.3,4.0 and up,0.0,June,0
Virtual lover,FAMILY,4.6,45771.0,28.0,1000000.0,Free,0.0,Mature 17+,Entertainment,"June 8, 2018",1.39,4.1 and up,0.0,June,0
Carnivores: Dinosaur Hunter,GAME,4.2,62636.0,17.0,1000000.0,Free,0.0,Teen,Action,"July 2, 2018",1.8.0,4.0.3 and up,0.0,July,0
Can Your Pet? : Returns - Teen,FAMILY,4.3,45370.0,14.0,1000000.0,Free,0.0,Teen,Simulation,"August 2, 2018",2.59.8,2.3 and up,0.0,August,0
GUYZ - Gay Chat & Gay Dating,SOCIAL,4.4,41269.0,13.0,1000000.0,Free,0.0,Mature 17+,Social,"May 10, 2017",1.3.6.4,4.0.3 and up,0.0,May,0
Start the Hunt for the Lost Treasure,FAMILY,3.8,302.0,8.1,10000.0,Free,0.0,Everyone,Puzzle;Brain Games,"September 13, 2017",1.4,4.0.3 and up,0.0,September,0
Treasure Hunt Hidden Objects Adventure Game,FAMILY,4.3,1231.0,13.0,100000.0,Free,0.0,Everyone,Puzzle,"May 24, 2018",2.2,4.1 and up,0.0,May,0
Scanning under clothes (prank),FAMILY,3.7,1443.0,20.0,100000.0,Free,0.0,Mature 17+,Entertainment,"January 18, 2018",3.0,2.3 and up,0.0,January,0
Hidden Objects Treasure Hunt Adventure Games,FAMILY,4.3,275.0,29.0,10000.0,Free,0.0,Everyone,Puzzle,"July 9, 2018",1.0.1,4.4 and up,0.0,July,0
AP Mobile - Breaking News,NEWS_AND_MAGAZINES,4.5,76616.0,4.6,1000000.0,Free,0.0,Everyone 10+,News & Magazines,"May 25, 2017",4.4.3,4.0 and up,0.0,May,0
AP ENPS Mobile,PRODUCTIVITY,4.1,22.0,0.5322265625,5000.0,Free,0.0,Everyone,Productivity,"March 8, 2016",8.0.0130,4.4 and up,0.0,March,0
AP® Guide,FAMILY,5.0,3.0,2.1,1000.0,Free,0.0,Everyone,Education,"July 31, 2017",1.3,4.0.3 and up,0.0,July,0
WiFi Access Point (hotspot),COMMUNICATION,3.9,684.0,0.0595703125,100000.0,Free,0.0,Everyone,Communication,"May 14, 2015",1.1.2,2.3 and up,0.0,May,0
AP Mobile,FAMILY,4.6,117.0,13.0,10000.0,Free,0.0,Everyone,Education,"November 21, 2017",1.03,6.0 and up,0.0,November,0
AP Manager,TOOLS,4.0,177.0,2.8,10000.0,Free,0.0,Everyone,Tools,"May 4, 2015",1.0.8,2.3 and up,0.0,May,0
AP App for Android™,NEWS_AND_MAGAZINES,3.6,188.0,9.9,10000.0,Free,0.0,Everyone,News & Magazines,"May 12, 2016",1.0,4.0 and up,0.0,May,0
Access Point Finder,LIFESTYLE,4.0,22.0,2.5,10000.0,Free,0.0,Everyone,Lifestyle,"September 6, 2016",1.0,3.0 and up,0.0,September,0
AP English Language: Practice Tests and Flashcards,FAMILY,4.5,19.0,5.4,5000.0,Free,0.0,Everyone,Education,"July 3, 2018",1.6.7.1,4.1 and up,0.0,July,0
AP Mobile 104,BUSINESS,4.3,0.0,14.0,100.0,Free,0.0,Everyone,Business,"December 13, 2017",1.2.2.0,4.0 and up,0.0,December,0
Access Point Browser,TOOLS,4.2,25.0,2.5,1000.0,Free,0.0,Everyone,Tools,"September 22, 2017",3.11,4.3 and up,0.0,September,0
AP Installer,TOOLS,4.5,23.0,0.2763671875,5000.0,Free,0.0,Everyone,Tools,"July 20, 2018",13,3.2 and up,0.0,July,0
Access Point Proximity,TOOLS,4.3,5.0,2.3,1000.0,Free,0.0,Everyone,Tools,"June 28, 2018",2.1.1,5.0 and up,0.0,June,0
Study AP World History,FAMILY,4.6,513.0,1.6,10000.0,Free,0.0,Everyone,Education,"July 18, 2016",1.1.2,4.0.3 and up,0.0,July,0
UniFi,TOOLS,4.7,11018.0,25.0,500000.0,Free,0.0,Everyone,Tools,"July 25, 2018",1.7.0,4.1 and up,0.0,July,0
Ap Video Downloader for fb New 2018,TOOLS,4.2,676.0,5.4,100000.0,Free,0.0,Everyone,Tools,"July 31, 2018",3.0.188,4.0.3 and up,0.0,July,0
HotSpot Tethering Free/WiFi AP,TOOLS,3.9,478.0,2.0,100000.0,Free,0.0,Everyone,Tools,"September 12, 2016",2.003,2.3 and up,0.0,September,0
AP Chemistry Prep: Practice Tests and Flashcards,FAMILY,4.7,55.0,5.4,10000.0,Free,0.0,Everyone,Education,"July 3, 2018",1.6.7.1,4.1 and up,0.0,July,0
AP Flashcards,FAMILY,3.7,88.0,41.0,10000.0,Free,0.0,Everyone,Education,"August 30, 2015",1.3.14,3.1 and up,0.0,August,0
AP World History: Practice Tests and Flashcards,FAMILY,4.8,21.0,5.4,5000.0,Free,0.0,Everyone,Education,"July 3, 2018",1.6.7.1,4.1 and up,0.0,July,0
Access Point Names,COMMUNICATION,4.0,138.0,2.4,10000.0,Free,0.0,Everyone,Communication,"August 12, 2014",1.0,2.3.3 and up,0.0,August,0
"AP Biology Prep: Practice Tests, Flashcards",FAMILY,4.6,87.0,5.4,10000.0,Free,0.0,Everyone,Education,"July 3, 2018",1.6.7.1,4.1 and up,0.0,July,0
AP Biology Study Guide + Quiz,FAMILY,4.4,105.0,9.0,10000.0,Free,0.0,Everyone,Education,"March 22, 2016",1.5.1,4.1 and up,0.0,March,0
Reuters News,NEWS_AND_MAGAZINES,4.3,13166.0,25.0,1000000.0,Free,0.0,Everyone 10+,News & Magazines,"June 6, 2018",3.4.4,4.1 and up,0.0,June,0
AP Physics 1 Prep: Practice Tests and Flashcards,FAMILY,4.4,29.0,5.3,5000.0,Free,0.0,Everyone,Education,"July 3, 2018",1.6.7.1,4.1 and up,0.0,July,0
Fate GO Ap Counter,TOOLS,4.6,70.0,3.2,1000.0,Free,0.0,Everyone,Tools,"January 19, 2018",1.1.4,4.1 and up,0.0,January,0
AP Psychology Prep: Practice Tests and Flashcards,FAMILY,4.5,242.0,5.4,50000.0,Free,0.0,Everyone,Education,"July 3, 2018",1.6.7.1,4.1 and up,0.0,July,0
APN Settings,TOOLS,3.7,3743.0,5.6,1000000.0,Free,0.0,Everyone,Tools,"August 3, 2018",6.4,4.1 and up,0.0,August,0
AEE AP,PHOTOGRAPHY,4.3,4.0,17.0,1000.0,Free,0.0,Everyone,Photography,"February 7, 2018",1.01,2.2 and up,0.0,February,0
AP Math & Computer Science,FAMILY,3.7,37.0,9.5,5000.0,Free,0.0,Everyone,Education,"July 19, 2015",2.16,2.3 and up,0.0,July,0
AP Statistics Prep: Practice Tests and Flashcards,FAMILY,4.2,19.0,5.4,5000.0,Free,0.0,Everyone,Education,"July 3, 2018",1.6.7.1,4.1 and up,0.0,July,0
AP European History: Practice Tests and Flashcards,FAMILY,4.7,7.0,5.4,1000.0,Free,0.0,Everyone,Education,"July 3, 2018",1.6.7.1,4.1 and up,0.0,July,0
AdventureQuest 3D MMO,FAMILY,4.3,22667.0,35.0,1000000.0,Free,0.0,Teen,Role Playing,"July 26, 2018",1.10.1,4.4 and up,0.0,July,0
AdventureQuest Dragons,FAMILY,3.9,10114.0,48.0,100000.0,Free,0.0,Everyone,Casual,"June 13, 2018",1.0.63,4.0 and up,0.0,June,0
AQ: First Contact,FAMILY,4.3,0.0,13.0,50000.0,Free,0.0,Everyone,Strategy,"July 26, 2018",Varies with device,Varies with device,0.0,July,0
Battle Gems (AdventureQuest),FAMILY,4.4,48427.0,13.0,500000.0,Free,0.0,Everyone 10+,Puzzle,"March 31, 2018",Varies with device,Varies with device,0.0,March,0
Undead Assault,GAME,4.3,4704.0,37.0,100000.0,Free,0.0,Everyone 10+,Arcade,"November 4, 2015",1.4.6,2.3 and up,0.0,November,0
AQ Service,BUSINESS,4.3,4.0,17.0,10.0,Free,0.0,Everyone,Business,"August 28, 2017",1.0,4.4 and up,0.0,August,0
AQ wisdom +,TOOLS,4.3,0.0,35.0,100.0,Free,0.0,Everyone,Tools,"March 15, 2018",1.0.0,4.0.3 and up,0.0,March,0
AQ SMS Notify,TOOLS,4.3,0.0,2.3,10.0,Free,0.0,Everyone,Tools,"April 12, 2018",2.5.3,4.1 and up,0.0,April,0
Adventure Quest World Mobile Quiz,FAMILY,4.6,28.0,26.0,500.0,Free,0.0,Everyone,Puzzle,"January 16, 2018",3.1.6z,4.0.3 and up,0.0,January,0
Aqw&3d Design Notes Manager,FAMILY,4.5,11.0,2.9,500.0,Free,0.0,Everyone,Entertainment,"August 15, 2017",3.0,4.0.3 and up,0.0,August,0
AQ Aspergers Test,MEDICAL,3.9,265.0,0.697265625,10000.0,Free,0.0,Everyone,Medical,"October 14, 2015",1.4.0,2.3.3 and up,0.0,October,0
Guess the Class 🔥 AQW,GAME,4.7,57.0,12.0,1000.0,Free,0.0,Everyone,Word,"November 1, 2017",1.0.0,4.1 and up,0.0,November,0
AQ Ria Retail,FAMILY,5.0,4.0,52.0,50.0,Free,0.0,Everyone,Education,"April 3, 2018",1.1,4.1 and up,0.0,April,0
Accounting Quiz (AQ) Malaysia,FAMILY,5.0,25.0,13.0,1000.0,Free,0.0,Everyone,Education,"January 29, 2018",Varies with device,4.0 and up,0.0,January,0
AQ Guards,PRODUCTIVITY,4.3,0.0,3.2,10.0,Free,0.0,Everyone,Productivity,"July 6, 2018",2.1.22,4.4 and up,0.0,July,0
Wowkwis aq Ka'qaquj,FAMILY,5.0,1.0,49.0,10.0,Free,0.0,Everyone,Education;Education,"February 16, 2018",1.0,4.0.3 and up,0.0,February,0
AQ Coach,SPORTS,4.3,0.0,28.0,5.0,Free,0.0,Everyone,Sports,"May 25, 2018",1.1.0,4.4 and up,0.0,May,0
AQ Dentals,HEALTH_AND_FITNESS,4.3,0.0,12.0,10.0,Free,0.0,Everyone,Health & Fitness,"December 22, 2017",1.0.1,4.1 and up,0.0,December,0
中国語 AQリスニング,FAMILY,4.3,21.0,17.0,5000.0,Free,0.0,Everyone,Education,"June 22, 2016",2.4.0,4.0 and up,0.0,June,0
QuickShortcutMaker,PERSONALIZATION,4.6,41000.0,2.0,1000000.0,Free,0.0,Everyone,Personalization,"February 23, 2014",2.4.0,1.6 and up,0.0,February,0
Questland: Turn Based RPG,FAMILY,4.6,31134.0,48.0,1000000.0,Free,0.0,Everyone 10+,Role Playing,"August 2, 2018",1.10.6,4.1 and up,0.0,August,0
"Grow Stone Online : 2d pixel RPG, MMORPG game",FAMILY,4.7,84389.0,48.0,1000000.0,Free,0.0,Everyone,Role Playing,"August 5, 2018",1.375,4.0.3 and up,0.0,August,0
Knightfall™ AR,FAMILY,4.2,254.0,25.0,10000.0,Free,0.0,Teen,Strategy,"March 17, 2018",1.0,7.0 and up,0.0,March,0
Ghost Snap AR Horror Survival,GAME,3.8,898.0,33.0,100000.0,Free,0.0,Teen,Adventure,"December 21, 2016",1.2.3.1,2.3 and up,0.0,December,0
Snaappy – 3D fun AR core communication platform,SOCIAL,4.6,16801.0,13.0,1000000.0,Free,0.0,Everyone,Social,"July 16, 2018",1.5.341,4.0.3 and up,0.0,July,0
Sketchfab,FAMILY,4.3,906.0,9.2,50000.0,Free,0.0,Mature 17+,Entertainment,"March 9, 2018",0.46.0,4.4 and up,0.0,March,0
Flat Pack,GAME,4.4,862.0,44.0,100000.0,Free,0.0,Everyone 10+,Action,"March 16, 2018",1.0.4,7.0 and up,0.0,March,0
Crayola Color Blaster,GAME,3.8,17.0,30.0,1000.0,Free,0.0,Everyone,Arcade,"March 13, 2018",1.5,7.0 and up,0.0,March,0
"Overstock – Home Decor, Furniture Shopping",SHOPPING,4.4,25717.0,13.0,1000000.0,Free,0.0,Teen,Shopping,"July 31, 2018",Varies with device,Varies with device,0.0,July,0
Stack It AR,GAME,3.8,1363.0,26.0,100000.0,Free,0.0,Everyone,Arcade,"June 29, 2018",1.1.4,4.0 and up,0.0,June,0
"ARuler - AR Ruler app, Measure tools",TOOLS,4.3,1602.0,5.0,100000.0,Free,0.0,Everyone,Tools,"August 3, 2018",1.1.7,7.0 and up,0.0,August,0
Monster Park AR - Jurassic Dinosaurs in Real World,FAMILY,3.7,128.0,20.0,10000.0,Free,0.0,Everyone,Entertainment,"March 8, 2018",1.2.2.122,7.0 and up,0.0,March,0
Solar System AR ( ARCore ),FAMILY,4.0,211.0,37.0,10000.0,Free,0.0,Everyone,Entertainment,"July 23, 2018",0.8.6,7.0 and up,0.0,July,0
Super AR,FAMILY,3.8,410.0,28.0,10000.0,Free,0.0,Teen,Entertainment,"December 18, 2017",2.1,4.0 and up,0.0,December,0
Assemblr - Create 3D Models (Sandbox AR),FAMILY,3.8,1745.0,13.0,1000000.0,Free,0.0,Everyone,Simulation,"July 17, 2018",2.25,5.0 and up,0.0,July,0
Portal AR - Step Into Scotland,TRAVEL_AND_LOCAL,3.7,25.0,43.0,5000.0,Free,0.0,Everyone,Travel & Local,"June 4, 2018",1.4,7.0 and up,0.0,June,0
Augment - 3D Augmented Reality,BUSINESS,4.1,25195.0,21.0,1000000.0,Free,0.0,Everyone,Business,"February 26, 2018",v3.4.0-3,4.0.3 and up,0.0,February,0
Satellite AR,BOOKS_AND_REFERENCE,4.1,9636.0,0.0908203125,1000000.0,Free,0.0,Everyone,Books & Reference,"September 22, 2011",2.4,2.1 and up,0.0,September,0
AR Dragon Pet,FAMILY,4.3,0.0,13.0,50000.0,Free,0.0,Everyone,Casual,"November 9, 2017",Varies with device,Varies with device,0.0,November,0
"Just a Line - Draw Anywhere, with AR",FAMILY,4.1,1152.0,2.7,100000.0,Free,0.0,Everyone,Entertainment,"May 30, 2018",2.0.0,7.0 and up,0.0,May,0
AR Toybox - Augmented Reality Demos,FAMILY,3.8,20.0,36.0,1000.0,Free,0.0,Everyone,Simulation,"August 17, 2017",1.0.2,4.1 and up,0.0,August,0
"Mind Map AR, Augmented Reality ARCore Mind Mapping",PRODUCTIVITY,4.2,29.0,35.0,5000.0,Free,0.0,Everyone,Productivity,"July 26, 2018",1.23,7.0 and up,0.0,July,0
【Miku AR Camera】Mikuture,FAMILY,4.4,36268.0,41.0,1000000.0,Free,0.0,Teen,Entertainment,"April 25, 2017",3.0.15,4.2 and up,0.0,April,0
AR Toys: Playground Sandbox | Remote Car,FAMILY,4.5,153.0,13.0,10000.0,Free,0.0,Everyone,Simulation,"August 3, 2018",0.8,7.0 and up,0.0,August,0
AS - News and sports results.,SPORTS,3.7,20879.0,22.0,1000000.0,Free,0.0,Everyone,Sports,"June 9, 2018",5.1.13,4.1 and up,0.0,June,0
"AS - Diario online deportivo. Fútbol, motor y más",NEWS_AND_MAGAZINES,4.3,0.0,6.0,50.0,Free,0.0,Everyone,News & Magazines,"June 24, 2018",7.8,4.1 and up,0.0,June,0
SleepCloud Backup for Sleep as Android,LIFESTYLE,4.2,2563.0,13.0,100000.0,Free,0.0,Everyone,Lifestyle,"June 26, 2018",Varies with device,Varies with device,0.0,June,0
AS Guía de las Ligas 2017-2018,SPORTS,4.1,4374.0,53.0,100000.0,Free,0.0,Everyone,Sports,"September 14, 2017",1.0.10,4.1 and up,0.0,September,0
The Aether: Life as a God,FAMILY,4.1,1407.0,3.4,100000.0,Free,0.0,Everyone 10+,Role Playing,"March 12, 2018",1.0.5,4.0 and up,0.0,March,0
CAPTCHA Pack for Sleep as Android,LIFESTYLE,4.0,448.0,3.1,50000.0,Free,0.0,Everyone,Lifestyle,"June 8, 2018",1.3,2.3 and up,0.0,June,0
Pacific Navy Fighter C.E. (AS),GAME,4.3,11379.0,20.0,500000.0,Free,0.0,Everyone 10+,Arcade,"July 29, 2018",1.4,4.0.3 and up,0.0,July,0
Sleep as Microsoft Band Add-On,LIFESTYLE,3.5,28.0,0.1181640625,1000.0,Free,0.0,Everyone,Lifestyle,"January 23, 2016",1.0.0.8,4.2 and up,0.0,January,0
Seen,FAMILY,4.5,118285.0,22.0,1000000.0,Free,0.0,Teen,Simulation,"May 24, 2018",1.2.1,4.1 and up,0.0,May,0
Galaxy at War Online,FAMILY,3.9,65119.0,46.0,1000000.0,Free,0.0,Everyone 10+,Strategy,"May 22, 2018",2.1.0,3.0 and up,0.0,May,0
Fandom: Five Nights at Freddys,FAMILY,4.4,17945.0,9.5,1000000.0,Free,0.0,Mature 17+,Entertainment,"June 6, 2018",2.9.8,4.4 and up,0.0,June,0
Five Tries At Love Dating Sim,FAMILY,4.2,37165.0,22.0,1000000.0,Free,0.0,Teen,Simulation,"February 14, 2018",5.1.0,2.3 and up,0.0,February,0
Multiple Videos at Same Time,VIDEO_PLAYERS,4.4,4706.0,1.5,1000000.0,Free,0.0,Everyone,Video Players & Editors,"June 19, 2018",Z (Special Edition R9),4.4 and up,0.0,June,0
Coloring Book at Five Nights,FAMILY,4.0,532.0,6.5,100000.0,Free,0.0,Everyone,Educational,"June 6, 2017",1.6,2.3 and up,0.0,June,0
Five nights at Minecraft,FAMILY,3.5,9335.0,12.0,1000000.0,Free,0.0,Everyone,Entertainment,"November 26, 2017",1.2,4.0.3 and up,0.0,November,0
Nights at Cube Pizzeria 3D – 3,FAMILY,4.0,15875.0,40.0,1000000.0,Free,0.0,Teen,Simulation,"March 3, 2017",1.5,4.2 and up,0.0,March,0
Nights at Slender Pizzeria 3D,GAME,4.1,2628.0,45.0,100000.0,Free,0.0,Teen,Adventure,"May 22, 2017",1.1,4.2 and up,0.0,May,0
Nights at Cube Pizzeria 3D – 4,GAME,4.1,7728.0,39.0,500000.0,Free,0.0,Teen,Adventure,"July 17, 2018",1.5.0,4.4 and up,0.0,July,0
Five Nights at Pizzeria,GAME,3.5,1976.0,21.0,100000.0,Free,0.0,Teen,Action,"March 3, 2018",1.6,4.1 and up,0.0,March,0
Block Battles: Heroes at War - Multiplayer PVP,GAME,4.3,6698.0,46.0,500000.0,Free,0.0,Everyone 10+,Action,"May 14, 2016",1.0.1,2.3 and up,0.0,May,0
Five Nights at Flappy's,GAME,4.7,4041.0,24.0,10000.0,Free,0.0,Everyone,Arcade,"June 27, 2017",1.5.14,2.3.3 and up,0.0,June,0
5 Nights at Cube Pizzeria City,GAME,3.8,2691.0,52.0,100000.0,Free,0.0,Teen,Adventure,"February 22, 2017",1.2,4.2 and up,0.0,February,0
Au Mobile: Audition Chính Hiệu,GAME,3.9,85278.0,23.0,1000000.0,Free,0.0,Mature 17+,Music,"July 17, 2018",1.8.0716,4.0.3 and up,0.0,July,0
AU Mobile Indonesia,GAME,3.6,16521.0,23.0,1000000.0,Free,0.0,Everyone,Music,"May 9, 2018",1.8.0502,2.3 and up,0.0,May,0
Au Bon Pain,FOOD_AND_DRINK,3.7,70.0,26.0,10000.0,Free,0.0,Everyone,Food & Drink,"July 23, 2018",1.4,5.0 and up,0.0,July,0
Au Pair Legend,LIFESTYLE,4.4,28.0,8.8,1000.0,Free,0.0,Everyone,Lifestyle,"July 19, 2018",3.5,5.0 and up,0.0,July,0
Super Dancer,GAME,4.1,91667.0,27.0,1000000.0,Free,0.0,Everyone,Arcade,"July 24, 2018",3.3,2.3 and up,0.0,July,0
AU Results - AU COE Corner,FAMILY,4.0,664.0,2.1,100000.0,Free,0.0,Everyone,Education,"December 14, 2017",2.2.5,4.1 and up,0.0,December,0
Au Weather Free,WEATHER,4.0,1185.0,5.0,100000.0,Free,0.0,Everyone,Weather,"June 18, 2018",2.47.2,2.3 and up,0.0,June,0
AU Spark,FAMILY,3.7,681.0,8.2,10000.0,Free,0.0,Everyone,Education,"August 1, 2018",5.06,4.4 and up,0.0,August,0
Learners Test Free: AU Driver Knowledge Test (DKT),FAMILY,3.9,623.0,8.5,100000.0,Free,0.0,Everyone,Education,"March 26, 2018",3.5,4.1 and up,0.0,March,0
"realestate.com.au - Buy, Rent & Sell Property",HOUSE_AND_HOME,3.8,14657.0,13.0,1000000.0,Free,0.0,Everyone,House & Home,"July 16, 2018",Varies with device,Varies with device,0.0,July,0
Au-allstar for KR,GAME,3.6,2433.0,47.0,100000.0,Free,0.0,Everyone,Music,"June 15, 2018",1.6.4,4.3 and up,0.0,June,0
STUCOR - AU,FAMILY,4.5,1827.0,12.0,100000.0,Free,0.0,Everyone,Education,"June 5, 2018",1.3,4.1 and up,0.0,June,0
loans.com.au Smart Money,FINANCE,3.5,30.0,17.0,1000.0,Free,0.0,Everyone,Finance,"May 27, 2018",1.4.0,4.1 and up,0.0,May,0
AU Students Zone (Result 2016),FAMILY,4.0,97.0,3.9,10000.0,Free,0.0,Everyone,Education,"July 1, 2016",1.1,4.0 and up,0.0,July,0
Top #5 Bσσkie in AU,SPORTS,4.3,0.0,10.0,100.0,Free,0.0,Everyone,Sports,"December 6, 2017",1.0,4.0 and up,0.0,December,0
AU Results 2017 Auzone,FAMILY,3.8,762.0,4.1,100000.0,Free,0.0,Everyone,Education,"February 1, 2017",2.0,4.0 and up,0.0,February,0
Au Pair,SOCIAL,3.6,58.0,15.0,10000.0,Free,0.0,Everyone,Social,"August 14, 2017",1.3.0,4.2 and up,0.0,August,0
AU Call Blocker - Block Unwanted Calls Texts 2018,COMMUNICATION,4.2,16.0,3.3,1000.0,Free,0.0,Everyone,Communication,"April 24, 2018",1.0.4,4.1 and up,0.0,April,0
realcommercial.com.au,BUSINESS,4.4,128.0,6.7,50000.0,Free,0.0,Everyone,Business,"June 26, 2018",2.6.1,5.0 and up,0.0,June,0
Powershop AU,TOOLS,4.0,498.0,11.0,10000.0,Free,0.0,Everyone,Tools,"July 12, 2018",1.35.1,4.0.3 and up,0.0,July,0
Australia Newspapers - AU News Apps,NEWS_AND_MAGAZINES,4.7,48.0,4.1,1000.0,Free,0.0,Everyone,News & Magazines,"July 8, 2018",7.0.0,4.0.3 and up,0.0,July,0
news.com.au,NEWS_AND_MAGAZINES,4.3,1.0,3.7,100.0,Free,0.0,Everyone,News & Magazines,"July 23, 2018",1.1,4.0 and up,0.0,July,0
Media Sosial TNI AU,SOCIAL,4.3,88.0,4.3,1000.0,Free,0.0,Everyone,Social,"January 24, 2018",1.2,2.1 and up,0.0,January,0
Dance On Mobile,FAMILY,4.1,23609.0,31.0,1000000.0,Free,0.0,Teen,Casual,"April 13, 2018",1.26,4.0 and up,0.0,April,0
Super Dancer VN,GAME,4.0,24312.0,25.0,500000.0,Free,0.0,Everyone,Music,"July 22, 2018",3.3,4.0.3 and up,0.0,July,0
Alerte au gogol,FAMILY,4.3,14.0,2.0,1000.0,Free,0.0,Everyone,Entertainment,"February 9, 2018",1.0.0.0,4.0 and up,0.0,February,0
Neuvaine au Saint-Esprit,LIFESTYLE,4.7,57.0,5.8,10000.0,Free,0.0,Everyone,Lifestyle,"September 18, 2017",1.1,4.0 and up,0.0,September,0
Neuvaines et prières au Coeur Sacré de Jésus,LIFESTYLE,4.3,17.0,3.7,5000.0,Free,0.0,Everyone,Lifestyle,"September 5, 2017",1.1,4.0 and up,0.0,September,0
SMS Au revoir,FAMILY,4.3,17.0,1.7,5000.0,Free,0.0,Everyone,Entertainment,"January 15, 2018",2.0.0,4.0 and up,0.0,January,0
allhomes.com.au,HOUSE_AND_HOME,3.8,874.0,12.0,100000.0,Free,0.0,Everyone,House & Home,"August 1, 2018",5.13.1,4.3 and up,0.0,August,0
Jobs in Canada - Emplois au Canada,BUSINESS,5.0,2.0,14.0,1000.0,Free,0.0,Teen,Business,"August 5, 2018",1.1,4.2 and up,0.0,August,0
Romance et Mystères au Lycée,FAMILY,4.3,350.0,6.4,10000.0,Free,0.0,Teen,Entertainment,"February 23, 2017",1.0.0,4.0.3 and up,0.0,February,0
Au Rubis les bijoutiers,LIFESTYLE,4.3,0.0,10.0,100.0,Free,0.0,Everyone,Lifestyle,"July 24, 2018",1.00.33,4.1 and up,0.0,July,0
Love Dance,GAME,4.0,29462.0,44.0,1000000.0,Free,0.0,Teen,Music,"June 14, 2018",1.1.7,4.0 and up,0.0,June,0
mon guide au bank populaire -infos et instructions,FINANCE,4.3,4.0,1.5,1000.0,Free,0.0,Teen,Finance,"June 13, 2018",2.0,2.3 and up,0.0,June,0
Job'Of - Emploi au Cameroun,BUSINESS,4.1,294.0,9.8,10000.0,Free,0.0,Everyone,Business,"July 5, 2018",4.1.2,4.0 and up,0.0,July,0
Mali 7 - Actualités au Mali,NEWS_AND_MAGAZINES,4.3,697.0,5.7,50000.0,Free,0.0,Everyone,News & Magazines,"April 8, 2017",2.4,4.1 and up,0.0,April,0
Gâteau au yaourt,FOOD_AND_DRINK,4.3,38.0,3.7,10000.0,Free,0.0,Everyone,Food & Drink,"June 9, 2018",1.1.2,4.0.3 and up,0.0,June,0
AV Tools,TOOLS,4.4,631.0,13.0,100000.0,Free,0.0,Everyone,Tools,"September 22, 2016",Varies with device,Varies with device,0.0,September,0
日本AV历史,BOOKS_AND_REFERENCE,4.1,215.0,30.0,10000.0,Free,0.0,Teen,Books & Reference,"March 6, 2018",1.2,4.0 and up,0.0,March,0
AV Buddy Free,FAMILY,4.1,25.0,47.0,5000.0,Free,0.0,Everyone,Education,"March 8, 2017",1.2,4.1 and up,0.0,March,0
AV HD Video Player,FAMILY,3.8,6.0,23.0,1000.0,Free,0.0,Everyone,Entertainment,"January 19, 2018",1.0,4.4 and up,0.0,January,0
AV-IPTV,VIDEO_PLAYERS,4.4,43.0,44.0,1000.0,Free,0.0,Everyone,Video Players & Editors,"April 27, 2018",1.0,4.1 and up,0.0,April,0
HD Video Player - Video & MP3 Player | AV Player |,VIDEO_PLAYERS,4.4,22.0,19.0,5000.0,Free,0.0,Everyone,Video Players & Editors,"March 6, 2018",1.0.1,4.0 and up,0.0,March,0
Remote for Onkyo AV Receivers & Smart TV/Blu-Ray,TOOLS,3.7,701.0,7.3,100000.0,Free,0.0,Everyone,Tools,"July 31, 2018",Cow V3.15,4.3 and up,0.0,July,0
AV Phone,COMMUNICATION,4.3,4.0,3.7,1000.0,Free,0.0,Everyone,Communication,"July 9, 2018",2.1.9,5.1 and up,0.0,July,0
AV Pro Voice Changer,FAMILY,3.5,174.0,5.6,50000.0,Free,0.0,Everyone,Entertainment,"June 29, 2016",1.0.3,4.0 and up,0.0,June,0
AV Phonetics,FAMILY,4.3,259.0,49.0,10000.0,Free,0.0,Everyone,Education,"February 22, 2017",1.3.2,4.0 and up,0.0,February,0
AV MAX,LIFESTYLE,4.1,9.0,8.7,1000.0,Free,0.0,Everyone,Lifestyle,"July 18, 2018",7.2.2,4.1 and up,0.0,July,0
MyAV Remote for Denon & Marantz AV Receivers,LIFESTYLE,3.8,250.0,7.3,50000.0,Free,0.0,Everyone,Lifestyle,"July 31, 2018",Cow V3.15,4.3 and up,0.0,July,0
Kinot & Eichah for Tisha B'Av,BOOKS_AND_REFERENCE,4.4,98.0,6.3,10000.0,Free,0.0,Everyone,Books & Reference,"August 4, 2014",1.5,2.2 and up,0.0,August,0
Samsung TV AV Guide 2016,TOOLS,4.2,27.0,3.4,5000.0,Free,0.0,Everyone,Tools,"May 17, 2016",1.1.6,4.0.3 and up,0.0,May,0
Professional AV Solution & Products information,PRODUCTIVITY,4.5,24.0,22.0,1000.0,Free,0.0,Everyone,Productivity,"July 12, 2017",2.0.1,4.2 and up,0.0,July,0
AV High School District,FAMILY,3.5,91.0,25.0,10000.0,Free,0.0,Everyone,Education,"April 5, 2018",5.2.002,4.1 and up,0.0,April,0
Bitdefender Antivirus Free,TOOLS,4.5,78629.0,6.3,1000000.0,Free,0.0,Everyone,Tools,"July 20, 2018",3.4.406,4.0.3 and up,0.0,July,0
Kinot Tisha'a Be'av - Ashkenaz,LIFESTYLE,4.5,82.0,8.7,5000.0,Free,0.0,Everyone,Lifestyle,"July 26, 2015",2.1,2.3.3 and up,0.0,July,0
AV Anthony's,FOOD_AND_DRINK,4.3,0.0,10.0,50.0,Free,0.0,Everyone,Food & Drink,"July 11, 2018",1.0.136,6.0 and up,0.0,July,0
AW - free video calls and chat,COMMUNICATION,4.0,7317.0,13.0,1000000.0,Free,0.0,Teen,Communication,"July 4, 2018",1.0.08.73,4.0.3 and up,0.0,July,0
Aw Restaurant,FAMILY,4.8,4.0,43.0,100.0,Free,0.0,Everyone,Casual,"February 6, 2018",1.0,4.0 and up,0.0,February,0
Nougat Android 7 Launcher : AW,PERSONALIZATION,4.3,0.0,13.0,100000.0,Free,0.0,Everyone,Personalization,"March 17, 2017",Varies with device,Varies with device,0.0,March,0
AW Screen Recorder No Root,VIDEO_PLAYERS,4.3,1659.0,3.7,100000.0,Free,0.0,Everyone,Video Players & Editors,"July 6, 2017",1.1,5.0 and up,0.0,July,0
Add Watermark Free,PHOTOGRAPHY,4.3,18325.0,13.0,1000000.0,Free,0.0,Everyone,Photography,"September 3, 2017",Varies with device,Varies with device,0.0,September,0
AW Tozer Devotionals - Daily,BOOKS_AND_REFERENCE,4.2,8.0,3.9,5000.0,Free,0.0,Everyone,Books & Reference,"October 7, 2016",1.0,2.3 and up,0.0,October,0
Analog Clock AW Plus-7,TOOLS,4.2,725.0,3.0,100000.0,Free,0.0,Everyone,Tools,"March 14, 2018",2.0,4.3 and up,0.0,March,0
Analog Clock AW-7,TOOLS,4.3,2158.0,3.0,100000.0,Free,0.0,Everyone,Tools,"March 7, 2018",2.0,4.3 and up,0.0,March,0
MediBeat for AW - Android (1),HEALTH_AND_FITNESS,4.3,2.0,13.0,500.0,Free,0.0,Everyone,Health & Fitness,"October 24, 2017",0.9.16,Varies with device,0.0,October,0
Armored Warfare: Assault,GAME,4.0,7718.0,46.0,100000.0,Free,0.0,Everyone,Action,"August 2, 2018",1.0-a22936.127,5.0 and up,0.0,August,0
Watch AW-7,TOOLS,4.2,249.0,3.0,50000.0,Free,0.0,Everyone,Tools,"March 17, 2018",2.0,4.3 and up,0.0,March,0
AW TeamUp,NEWS_AND_MAGAZINES,4.6,9.0,17.0,500.0,Free,0.0,Everyone,News & Magazines,"June 4, 2018",1.0.3,4.1 and up,0.0,June,0
AW Training,FAMILY,4.6,11.0,17.0,1000.0,Free,0.0,Everyone,Education,"July 5, 2018",3.3.2,4.0.3 and up,0.0,July,0
Digital Clock AW-7,TOOLS,4.1,484.0,2.9,100000.0,Free,0.0,Everyone,Tools,"March 6, 2018",2.0,4.3 and up,0.0,March,0
Analog and Digital Clock AW-7,TOOLS,4.0,202.0,2.9,50000.0,Free,0.0,Everyone,Tools,"March 15, 2018",2.0,4.3 and up,0.0,March,0
AW Connect,FAMILY,4.3,0.0,26.0,10.0,Free,0.0,Everyone,Education,"June 26, 2018",3.0.10,4.0.3 and up,0.0,June,0
AW Reader: news & apps [Dutch],NEWS_AND_MAGAZINES,4.1,1948.0,13.0,100000.0,Free,0.0,Everyone,News & Magazines,"February 22, 2018",Varies with device,Varies with device,0.0,February,0
AW,FAMILY,4.3,0.0,13.0,5.0,Free,0.0,Everyone 10+,Strategy,"August 28, 2015",Varies with device,Varies with device,0.0,August,0
AW CAMERA,TOOLS,4.3,2.0,24.0,100.0,Free,0.0,Everyone,Tools,"January 30, 2018",3.1.1,2.3 and up,0.0,January,0
AW Browser with Chrome Custom Tabs,TOOLS,4.0,9.0,4.7,500.0,Free,0.0,Everyone,Tools,"May 17, 2018",2.7,6.0 and up,0.0,May,0
AW Radio,FAMILY,4.3,1.0,1.7,100.0,Free,0.0,Teen,Entertainment,"June 24, 2015",2,2.2 and up,0.0,June,0
Roman Clock AW-7,TOOLS,4.4,52.0,3.0,5000.0,Free,0.0,Everyone,Tools,"March 17, 2018",2.0,4.3 and up,0.0,March,0
Square Analog Clock AW-7,TOOLS,4.2,294.0,3.0,50000.0,Free,0.0,Everyone,Tools,"March 10, 2018",2.0,4.3 and up,0.0,March,0
iSniper 3D Arctic Warfare,GAME,3.8,35572.0,13.0,1000000.0,Free,0.0,Teen,Arcade,"September 4, 2013",Varies with device,Varies with device,0.0,September,0
Handbreit by a.w.niemeyer,NEWS_AND_MAGAZINES,4.3,21.0,36.0,1000.0,Free,0.0,Everyone,News & Magazines,"May 31, 2017",3.9.4,4.0.3 and up,0.0,May,0
Tozer Devotional -Series 1,BOOKS_AND_REFERENCE,5.0,5.0,4.3,1000.0,Free,0.0,Everyone,Books & Reference,"October 8, 2016",1.0,2.3 and up,0.0,October,0
HCP Anywhere,BUSINESS,4.7,114.0,8.6,5000.0,Free,0.0,Everyone,Business,"March 30, 2018",3.1.0.2,4.3 and up,0.0,March,0
News.aw,NEWS_AND_MAGAZINES,4.3,1.0,1.0,10.0,Free,0.0,Everyone,News & Magazines,"July 15, 2015",1.0,2.2 and up,0.0,July,0
Bits Watch Face,PRODUCTIVITY,4.0,6205.0,13.0,100000.0,Free,0.0,Everyone,Productivity,"February 5, 2018",Varies with device,Varies with device,0.0,February,0
Video Editor,VIDEO_PLAYERS,3.8,1156.0,23.0,100000.0,Free,0.0,Everyone,Video Players & Editors,"October 20, 2015",1.3.9b,4.3 and up,0.0,October,0
The Pursuit of God,BOOKS_AND_REFERENCE,4.8,6.0,1.6,1000.0,Free,0.0,Everyone,Books & Reference,"February 14, 2017",5.0,3.0 and up,0.0,February,0
Food-Aw - Order Food Online in Aruba,FOOD_AND_DRINK,5.0,1.0,24.0,100.0,Free,0.0,Everyone,Food & Drink,"April 5, 2018",10,4.1 and up,0.0,April,0
ByssWeather for Wear OS,WEATHER,4.2,19666.0,13.0,1000000.0,Free,0.0,Everyone,Weather,"April 11, 2018",Varies with device,Varies with device,0.0,April,0
AW - Le News di AndroidWorld,NEWS_AND_MAGAZINES,4.1,2808.0,13.0,100000.0,Free,0.0,Everyone,News & Magazines,"February 8, 2016",Varies with device,Varies with device,0.0,February,0
Anime Expo 2018,FAMILY,4.7,54.0,44.0,10000.0,Free,0.0,Everyone,Entertainment,"June 8, 2018",2.1,5.0 and up,0.0,June,0
Adventure Xpress,FAMILY,4.2,24775.0,30.0,100000.0,Free,0.0,Everyone 10+,Puzzle,"October 12, 2015",1.2.1,2.3.3 and up,0.0,October,0
Dynamics AX,BUSINESS,3.7,244.0,0.953125,10000.0,Free,0.0,Everyone,Business,"October 26, 2015",3.3,2.3.3 and up,0.0,October,0
AX Player -Nougat Video Player,VIDEO_PLAYERS,4.1,15765.0,10.0,1000000.0,Free,0.0,Everyone,Video Players & Editors,"September 12, 2014",2.0,2.2 and up,0.0,September,0
Armani Exchange Connected,LIFESTYLE,4.1,305.0,44.0,10000.0,Free,0.0,Everyone,Lifestyle,"July 4, 2017",1.5.0,4.4 and up,0.0,July,0
Axe Champ,GAME,3.8,141.0,19.0,10000.0,Free,0.0,Everyone,Arcade,"May 26, 2018",1.0.6,4.1 and up,0.0,May,0
AX Battery Saver,FINANCE,4.6,4546.0,3.0,100000.0,Free,0.0,Everyone,Finance,"February 8, 2018",1.2.3,4.0 and up,0.0,February,0
Axe Champ Hit,GAME,4.3,1.0,15.0,100.0,Free,0.0,Everyone,Arcade,"May 25, 2018",0.1,4.1 and up,0.0,May,0
Axe Champion,GAME,4.4,21.0,15.0,5000.0,Free,0.0,Everyone,Arcade,"May 28, 2018",0.1,4.1 and up,0.0,May,0
Vikings Stickman Axe Fighting,GAME,4.2,924.0,43.0,100000.0,Free,0.0,Everyone,Arcade,"October 21, 2017",1.5.2,3.0 and up,0.0,October,0
AX Video Player,VIDEO_PLAYERS,4.4,569.0,2.6,50000.0,Free,0.0,Everyone,Video Players & Editors,"November 11, 2015",1.0.9,3.0 and up,0.0,November,0
Katalogen.ax,COMMUNICATION,4.3,1.0,0.16796875,100.0,Free,0.0,Everyone,Communication,"October 2, 2014",1.0.0,2.2 and up,0.0,October,0
Axe,FAMILY,4.3,18.0,24.0,1000.0,Free,0.0,Everyone,Simulation,"December 1, 2017",1.0,4.1 and up,0.0,December,0
Axetatic - Axe Throwing Game,GAME,4.6,29.0,31.0,1000.0,Free,0.0,Everyone 10+,Arcade,"October 22, 2017",1.3.3,4.2 and up,0.0,October,0
Axe Champs! Wars,GAME,5.0,8.0,25.0,50.0,Free,0.0,Everyone,Arcade,"June 26, 2018",1.1,4.1 and up,0.0,June,0
Tips Microsoft Dynamics Ax,PRODUCTIVITY,4.3,1.0,2.3,500.0,Free,0.0,Everyone,Productivity,"July 8, 2017",1.0,4.1 and up,0.0,July,0
Axe Knight,GAME,4.5,52.0,33.0,5000.0,Free,0.0,Everyone,Action,"June 26, 2018",1.0.5,4.1 and up,0.0,June,0
AX Timesheets App for Dynamics,BUSINESS,4.3,0.0,9.0,10.0,Free,0.0,Everyone,Business,"February 15, 2018",1.0.5,4.4 and up,0.0,February,0
Axxess AX-DSP,TOOLS,3.5,17.0,7.4,5000.0,Free,0.0,Everyone,Tools,"June 4, 2018",3_1,4.4 and up,0.0,June,0
AX Window,TOOLS,4.3,0.0,19.0,5.0,Free,0.0,Everyone,Tools,"October 10, 2017",1.0.2,4.3 and up,0.0,October,0
Axxess Updater,TOOLS,3.9,56.0,2.3,10000.0,Free,0.0,Everyone,Tools,"December 19, 2016",1.3.2,3.1 and up,0.0,December,0
The Vikings,GAME,4.4,15806.0,42.0,1000000.0,Free,0.0,Teen,Arcade,"June 6, 2018",1.0.7,4.1 and up,0.0,June,0
Stickman and Axe,GAME,4.4,69.0,2.8,50000.0,Free,0.0,Teen,Action,"November 25, 2017",1.0,4.0.3 and up,0.0,November,0
Axe Throw: Flip Champ Axes Champion Throwing Games,GAME,4.3,1.0,13.0,50.0,Free,0.0,Everyone,Arcade,"May 31, 2018",1.0.0,4.0 and up,0.0,May,0
Workflow Approvals App AX 2012,BUSINESS,4.3,2.0,3.0,100.0,Free,0.0,Everyone,Business,"July 12, 2018",1.6(3)-demo,4.0.3 and up,0.0,July,0
Tips & Tricks Dynamics AX 365,PRODUCTIVITY,4.3,1.0,2.2,100.0,Free,0.0,Everyone,Productivity,"July 14, 2017",1.0,4.0.3 and up,0.0,July,0
Axe Man,GAME,3.7,53.0,14.0,1000.0,Free,0.0,Everyone,Adventure,"February 23, 2015",3.0,2.3.3 and up,0.0,February,0
Throw Knife,FAMILY,3.7,291.0,37.0,100000.0,Free,0.0,Everyone,Simulation,"September 14, 2017",2.04,4.1 and up,0.0,September,0
Dead Zombie Evil Killer:Axe,GAME,3.9,71.0,52.0,10000.0,Free,0.0,Teen,Action,"December 1, 2016",1.1,2.3 and up,0.0,December,0
INTERACTIVE CALCULUS FOR MATHS AND PHYSICS,FAMILY,4.8,53.0,4.4,1000.0,Free,0.0,Everyone,Education,"February 28, 2018",1.3,4.0.3 and up,0.0,February,0
AX-PIC Pedidos,TOOLS,4.3,1.0,13.0,1000.0,Free,0.0,Everyone,Tools,"August 2, 2018",Varies with device,Varies with device,0.0,August,0
AX!OM,LIFESTYLE,4.3,5.0,28.0,50.0,Free,0.0,Everyone,Lifestyle,"February 16, 2017",1.3,4.1 and up,0.0,February,0
Zlax.io Zombs Luv Ax,GAME,4.6,6344.0,32.0,500000.0,Free,0.0,Everyone,Action,"April 4, 2018",1.7,4.1 and up,0.0,April,0
AX Selfie,LIFESTYLE,4.6,10.0,3.4,500.0,Free,0.0,Everyone,Lifestyle,"August 31, 2015",1.0.0,4.0 and up,0.0,August,0
Ax 3 Domaines,SPORTS,4.5,12.0,23.0,1000.0,Free,0.0,Everyone,Sports,"January 26, 2018",5.0.3,4.2 and up,0.0,January,0
Flippy Axe : Flip The Knife & Axe Simulator,GAME,5.0,7.0,15.0,100.0,Free,0.0,Everyone,Arcade,"September 27, 2017",1.1,4.2 and up,0.0,September,0
Cyborg AX-001,GAME,4.3,0.0,13.0,50.0,Free,0.0,Everyone 10+,Action,"June 25, 2018",Varies with device,Varies with device,0.0,June,0
Axe Wallpaper,PERSONALIZATION,4.7,9.0,12.0,100.0,Free,0.0,Teen,Personalization,"February 3, 2017",2.6,4.0 and up,0.0,February,0
Woodman Deluxe,GAME,4.0,82.0,4.4,5000.0,Free,0.0,Everyone,Action,"July 6, 2015",1.0.2,2.3 and up,0.0,July,0
Ay,VIDEO_PLAYERS,3.8,11.0,3.6,5000.0,Free,0.0,Teen,Video Players & Editors,"May 4, 2018",1.0.261,2.3 and up,0.0,May,0
A-Y Collection,SHOPPING,5.0,2.0,2.9,100.0,Free,0.0,Teen,Shopping,"February 16, 2018",1.2,4.1 and up,0.0,February,0
AY Sing,BOOKS_AND_REFERENCE,4.8,111.0,10.0,5000.0,Free,0.0,Everyone,Books & Reference,"May 21, 2018",1.6.2,4.1 and up,0.0,May,0
Ay Up,FAMILY,4.5,11.0,7.2,100.0,Free,0.0,Everyone,Entertainment,"October 27, 2015",3.0.0,2.1 and up,0.0,October,0
"AY Recorder - Screen Recorder, Live, Video Editor",TOOLS,4.3,12.0,3.8,500.0,Free,0.0,Everyone,Tools,"May 15, 2017",2.2,5.0 and up,0.0,May,0
Ay Sabz Gunbad Waly,VIDEO_PLAYERS,4.3,4.0,3.9,1000.0,Free,0.0,Everyone,Video Players & Editors,"September 11, 2017",1.1,4.0 and up,0.0,September,0
25 Mins Ako ay may lobo Etc Pinoy Kid Song Offline,FAMILY,4.3,0.0,42.0,10.0,Free,0.0,Mature 17+,Entertainment,"July 29, 2018",3.0,2.3 and up,0.0,July,0
camera zoom moon,PHOTOGRAPHY,3.7,1213.0,1.1,500000.0,Free,0.0,Everyone,Photography,"January 23, 2018",1.06,2.3 and up,0.0,January,0
Ako ay may lobo Pinoy Kid Song Offline,FAMILY,4.3,0.0,9.7,1.0,Free,0.0,Mature 17+,Entertainment,"July 30, 2018",3.0,2.3 and up,0.0,July,0
Ay Yıldız Analog Saat,PERSONALIZATION,4.3,37.0,1.7,1000.0,Free,0.0,Everyone,Personalization,"July 21, 2016",1.0,4.1 and up,0.0,July,0
Ay Telekom Oim,LIFESTYLE,4.3,6.0,13.0,100.0,Free,0.0,Everyone,Lifestyle,"February 17, 2018",1.0.2,4.1 and up,0.0,February,0
Ay Yıldız Duvar Kağıtları,PERSONALIZATION,4.3,3.0,6.5,100.0,Free,0.0,Everyone,Personalization,"December 10, 2017",1.0.0,4.3 and up,0.0,December,0
Ay Hasnain k Nana Milad Naat,BOOKS_AND_REFERENCE,4.3,72.0,1.9,10000.0,Free,0.0,Everyone,Books & Reference,"December 21, 2015",1.0,2.3 and up,0.0,December,0
Mehmet Emin Ay İlahileri,FAMILY,4.3,0.0,5.1,10.0,Free,0.0,Everyone,Entertainment,"July 13, 2018",1.0,4.1 and up,0.0,July,0
¡Ay Metro!,GAME,3.8,489.0,36.0,10000.0,Free,0.0,Everyone 10+,Arcade,"March 17, 2015",1.0.3.1,4.0 and up,0.0,March,0
AY Oakmont,HEALTH_AND_FITNESS,4.3,0.0,11.0,10.0,Free,0.0,Everyone,Health & Fitness,"July 9, 2018",4.2.2,4.1 and up,0.0,July,0
Pinoy Kid Song Ako ay may Lobo,FAMILY,4.6,23.0,17.0,10000.0,Free,0.0,Everyone,Education,"September 12, 2016",1.0,2.2 and up,0.0,September,0
Lunar Calendar Lite,LIFESTYLE,4.1,2954.0,13.0,100000.0,Free,0.0,Mature 17+,Lifestyle,"July 17, 2018",Varies with device,Varies with device,0.0,July,0
Ay Mohabbat Teri Khatir Novel,BOOKS_AND_REFERENCE,4.2,27.0,4.3,10000.0,Free,0.0,Everyone,Books & Reference,"January 30, 2018",1.0,4.0 and up,0.0,January,0
AY Recruitment,BUSINESS,4.3,1.0,4.0,10.0,Free,0.0,Everyone,Business,"May 22, 2018",1.1.1,4.4 and up,0.0,May,0
Quran Khmer Offline AY,FAMILY,5.0,41.0,4.0,1000.0,Free,0.0,Everyone,Education,"December 13, 2017",10.6,4.2 and up,0.0,December,0
Ay Yıldız Keyboard,TOOLS,4.3,26.0,3.0,1000.0,Free,0.0,Everyone,Tools,"May 23, 2018",1.2,4.4 and up,0.0,May,0
AY EMLAK,BUSINESS,4.3,8.0,1.2,10.0,Free,0.0,Teen,Business,"July 11, 2018",1.0,4.0.3 and up,0.0,July,0
Ay Vamos - PJ. Balvin - Piano,GAME,4.3,0.0,29.0,5.0,Free,0.0,Everyone,Arcade,"July 9, 2018",1.0,4.1 and up,0.0,July,0
Ay Peruk,BUSINESS,4.3,0.0,3.4,1.0,Free,0.0,Everyone,Business,"October 31, 2017",1.1.0,4.0 and up,0.0,October,0
Display Phone Screen On TV,TOOLS,3.6,9895.0,2.7,1000000.0,Free,0.0,Everyone,Tools,"February 3, 2017",2.0,4.2 and up,0.0,February,0
AZ Browser. Private & Download,COMMUNICATION,4.4,1520.0,5.2,100000.0,Free,0.0,Everyone,Communication,"December 31, 2016",1.4,4.4 and up,0.0,December,0
AZ Lottery Players Club,FAMILY,4.2,97.0,8.9,10000.0,Free,0.0,Everyone,Entertainment,"July 9, 2018",2.0.0(9),4.0.3 and up,0.0,July,0
AZ Plugin 2 (newest),LIBRARIES_AND_DEMO,4.2,11087.0,34.0,1000000.0,Free,0.0,Everyone,Libraries & Demo,"March 16, 2017",4.1.4,5.0 and up,0.0,March,0
Kids A-Z,FAMILY,4.2,26426.0,30.0,1000000.0,Free,0.0,Everyone,Education;Education,"August 2, 2018",4.1.0,4.4 and up,0.0,August,0
AZ Screen Recorder pro,TOOLS,4.0,60.0,3.7,5000.0,Free,0.0,Everyone,Tools,"March 19, 2018",1.0,5.0 and up,0.0,March,0
Permit Test AZ Arizona MVD DOT,FAMILY,4.6,227.0,11.0,10000.0,Free,0.0,Everyone,Education,"October 12, 2017",2.9.0,4.1 and up,0.0,October,0
Long Realty AZ Home Search,LIFESTYLE,4.4,132.0,33.0,10000.0,Free,0.0,Everyone,Lifestyle,"March 6, 2018",5.805.180306,4.1 and up,0.0,March,0
NB|AZ Mobile Banking,FINANCE,4.0,463.0,13.0,10000.0,Free,0.0,Everyone,Finance,"April 5, 2018",4.2.31,4.2 and up,0.0,April,0
Movie Downloader Torrent : Az Torrent,VIDEO_PLAYERS,4.7,70.0,14.0,1000.0,Free,0.0,Everyone,Video Players & Editors,"July 7, 2018",1.9,4.1 and up,0.0,July,0
A-Z Screen Recorder -,VIDEO_PLAYERS,4.3,17.0,3.7,500.0,Free,0.0,Everyone,Video Players & Editors,"July 23, 2018",1.0,4.4 and up,0.0,July,0
AZ Immune Related AEManagement,MEDICAL,3.7,3.0,7.3,500.0,Free,0.0,Everyone,Medical,"May 24, 2018",1.4,3.2 and up,0.0,May,0
Alphabet A-Z,FAMILY,3.9,306.0,13.0,100000.0,Free,0.0,Everyone,Casual,"April 17, 2014",Varies with device,Varies with device,0.0,April,0
AZ Rockets,GAME,4.2,162.0,37.0,10000.0,Free,0.0,Everyone,Arcade,"May 25, 2018",1.2.1,4.1 and up,0.0,May,0
NB|AZ Business Mobile Banking,FINANCE,4.1,44.0,13.0,1000.0,Free,0.0,Everyone,Finance,"April 5, 2018",4.2.31,4.2 and up,0.0,April,0
Az Content,FAMILY,3.5,24.0,13.0,10000.0,Free,0.0,Everyone,Entertainment,"June 5, 2018",1.0.15,4.1 and up,0.0,June,0
Catalyst AZ,FAMILY,4.8,12.0,8.4,500.0,Free,0.0,Teen,Education,"June 27, 2018",3.8.0,4.1 and up,0.0,June,0
Casino AZ/Talking Stick Resort,TRAVEL_AND_LOCAL,4.3,201.0,45.0,10000.0,Free,0.0,Everyone,Travel & Local,"July 16, 2018",7.9.2.6,4.4 and up,0.0,July,0
Graffiti Letters (A-Z),LIFESTYLE,3.9,386.0,7.9,50000.0,Free,0.0,Everyone,Lifestyle,"February 18, 2017",2.1.5,4.0 and up,0.0,February,0
GPS.AZ,MAPS_AND_NAVIGATION,4.3,30.0,4.2,1000.0,Free,0.0,Everyone,Maps & Navigation,"April 2, 2015",1.0.10,4.0 and up,0.0,April,0
First Credit Union (AZ) Mobile,FINANCE,3.5,100.0,11.0,10000.0,Free,0.0,Everyone,Finance,"June 13, 2017",3.0.830,4.0 and up,0.0,June,0
Arizona Mobile,FAMILY,4.3,285.0,6.2,10000.0,Free,0.0,Everyone,Education,"November 7, 2017",4.7,4.1 and up,0.0,November,0
AZ Mobile Gizmo,BUSINESS,4.4,16.0,3.7,1000.0,Free,0.0,Everyone,Business,"April 2, 2018",3.4.4,4.2 and up,0.0,April,0
Az Video Status,FAMILY,4.8,13.0,6.0,100.0,Free,0.0,Everyone,Entertainment,"August 2, 2018",1.0.4,4.1 and up,0.0,August,0
"Arizona Statutes, ARS (AZ Law)",BOOKS_AND_REFERENCE,3.9,9.0,8.8,1000.0,Free,0.0,Everyone,Books & Reference,"October 18, 2017",1.6,4.4 and up,0.0,October,0
Explore Sedona & Northern AZ,TRAVEL_AND_LOCAL,3.8,43.0,22.0,10000.0,Free,0.0,Everyone,Travel & Local,"March 7, 2017",16.51.1,2.3 and up,0.0,March,0
Arizona DMV Permit Test - AZ,FAMILY,4.2,109.0,30.0,10000.0,Free,0.0,Everyone,Education,"February 15, 2018",6.0.3,4.4 and up,0.0,February,0
Oxford A-Z of English Usage,BOOKS_AND_REFERENCE,4.0,5300.0,11.0,1000000.0,Free,0.0,Everyone,Books & Reference,"November 28, 2017",9.1.284,4.1 and up,0.0,November,0
Cures A-Z,HEALTH_AND_FITNESS,4.0,265.0,4.1,100000.0,Free,0.0,Everyone,Health & Fitness,"August 13, 2015",2.1,3.0 and up,0.0,August,0
AZ Practice Test & Questions,FAMILY,4.4,13.0,3.4,1000.0,Free,0.0,Everyone,Education,"March 23, 2017",1.0,2.3.3 and up,0.0,March,0
Arizona Trail,TRAVEL_AND_LOCAL,4.7,65.0,13.0,5000.0,Free,0.0,Everyone,Travel & Local,"April 6, 2017",6.0.19,4.1 and up,0.0,April,0
Ultrasound A-Z,FAMILY,4.5,112.0,39.0,10000.0,Free,0.0,Everyone,Education,"June 5, 2018",1.5,4.0 and up,0.0,June,0
A-Z Punjabi Songs & Music Videos 2018,FAMILY,4.3,367.0,5.1,100000.0,Free,0.0,Everyone,Entertainment,"May 17, 2018",1.0.19,4.1 and up,0.0,May,0
Barista Coffee Dictionary A-Z,LIFESTYLE,4.3,127.0,5.5,10000.0,Free,0.0,Everyone,Lifestyle,"June 3, 2016",3.0.0,4.1 and up,0.0,June,0
Phoenix and Arizona Cameras,TRAVEL_AND_LOCAL,4.1,134.0,5.3,10000.0,Free,0.0,Everyone,Travel & Local,"June 20, 2018",6.3.4,4.0.3 and up,0.0,June,0
British Airways,TRAVEL_AND_LOCAL,4.2,25726.0,51.0,1000000.0,Free,0.0,Everyone,Travel & Local,"July 24, 2018",4.20,4.4 and up,0.0,July,0
BA Calculator,PRODUCTIVITY,4.1,22.0,2.4,5000.0,Free,0.0,Everyone,Productivity,"July 22, 2018",1.2.1,4.0.3 and up,0.0,July,0
Experience BA,TRAVEL_AND_LOCAL,4.3,6.0,17.0,100.0,Free,0.0,Everyone,Travel & Local,"June 27, 2018",2.2.0,4.1 and up,0.0,June,0
Ba Cristi,GAME,3.5,196.0,35.0,10000.0,Free,0.0,Everyone,Adventure,"March 22, 2016",1.0.4,2.3 and up,0.0,March,0
Ba ba black sheep offline Video,PARENTING,4.2,20.0,17.0,10000.0,Free,0.0,Everyone,Parenting,"July 2, 2017",1.1,4.0.3 and up,0.0,July,0
BA SALES,COMMUNICATION,4.3,0.0,2.9,1.0,Free,0.0,Everyone,Communication,"January 31, 2018",1.0,4.0.3 and up,0.0,January,0
Goody.ba,FAMILY,4.7,303.0,42.0,10000.0,Free,0.0,Everyone,Entertainment,"July 22, 2018",2.0.5,4.1 and up,0.0,July,0
BA Status,TRAVEL_AND_LOCAL,4.3,0.0,5.1,100.0,Free,0.0,Everyone,Travel & Local,"August 13, 2016",1.0,4.0.3 and up,0.0,August,0
BA Accesible,HEALTH_AND_FITNESS,4.3,31.0,4.7,1000.0,Free,0.0,Everyone,Health & Fitness,"July 19, 2016",0.0.1,4.1 and up,0.0,July,0
Learn alif ba ta,FAMILY,4.8,23.0,35.0,10000.0,Free,0.0,Everyone,Educational;Education,"November 28, 2017",1.0.2,2.3 and up,0.0,November,0
Arabic Alif Ba Ta For Kids,FAMILY,4.5,226.0,26.0,100000.0,Free,0.0,Everyone,Education;Education,"May 30, 2017",1.0.0,2.3 and up,0.0,May,0
Arabic Alphabet Alif Ba Ta Wooden Blocks,FAMILY,4.6,66.0,17.0,10000.0,Free,0.0,Everyone,Educational;Education,"February 25, 2018",1.0.0,2.3 and up,0.0,February,0
Sufara.ba,FAMILY,4.9,285.0,25.0,10000.0,Free,0.0,Everyone,Education,"January 5, 2018",1.0.5,4.4 and up,0.0,January,0
Elif Ba - Learn The Holy Quran,FAMILY,4.8,1491.0,38.0,50000.0,Free,0.0,Everyone,Education,"October 31, 2017",1.3,4.1 and up,0.0,October,0
Instant Ba-dum-tss,FAMILY,4.0,13.0,2.0,1000.0,Free,0.0,Everyone,Entertainment,"September 23, 2015",1.0,1.6 and up,0.0,September,0
Ba Zi Fortune,LIFESTYLE,3.9,592.0,2.5,100000.0,Free,0.0,Everyone,Lifestyle,"January 2, 2018",1.0.23,2.3 and up,0.0,January,0
BA VPN - Free Unlimited VPN,FAMILY,4.1,181.0,9.2,10000.0,Free,0.0,Everyone,Entertainment,"June 14, 2018",1.2.1,5.0 and up,0.0,June,0
Ba dum tss - Rimshot widget,COMICS,4.1,690.0,0.43359375,50000.0,Free,0.0,Everyone,Comics,"September 29, 2015",1.2.3,2.2 and up,0.0,September,0
Alif Ba Ta Song - Arabic Kids,FAMILY,4.5,227.0,15.0,50000.0,Free,0.0,Everyone,Educational;Education,"February 24, 2018",1.0,2.3 and up,0.0,February,0
Fitness Dance for Zum.ba Workout Exercise,HEALTH_AND_FITNESS,4.2,287.0,12.0,50000.0,Free,0.0,Everyone,Health & Fitness,"July 30, 2018",1.8,4.2 and up,0.0,July,0
Cafe.ba,NEWS_AND_MAGAZINES,4.0,677.0,4.4,10000.0,Free,0.0,Everyone,News & Magazines,"June 7, 2017",5.5.2,4.0 and up,0.0,June,0
058.ba,NEWS_AND_MAGAZINES,4.4,27.0,14.0,100.0,Free,0.0,Everyone,News & Magazines,"July 6, 2018",1.0,4.2 and up,0.0,July,0
Poteau BA,FAMILY,4.3,3.0,4.0,500.0,Free,0.0,Everyone,Education,"July 16, 2017",1.0.2,5.0 and up,0.0,July,0
Elif Ba Oyunu,TOOLS,3.7,26.0,2.2,5000.0,Free,0.0,Everyone,Tools,"November 2, 2015",1.1,2.3 and up,0.0,November,0
Bedouin Rivals,FAMILY,4.2,79826.0,13.0,1000000.0,Free,0.0,Everyone 10+,Strategy,"July 26, 2018",4.0.4,4.1 and up,0.0,July,0
Klix.ba,NEWS_AND_MAGAZINES,4.0,3647.0,5.7,100000.0,Free,0.0,Everyone,News & Magazines,"February 25, 2017",4.1.1,4.0 and up,0.0,February,0
BA 3 Banjarmasin,SOCIAL,4.3,2.0,5.9,10.0,Free,0.0,Teen,Social,"July 28, 2018",1.0.1,4.4 and up,0.0,July,0
Elifba Quran Learning Game,FAMILY,4.7,1424.0,19.0,100000.0,Free,0.0,Everyone,Educational,"June 7, 2018",2.2,4.1 and up,0.0,June,0
"Survival Mobile:10,000 BC",FAMILY,4.3,7441.0,52.0,500000.0,Free,0.0,Everyone 10+,Strategy,"August 2, 2018",0.1.801,2.3 and up,0.0,August,0
BC Connect,FAMILY,3.8,11.0,17.0,1000.0,Free,0.0,Everyone,Education,"March 14, 2018",2.6.12,4.1 and up,0.0,March,0
BC Navigator,FAMILY,4.4,21.0,32.0,1000.0,Free,0.0,Everyone,Education,"May 10, 2018",3.2,4.0.3 and up,0.0,May,0
BC Liquor Stores,LIFESTYLE,3.7,492.0,4.3,50000.0,Free,0.0,Everyone,Lifestyle,"October 5, 2015",3.6,2.2 and up,0.0,October,0
British Columbia Transit Info,MAPS_AND_NAVIGATION,4.3,0.0,5.0,100.0,Free,0.0,Everyone 10+,Maps & Navigation,"February 19, 2016",3.0,2.2 and up,0.0,February,0
BC Hospital Wait Times,MEDICAL,4.2,8.0,1.2,500.0,Free,0.0,Everyone,Medical,"January 19, 2016",1.2,4.1 and up,0.0,January,0
"Town of Princeton, BC",PRODUCTIVITY,4.8,4.0,31.0,100.0,Free,0.0,Everyone,Productivity,"June 25, 2018",3.3.8,4.0 and up,0.0,June,0
Explore British Columbia - BC Travel Guide,TRAVEL_AND_LOCAL,4.4,7.0,17.0,500.0,Free,0.0,Everyone,Travel & Local,"October 9, 2017",2.0.0,4.4W and up,0.0,October,0
Bridge Constructor Stunts FREE,FAMILY,4.1,36151.0,46.0,1000000.0,Free,0.0,Everyone,Simulation,"April 22, 2017",2.7,3.2 and up,0.0,April,0
BC's Pizza,LIFESTYLE,4.7,113.0,20.0,1000.0,Free,0.0,Everyone,Lifestyle,"September 30, 2016",3.0.0,4.0 and up,0.0,September,0
BC Slots - The Lost Reels FREE,GAME,4.0,209.0,22.0,10000.0,Free,0.0,Teen,Casino,"July 13, 2018",7.0,4.0 and up,0.0,July,0
BC Mobile Intro - Americas,LIFESTYLE,4.3,0.0,3.1,50.0,Free,0.0,Everyone,Lifestyle,"June 21, 2018",4.1.0,4.0.3 and up,0.0,June,0
BC Highways - Road Conditions,TRAVEL_AND_LOCAL,4.4,382.0,12.0,10000.0,Free,0.0,Everyone,Travel & Local,"February 1, 2018",2.1.3,5.0 and up,0.0,February,0
BC Camera,PHOTOGRAPHY,4.2,5.0,5.5,500.0,Free,0.0,Everyone,Photography,"January 10, 2018",1.0,4.0.3 and up,0.0,January,0
BC iptv player,VIDEO_PLAYERS,4.4,8.0,14.0,1000.0,Free,0.0,Everyone,Video Players & Editors,"October 12, 2017",Final,4.0 and up,0.0,October,0
"Victoria, BC | Tour City",TRAVEL_AND_LOCAL,4.3,20.0,15.0,1000.0,Free,0.0,Everyone,Travel & Local,"August 2, 2016",1.7,4.0 and up,0.0,August,0
BC Hockey,SPORTS,3.7,20.0,8.9,1000.0,Free,0.0,Everyone,Sports,"December 8, 2017",3.1,4.4 and up,0.0,December,0
British Columbia Tourist Places (Guide),TRAVEL_AND_LOCAL,4.0,1.0,3.0,100.0,Free,0.0,Everyone,Travel & Local,"November 8, 2017",1.0,4.1 and up,0.0,November,0
BC browser,BUSINESS,4.3,1.0,3.4,100.0,Free,0.0,Everyone,Business,"January 17, 2018",1.1.0,4.0 and up,0.0,January,0
PPCNP-BC Pocket Prep,MEDICAL,4.3,3.0,12.0,50.0,Free,0.0,Everyone,Medical,"July 12, 2018",4.5.2,4.4 and up,0.0,July,0
AP Calculus BC Practice Test,FAMILY,4.2,4.0,29.0,500.0,Free,0.0,Everyone,Education,"January 25, 2018",6.0.2,4.4 and up,0.0,January,0
Railroad Radio Vancouver BC,FAMILY,5.0,4.0,1.7,100.0,Free,0.0,Teen,Entertainment,"June 28, 2015",1,2.2 and up,0.0,June,0
AP Calculus BC: Practice Tests and Flashcards,FAMILY,3.6,5.0,5.4,1000.0,Free,0.0,Everyone,Education,"July 3, 2018",1.6.7.1,4.1 and up,0.0,July,0
Aura Hair Group BC,BEAUTY,4.3,0.0,13.0,100.0,Free,0.0,Everyone,Beauty,"April 23, 2018",Varies with device,4.0.3 and up,0.0,April,0
"BDCast - Bangla Live TV,Radio",FAMILY,4.4,7461.0,31.0,1000000.0,Free,0.0,Everyone,Entertainment,"May 20, 2018",4.2.1,4.1 and up,0.0,May,0
bd's Mongolian Grill,LIFESTYLE,4.2,120.0,14.0,10000.0,Free,0.0,Everyone,Lifestyle,"February 23, 2018",1.5.1,4.1 and up,0.0,February,0
BD Briight: Your Diabetes Personal Assistant,MEDICAL,4.8,17.0,37.0,5000.0,Free,0.0,Everyone,Medical,"July 19, 2018",1.5.0,5.0 and up,0.0,July,0
Jagobd - Bangla TV(Official),FAMILY,4.3,39109.0,4.0,1000000.0,Free,0.0,Everyone,Entertainment,"December 20, 2017",6.5,4.0 and up,0.0,December,0
Business Dictionary,BUSINESS,4.2,5988.0,13.0,500000.0,Free,0.0,Everyone,Business,"May 16, 2016",Varies with device,Varies with device,0.0,May,0
BD Data Plan (3G & 4G),COMMUNICATION,4.4,10341.0,6.9,500000.0,Free,0.0,Everyone,Communication,"July 5, 2018",5.2.4,4.1 and up,0.0,July,0
বাংলা টিভি প্রো BD Bangla TV,FAMILY,4.3,193.0,14.0,10000.0,Free,0.0,Everyone,Entertainment,"April 29, 2017",1.3,4.0 and up,0.0,April,0
BD tools,TOOLS,4.0,21.0,0.205078125,10000.0,Free,0.0,Everyone,Tools,"December 18, 2015",6.1,4.2 and up,0.0,December,0
BD Radio TV Free List,FAMILY,4.3,539.0,13.0,50000.0,Free,0.0,Everyone,Entertainment,"August 1, 2018",1.3,4.2 and up,0.0,August,0
BD Simplist Through Their Eyes,FAMILY,4.3,1.0,38.0,10.0,Free,0.0,Everyone,Simulation,"December 4, 2015",1.0,4.1 and up,0.0,December,0
BD Online News,NEWS_AND_MAGAZINES,4.6,30.0,3.8,1000.0,Free,0.0,Everyone,News & Magazines,"March 20, 2018",1.5,4.0.3 and up,0.0,March,0
BD Bank Interest,FINANCE,4.7,289.0,3.2,5000.0,Free,0.0,Everyone,Finance,"May 4, 2018",1.2,4.1 and up,0.0,May,0
BD Earn Pro,FAMILY,4.2,540.0,3.2,10000.0,Free,0.0,Everyone,Entertainment,"August 1, 2018",2.4,4.1 and up,0.0,August,0
Comics Reader,COMICS,3.9,4496.0,0.5947265625,100000.0,Free,0.0,Everyone,Comics,"October 29, 2017",2.3.216,2.3 and up,0.0,October,0
Electricity Bill Calculator BD,PRODUCTIVITY,4.3,247.0,4.0,10000.0,Free,0.0,Everyone,Productivity,"June 22, 2016",1.2,4.0.3 and up,0.0,June,0
BD Fishpedia,BOOKS_AND_REFERENCE,4.8,123.0,6.5,1000.0,Free,0.0,Everyone,Books & Reference,"March 15, 2017",3.15317,3.0 and up,0.0,March,0
BD Attendance,PRODUCTIVITY,4.8,93.0,14.0,1000.0,Free,0.0,Everyone,Productivity,"July 17, 2018",2.3.14,4.3 and up,0.0,July,0
BD All Sim Offer,BOOKS_AND_REFERENCE,4.5,197.0,2.8,10000.0,Free,0.0,Everyone,Books & Reference,"January 3, 2017",1.2,4.1 and up,0.0,January,0
BD Sports Box & TV,FAMILY,4.2,5.0,3.3,500.0,Free,0.0,Everyone,Entertainment,"April 13, 2018",1.1,4.0.3 and up,0.0,April,0
Tour BD (Bahir Dar Map),MAPS_AND_NAVIGATION,4.9,49.0,3.9,100.0,Free,0.0,Everyone,Maps & Navigation,"October 16, 2017",2.0,4.2 and up,0.0,October,0
BD Field Force,PRODUCTIVITY,4.2,41.0,15.0,1000.0,Free,0.0,Everyone,Productivity,"August 1, 2018",1.3.13,4.3 and up,0.0,August,0
BD CRICKET LIVE,SPORTS,4.6,1238.0,9.5,100000.0,Free,0.0,Everyone,Sports,"January 15, 2018",3.0,4.0.3 and up,0.0,January,0
BD All Results,FAMILY,4.1,205.0,7.3,50000.0,Free,0.0,Everyone,Education,"November 29, 2017",9.0,4.0.3 and up,0.0,November,0
BD Online Passport Application,FAMILY,4.6,12.0,2.4,5000.0,Free,0.0,Everyone,Education,"October 7, 2017",3.0,4.0.3 and up,0.0,October,0
BD Internet Packages (Updated),COMMUNICATION,4.0,474.0,3.0,50000.0,Free,0.0,Everyone,Communication,"August 5, 2016",0.0.5,4.0 and up,0.0,August,0
Live Radio BD,FAMILY,4.2,69.0,3.5,10000.0,Free,0.0,Everyone,Entertainment,"May 4, 2015",1.1,4.0 and up,0.0,May,0
iCard BD Plus,SOCIAL,5.0,2.0,2.4,500.0,Free,0.0,Everyone,Social,"July 15, 2016",3.7.5,2.0 and up,0.0,July,0
BD Dialer,COMMUNICATION,4.1,29.0,13.0,10000.0,Free,0.0,Everyone,Communication,"July 9, 2018",1.8.3,4.1 and up,0.0,July,0
"Youboox - Livres, BD et magazines",BOOKS_AND_REFERENCE,3.7,4071.0,13.0,500000.0,Free,0.0,Teen,Books & Reference,"April 3, 2018",Varies with device,Varies with device,0.0,April,0
BANGLA TV 3G/4G,SPORTS,4.1,142.0,5.3,100000.0,Free,0.0,Everyone,Sports,"June 7, 2018",2.4,4.0 and up,0.0,June,0
Earn Money BD,FINANCE,3.8,103.0,6.9,5000.0,Free,0.0,Everyone,Finance,"July 11, 2018",3.4,4.0 and up,0.0,July,0
BD Hospital's,FAMILY,4.7,12.0,2.3,100.0,Free,0.0,Everyone,Education,"October 7, 2015",1.1,3.0 and up,0.0,October,0
Rabbithole,FAMILY,3.5,3347.0,15.0,100000.0,Free,0.0,Everyone,Entertainment,"July 18, 2018",1.1.15.12,4.4 and up,0.0,July,0
Educationboard Results BD,FAMILY,4.0,983.0,7.2,100000.0,Free,0.0,Everyone,Education,"June 12, 2018",1.0,4.0 and up,0.0,June,0
BD Online Shop,BUSINESS,4.2,63.0,13.0,5000.0,Free,0.0,Everyone,Business,"September 13, 2015",3.0.1,2.3.3 and up,0.0,September,0
Vehicle Case Checker BD,TOOLS,3.7,29.0,3.3,10000.0,Free,0.0,Everyone,Tools,"July 13, 2017",1.0,4.1 and up,0.0,July,0
Remote for Panasonic TV+BD+AVR,TOOLS,3.7,533.0,7.3,100000.0,Free,0.0,Everyone,Tools,"July 31, 2018",Cow V3.15,4.3 and up,0.0,July,0
Exam Result BD,FAMILY,5.0,2.0,2.6,500.0,Free,0.0,Everyone,Education,"July 22, 2017",1.0,3.2 and up,0.0,July,0
BD Live Call,COMMUNICATION,4.4,7.0,0.30078125,5000.0,Free,0.0,Everyone,Communication,"September 6, 2016",1.01,2.0 and up,0.0,September,0
Helping BD,LIFESTYLE,5.0,15.0,4.5,100.0,Free,0.0,Everyone,Lifestyle,"June 19, 2018",2.1,4.0.3 and up,0.0,June,0
Best Browser BD social networking,COMMUNICATION,4.8,6.0,21.0,10.0,Free,0.0,Everyone,Communication,"July 4, 2018",2.0,4.1 and up,0.0,July,0
Traffic signs BD,COMMUNICATION,4.4,7.0,5.3,500.0,Free,0.0,Everyone,Communication,"October 8, 2015",1.0,4.1 and up,0.0,October,0
BD Internet Package Activator,NEWS_AND_MAGAZINES,4.9,13.0,2.3,100.0,Free,0.0,Everyone,News & Magazines,"March 9, 2018",1.2,4.0.3 and up,0.0,March,0
be Produbanco,FINANCE,4.0,967.0,22.0,100000.0,Free,0.0,Everyone,Finance,"August 2, 2018",1.2.1,4.1 and up,0.0,August,0
Millionaire : Who want to be?,GAME,4.4,4396.0,40.0,100000.0,Free,0.0,Everyone,Trivia,"April 12, 2017",1.5,2.3 and up,0.0,April,0
Be My Eyes - Helping the blind,LIFESTYLE,4.9,8418.0,21.0,500000.0,Free,0.0,Everyone,Lifestyle,"July 11, 2018",1.2.9,4.4 and up,0.0,July,0
Be My Princess: PARTY,FAMILY,4.4,9443.0,21.0,100000.0,Free,0.0,Teen,Simulation,"December 12, 2016",1.8.0,4.0.3 and up,0.0,December,0
Movement BE,SOCIAL,5.0,20.0,1.2,100.0,Free,0.0,Teen,Social,"November 10, 2016",1.2,4.4 and up,0.0,November,0
Be My Love Animated Keyboard,PERSONALIZATION,4.6,838.0,11.0,50000.0,Free,0.0,Teen,Personalization,"March 30, 2018",1.70,4.1 and up,0.0,March,0
Be My Princess 2,FAMILY,4.3,2806.0,27.0,100000.0,Free,0.0,Teen,Entertainment,"March 20, 2018",3.6,2.3 and up,0.0,March,0
Be the Manager 2018 - Football Strategy,SPORTS,4.3,7557.0,7.4,100000.0,Free,0.0,Everyone,Sports,"March 12, 2018",2.2.1,4.2 and up,0.0,March,0
Be like Me - Hay Nhu Toi,PERSONALIZATION,4.3,44.0,3.5,1000.0,Free,0.0,Teen,Personalization,"May 26, 2016",1.3,4.0 and up,0.0,May,0
Be Fabulous PHOTO BOOTH,PHOTOGRAPHY,4.1,560.0,1.7,10000.0,Free,0.0,Everyone,Photography,"February 1, 2017",1.07,4.0 and up,0.0,February,0
Be My Princess,FAMILY,4.2,3103.0,8.8,100000.0,Free,0.0,Teen,Entertainment,"September 19, 2017",6.5,2.2 and up,0.0,September,0
Fat No More - Be the Biggest Loser in the Gym!,FAMILY,3.8,48545.0,38.0,1000000.0,Free,0.0,Everyone,Casual,"August 3, 2018",1.2.14,4.1 and up,0.0,August,0
Be Like Bill - Maker,FAMILY,4.3,18.0,1.7,1000.0,Free,0.0,Everyone,Entertainment,"January 27, 2016",1.2,3.2 and up,0.0,January,0
Be the Manager 2016 (football),SPORTS,4.2,4330.0,6.1,100000.0,Free,0.0,Everyone,Sports,"October 19, 2017",3.0,4.0 and up,0.0,October,0
Make your Be Like Bill,COMICS,4.0,78.0,2.8,5000.0,Free,0.0,Everyone,Comics,"January 16, 2016",1.0,2.3 and up,0.0,January,0
Be like Bill Generator,FAMILY,4.2,67.0,6.5,5000.0,Free,0.0,Teen,Entertainment,"January 29, 2016",1.08,4.0.3 and up,0.0,January,0
Be you GO Launcher Theme,PERSONALIZATION,4.3,1580.0,3.6,100000.0,Free,0.0,Everyone,Personalization,"November 12, 2014",v1.0,2.3 and up,0.0,November,0
Be Like Bro - Compilation,FAMILY,4.4,146.0,3.9,10000.0,Free,0.0,Teen,Entertainment,"March 30, 2018",2.4,4.1 and up,0.0,March,0
YAY - TBH,SOCIAL,4.1,2520.0,12.0,100000.0,Free,0.0,Teen,Social,"November 17, 2017",1.1.5,4.3 and up,0.0,November,0
OK K.O.! Lakewood Plaza Turbo,FAMILY,4.5,76608.0,24.0,1000000.0,Free,0.0,Everyone 10+,Action;Action & Adventure,"January 5, 2017",1.3.1,4.0 and up,0.0,January,0
She Will Be Loved Lyrics,FAMILY,4.3,2.0,0.6884765625,100.0,Free,0.0,Everyone,Entertainment,"March 1, 2016",1.0,2.1 and up,0.0,March,0
BF at Sea Refueled,GAME,4.4,1849.0,37.0,10000.0,Free,0.0,Everyone,Board,"October 20, 2015",1.1.8,2.3.3 and up,0.0,October,0
BF Movies Fun,FAMILY,3.8,63.0,3.7,10000.0,Free,0.0,Teen,Entertainment,"April 7, 2018",1.0,2.3.3 and up,0.0,April,0
My BF App,COMMUNICATION,4.1,141.0,9.9,50000.0,Free,0.0,Everyone,Communication,"December 19, 2017",2.0,4.0 and up,0.0,December,0
Funny videos for whatsapp,VIDEO_PLAYERS,4.4,3066.0,9.0,1000000.0,Free,0.0,Everyone,Video Players & Editors,"December 17, 2017",1.7,4.0.3 and up,0.0,December,0
BF games,FAMILY,4.1,262.0,29.0,50000.0,Free,0.0,Everyone,Puzzle,"November 1, 2017",1.1,4.0.3 and up,0.0,November,0
BF 3d Wallpapers,FAMILY,4.1,256.0,2.5,100000.0,Free,0.0,Teen,Entertainment,"June 18, 2015",4.7,3.0 and up,0.0,June,0
GF - BF Chat Stories - Hindi English Convesation,FAMILY,4.1,32.0,4.1,10000.0,Free,0.0,Everyone,Education,"June 18, 2018",1.5,4.1 and up,0.0,June,0
BF-Calc,TOOLS,3.9,428.0,3.8,100000.0,Free,0.0,Everyone,Tools,"March 31, 2015",1.2.5,2.3.3 and up,0.0,March,0
BF 4 Guns,FAMILY,4.0,1542.0,13.0,50000.0,Free,0.0,Everyone,Entertainment,"June 9, 2015",3.0,3.0 and up,0.0,June,0
"Women""s Health Tips(Breast,Face,Body,weight lose)",HEALTH_AND_FITNESS,4.2,2509.0,5.0,1000000.0,Free,0.0,Mature 17+,Health & Fitness,"April 20, 2018",1.8,4.1 and up,0.0,April,0
BF Beautiful Nature,FAMILY,3.6,5.0,2.5,1000.0,Free,0.0,Mature 17+,Entertainment,"June 11, 2015",4.1,3.0 and up,0.0,June,0
BF 3d Images,FAMILY,4.3,19.0,2.5,1000.0,Free,0.0,Teen,Entertainment,"June 17, 2015",4.5,3.0 and up,0.0,June,0
Jigsaw Puzzles Bus Scania BF,FAMILY,4.3,3.0,6.6,1000.0,Free,0.0,Teen,Puzzle,"November 7, 2016",1.0,4.0 and up,0.0,November,0
BF 3d View Wallpapers,FAMILY,4.3,4.0,2.5,1000.0,Free,0.0,Teen,Entertainment,"June 18, 2015",4.6,3.0 and up,0.0,June,0
Hot Bhojpuri Video Song 2018 - Free Movies,FAMILY,4.4,447.0,3.7,100000.0,Free,0.0,Mature 17+,Entertainment,"April 4, 2018",1.0,4.2 and up,0.0,April,0
Bf Light,BUSINESS,4.3,6.0,11.0,1000.0,Free,0.0,Everyone,Business,"February 9, 2017",1.0,4.1 and up,0.0,February,0
BF Abstract 3d Pictures,FAMILY,4.2,72.0,2.5,10000.0,Free,0.0,Teen,Entertainment,"June 18, 2015",5.1,3.0 and up,0.0,June,0
CE BF,LIFESTYLE,4.3,0.0,24.0,50.0,Free,0.0,Everyone,Lifestyle,"January 2, 2018",1.0.1,4.1 and up,0.0,January,0
Freedom Christian BF,LIFESTYLE,4.3,0.0,12.0,10.0,Free,0.0,Everyone,Lifestyle,"February 22, 2016",1.0,4.0.3 and up,0.0,February,0
Random Love (BF),FAMILY,3.7,3.0,10.0,50.0,Free,0.0,Everyone,Entertainment,"October 4, 2015",1.0.0,2.2 and up,0.0,October,0
BF Family user,BUSINESS,4.3,8.0,26.0,100.0,Free,0.0,Everyone,Business,"February 1, 2018",0.0.9,4.1 and up,0.0,February,0
Faketalk - Chatbot,GAME,4.2,63056.0,8.1,1000000.0,Free,0.0,Teen,Word,"July 3, 2018",1.9.7,2.3 and up,0.0,July,0
XXX DISTILLERY,BUSINESS,4.2,509.0,3.2,100000.0,Free,0.0,Everyone,Business,"August 2, 2017",1.1.0,4.0 and up,0.0,August,0
Cute Questions BF,LIFESTYLE,4.0,3.0,3.3,1000.0,Free,0.0,Everyone,Lifestyle,"June 2, 2018",3.0.0,4.4 and up,0.0,June,0
BG Advisor™,TOOLS,4.4,7.0,5.6,1000.0,Free,0.0,Everyone,Tools,"January 10, 2017",1.3,4.0.3 and up,0.0,January,0
BG Products,AUTO_AND_VEHICLES,4.8,4.0,4.5,500.0,Free,0.0,Everyone,Auto & Vehicles,"November 28, 2017",1.3,5.0 and up,0.0,November,0
BG LINKED (BGLINKED),SOCIAL,4.7,22.0,11.0,1000.0,Free,0.0,Everyone,Social,"January 19, 2018",v2.0.02_prod,4.1 and up,0.0,January,0
BG Monitor Diabetes,MEDICAL,4.4,643.0,2.8,10000.0,Free,0.0,Everyone,Medical,"April 23, 2017",8.0.1,4.4 and up,0.0,April,0
Photo BG Changer,PHOTOGRAPHY,3.8,11.0,17.0,1000.0,Free,0.0,Everyone,Photography,"February 21, 2018",1.3,4.1 and up,0.0,February,0
BG BRIDAL GALLERY,LIFESTYLE,4.6,17.0,19.0,1000.0,Free,0.0,Everyone,Lifestyle,"June 27, 2018",2.1.1,4.4 and up,0.0,June,0
BG Editor,PHOTOGRAPHY,4.3,0.0,8.4,5.0,Free,0.0,Everyone,Photography,"July 23, 2018",1.2,4.1 and up,0.0,July,0
BG Sports News,NEWS_AND_MAGAZINES,4.3,41.0,5.0,1000.0,Free,0.0,Everyone,News & Magazines,"February 9, 2016",1.0.0,3.0 and up,0.0,February,0
Zdravei.BG,SOCIAL,4.3,6.0,6.1,1000.0,Free,0.0,Mature 17+,Social,"January 8, 2018",3.7.17,4.1 and up,0.0,January,0
BG+Phone Backup,PRODUCTIVITY,4.8,16.0,2.6,1000.0,Free,0.0,Everyone,Productivity,"February 17, 2017",1.0.3,2.3 and up,0.0,February,0
BGKontakti London BG Kontakti,SOCIAL,4.3,4.0,8.9,500.0,Free,0.0,Everyone,Social,"March 23, 2017",1.2,3.0 and up,0.0,March,0
ReactNative BG Geolocation,TOOLS,5.0,5.0,9.1,1000.0,Free,0.0,Everyone,Tools,"May 25, 2018",2.12.0,4.1 and up,0.0,May,0
BG TV Stations,FAMILY,4.3,0.0,2.9,100.0,Free,0.0,Everyone,Entertainment,"February 10, 2018",1.0,4.1 and up,0.0,February,0
BG video - floating video - background video,VIDEO_PLAYERS,4.1,64.0,2.0,5000.0,Free,0.0,Everyone,Video Players & Editors,"May 21, 2018",2.0,4.0 and up,0.0,May,0
BG TV Program,FAMILY,4.3,1.0,2.8,100.0,Free,0.0,Everyone,Entertainment,"April 22, 2018",1.0,4.1 and up,0.0,April,0
BG Cable TV,FAMILY,4.3,5.0,2.8,1000.0,Free,0.0,Everyone,Entertainment,"February 25, 2018",1.0,4.1 and up,0.0,February,0
BG Middle East,AUTO_AND_VEHICLES,4.3,1.0,9.4,10.0,Free,0.0,Everyone,Auto & Vehicles,"December 20, 2017",1.1,4.0 and up,0.0,December,0
Blender BG - Photo Blend With Background,PHOTOGRAPHY,4.3,0.0,7.8,100.0,Free,0.0,Everyone,Photography,"September 20, 2017",1.0,4.2 and up,0.0,September,0
BG MUSIC PLAYER - MUSIC PLAYER,VIDEO_PLAYERS,4.3,0.0,8.6,100.0,Free,0.0,Everyone,Video Players & Editors,"June 26, 2018",1.0,4.1 and up,0.0,June,0
Sommelier.BG,FOOD_AND_DRINK,4.3,0.0,13.0,10.0,Free,0.0,Teen,Food & Drink,"July 18, 2018",Varies with device,Varies with device,0.0,July,0
BG Future School,FAMILY,4.9,16.0,10.0,100.0,Free,0.0,Everyone,Education,"July 22, 2017",1.0,4.0.3 and up,0.0,July,0
Simple Photo BG Changer,TOOLS,4.3,1.0,5.1,10.0,Free,0.0,Everyone,Tools,"June 8, 2018",1.0,2.3 and up,0.0,June,0
BGKontakti Bayern BG Kontakti,SOCIAL,4.3,32.0,7.8,1000.0,Free,0.0,Everyone,Social,"May 25, 2016",1.6,3.0 and up,0.0,May,0
BGKontakti Vienna BG Kontakti,SOCIAL,4.8,111.0,5.9,1000.0,Free,0.0,Everyone,Social,"July 18, 2018",2.42,4.1 and up,0.0,July,0
CARS.bg,AUTO_AND_VEHICLES,4.5,276.0,1.7,100000.0,Free,0.0,Everyone,Auto & Vehicles,"July 5, 2017",1.1.3,4.4 and up,0.0,July,0
BG Torneos,SPORTS,4.3,7.0,2.3,100.0,Free,0.0,Everyone,Sports,"June 13, 2018",2.0.0,4.1 and up,0.0,June,0
YourTube Video Views BG,VIDEO_PLAYERS,4.3,8.0,2.5,500.0,Free,0.0,Everyone,Video Players & Editors,"November 12, 2015",1.1.1,4.0 and up,0.0,November,0
BG Television,FAMILY,4.3,3.0,2.8,500.0,Free,0.0,Everyone,Entertainment,"December 10, 2017",1.0,4.1 and up,0.0,December,0
Cъновник BG,BOOKS_AND_REFERENCE,4.3,13.0,4.1,1000.0,Free,0.0,Everyone,Books & Reference,"January 21, 2017",250,4.0 and up,0.0,January,0
Auto Background Changer,PHOTOGRAPHY,4.0,35188.0,6.2,1000000.0,Free,0.0,Everyone,Photography,"February 22, 2018",1.0.11,3.2 and up,0.0,February,0
Block Gun 3D: Call of Destiny,GAME,3.7,31883.0,20.0,1000000.0,Free,0.0,Teen,Action,"March 23, 2017",1.4.3,2.3 and up,0.0,March,0
BG Metro - Red voznje,TRAVEL_AND_LOCAL,4.8,89.0,13.0,1000.0,Free,0.0,Everyone,Travel & Local,"February 21, 2017",Varies with device,Varies with device,0.0,February,0
BG Cricket,SPORTS,4.3,6.0,24.0,500.0,Free,0.0,Everyone,Sports,"June 14, 2018",2.4.4,4.2 and up,0.0,June,0
BG Guide,TRAVEL_AND_LOCAL,5.0,3.0,2.4,100.0,Free,0.0,Everyone,Travel & Local,"November 28, 2016",1.1,2.3.3 and up,0.0,November,0
Bg Radios - Bulgarian radio stations online,FAMILY,4.3,8.0,13.0,1000.0,Free,0.0,Everyone,Entertainment,"July 13, 2018",1.3.2,4.1 and up,0.0,July,0
Micro.bg Cloud POS System,BUSINESS,4.3,6.0,13.0,100.0,Free,0.0,Everyone,Business,"July 12, 2017",Varies with device,2.0 and up,0.0,July,0
BG-FLEET,TOOLS,4.3,0.0,1.8,10.0,Free,0.0,Everyone,Tools,"July 30, 2018",1.0,4.0.3 and up,0.0,July,0
trip.bg,TRAVEL_AND_LOCAL,4.5,103.0,9.8,1000.0,Free,0.0,Everyone,Travel & Local,"July 30, 2018",8.2.0,4.0.3 and up,0.0,July,0
Dete.bg,NEWS_AND_MAGAZINES,4.3,0.0,29.0,100.0,Free,0.0,Everyone,News & Magazines,"June 12, 2017",1.2,4.1 and up,0.0,June,0
BLOOD & GLORY: IMMORTALS,GAME,4.3,101762.0,11.0,1000000.0,Free,0.0,Teen,Action,"June 11, 2015",2.0.0,3.0 and up,0.0,June,0
ePazar.bg,SHOPPING,4.3,28.0,2.1,1000.0,Free,0.0,Everyone,Shopping,"January 7, 2017",3.0,3.0 and up,0.0,January,0
Revita.bg,HEALTH_AND_FITNESS,4.8,10.0,4.0,10.0,Free,0.0,Everyone,Health & Fitness,"June 13, 2018",3.55,4.0 and up,0.0,June,0
ePay.bg,FINANCE,4.4,2017.0,2.4,100000.0,Free,0.0,Everyone,Finance,"July 26, 2018",2.22,4.1 and up,0.0,July,0
Top Novini BG,NEWS_AND_MAGAZINES,4.3,2.0,2.9,100.0,Free,0.0,Everyone,News & Magazines,"June 14, 2016",1.2,4.1 and up,0.0,June,0
"Music for Youtube - Tube Music BG, Red+",VIDEO_PLAYERS,4.3,47.0,8.7,1000.0,Free,0.0,Teen,Video Players & Editors,"September 23, 2017",1.10,4.2 and up,0.0,September,0
Bg+ Call Blocker,TOOLS,4.3,80.0,1.7,10000.0,Free,0.0,Everyone,Tools,"March 20, 2018",1.2,4.0 and up,0.0,March,0
BG Blurry HD Wallpapers,FAMILY,4.3,1.0,5.1,10.0,Free,0.0,Everyone,Entertainment,"March 12, 2018",1.0.0.1,4.0 and up,0.0,March,0
Background Changer & Eraser,PHOTOGRAPHY,4.0,2076.0,11.0,500000.0,Free,0.0,Teen,Photography,"May 21, 2018",2.5,4.1 and up,0.0,May,0
Stolica.bg,NEWS_AND_MAGAZINES,4.3,1.0,1.3,50.0,Free,0.0,Everyone,News & Magazines,"May 2, 2018",1.1,5.0 and up,0.0,May,0
Cut Out : Background Eraser and background changer,PHOTOGRAPHY,4.1,7118.0,9.2,1000000.0,Free,0.0,Everyone,Photography,"June 29, 2018",1.6,4.0 and up,0.0,June,0
mySugr: the blood sugar tracker made just for you,MEDICAL,4.6,21187.0,35.0,1000000.0,Free,0.0,Everyone,Medical,"July 23, 2018",3.52.0,5.0 and up,0.0,July,0
ScorePal,TOOLS,4.5,1439.0,15.0,10000.0,Free,0.0,Everyone,Tools,"July 9, 2018",2.10.7,4.3 and up,0.0,July,0
BG Burger,FOOD_AND_DRINK,4.3,1.0,19.0,10.0,Free,0.0,Everyone,Food & Drink,"March 29, 2017",1.0,4.1 and up,0.0,March,0
JOBS.bg,BUSINESS,4.4,1630.0,2.2,100000.0,Free,0.0,Everyone,Business,"August 22, 2017",3.1.0,4.4 and up,0.0,August,0
Blood Glucose Tracker,HEALTH_AND_FITNESS,4.6,9612.0,3.5,100000.0,Free,0.0,Everyone,Health & Fitness,"May 18, 2018",1.8.12,4.4 and up,0.0,May,0
Learn Bulgarian Free,FAMILY,4.7,3049.0,13.0,50000.0,Free,0.0,Everyone,Education,"May 4, 2018",Varies with device,Varies with device,0.0,May,0
N+ News Bulgaria,NEWS_AND_MAGAZINES,4.3,2.0,10.0,50.0,Free,0.0,Everyone,News & Magazines,"August 2, 2017",1.0,4.0 and up,0.0,August,0
Remix Second Hand,SHOPPING,4.2,867.0,7.5,100000.0,Free,0.0,Everyone,Shopping,"August 2, 2018",1.5.8,4.4 and up,0.0,August,0
Ultimate Background Eraser,PHOTOGRAPHY,4.3,14453.0,21.0,1000000.0,Free,0.0,Everyone,Photography,"March 13, 2018",1.9,4.1 and up,0.0,March,0
OnTrack Diabetes,MEDICAL,4.3,6079.0,1.8,500000.0,Free,0.0,Everyone,Medical,"January 17, 2018",3.2.7,2.1 and up,0.0,January,0
VIP Backgammon Free : Play Backgammon Online,GAME,4.1,389.0,13.0,10000.0,Free,0.0,Teen,Board,"July 3, 2018",1.16.32,Varies with device,0.0,July,0
Grabo.bg,SHOPPING,4.6,8175.0,3.2,100000.0,Free,0.0,Everyone,Shopping,"April 5, 2018",3.2.3,4.0.3 and up,0.0,April,0
GEM™,TOOLS,4.3,6.0,33.0,500.0,Free,0.0,Everyone,Tools,"July 23, 2018",1.93,5.0 and up,0.0,July,0
Diabetes Connect,MEDICAL,4.5,4027.0,8.4,100000.0,Free,0.0,Everyone,Medical,"October 10, 2017",2.4.1,4.0 and up,0.0,October,0
B&H Photo Video Pro Audio,SHOPPING,4.6,17180.0,31.0,1000000.0,Free,0.0,Everyone,Shopping,"August 3, 2018",5.3.1,4.4 and up,0.0,August,0
BH Cosmetics,BEAUTY,4.0,2.0,3.6,1000.0,Free,0.0,Everyone,Beauty,"May 29, 2018",1.0,4.0 and up,0.0,May,0
B&H Kids AR,BOOKS_AND_REFERENCE,3.9,286.0,18.0,10000.0,Free,0.0,Everyone,Books & Reference,"September 29, 2017",3.2.5,4.0 and up,0.0,September,0
BH Bikes GPS Locator,SPORTS,4.3,0.0,10.0,10.0,Free,0.0,Everyone,Sports,"July 19, 2018",1.0,5.0 and up,0.0,July,0
BH Patrole,AUTO_AND_VEHICLES,4.8,27.0,2.5,500.0,Free,0.0,Everyone,Auto & Vehicles,"February 15, 2018",2.0,4.4 and up,0.0,February,0
CINEMA.BH,FAMILY,3.9,11.0,16.0,1000.0,Free,0.0,Everyone,Entertainment,"January 30, 2018",1.2.2,4.2 and up,0.0,January,0
DSLR Photography Training apps,PHOTOGRAPHY,4.0,675.0,15.0,100000.0,Free,0.0,Everyone,Photography,"July 29, 2017",2.1,2.3 and up,0.0,July,0
Radio Belo Horizonte,FAMILY,4.3,0.0,4.3,10.0,Free,0.0,Mature 17+,Entertainment,"August 3, 2018",2,4.0 and up,0.0,August,0
BH Online,FINANCE,4.3,0.0,4.6,10.0,Free,0.0,Everyone,Finance,"July 4, 2018",2.2.6,5.0 and up,0.0,July,0
Belo Horizonte Map offline,TRAVEL_AND_LOCAL,4.3,11.0,18.0,1000.0,Free,0.0,Everyone,Travel & Local,"July 12, 2018",1.73,4.3 and up,0.0,July,0
Bh Public School,FAMILY,5.0,2.0,8.7,10.0,Free,0.0,Everyone,Education,"March 21, 2018",1.2,4.0.3 and up,0.0,March,0
BH Mission Playbook,TRAVEL_AND_LOCAL,4.3,0.0,22.0,100.0,Free,0.0,Everyone,Travel & Local,"April 2, 2018",1.5.4,4.4 and up,0.0,April,0
BH INVEST,FINANCE,4.3,7.0,1.1,500.0,Free,0.0,Everyone,Finance,"February 5, 2016",1.3,3.2 and up,0.0,February,0
Comunidad BH,FAMILY,4.3,23.0,4.8,1000.0,Free,0.0,Everyone,Entertainment,"November 9, 2016",1.3.9,2.3 and up,0.0,November,0
VIVA BH,TOOLS,4.0,2055.0,2.6,100000.0,Free,0.0,Everyone,Tools,"April 9, 2018",2.44,4.0 and up,0.0,April,0
Discípulos em BH,SOCIAL,4.3,24.0,5.2,100.0,Free,0.0,Everyone,Social,"February 24, 2018",1.1.4,4.1 and up,0.0,February,0
Barbers.BH,LIFESTYLE,5.0,2.0,6.0,10.0,Free,0.0,Everyone,Lifestyle,"May 24, 2018",2.1,4.0.3 and up,0.0,May,0
BH - Fitness & Nutrition,HEALTH_AND_FITNESS,4.3,0.0,43.0,1.0,Free,0.0,Everyone,Health & Fitness,"July 4, 2018",4.3.6,4.1 and up,0.0,July,0
Lexus Tech BH Service Pro,LIFESTYLE,4.3,0.0,0.8828125,10.0,Free,0.0,Teen,Lifestyle,"July 26, 2016",5.0,3.0 and up,0.0,July,0
Photo Editor - BPhoto,PHOTOGRAPHY,4.5,42.0,20.0,1000.0,Free,0.0,Everyone,Photography,"September 17, 2016",1.2,4.2 and up,0.0,September,0
BH Challenge - Museum of the Jewish People,FAMILY,4.8,12.0,28.0,1000.0,Free,0.0,Everyone,Education,"March 26, 2018",1.3.6,4.2 and up,0.0,March,0
B'H BURGER HEIM,LIFESTYLE,4.3,0.0,20.0,10.0,Free,0.0,Everyone,Lifestyle,"May 26, 2016",1.0,4.0 and up,0.0,May,0
B y H Niños ES,BOOKS_AND_REFERENCE,4.6,53.0,16.0,5000.0,Free,0.0,Everyone,Books & Reference,"September 22, 2015",1.0.2,2.3 and up,0.0,September,0
ZUL - Rotativo Digital BH,AUTO_AND_VEHICLES,4.2,29.0,13.0,10000.0,Free,0.0,Everyone,Auto & Vehicles,"August 1, 2018",1.6.5,4.1 and up,0.0,August,0
Coomotaxi BH,BUSINESS,4.3,94.0,8.7,5000.0,Free,0.0,Everyone,Business,"May 24, 2018",3.44.1,4.0.3 and up,0.0,May,0
BH Rocking,TRAVEL_AND_LOCAL,4.3,13.0,3.2,100.0,Free,0.0,Everyone,Travel & Local,"January 17, 2018",1.0.7,4.1 and up,0.0,January,0
Newegg Mobile,SHOPPING,4.5,35479.0,16.0,1000000.0,Free,0.0,Everyone,Shopping,"July 11, 2018",4.16.0,4.4 and up,0.0,July,0
ZiraatBank BH,FINANCE,4.1,58.0,3.5,10000.0,Free,0.0,Everyone,Finance,"July 4, 2017",2.3.2,4.0 and up,0.0,July,0
Digital Tourist BH Itinerary,TRAVEL_AND_LOCAL,4.6,19.0,14.0,500.0,Free,0.0,Everyone,Travel & Local,"October 13, 2015",0.9.2,2.2 and up,0.0,October,0
BH Táxi,BUSINESS,3.9,91.0,8.9,5000.0,Free,0.0,Everyone,Business,"June 7, 2018",3.44.2,4.0.3 and up,0.0,June,0
BH Connect,SOCIAL,4.3,0.0,32.0,1.0,Free,0.0,Teen,Social,"March 22, 2018",1.4.4,4.0.3 and up,0.0,March,0
Out of Bounds BH Demo,GAME,4.3,3.0,14.0,10.0,Free,0.0,Everyone,Action,"November 19, 2015",1.0,2.3.3 and up,0.0,November,0
EduNAV.BH,FAMILY,4.3,3.0,3.8,50.0,Free,0.0,Everyone,Education,"February 12, 2018",1.2.0,4.3 and up,0.0,February,0
BH Açaí,FOOD_AND_DRINK,4.3,3.0,4.7,100.0,Free,0.0,Everyone,Food & Drink,"May 29, 2018",7.0 RELEASE,4.0.3 and up,0.0,May,0
BH Recepti,FOOD_AND_DRINK,4.3,3.0,9.9,500.0,Free,0.0,Everyone,Food & Drink,"August 16, 2016",1.2,4.0 and up,0.0,August,0
Bi en Línea,FINANCE,4.0,5055.0,17.0,100000.0,Free,0.0,Everyone,Finance,"March 5, 2018",4.4.1,4.4 and up,0.0,March,0
Microsoft Power BI–Business data analytics,BUSINESS,4.5,1819.0,10.0,100000.0,Free,0.0,Everyone,Business,"July 16, 2018",2.2.180712.112152,5.0 and up,0.0,July,0
BI Mobile Banking,FINANCE,4.0,180.0,27.0,10000.0,Free,0.0,Everyone,Finance,"June 27, 2018",4.17.38,4.4 and up,0.0,June,0
BI News,NEWS_AND_MAGAZINES,5.0,22.0,25.0,1000.0,Free,0.0,Everyone,News & Magazines,"June 10, 2018",1.5.0,4.1 and up,0.0,June,0
BI SmartLINK,BUSINESS,3.6,16.0,33.0,5000.0,Free,0.0,Everyone,Business,"July 25, 2018",2.7.0,5.1 and up,0.0,July,0
BI-LO,LIFESTYLE,3.5,43.0,30.0,10000.0,Free,0.0,Everyone,Lifestyle,"July 11, 2018",2.0.0,4.1 and up,0.0,July,0
Sisense Mobile BI,BUSINESS,4.9,23.0,28.0,1000.0,Free,0.0,Everyone,Business,"April 30, 2018",2.4.1,4.1 and up,0.0,April,0
"Starg - Gay, Same Sex, Bi",DATING,3.7,66.0,7.3,10000.0,Free,0.0,Mature 17+,Dating,"November 29, 2016",1.0.6,4.1 and up,0.0,November,0
Propel BI APP,BUSINESS,5.0,3.0,23.0,100.0,Free,0.0,Everyone,Business,"July 24, 2018",1.39,4.4 and up,0.0,July,0
BI Office,BUSINESS,4.0,76.0,0.1962890625,10000.0,Free,0.0,Everyone,Business,"June 7, 2017",2.7.1,3.0 and up,0.0,June,0
BI-LO Rx,LIFESTYLE,3.9,77.0,13.0,10000.0,Free,0.0,Everyone,Lifestyle,"March 26, 2018",Varies with device,Varies with device,0.0,March,0
BI APP,FINANCE,5.0,2.0,2.7,100.0,Free,0.0,Everyone,Finance,"February 19, 2016",1.8,4.0 and up,0.0,February,0
Oracle BI Mobile,BUSINESS,4.0,282.0,7.7,10000.0,Free,0.0,Everyone,Business,"August 1, 2018",20.0.0.0,6.0 and up,0.0,August,0
bi-Cube Mobile Token,TOOLS,4.3,5.0,21.0,1000.0,Free,0.0,Everyone,Tools,"April 26, 2018",8.9.2.0.0,4.0.3 and up,0.0,April,0
Business Intelligence & Data,FAMILY,4.9,7.0,3.5,1000.0,Free,0.0,Everyone,Education,"July 26, 2016",1.0,2.0 and up,0.0,July,0
BI Mobile,FINANCE,4.4,337.0,3.3,10000.0,Free,0.0,Everyone,Finance,"March 15, 2018",1.0,4.0.3 and up,0.0,March,0
Zoho Reports - Mobile BI,BUSINESS,4.7,45.0,12.0,5000.0,Free,0.0,Everyone,Business,"May 23, 2018",2.0.5,4.1 and up,0.0,May,0
Power BI Ultimate Orientation,FAMILY,4.3,12.0,8.1,5000.0,Free,0.0,Everyone,Education,"February 6, 2017",1.0.1,4.0 and up,0.0,February,0
Pool Billiards Classic - bi a,SPORTS,3.9,5644.0,14.0,1000000.0,Free,0.0,Everyone,Sports,"November 1, 2017",1.7,4.0.3 and up,0.0,November,0
Lesbian Chat & Dating - SPICY,SOCIAL,4.5,63765.0,11.0,1000000.0,Free,0.0,Mature 17+,Social,"July 31, 2018",4.17.2,4.1 and up,0.0,July,0
Bi-Tank,GAME,4.6,12.0,18.0,50.0,Free,0.0,Everyone,Arcade,"July 31, 2017",Varies with device,4.1 and up,0.0,July,0
MinT BI,PRODUCTIVITY,4.3,0.0,2.9,10.0,Free,0.0,Everyone,Productivity,"January 13, 2018",3.1,4.2 and up,0.0,January,0
BJ's Wholesale Club,SHOPPING,4.2,4099.0,17.0,100000.0,Free,0.0,Everyone,Shopping,"July 27, 2018",2.0.10,4.1 and up,0.0,July,0
BJ’s Mobile App,SHOPPING,4.0,4722.0,35.0,500000.0,Free,0.0,Everyone,Shopping,"July 9, 2018",3.6.5,4.1 and up,0.0,July,0
BJ-UFO,FAMILY,3.6,226.0,25.0,50000.0,Free,0.0,Everyone,Casual,"May 10, 2018",2.5_20,4.0 and up,0.0,May,0
BJ Bridge Free (2018),GAME,3.9,20.0,4.8,10000.0,Free,0.0,Everyone,Card,"May 21, 2018",6.2-lite,4.0 and up,0.0,May,0
BJ & Jamie,FAMILY,3.9,13.0,17.0,100.0,Free,0.0,Everyone,Entertainment,"July 6, 2015",1.1,2.3.3 and up,0.0,July,0
The Daily BJ,HEALTH_AND_FITNESS,4.8,38.0,24.0,500.0,Free,0.0,Everyone,Health & Fitness,"July 10, 2018",1.1,5.0 and up,0.0,July,0
BJ-FPV,FAMILY,4.2,16.0,26.0,1000.0,Free,0.0,Everyone,Casual,"July 31, 2018",2.0.2,4.4 and up,0.0,July,0
BJ Bridge Acol Beginner 2018,GAME,3.7,11.0,4.8,5000.0,Free,0.0,Everyone,Card,"May 21, 2018",6.2-begina,4.0 and up,0.0,May,0
BJ Memo Widget,PRODUCTIVITY,4.0,616.0,0.1708984375,50000.0,Free,0.0,Everyone,Productivity,"September 22, 2014",1.3,3.0 and up,0.0,September,0
BJ Grand Salon Mobile App,BEAUTY,4.3,1.0,15.0,100.0,Free,0.0,Everyone,Beauty,"June 14, 2018",1.0.7,5.0 and up,0.0,June,0
BJ Strategy Tester,GAME,4.3,1.0,8.8,100.0,Free,0.0,Everyone,Casino,"May 19, 2015",1.0,2.3 and up,0.0,May,0
Eating Show - Food BJ,FAMILY,4.4,103.0,36.0,10000.0,Free,0.0,Everyone,Simulation,"October 30, 2017",1.29,4.1 and up,0.0,October,0
Virtual DJ Sound Mixer,TOOLS,4.2,4010.0,8.7,500000.0,Free,0.0,Everyone,Tools,"May 10, 2017",Varies with device,4.0 and up,0.0,May,0
Cards Casino:Video Poker & BJ,GAME,4.7,325.0,23.0,10000.0,Free,0.0,Teen,Casino,"May 8, 2015",7.0,2.3.3 and up,0.0,May,0
BJ-DRONE,FAMILY,4.3,1.0,23.0,100.0,Free,0.0,Everyone,Entertainment,"March 27, 2018",1.0,4.0.3 and up,0.0,March,0
"Real Casino:Slot,Keno,BJ,Poker",GAME,4.1,341.0,26.0,50000.0,Free,0.0,Teen,Casino,"August 12, 2016",1.18,4.0 and up,0.0,August,0
BJ - Confidential,COMMUNICATION,4.3,0.0,3.2,10.0,Free,0.0,Teen,Communication,"April 23, 2018",1.7,4.1 and up,0.0,April,0
Basic Strategy Training BJ 21,GAME,4.3,0.0,23.0,500.0,Free,0.0,Teen,Casino,"March 7, 2016",1.1,2.3 and up,0.0,March,0
HON. B.J. ACS COLLEGE ALE,FAMILY,5.0,3.0,1.8,100.0,Free,0.0,Mature 17+,Education,"December 26, 2016",3.1,4.3 and up,0.0,December,0
One Launcher,PERSONALIZATION,4.3,26601.0,5.4,1000000.0,Free,0.0,Everyone,Personalization,"July 16, 2018",26.1.0.20180713,2.3.3 and up,0.0,July,0
BJ Toys,SHOPPING,4.7,55.0,8.0,500.0,Free,0.0,Everyone,Shopping,"April 11, 2018",1.0.3,4.0.3 and up,0.0,April,0
Alumni BJ,SOCIAL,4.3,2.0,5.4,100.0,Free,0.0,Everyone,Social,"November 8, 2017",1.0,4.1 and up,0.0,November,0
BJ card game blackjack,GAME,4.3,3.0,21.0,500.0,Free,0.0,Teen,Card,"December 2, 2016",1.0,2.3 and up,0.0,December,0
BMH-BJ Congregation,LIFESTYLE,4.3,0.0,5.1,10.0,Free,0.0,Everyone,Lifestyle,"June 29, 2018",1.22,4.0.3 and up,0.0,June,0
BJ's Community SoundBoard,FAMILY,4.3,0.0,13.0,5.0,Free,0.0,Teen,Entertainment,"February 11, 2018",Varies with device,Varies with device,0.0,February,0
BJ TIKET,BUSINESS,4.3,3.0,3.4,10.0,Free,0.0,Everyone,Business,"February 9, 2018",8.0,4.0.3 and up,0.0,February,0
BJ Foods,BUSINESS,5.0,3.0,1.5,10.0,Free,0.0,Everyone,Business,"February 7, 2018",2.7,4.1 and up,0.0,February,0
Blackjack,GAME,4.3,52199.0,13.0,1000000.0,Free,0.0,Teen,Casino,"May 18, 2017",1.2.4.69,2.3 and up,0.0,May,0
3D DJ – DJ Mixer 2018,FAMILY,4.3,6333.0,30.0,1000000.0,Free,0.0,Everyone,Entertainment,"May 25, 2018",1.1.12,5.0 and up,0.0,May,0
BJ Adams,BUSINESS,4.3,1.0,26.0,5.0,Free,0.0,Everyone,Business,"November 16, 2016",2.0.0,4.0.3 and up,0.0,November,0
Spider grinder in screen funny,FAMILY,4.1,956.0,10.0,100000.0,Free,0.0,Teen,Entertainment,"May 17, 2016",1.1,2.2 and up,0.0,May,0
BJJ Roadmap by Stephan Kesting,SPORTS,4.6,969.0,3.6,10000.0,Free,0.0,Everyone,Sports,"August 21, 2014",1.0,4.0 and up,0.0,August,0
KISW 99.9 FM SEATTLE,FAMILY,4.0,1469.0,5.2,100000.0,Free,0.0,Everyone,Entertainment,"January 29, 2018",2.1.10,2.3.3 and up,0.0,January,0
BlackJack -21 Casino Card Game,GAME,4.7,2066.0,25.0,100000.0,Free,0.0,Teen,Casino,"March 14, 2018",1.3,4.0.3 and up,0.0,March,0
Metal Detector Pro 2015,TOOLS,3.6,1166.0,0.341796875,100000.0,Free,0.0,Everyone,Tools,"March 30, 2015",1.1,4.0 and up,0.0,March,0
BlackJack 21 Pro,GAME,4.5,26744.0,51.0,500000.0,Free,0.0,Teen,Casino,"July 27, 2018",7.4.0,4.0.3 and up,0.0,July,0
24 megapixel hd camera,PHOTOGRAPHY,4.0,802.0,5.1,100000.0,Free,0.0,Everyone,Photography,"May 3, 2017",1.1,2.3 and up,0.0,May,0
Ultimate BlackJack 3D FREE,GAME,4.1,1686.0,4.6,100000.0,Free,0.0,Teen,Casino,"April 20, 2015",3.1.0,2.3 and up,0.0,April,0
BK Chat,COMMUNICATION,4.3,6.0,31.0,1000.0,Free,0.0,Teen,Communication,"July 30, 2018",2.1,4.1 and up,0.0,July,0
BURGER KING® Puerto Rico,FOOD_AND_DRINK,4.5,2448.0,19.0,100000.0,Free,0.0,Everyone,Food & Drink,"September 1, 2017",5.4,4.0.3 and up,0.0,September,0
BK Manager,NEWS_AND_MAGAZINES,4.3,19.0,17.0,5000.0,Free,0.0,Everyone,News & Magazines,"December 19, 2017",1.0.2,4.4 and up,0.0,December,0
BK Murli Offline April 2017,LIFESTYLE,4.8,33.0,2.4,5000.0,Free,0.0,Everyone,Lifestyle,"May 3, 2017",1.0,4.0.3 and up,0.0,May,0
Read it easy for BK,LIFESTYLE,5.0,1.0,3.2,50.0,Free,0.0,Everyone,Lifestyle,"July 15, 2018",1.2,4.1 and up,0.0,July,0
BK Video Status,FAMILY,5.0,13.0,2.1,100.0,Free,0.0,Everyone,Entertainment,"July 7, 2018",2.3,4.4 and up,0.0,July,0
bk Group Mobile,BUSINESS,4.3,1.0,30.0,50.0,Free,0.0,Everyone,Business,"February 26, 2018",2.0,4.4W and up,0.0,February,0
BK Formula Calculator 2,TOOLS,4.3,4.0,12.0,100.0,Free,0.0,Everyone,Tools,"August 7, 2016",0.0.1,4.2 and up,0.0,August,0
Service Disabler,TOOLS,4.3,534.0,3.0,100000.0,Free,0.0,Everyone,Tools,"June 23, 2018",1.0.6,4.0 and up,0.0,June,0
BK Photography,PHOTOGRAPHY,4.3,20.0,4.8,1000.0,Free,0.0,Everyone,Photography,"January 6, 2017",0.1,2.3 and up,0.0,January,0
Keyboard Theme Dusk BK Purple,PERSONALIZATION,4.5,248.0,2.8,10000.0,Free,0.0,Mature 17+,Personalization,"May 23, 2016",9.0,4.0.3 and up,0.0,May,0
Coupons for Burger King,FOOD_AND_DRINK,4.5,41.0,4.0,500.0,Free,0.0,Teen,Food & Drink,"July 17, 2018",1.0,5.0 and up,0.0,July,0
BK Formula Calculator,TOOLS,5.0,6.0,11.0,100.0,Free,0.0,Everyone,Tools,"August 8, 2015",0.1.1,4.2 and up,0.0,August,0
Korean English Translator,FAMILY,4.4,634.0,1.8,100000.0,Free,0.0,Everyone,Education,"September 5, 2017",1.6,2.3 and up,0.0,September,0
Dr Bk Sachin bhai,LIFESTYLE,5.0,19.0,3.1,1000.0,Free,0.0,Everyone,Lifestyle,"December 7, 2017",2.2,4.1 and up,0.0,December,0
Audio Murli Glossary For BK,FAMILY,4.7,39.0,20.0,1000.0,Free,0.0,Everyone,Education,"January 25, 2016",1.1,4.0.3 and up,0.0,January,0
SKIN BK,PRODUCTIVITY,4.3,0.0,33.0,10.0,Free,0.0,Everyone,Productivity,"June 25, 2018",1.1.2,4.4W and up,0.0,June,0
BK Traffic Control cum Chart,SOCIAL,4.7,549.0,17.0,10000.0,Free,0.0,Teen,Social,"June 29, 2016",3.0.1,3.0 and up,0.0,June,0
Daily Murli Saar Widget,SOCIAL,4.6,308.0,0.443359375,10000.0,Free,0.0,Everyone,Social,"June 10, 2015",1.0,3.0 and up,0.0,June,0
BK Suraj bhai,LIFESTYLE,4.6,9.0,3.1,1000.0,Free,0.0,Everyone,Lifestyle,"December 8, 2017",2.2,4.1 and up,0.0,December,0
BK Shivani Videos,LIFESTYLE,4.7,29.0,3.2,1000.0,Free,0.0,Everyone,Lifestyle,"July 25, 2018",1.3,4.0.3 and up,0.0,July,0
BK News Channel,VIDEO_PLAYERS,4.6,277.0,6.8,10000.0,Free,0.0,Everyone,Video Players & Editors,"July 16, 2016",1.01,2.3 and up,0.0,July,0
Make a burger king,FAMILY,3.8,125.0,17.0,10000.0,Free,0.0,Everyone,Casual,"February 21, 2017",v1.3,4.0 and up,0.0,February,0
King Burger Dash,FAMILY,3.6,445.0,12.0,50000.0,Free,0.0,Everyone,Casual,"March 22, 2015",1.3,2.2 and up,0.0,March,0
Official Madhuban Murli,LIFESTYLE,4.9,301.0,25.0,10000.0,Free,0.0,Everyone,Lifestyle,"July 21, 2018",1.1.2,4.4 and up,0.0,July,0
Baba Yaad Hai?(BK's),FAMILY,4.8,160.0,13.0,10000.0,Free,0.0,Everyone,Entertainment,"March 5, 2017",1.3,2.3 and up,0.0,March,0
Burger King Foot Lettuce,FAMILY,4.4,150.0,5.9,10000.0,Free,0.0,Everyone,Entertainment,"June 11, 2018",1.07,4.0 and up,0.0,June,0
BK Arogyam Task Track,BUSINESS,5.0,8.0,3.7,100.0,Free,0.0,Everyone,Business,"June 5, 2018",1.1.1,4.1 and up,0.0,June,0
BK murli today (Mobile Murli) - Gyan,FAMILY,4.8,100.0,4.5,5000.0,Free,0.0,Everyone,Education,"August 5, 2018",2.0,4.4 and up,0.0,August,0
Capital Bk Mobile Business Dep,FINANCE,4.3,1.0,4.1,100.0,Free,0.0,Everyone,Finance,"February 3, 2016",1.4.8,4.1 and up,0.0,February,0
BK Travel Solutions,EVENTS,4.3,1.0,11.0,100.0,Free,0.0,Everyone,Events,"June 14, 2018",1.3.0,4.1 and up,0.0,June,0
BK Murli Dictionary (H to E),FAMILY,4.6,106.0,3.9,10000.0,Free,0.0,Everyone,Education,"November 19, 2016",1.1,2.2 and up,0.0,November,0
Bk Usha behn,LIFESTYLE,5.0,10.0,3.0,1000.0,Free,0.0,Everyone,Lifestyle,"January 14, 2018",1.0,4.1 and up,0.0,January,0
BkEmu - BK-0010/11M emulator,FAMILY,4.6,222.0,1.4,10000.0,Free,0.0,Everyone,Entertainment,"February 7, 2016",0.4.0,2.1 and up,0.0,February,0
BK Gold App,FINANCE,5.0,4.0,11.0,50.0,Free,0.0,Everyone,Finance,"May 25, 2018",1.0.0,4.4 and up,0.0,May,0
Of the wall Arapaho bk,COMMUNICATION,4.3,0.0,12.0,5.0,Free,0.0,Everyone,Communication,"August 18, 2017",1.0,4.1 and up,0.0,August,0
Burger King Italia,LIFESTYLE,4.0,4160.0,30.0,500000.0,Free,0.0,Everyone,Lifestyle,"July 6, 2018",2.3.6,4.0.3 and up,0.0,July,0
Red Embrace (BL/Yaoi Game),FAMILY,4.3,616.0,25.0,10000.0,Free,0.0,Teen,Casual,"June 12, 2018",4.5.5,2.3.3 and up,0.0,June,0
Blood Domination - BL Game,GAME,4.5,415.0,52.0,10000.0,Free,0.0,Mature 17+,Adventure,"July 6, 2018",1.0.1,4.1 and up,0.0,July,0
Yaoi Ooku: Distorted Love,FAMILY,4.0,2614.0,6.3,100000.0,Free,0.0,Mature 17+,Simulation,"April 14, 2015",1.0.8,2.2 and up,0.0,April,0
Cerulean Heart,FAMILY,4.6,2683.0,25.0,10000.0,Free,0.0,Mature 17+,Simulation,"June 15, 2018",1.3.1,4.0 and up,0.0,June,0
WebComics,COMICS,4.8,33783.0,6.4,1000000.0,Free,0.0,Teen,Comics,"July 28, 2018",1.3.34,4.1 and up,0.0,July,0
BL Driver,MAPS_AND_NAVIGATION,3.9,230.0,12.0,10000.0,Free,0.0,Everyone,Maps & Navigation,"July 13, 2018",2.12.1,4.1 and up,0.0,July,0
Gaydorado,FAMILY,3.9,8419.0,47.0,100000.0,Free,0.0,Teen,Role Playing,"August 1, 2018",0.0.42,4.0.3 and up,0.0,August,0
TappyToon Comics & Webtoons,COMICS,3.5,4205.0,10.0,100000.0,Free,0.0,Teen,Comics,"July 13, 2018",1.77,4.0.3 and up,0.0,July,0
SecondSecret ‐「恋を読む」BLノベルゲーム‐,GAME,4.4,1563.0,40.0,50000.0,Free,0.0,Teen,Adventure,"June 29, 2017",1.3.6,4.0 and up,0.0,June,0
Lust in Terror Manor - The Truth Unveiled | Otome,GAME,4.1,355.0,53.0,10000.0,Free,0.0,Teen,Adventure,"July 10, 2018",1.0.6,4.1 and up,0.0,July,0
BL 女性向け恋愛ゲーム◆ごくメン,FAMILY,4.2,1901.0,8.2,100000.0,Free,0.0,Mature 17+,Simulation,"July 7, 2016",1.3.0,2.3.3 and up,0.0,July,0
あなカレ【BL】無料ゲーム,FAMILY,4.7,6073.0,8.5,100000.0,Free,0.0,Mature 17+,Simulation,"February 25, 2018",4.2.2,2.3 and up,0.0,February,0
K-Rain BL,TOOLS,4.0,9.0,33.0,1000.0,Free,0.0,Everyone,Tools,"May 28, 2018",3.0.1,4.0 and up,0.0,May,0
감성학원 BL 첫사랑,COMICS,4.4,190.0,34.0,10000.0,Free,0.0,Everyone,Comics,"November 17, 2017",3.2.1,3.0 and up,0.0,November,0
Chess of Blades (Demo),FAMILY,4.2,45.0,23.0,1000.0,Free,0.0,Teen,Casual,"January 25, 2018",1.5,2.3.3 and up,0.0,January,0
BL Flowers Digital,SHOPPING,5.0,21.0,2.5,100.0,Free,0.0,Everyone,Shopping,"October 31, 2017",1.6,4.2 and up,0.0,October,0
BL 1-Click Camera - Free,PHOTOGRAPHY,3.5,52.0,1.8,10000.0,Free,0.0,Everyone,Photography,"August 18, 2016",2.0.160818,2.3 and up,0.0,August,0
Manga Books,COMICS,3.8,7326.0,13.0,500000.0,Free,0.0,Adults only 18+,Comics,"August 3, 2018",Varies with device,Varies with device,0.0,August,0
OTOME of Ikemen cafe,FAMILY,4.5,1318.0,24.0,50000.0,Free,0.0,Teen,Simulation,"March 5, 2018",1.0.21,4.1 and up,0.0,March,0
BL info,TRAVEL_AND_LOCAL,4.1,98.0,2.0,5000.0,Free,0.0,Everyone,Travel & Local,"July 17, 2018",2.0,4.3 and up,0.0,July,0
BL Carrier,BUSINESS,4.3,0.0,11.0,10.0,Free,0.0,Everyone,Business,"July 27, 2018",5.0,4.0.3 and up,0.0,July,0
Skill Tree - BL Pre Sequel,FAMILY,4.3,855.0,7.0,10000.0,Free,0.0,Teen,Entertainment,"February 22, 2016",5.0,2.3.3 and up,0.0,February,0
BL Portfolio,PHOTOGRAPHY,4.3,4.0,16.0,100.0,Free,0.0,Everyone,Photography,"June 13, 2017",1.2,4.1 and up,0.0,June,0
Skywatch BL,WEATHER,4.3,15.0,10.0,1000.0,Free,0.0,Everyone,Weather,"February 20, 2017",1.1.6,4.4 and up,0.0,February,0
B-L Animal Hospital,MEDICAL,4.3,1.0,28.0,100.0,Free,0.0,Everyone,Medical,"June 8, 2017",300000.0.84,4.0.3 and up,0.0,June,0
BL Banking DES,FINANCE,4.3,3.0,5.5,100.0,Free,0.0,Everyone,Finance,"July 18, 2018",2.3,4.0 and up,0.0,July,0
BL ONLINE PERSONAL TRAINING,HEALTH_AND_FITNESS,4.3,0.0,41.0,5.0,Free,0.0,Everyone,Health & Fitness,"August 29, 2017",BL ONLINE PERSONAL TRAINING 7.9.0,4.1 and up,0.0,August,0
BL Community Icon Pack,PERSONALIZATION,4.0,289.0,2.7,10000.0,Free,0.0,Everyone,Personalization,"May 6, 2013",1.01,2.1 and up,0.0,May,0
BL Taxi,MAPS_AND_NAVIGATION,4.9,124.0,3.4,1000.0,Free,0.0,Everyone,Maps & Navigation,"March 26, 2018",Varies with device,Varies with device,0.0,March,0
BL!TZ - Endless,GAME,4.7,21.0,9.0,100.0,Free,0.0,Everyone,Arcade,"June 30, 2017",10.05,4.0.3 and up,0.0,June,0
AC-BL,COMMUNICATION,4.3,0.0,4.3,50.0,Free,0.0,Everyone,Communication,"April 20, 2018",1.7,2.1 and up,0.0,April,0
BL-ED: From BLUE to RED,GAME,4.3,3.0,2.9,10.0,Free,0.0,Everyone,Arcade,"April 24, 2016",1.6.5,4.4W and up,0.0,April,0
B L Enterprises,FINANCE,4.3,2.0,6.9,10.0,Free,0.0,Everyone,Finance,"May 11, 2018",1.8,4.0.3 and up,0.0,May,0
BL Kennedy Theme,PERSONALIZATION,4.2,279.0,1.1,10000.0,Free,0.0,Everyone,Personalization,"May 6, 2013",1.0.2,2.1 and up,0.0,May,0
Teen Patti by BL Games,GAME,4.1,496.0,39.0,100000.0,Free,0.0,Teen,Card,"January 31, 2017",1.3.0,2.3.3 and up,0.0,January,0
BeyondMenu Food Delivery,FOOD_AND_DRINK,4.7,51543.0,13.0,1000000.0,Free,0.0,Everyone,Food & Drink,"August 1, 2018",Varies with device,Varies with device,0.0,August,0
B.M.Snowboard Free,SPORTS,3.9,9765.0,14.0,1000000.0,Free,0.0,Everyone,Sports,"May 1, 2017",1.38.1,2.3 and up,0.0,May,0
BM Wallet,FINANCE,4.2,798.0,29.0,50000.0,Free,0.0,Everyone,Finance,"January 3, 2018",1.0.46,4.0 and up,0.0,January,0
BM Online OEC Verification,TOOLS,4.1,783.0,4.2,100000.0,Free,0.0,Everyone,Tools,"August 5, 2016",1.0.1,4.0.3 and up,0.0,August,0
Business Mitra (BM),BUSINESS,4.9,13.0,5.3,100.0,Free,0.0,Everyone,Business,"July 12, 2018",1.11.1prod,4.0.3 and up,0.0,July,0
Bm,FAMILY,4.3,1.0,1.7,100.0,Free,0.0,Everyone,Puzzle,"September 21, 2016",1.0,4.0.3 and up,0.0,September,0
bm Wallet,FINANCE,3.5,196.0,27.0,10000.0,Free,0.0,Everyone,Finance,"August 20, 2017",1.8,4.1 and up,0.0,August,0
Myjob@BM,SOCIAL,4.3,1.0,13.0,100.0,Free,0.0,Teen,Social,"June 13, 2018",1.16.21,4.1 and up,0.0,June,0
"Borneo Bible, BM Bible",BOOKS_AND_REFERENCE,4.9,659.0,5.0,10000.0,Free,0.0,Everyone,Books & Reference,"August 28, 2017",4.4.5,4.0 and up,0.0,August,0
MOD Black for BM,BOOKS_AND_REFERENCE,4.3,2.0,7.8,100.0,Free,0.0,Everyone,Books & Reference,"July 31, 2017",1.0,4.0 and up,0.0,July,0
Basket Manager 2017 Free,SPORTS,4.5,2710.0,4.8,100000.0,Free,0.0,Everyone,Sports,"November 27, 2017",4.0,4.1 and up,0.0,November,0
BM Box,BOOKS_AND_REFERENCE,4.3,28.0,13.0,1000.0,Free,0.0,Everyone,Books & Reference,"October 20, 2016",Varies with device,Varies with device,0.0,October,0
BM SPM Practice,FAMILY,5.0,6.0,9.2,1000.0,Free,0.0,Everyone,Education,"January 24, 2018",1.0,4.1 and up,0.0,January,0
BM FlexCheck,AUTO_AND_VEHICLES,3.5,2.0,34.0,100.0,Free,0.0,Everyone,Auto & Vehicles,"June 8, 2018",1.10.1,5.0 and up,0.0,June,0
TuenMun BM,TOOLS,4.3,6.0,47.0,1000.0,Free,0.0,Everyone,Tools,"May 17, 2017",1.2,4.0.3 and up,0.0,May,0
bm-Events,SOCIAL,4.3,0.0,8.1,10.0,Free,0.0,Teen,Social,"November 1, 2016",1.1.1,4.4 and up,0.0,November,0
Poop Tracker - Toilet Log,HEALTH_AND_FITNESS,4.4,622.0,2.5,10000.0,Free,0.0,Everyone,Health & Fitness,"May 9, 2018",1.3.3,4.4 and up,0.0,May,0
B&M Stores,SHOPPING,3.7,192.0,36.0,100000.0,Free,0.0,Everyone,Shopping,"August 3, 2018",0.8.129,4.1 and up,0.0,August,0
BM CRM,SHOPPING,4.3,0.0,10.0,5.0,Free,0.0,Everyone,Shopping,"October 31, 2017",1.0,4.1 and up,0.0,October,0
Mobilight-BM,FINANCE,4.8,6.0,6.2,500.0,Free,0.0,Everyone,Finance,"August 3, 2018",2.0.10,4.0.3 and up,0.0,August,0
iFORA BM,MEDICAL,4.3,3.0,10.0,100.0,Free,0.0,Everyone,Medical,"April 9, 2018",1.0.8,4.3 and up,0.0,April,0
Basket Manager 2016 Free,SPORTS,4.3,1879.0,4.4,100000.0,Free,0.0,Everyone,Sports,"February 9, 2017",2.9,4.1 and up,0.0,February,0
BM Pharmacy,HEALTH_AND_FITNESS,4.9,42.0,18.0,1000.0,Free,0.0,Everyone,Health & Fitness,"June 11, 2018",1.5.12,4.1 and up,0.0,June,0
postit.bm,SHOPPING,4.3,1.0,16.0,500.0,Free,0.0,Everyone,Shopping,"March 14, 2018",2.53,4.1 and up,0.0,March,0
orderin.bm,FOOD_AND_DRINK,4.3,0.0,13.0,1.0,Free,0.0,Everyone,Food & Drink,"August 1, 2018",Varies with device,Varies with device,0.0,August,0
BM Assets,FINANCE,4.3,6.0,9.9,500.0,Free,0.0,Everyone,Finance,"October 25, 2016",1.1,2.3.3 and up,0.0,October,0
BM Interventi,PRODUCTIVITY,4.3,2.0,22.0,10.0,Free,0.0,Everyone,Productivity,"May 4, 2018",1.4.0,4.3 and up,0.0,May,0
BM Tahmin: Ücretsiz İddaa Tahminleri,SPORTS,4.3,7.0,1.9,500.0,Free,0.0,Everyone,Sports,"December 11, 2017",1.3,4.0.3 and up,0.0,December,0
RIV-BM FPV,FAMILY,4.3,0.0,26.0,10.0,Free,0.0,Everyone,Entertainment,"August 12, 2017",1.0.1,2.2 and up,0.0,August,0
BM Physiotherapy Clinic,HEALTH_AND_FITNESS,5.0,3.0,9.3,100.0,Free,0.0,Everyone,Health & Fitness,"October 9, 2017",0.0.1,4.1 and up,0.0,October,0
BBMoji - Your personalized BBM Stickers,COMMUNICATION,4.3,8827.0,13.0,1000000.0,Free,0.0,Everyone,Communication,"May 22, 2018",1.0.2,4.0.3 and up,0.0,May,0
Dormi - Baby Monitor,PARENTING,4.3,11760.0,13.0,1000000.0,Free,0.0,Everyone,Parenting,"June 22, 2018",Varies with device,Varies with device,0.0,June,0
På sporet ABC (BM),FAMILY,4.3,2.0,28.0,1000.0,Free,0.0,Everyone,Educational,"December 21, 2016",v1.2,4.0 and up,0.0,December,0
BAMMS for BM 1Park,PRODUCTIVITY,4.3,7.0,10.0,50.0,Free,0.0,Everyone,Productivity,"July 19, 2018",1.3.2,4.1 and up,0.0,July,0
Bet Master Pro Soccer Predictions,SPORTS,4.4,328.0,11.0,10000.0,Free,0.0,Everyone,Sports,"July 31, 2018",2.0.5,4.4 and up,0.0,July,0
Anime Mod for BM,BOOKS_AND_REFERENCE,4.3,0.0,8.0,100.0,Free,0.0,Everyone,Books & Reference,"July 28, 2017",1.0,4.0 and up,0.0,July,0
BAMMS for BM SQ,PRODUCTIVITY,4.0,2.0,10.0,10.0,Free,0.0,Everyone,Productivity,"July 24, 2018",1.3.3,4.1 and up,0.0,July,0
BM speed test,TOOLS,5.0,1.0,3.7,10.0,Free,0.0,Everyone,Tools,"July 13, 2018",2.0,4.4 and up,0.0,July,0
Word Hunt,GAME,4.9,59.0,21.0,500.0,Free,0.0,Everyone,Word,"June 22, 2018",1.0,4.4 and up,0.0,June,0
BN Más Cerca de Usted,FINANCE,3.9,8185.0,45.0,500000.0,Free,0.0,Everyone,Finance,"July 6, 2018",5.1,4.4 and up,0.0,July,0
Radio BN,FAMILY,4.3,53.0,4.2,5000.0,Free,0.0,Everyone,Entertainment,"January 12, 2018",1.0.3,4.4 and up,0.0,January,0
NOOK Audiobooks,BOOKS_AND_REFERENCE,3.5,2539.0,8.6,500000.0,Free,0.0,Everyone,Books & Reference,"July 26, 2018",v1.1.6,4.1 and up,0.0,July,0
BN PERKS™,LIFESTYLE,4.3,0.0,15.0,100.0,Free,0.0,Everyone,Lifestyle,"June 2, 2018",2.13,4.0.3 and up,0.0,June,0
BNCR Token Celular,FINANCE,3.7,913.0,0.068359375,100000.0,Free,0.0,Everyone,Finance,"July 20, 2012",1.0,1.5 and up,0.0,July,0
BN Pro BlueICS-b HD Text,LIBRARIES_AND_DEMO,4.2,78.0,0.79296875,10000.0,Free,0.0,Everyone,Libraries & Demo,"February 5, 2017",2.3.2,1.6 and up,0.0,February,0
BN Whitening Shoppe Ph,BEAUTY,4.0,2.0,13.0,100.0,Free,0.0,Everyone,Beauty,"March 6, 2018",1.0.8,4.0.3 and up,0.0,March,0
BN Pro ArialXL Legacy Text,LIBRARIES_AND_DEMO,4.1,142.0,0.431640625,10000.0,Free,0.0,Everyone,Libraries & Demo,"February 5, 2017",2.3.2,1.6 and up,0.0,February,0
NOOK App for NOOK Devices,BOOKS_AND_REFERENCE,4.7,19090.0,13.0,500000.0,Free,0.0,Everyone,Books & Reference,"April 25, 2018",Varies with device,Varies with device,0.0,April,0
BN Pro PercentXL-b Neon HD Txt,LIBRARIES_AND_DEMO,4.0,45.0,0.822265625,5000.0,Free,0.0,Everyone,Libraries & Demo,"February 5, 2017",2.3.2,1.6 and up,0.0,February,0
BN Pro Play-b HD Text,LIBRARIES_AND_DEMO,4.4,34.0,0.4072265625,1000.0,Free,0.0,Everyone,Libraries & Demo,"February 5, 2017",2.3.2,1.6 and up,0.0,February,0
BN Pro LcdD Legacy Text,LIBRARIES_AND_DEMO,3.9,71.0,0.40234375,10000.0,Free,0.0,Everyone,Libraries & Demo,"February 5, 2017",2.3.2,1.6 and up,0.0,February,0
BN Pro RobotoXL-b HD Text,LIBRARIES_AND_DEMO,4.2,86.0,0.4482421875,10000.0,Free,0.0,Everyone,Libraries & Demo,"February 5, 2017",2.3.2,1.6 and up,0.0,February,0
Browsery by Barnes & Noble,BOOKS_AND_REFERENCE,4.7,146.0,34.0,5000.0,Free,0.0,Everyone,Books & Reference,"April 30, 2018",1.1.3,4.4 and up,0.0,April,0
BN Pro ArialXL-b HD Text,LIBRARIES_AND_DEMO,4.0,24.0,0.466796875,1000.0,Free,0.0,Everyone,Libraries & Demo,"February 5, 2017",2.3.2,1.6 and up,0.0,February,0
2017 BN SM Sales Conference,BUSINESS,4.3,2.0,10.0,100.0,Free,0.0,Teen,Business,"September 28, 2017",v2.7.11.6,4.1 and up,0.0,September,0
BN Inscript Improved Input keyboard,PRODUCTIVITY,4.3,0.0,6.2,10.0,Free,0.0,Everyone,Productivity,"December 7, 2017",1.0,2.3 and up,0.0,December,0
BN Pro Percent White HD Text,LIBRARIES_AND_DEMO,4.0,45.0,0.3271484375,5000.0,Free,0.0,Everyone,Libraries & Demo,"February 5, 2017",2.3.2,1.6 and up,0.0,February,0
RTVBN,NEWS_AND_MAGAZINES,3.7,533.0,3.8,50000.0,Free,0.0,Everyone,News & Magazines,"August 5, 2018",4.4,4.0.3 and up,0.0,August,0
BN Pro White HD Text,LIBRARIES_AND_DEMO,4.1,120.0,0.763671875,10000.0,Free,0.0,Everyone,Libraries & Demo,"February 5, 2017",2.3.2,1.6 and up,0.0,February,0
BN Pro Roboto-b Neon HD Text,LIBRARIES_AND_DEMO,4.4,30.0,0.7041015625,5000.0,Free,0.0,Everyone,Libraries & Demo,"February 5, 2017",2.3.2,1.6 and up,0.0,February,0
BN Pro LcdD HD Text,LIBRARIES_AND_DEMO,4.0,50.0,0.419921875,5000.0,Free,0.0,Everyone,Libraries & Demo,"February 5, 2017",2.3.2,1.6 and up,0.0,February,0
BN Pro LcdD-b HD Text,LIBRARIES_AND_DEMO,3.9,131.0,0.4189453125,10000.0,Free,0.0,Everyone,Libraries & Demo,"February 5, 2017",2.3.2,1.6 and up,0.0,February,0
BN Pro Solid Battery-White,LIBRARIES_AND_DEMO,3.6,7.0,0.1875,1000.0,Free,0.0,Everyone,Libraries & Demo,"February 5, 2017",2.3.2,1.6 and up,0.0,February,0
BN Pro Battery Level-White,LIBRARIES_AND_DEMO,4.3,21.0,0.1953125,5000.0,Free,0.0,Everyone,Libraries & Demo,"February 5, 2017",2.3.2,1.6 and up,0.0,February,0
BN MALLORCA Radio,COMMUNICATION,4.3,23.0,13.0,1000.0,Free,0.0,Everyone,Communication,"November 29, 2017",2.0.14.4,2.3 and up,0.0,November,0
"Calendars (En, Bn, Ar)",PRODUCTIVITY,4.6,27.0,2.5,1000.0,Free,0.0,Everyone,Productivity,"June 5, 2017",1.2.3,4.0 and up,0.0,June,0
BN Habitat - Property Experts - Buy | Sell | Rent,BUSINESS,4.3,0.0,8.9,50.0,Free,0.0,Everyone,Business,"October 4, 2017",1.8,4.1 and up,0.0,October,0
BN Pro Play HD Text,LIBRARIES_AND_DEMO,4.4,63.0,0.4072265625,5000.0,Free,0.0,Everyone,Libraries & Demo,"February 5, 2017",2.3.2,1.6 and up,0.0,February,0
BN Pro RobotoXL HD Text,LIBRARIES_AND_DEMO,4.3,15.0,0.44921875,1000.0,Free,0.0,Everyone,Libraries & Demo,"February 5, 2017",2.3.2,1.6 and up,0.0,February,0
BN Pro ArialXL-b Neon HD Text,LIBRARIES_AND_DEMO,4.1,66.0,0.7109375,10000.0,Free,0.0,Everyone,Libraries & Demo,"February 5, 2017",2.3.2,1.6 and up,0.0,February,0
BN Pro Black Text,LIBRARIES_AND_DEMO,3.8,18.0,0.484375,1000.0,Free,0.0,Everyone,Libraries & Demo,"February 5, 2017",2.3.2,1.6 and up,0.0,February,0
BN Pro BlueICS HD Text,LIBRARIES_AND_DEMO,4.1,174.0,0.796875,10000.0,Free,0.0,Everyone,Libraries & Demo,"February 5, 2017",2.3.2,1.6 and up,0.0,February,0
BN Pro Arial Legacy Text,LIBRARIES_AND_DEMO,3.7,83.0,0.404296875,10000.0,Free,0.0,Everyone,Libraries & Demo,"February 5, 2017",2.3.2,1.6 and up,0.0,February,0
BN Pro Black Text on White,LIBRARIES_AND_DEMO,3.9,53.0,0.326171875,10000.0,Free,0.0,Everyone,Libraries & Demo,"February 5, 2017",2.3.2,1.6 and up,0.0,February,0
BN Pro White Text,LIBRARIES_AND_DEMO,4.4,50.0,0.494140625,5000.0,Free,0.0,Everyone,Libraries & Demo,"February 5, 2017",2.3.2,1.6 and up,0.0,February,0
Sam.BN,TOOLS,4.3,83.0,2.0,1000.0,Free,0.0,Everyone,Tools,"March 27, 2015",1.0.0,4.0.3 and up,0.0,March,0
Bangla Calendar 1425: (EN-BN-AR) Holiday,LIFESTYLE,4.5,31.0,2.3,1000.0,Free,0.0,Everyone,Lifestyle,"April 21, 2018",2.1.0,4.1 and up,0.0,April,0
BN DB1 App,PRODUCTIVITY,4.3,2.0,34.0,50.0,Free,0.0,Everyone,Productivity,"December 4, 2017",1.2,4.0.3 and up,0.0,December,0
BN Inscript Improved Keyboard,PRODUCTIVITY,4.3,0.0,7.5,10.0,Free,0.0,Everyone,Productivity,"November 6, 2017",1.0,2.3 and up,0.0,November,0
Bubble Bo-Bo,FAMILY,4.5,65.0,24.0,10000.0,Free,0.0,Everyone,Casual,"July 5, 2018",6.0,4.0 and up,0.0,July,0
FX LITE BO,FINANCE,3.6,73.0,14.0,10000.0,Free,0.0,Everyone,Finance,"October 18, 2016",1.5.0,4.1 and up,0.0,October,0
Casual Sic Bo (骰寶),FAMILY,4.0,3.0,2.2,500.0,Free,0.0,Teen,Casual,"July 22, 2018",1.1.1,5.0 and up,0.0,July,0
Sic Bo Online! Free Casino,GAME,3.8,488.0,30.0,100000.0,Free,0.0,Teen,Casino,"June 10, 2016",1.3,2.3 and up,0.0,June,0
Sic Bo Rave,GAME,3.9,164.0,33.0,10000.0,Free,0.0,Teen,Card,"September 23, 2013",1.0.1,2.3.3 and up,0.0,September,0
Thai Sic Bo,GAME,4.1,14283.0,4.2,1000000.0,Free,0.0,Teen,Casino,"October 1, 2017",1.1.2,4.0 and up,0.0,October,0
Wishbone - Compare Anything,SOCIAL,4.3,51569.0,26.0,1000000.0,Free,0.0,Teen,Social,"July 30, 2018",5.4.7,4.1 and up,0.0,July,0
Bee.Bo,LIFESTYLE,4.3,11.0,23.0,1000.0,Free,0.0,Everyone,Lifestyle,"April 13, 2017",1.2.9,4.1 and up,0.0,April,0
Sic Bo (Tai Xiu) - Multiplayer Casino,GAME,4.2,152.0,16.0,10000.0,Free,0.0,Teen,Casino,"July 8, 2018",2.1.2,4.1 and up,0.0,July,0
Bo Aung Din,EVENTS,4.1,110.0,2.6,5000.0,Free,0.0,Teen,Events,"June 5, 2018",Version 1.3.1,4.0.3 and up,0.0,June,0
Go-Go-Goat! Free Game,FAMILY,4.5,66740.0,23.0,1000000.0,Free,0.0,Everyone,Arcade;Action & Adventure,"July 8, 2016",2.4.4,2.3 and up,0.0,July,0
BP and Sugar Test Prank,LIFESTYLE,4.0,7808.0,5.0,1000000.0,Free,0.0,Everyone,Lifestyle,"November 5, 2015",1.2.1,2.2 and up,0.0,November,0
Blood Pressure Log - MyDiary,MEDICAL,4.7,8347.0,2.6,500000.0,Free,0.0,Everyone,Medical,"April 13, 2018",1.4.6,4.0 and up,0.0,April,0
MbH BP,MEDICAL,3.7,9.0,23.0,1000.0,Free,0.0,Everyone,Medical,"October 3, 2017",1.1.3,2.3.3 and up,0.0,October,0
Cardio Journal — Blood Pressure Log,MEDICAL,4.5,3320.0,8.3,100000.0,Free,0.0,Everyone,Medical,"February 12, 2018",3.1.1,4.1 and up,0.0,February,0
MedM Blood Pressure,MEDICAL,4.0,255.0,16.0,10000.0,Free,0.0,Everyone,Medical,"May 25, 2018",2.5.80,4.2 and up,0.0,May,0
"Diabetes, Blood Pressure, Health Tracker App",MEDICAL,4.5,309.0,5.9,10000.0,Free,0.0,Everyone,Medical,"March 15, 2017",2.21,4.4 and up,0.0,March,0
Blood Pressure(BP) Report Lite,MEDICAL,4.0,91.0,0.3271484375,10000.0,Free,0.0,Everyone,Medical,"February 8, 2012",1.6,2.1 and up,0.0,February,0
bp e-store,BOOKS_AND_REFERENCE,4.4,52.0,2.2,1000.0,Free,0.0,Everyone,Books & Reference,"January 15, 2016",2.0.7,4.0 and up,0.0,January,0
BP Tracker,HEALTH_AND_FITNESS,4.3,12.0,0.5986328125,1000.0,Free,0.0,Everyone,Health & Fitness,"February 20, 2016",1.0.0,5.0 and up,0.0,February,0
BP Log lite,LIFESTYLE,5.0,3.0,1.5,100.0,Free,0.0,Everyone,Lifestyle,"November 15, 2014",1.1,2.2 and up,0.0,November,0
MI-BP,HEALTH_AND_FITNESS,5.0,1.0,12.0,50.0,Free,0.0,Everyone,Health & Fitness,"April 9, 2018",1.0.8.506,5.0 and up,0.0,April,0
BP Service,BUSINESS,4.3,0.0,26.0,100.0,Free,0.0,Everyone,Business,"January 17, 2018",Rocksteady 1.3,4.1 and up,0.0,January,0
Blood Pressure Log - bpresso.com,MEDICAL,4.2,5661.0,13.0,500000.0,Free,0.0,Everyone,Medical,"April 19, 2017",Varies with device,Varies with device,0.0,April,0
Blood Pressure Diary,FAMILY,4.6,47.0,3.3,5000.0,Free,0.0,Everyone,Simulation,"August 1, 2018",1.1,4.0.3 and up,0.0,August,0
High Blood Pressure,MEDICAL,3.8,4.0,2.9,1000.0,Free,0.0,Everyone,Medical,"June 1, 2016",1.0,3.0 and up,0.0,June,0
Simple Blood Pressure log,MEDICAL,3.9,31.0,10.0,1000.0,Free,0.0,Everyone,Medical,"January 15, 2016",1.0.1,4.4 and up,0.0,January,0
BP Tracker-Symptoms & Solution,MEDICAL,4.2,34.0,3.2,1000.0,Free,0.0,Everyone,Medical,"October 12, 2016",1.2016,3.0 and up,0.0,October,0
Compas BP Store,SHOPPING,4.3,0.0,2.5,10.0,Free,0.0,Everyone,Shopping,"December 21, 2017",1.0.3,4.4 and up,0.0,December,0
Blood Pressure Tracker,MEDICAL,4.0,11.0,1.8,1000.0,Free,0.0,Everyone,Medical,"November 8, 2017",1.1.1,4.0 and up,0.0,November,0
Hypertension Hi blood pressure,MEDICAL,3.8,292.0,2.7,100000.0,Free,0.0,Everyone,Medical,"April 16, 2018",43.0,4.0.3 and up,0.0,April,0
BP Scanner Prank,FAMILY,4.1,157.0,7.0,50000.0,Free,0.0,Everyone,Entertainment,"September 20, 2016",1.2,4.0.3 and up,0.0,September,0
Deep Breathe BP,HEALTH_AND_FITNESS,3.9,26.0,12.0,1000.0,Free,0.0,Everyone,Health & Fitness,"June 9, 2018",1.0,4.1 and up,0.0,June,0
Blood Pressure - Heartcare,MEDICAL,4.2,70.0,1.9,10000.0,Free,0.0,Everyone,Medical,"May 27, 2016",2.46 Saber,4.4 and up,0.0,May,0
BP Assist,TOOLS,4.3,0.0,9.4,100.0,Free,0.0,Everyone,Tools,"July 3, 2018",4.4.14.4487,4.0.3 and up,0.0,July,0
High Blood Pressure Symptoms,MEDICAL,4.3,46.0,2.0,10000.0,Free,0.0,Everyone,Medical,"April 5, 2017",1.0.2,4.0.3 and up,0.0,April,0
BQ Camera,PHOTOGRAPHY,3.6,2526.0,13.0,1000000.0,Free,0.0,Everyone,Photography,"July 2, 2018",Varies with device,Varies with device,0.0,July,0
BQ Services,TOOLS,3.7,5004.0,2.5,1000000.0,Free,0.0,Everyone,Tools,"July 9, 2018",8.3.6-e04ac87,Varies with device,0.0,July,0
BQ-መጽሐፍ ቅዱሳዊ ጥያቄዎች,GAME,4.7,191.0,7.2,5000.0,Free,0.0,Everyone,Trivia,"July 31, 2018",4.1.2,4.1 and up,0.0,July,0
"Brilliant Quotes: Life, Love, Family & Motivation",BOOKS_AND_REFERENCE,4.5,67186.0,6.3,1000000.0,Free,0.0,Everyone 10+,Books & Reference,"May 18, 2018",4.4.10,2.3.3 and up,0.0,May,0
BQ Scan,TOOLS,4.6,18.0,4.0,100.0,Free,0.0,Everyone,Tools,"April 1, 2018",3.4.5,4.0 and up,0.0,April,0
Add-On: bq (a),PRODUCTIVITY,3.6,26.0,1.2,5000.0,Free,0.0,Everyone,Productivity,"May 19, 2015",10.0.3086,4.0 and up,0.0,May,0
BQ Partners,COMMUNICATION,4.3,0.0,13.0,1000.0,Free,0.0,Everyone,Communication,"July 27, 2018",Varies with device,Varies with device,0.0,July,0
gardening ideas flower diy,HOUSE_AND_HOME,4.3,0.0,5.6,100.0,Free,0.0,Everyone,House & Home,"May 29, 2017",1.0,2.3 and up,0.0,May,0
Software Update,TOOLS,4.4,8259.0,3.5,1000000.0,Free,0.0,Everyone,Tools,"July 18, 2018",13.3,4.0 and up,0.0,July,0
RoboPad,FAMILY,4.6,41.0,9.2,1000.0,Free,0.0,Everyone,Education,"July 7, 2017",5.1,2.3 and up,0.0,July,0
Add-On: bq (c),PRODUCTIVITY,4.3,17.0,1.2,1000.0,Free,0.0,Everyone,Productivity,"May 19, 2015",10.0.3086,4.0 and up,0.0,May,0
BQ Llicència,SPORTS,4.3,18.0,13.0,5000.0,Free,0.0,Everyone,Sports,"January 30, 2016",Varies with device,4.0 and up,0.0,January,0
Wherever BQ,TRAVEL_AND_LOCAL,4.3,7.0,18.0,50.0,Free,0.0,Teen,Travel & Local,"September 5, 2017",5.63.0,4.0.3 and up,0.0,September,0
Add-On: bq (b),PRODUCTIVITY,4.3,9.0,1.2,1000.0,Free,0.0,Everyone,Productivity,"May 19, 2015",10.0.3086,4.0 and up,0.0,May,0
bq magazine,NEWS_AND_MAGAZINES,4.3,2.0,8.8,50.0,Free,0.0,Everyone,News & Magazines,"July 19, 2018",7.2.2,4.1 and up,0.0,July,0
Bill Miller Bar-B-Q Store Ops,BUSINESS,4.3,0.0,2.5,100.0,Free,0.0,Everyone,Business,"June 19, 2018",1.3,4.4 and up,0.0,June,0
Bar-B-Q Rib House,FOOD_AND_DRINK,5.0,2.0,33.0,50.0,Free,0.0,Everyone,Food & Drink,"March 8, 2018",0.8,2.3.3 and up,0.0,March,0
Gold Wallpapers,PERSONALIZATION,4.5,43.0,28.0,10000.0,Free,0.0,Everyone,Personalization,"March 26, 2018",1.1,4.0 and up,0.0,March,0
[Substratum] M5 Theme,PERSONALIZATION,4.4,16.0,6.7,5000.0,Free,0.0,Everyone,Personalization,"March 10, 2018",1.3.4,7.0 and up,0.0,March,0
Zowi App,FAMILY,4.5,516.0,21.0,50000.0,Free,0.0,Everyone,Education;Education,"December 21, 2016",1.4.1,4.0.3 and up,0.0,December,0
Bar-B-Q Recipes,FOOD_AND_DRINK,4.8,18.0,3.5,5000.0,Free,0.0,Everyone,Food & Drink,"August 15, 2016",1.0,4.0 and up,0.0,August,0
System Update Free,TOOLS,4.3,3068.0,6.0,100000.0,Free,0.0,Everyone,Tools,"July 20, 2018",11.1,4.0 and up,0.0,July,0
Bar BQ Tonight Dublin,LIFESTYLE,4.3,0.0,22.0,50.0,Free,0.0,Everyone,Lifestyle,"May 20, 2018",1.1.9371,4.0.3 and up,0.0,May,0
Woody's Bar-B-Q,FOOD_AND_DRINK,3.7,3.0,27.0,1000.0,Free,0.0,Everyone,Food & Drink,"March 5, 2018",1.01.03,4.1 and up,0.0,March,0
Launcher Oreo 8.1,PERSONALIZATION,4.5,13466.0,3.4,500000.0,Free,0.0,Everyone,Personalization,"June 19, 2018",1.9,5.0 and up,0.0,June,0
Theme for Android 7.0,PERSONALIZATION,4.3,0.0,13.0,5000.0,Free,0.0,Everyone,Personalization,"October 18, 2017",Varies with device,Varies with device,0.0,October,0
Free antivirus and VPN,TOOLS,4.3,27749.0,16.0,1000000.0,Free,0.0,Everyone,Tools,"July 19, 2018",3.3.6,4.0.3 and up,0.0,July,0
Jimbo's Pit Bar B-Q,FOOD_AND_DRINK,4.3,3.0,12.0,100.0,Free,0.0,Everyone,Food & Drink,"November 28, 2016",2.6.003,4.0 and up,0.0,November,0
RoboPad++,FAMILY,4.4,77.0,10.0,10000.0,Free,0.0,Everyone,Education,"July 7, 2017",1.6,2.3 and up,0.0,July,0
Simple Gallery,TOOLS,4.5,28030.0,9.0,1000000.0,Free,0.0,Everyone,Tools,"August 2, 2018",4.4.4,4.1 and up,0.0,August,0
Miller's Bar B-Q,FOOD_AND_DRINK,4.3,0.0,12.0,50.0,Free,0.0,Everyone,Food & Drink,"November 30, 2016",2.6.003,4.0 and up,0.0,November,0
BAR-B-Q Recipes,FOOD_AND_DRINK,4.3,0.0,3.6,100.0,Free,0.0,Everyone,Food & Drink,"January 30, 2018",1.0,4.0 and up,0.0,January,0
Bar BQ Night Middlesbrough,SHOPPING,4.3,0.0,19.0,100.0,Free,0.0,Teen,Shopping,"July 2, 2018",5.13.1,4.1 and up,0.0,July,0
BQ Wings,FOOD_AND_DRINK,4.3,1.0,13.0,50.0,Free,0.0,Everyone,Food & Drink,"July 17, 2018",2.7.0,4.1 and up,0.0,July,0
Bible Quizzer - The App for Bible Quizzers,FAMILY,4.3,0.0,33.0,100.0,Free,0.0,Everyone,Education,"August 2, 2018",30.0,4.2 and up,0.0,August,0
Texas Bar-B-Q Rewards,FOOD_AND_DRINK,4.3,0.0,14.0,5.0,Free,0.0,Everyone,Food & Drink,"March 28, 2018",2.0.24,4.1 and up,0.0,March,0
4-T's Bar-BQ & Catering,SHOPPING,4.3,0.0,0.2373046875,10.0,Free,0.0,Everyone,Shopping,"January 16, 2017",1.0.1,4.1 and up,0.0,January,0
"Zetup, print in one click",TOOLS,4.3,40.0,24.0,1000.0,Free,0.0,Everyone,Tools,"January 26, 2018",1.11.6,5.0 and up,0.0,January,0
Baskin-Robbins,FOOD_AND_DRINK,3.8,1103.0,6.6,100000.0,Free,0.0,Everyone,Food & Drink,"June 8, 2018",1.4.0-2,4.1 and up,0.0,June,0
Bleacher Report Live,SPORTS,4.0,232.0,32.0,50000.0,Free,0.0,Everyone,Sports,"August 1, 2018",2.1.2,5.0 and up,0.0,August,0
BR Video Player,VIDEO_PLAYERS,4.0,46.0,3.1,5000.0,Free,0.0,Everyone,Video Players & Editors,"April 20, 2015",1.0.6,3.0 and up,0.0,April,0
Br. Parking - Busy road Parking 3D 2018,FAMILY,4.5,41.0,30.0,5000.0,Free,0.0,Everyone,Simulation,"January 13, 2018",1.01,4.1 and up,0.0,January,0
Br video editing,FAMILY,4.3,1.0,34.0,100.0,Free,0.0,Everyone,Entertainment,"September 1, 2017",1.0,4.1 and up,0.0,September,0
B R Telco FCU Mobile Banking,FINANCE,4.7,413.0,13.0,10000.0,Free,0.0,Everyone,Finance,"May 30, 2018",5.9.1.0,5.0 and up,0.0,May,0
Br Browser,SOCIAL,4.9,29.0,2.5,500.0,Free,0.0,Everyone,Social,"March 20, 2018",5.0,5.0 and up,0.0,March,0
Dr B R Ambedkar (Jai Bhim),SOCIAL,4.7,2068.0,7.5,100000.0,Free,0.0,Everyone,Social,"April 13, 2014",1.0,2.2 and up,0.0,April,0
Tv Br News,FAMILY,4.3,4.0,0.5556640625,100.0,Free,0.0,Everyone,Entertainment,"January 10, 2018",1.4,2.3 and up,0.0,January,0
Br Shafi,FAMILY,4.9,1288.0,26.0,10000.0,Free,0.0,Everyone,Education,"July 11, 2018",1.0,4.1 and up,0.0,July,0
Dr. B.R.Ambedkar,SOCIAL,4.8,1902.0,5.2,100000.0,Free,0.0,Everyone,Social,"June 5, 2014",1.3,2.1 and up,0.0,June,0
Táxi Nacional BR,MAPS_AND_NAVIGATION,4.3,88.0,9.1,5000.0,Free,0.0,Everyone,Maps & Navigation,"August 2, 2018",3.46.5,4.0.3 and up,0.0,August,0
Texas HoldEm Poker Deluxe (BR),GAME,4.5,1418.0,26.0,10000.0,Free,0.0,Teen,Casino,"May 30, 2018",1.2.1,4.0.3 and up,0.0,May,0
BR Classified,BUSINESS,4.3,0.0,28.0,50.0,Free,0.0,Everyone,Business,"August 30, 2017",1.0,4.2 and up,0.0,August,0
Top BR Chaya Songs,FAMILY,4.3,0.0,3.8,10.0,Free,0.0,Everyone,Entertainment,"May 18, 2018",1.0,4.0.3 and up,0.0,May,0
Companion for Fortnite & Fortnite Battle Royale,FAMILY,4.6,2736.0,13.0,100000.0,Free,0.0,Everyone,Entertainment,"August 3, 2018",Varies with device,4.1 and up,0.0,August,0
Cube BR LWP simple,PERSONALIZATION,4.3,19.0,0.201171875,1000.0,Free,0.0,Everyone,Personalization,"November 25, 2016",1.5.2,2.1 and up,0.0,November,0
Brick Breaker BR,GAME,5.0,7.0,19.0,5.0,Free,0.0,Everyone,Arcade,"July 23, 2018",1.0,4.1 and up,0.0,July,0
BR Series,VIDEO_PLAYERS,3.9,1016.0,13.0,50000.0,Free,0.0,Teen,Video Players & Editors,"May 28, 2018",6.0,4.1 and up,0.0,May,0
Loteria BR,FAMILY,4.3,0.0,1.8,50.0,Free,0.0,Everyone,Entertainment,"May 17, 2017",1.0.6,4.0 and up,0.0,May,0
Vidroid.com.br,NEWS_AND_MAGAZINES,4.3,49.0,10.0,5000.0,Free,0.0,Everyone,News & Magazines,"November 25, 2017",8.0,4.0 and up,0.0,November,0
CJ - BR MEMES,COMICS,4.3,109.0,3.5,10000.0,Free,0.0,Everyone,Comics,"January 18, 2018",1.0,4.0.3 and up,0.0,January,0
CINE BR,VIDEO_PLAYERS,4.3,23.0,7.5,1000.0,Free,0.0,Everyone,Video Players & Editors,"March 29, 2018",1,4.2 and up,0.0,March,0
Next Portuguese(BR) Langpack,TOOLS,4.3,1320.0,0.759765625,100000.0,Free,0.0,Everyone,Tools,"September 13, 2013",1.0,2.0 and up,0.0,September,0
BR Ambedkar Biography & Quotes,BOOKS_AND_REFERENCE,4.6,156.0,2.1,10000.0,Free,0.0,Everyone,Books & Reference,"June 11, 2018",2.0,2.3 and up,0.0,June,0
B R COACHINGS,FAMILY,4.3,1.0,9.2,10.0,Free,0.0,Everyone,Education,"July 12, 2018",1.0,4.4 and up,0.0,July,0
B. R. Ambedkar Jayanti SMS,PERSONALIZATION,4.3,0.0,3.0,500.0,Free,0.0,Everyone,Personalization,"March 19, 2018",1.2,4.0.3 and up,0.0,March,0
iPlayIT for YouTube VR Player,VIDEO_PLAYERS,4.3,5879.0,13.0,1000000.0,Free,0.0,Teen,Video Players & Editors,"June 12, 2018",Varies with device,4.1 and up,0.0,June,0
True Skateboarding Ride Skateboard Game Freestyle,GAME,3.8,8175.0,31.0,1000000.0,Free,0.0,Everyone 10+,Arcade,"January 3, 2018",2.11.7,4.1 and up,0.0,January,0
BombSquad Remote,GAME,4.1,13304.0,1.3,1000000.0,Free,0.0,Everyone,Arcade,"November 30, 2016",1.2.21,4.0 and up,0.0,November,0
BS CS IT & SE,FAMILY,4.6,9.0,6.9,1000.0,Free,0.0,Everyone,Education,"May 16, 2018",1.2,4.1 and up,0.0,May,0
BSPlayer ARMv7 VFP CPU support,VIDEO_PLAYERS,4.3,9966.0,5.5,1000000.0,Free,0.0,Everyone,Video Players & Editors,"March 31, 2017",1.23,2.1 and up,0.0,March,0
BS-Mobile,COMMUNICATION,5.0,1.0,0.6669921875,50.0,Free,0.0,Everyone,Communication,"September 3, 2015",0.1,2.3 and up,0.0,September,0
BS Meter (Ad Supported),FAMILY,3.9,14.0,0.578125,1000.0,Free,0.0,Teen,Entertainment,"August 14, 2013",2.0,2.2 and up,0.0,August,0
BS Calendar / Patro / पात्रो,PRODUCTIVITY,4.2,218.0,13.0,50000.0,Free,0.0,Everyone,Productivity,"July 15, 2018",Varies with device,Varies with device,0.0,July,0
Simulator Brawl Box for BS,FAMILY,3.9,168.0,6.4,5000.0,Free,0.0,Everyone,Simulation,"June 27, 2017",1.1,4.0.3 and up,0.0,June,0
BS Generator,FAMILY,4.2,5.0,3.3,100.0,Free,0.0,Everyone,Entertainment,"July 23, 2016",1.1,4.4 and up,0.0,July,0
BS Films,FAMILY,4.3,1.0,24.0,100.0,Free,0.0,Everyone,Entertainment,"December 12, 2017",2.0.0,4.3 and up,0.0,December,0
BS Tractor,GAME,4.3,3.0,36.0,100.0,Free,0.0,Everyone,Racing,"December 6, 2017",1.0,4.1 and up,0.0,December,0
BS player remote,VIDEO_PLAYERS,3.5,54.0,0.181640625,10000.0,Free,0.0,Everyone,Video Players & Editors,"April 22, 2013",1.0,2.2 and up,0.0,April,0
BibApp TU BS,FAMILY,4.3,16.0,3.5,1000.0,Free,0.0,Everyone,Education,"December 15, 2014",2.0.0,4.0 and up,0.0,December,0
King of B.S.,FAMILY,4.0,4.0,0.8203125,100.0,Free,0.0,Everyone,Education,"June 9, 2014",1.0.1,4.0.3 and up,0.0,June,0
BS Chopper,GAME,4.3,0.0,41.0,100.0,Free,0.0,Everyone,Racing,"October 5, 2017",1.0,4.1 and up,0.0,October,0
BS Play,FAMILY,3.7,56.0,1.5,5000.0,Free,0.0,Everyone,Education,"March 4, 2015",1.1.2,4.0 and up,0.0,March,0
B@dL!bs Lite,GAME,3.8,10.0,36.0,1000.0,Free,0.0,Mature 17+,Word,"April 5, 2016",6,4.0.3 and up,0.0,April,0
BS Battery+,TOOLS,4.3,269.0,0.6318359375,50000.0,Free,0.0,Everyone,Tools,"August 18, 2012",4.0.1,2.0 and up,0.0,August,0
ATC Unico BS,COMMUNICATION,4.3,10.0,5.3,500.0,Free,0.0,Everyone,Communication,"October 16, 2015",0.12,4.1 and up,0.0,October,0
Revista BS,NEWS_AND_MAGAZINES,4.3,10.0,19.0,100.0,Free,0.0,Everyone,News & Magazines,"January 13, 2017",0.0.5,4.1 and up,0.0,January,0
BS MAPS,MAPS_AND_NAVIGATION,4.5,6.0,2.5,50.0,Free,0.0,Everyone,Maps & Navigation,"July 28, 2018",2.1,4.0 and up,0.0,July,0
BS Where Am I,TOOLS,4.3,9.0,2.8,50.0,Free,0.0,Everyone,Tools,"July 5, 2018",2.3,2.3 and up,0.0,July,0
Bsc Agri Notes,FAMILY,4.5,301.0,5.6,10000.0,Free,0.0,Everyone,Education,"July 1, 2018",1.0,4.1 and up,0.0,July,0
BSC IT,FAMILY,4.4,847.0,21.0,10000.0,Free,0.0,Everyone,Education,"July 16, 2018",2.3,4.0.3 and up,0.0,July,0
BS TRACK CLIENT,TOOLS,4.3,0.0,0.1865234375,10.0,Free,0.0,Everyone,Tools,"August 13, 2017",1.1,1.5 and up,0.0,August,0
Kiosko BS,NEWS_AND_MAGAZINES,4.3,55.0,22.0,1000.0,Free,0.0,Everyone,News & Magazines,"May 12, 2017",2.0,4.0 and up,0.0,May,0
CABLE SIZE CALCULATOR BS 7671,TOOLS,3.9,333.0,1.1,100000.0,Free,0.0,Everyone,Tools,"February 3, 2016",2.4,2.3 and up,0.0,February,0
Corporate B.S. Generator,BUSINESS,4.3,0.0,6.9,10.0,Free,0.0,Everyone,Business,"November 20, 2017",1.00,3.0 and up,0.0,November,0
Banco Sabadell App. Your mobile bank,FINANCE,3.9,25205.0,13.0,1000000.0,Free,0.0,Everyone,Finance,"July 27, 2018",Varies with device,Varies with device,0.0,July,0
VOLT DROP CALCULATOR BS 7671,TOOLS,3.9,71.0,1.1,10000.0,Free,0.0,Everyone,Tools,"January 26, 2016",2.0,2.3 and up,0.0,January,0
BSc Ag Entrance Preparation,FAMILY,4.4,138.0,6.2,10000.0,Free,0.0,Everyone,Education,"May 31, 2018",3.7,4.1 and up,0.0,May,0
Black Survival,FAMILY,4.4,48451.0,52.0,1000000.0,Free,0.0,Teen,Strategy,"August 1, 2018",4.6.00,4.0.3 and up,0.0,August,0
Black Social,SOCIAL,4.6,22.0,8.7,1000.0,Free,0.0,Teen,Social,"August 5, 2018",31.1.4,4.3 and up,0.0,August,0
Little Magnet BT,TOOLS,4.6,3703.0,3.8,100000.0,Free,0.0,Everyone,Tools,"August 5, 2018",4.1.4,4.2 and up,0.0,August,0
BT One Voice mobile access,COMMUNICATION,4.0,32.0,0.4267578125,5000.0,Free,0.0,Everyone,Communication,"July 30, 2015",Version 1.6,1.6 and up,0.0,July,0
BT Communicator,SOCIAL,3.8,32.0,1.6,10000.0,Free,0.0,Teen,Social,"December 16, 2016",1.0,1.6 and up,0.0,December,0
BT One Voice anywhere,BUSINESS,4.5,80.0,16.0,10000.0,Free,0.0,Everyone,Business,"December 23, 2016",2.54.3,2.2 and up,0.0,December,0
BT Find Address for Bluetooth,BUSINESS,4.8,8.0,2.6,5000.0,Free,0.0,Everyone,Business,"October 31, 2017",2.0,3.0 and up,0.0,October,0
BT Messenger,COMMUNICATION,3.9,97.0,0.583984375,50000.0,Free,0.0,Everyone,Communication,"May 15, 2015",1.0,2.2 and up,0.0,May,0
BT One Phone Mobile App,COMMUNICATION,3.5,33.0,2.7,10000.0,Free,0.0,Everyone,Communication,"September 18, 2017",2.2.6,4.1 and up,0.0,September,0
SW-100.tch by Callstel,COMMUNICATION,4.0,1926.0,0.69921875,1000000.0,Free,0.0,Everyone,Communication,"December 16, 2015",1.3.20,2.2 and up,0.0,December,0
BT App,NEWS_AND_MAGAZINES,4.3,24.0,14.0,1000.0,Free,0.0,Everyone,News & Magazines,"July 19, 2018",1.0.124,4.2 and up,0.0,July,0
BT MeetMe with Dolby Voice,COMMUNICATION,3.6,437.0,12.0,100000.0,Free,0.0,Everyone,Communication,"July 13, 2018",2.66.5,5.0 and up,0.0,July,0
ProGrade BT,TOOLS,4.3,0.0,46.0,500.0,Free,0.0,Everyone,Tools,"April 27, 2018",1.0.2,4.3 and up,0.0,April,0
BT Share It,BUSINESS,4.7,12.0,13.0,500.0,Free,0.0,Everyone,Business,"May 16, 2018",3.4.2,4.4 and up,0.0,May,0
Wifi BT Scanner,FAMILY,5.0,2.0,1.2,500.0,Free,0.0,Everyone,Education,"November 3, 2016",1.0,4.0.3 and up,0.0,November,0
Ultimate Control BT,BUSINESS,4.6,14.0,4.3,500.0,Free,0.0,Everyone,Business,"June 6, 2018",3.3.2,4.4 and up,0.0,June,0
BT Controller,TOOLS,3.9,4374.0,13.0,1000000.0,Free,0.0,Everyone,Tools,"June 25, 2018",3.1.3,4.2 and up,0.0,June,0
BT Church,LIFESTYLE,4.9,26.0,8.4,1000.0,Free,0.0,Teen,Lifestyle,"June 25, 2018",3.8.0,4.1 and up,0.0,June,0
Mediatek SmartDevice,TOOLS,3.6,11187.0,7.3,1000000.0,Free,0.0,Everyone,Tools,"March 17, 2017",V1.7.6,4.0 and up,0.0,March,0
LG BT Reader Plus,TOOLS,3.7,2992.0,0.5712890625,500000.0,Free,0.0,Everyone,Tools,"February 25, 2016",2.1.11,4.1 and up,0.0,February,0
BT Mobile,MAPS_AND_NAVIGATION,3.9,22.0,3.2,1000.0,Free,0.0,Everyone,Maps & Navigation,"July 4, 2018",2.2,4.1 and up,0.0,July,0
Bluetooth Control BT->uC FREE,TOOLS,3.8,67.0,2.7,10000.0,Free,0.0,Everyone,Tools,"June 6, 2016",1.9.0,3.0 and up,0.0,June,0
Autool BT-BOX,TOOLS,3.5,4.0,17.0,500.0,Free,0.0,Everyone,Tools,"May 12, 2018",1.0.1,4.3 and up,0.0,May,0
BT Remote (SPP) for Bluetooth,TOOLS,4.1,36.0,3.1,10000.0,Free,0.0,Everyone,Tools,"October 24, 2016",1.16,2.3.3 and up,0.0,October,0
BT Satmeter,TOOLS,4.3,0.0,2.4,100.0,Free,0.0,Everyone,Tools,"April 12, 2018",V2.3,4.3 and up,0.0,April,0
BT Panorama,FINANCE,4.3,34.0,13.0,5000.0,Free,0.0,Everyone,Finance,"June 14, 2017",Varies with device,Varies with device,0.0,June,0
Battery Notifier BT Free,TOOLS,4.5,21979.0,0.958984375,1000000.0,Free,0.0,Everyone,Tools,"June 7, 2017",2.1.15,1.6 and up,0.0,June,0
"BT Dating -Find your match, help cupid, be social",SOCIAL,4.1,158.0,26.0,50000.0,Free,0.0,Mature 17+,Social,"July 19, 2018",2.3,4.1 and up,0.0,July,0
BT (Usage Interne),LIBRARIES_AND_DEMO,4.3,3.0,19.0,100.0,Free,0.0,Everyone,Libraries & Demo,"August 17, 2017",1.1,2.3 and up,0.0,August,0
BT Position Sender - Bluetooth Position Sender,TOOLS,4.3,0.0,2.9,10.0,Free,0.0,Everyone,Tools,"July 3, 2018",1.2.0,4.4 and up,0.0,July,0
Aegis BT,BUSINESS,4.8,16.0,4.5,500.0,Free,0.0,Everyone,Business,"September 6, 2017",1.0.10,4.1 and up,0.0,September,0
BT Master,FAMILY,4.3,0.0,0.216796875,100.0,Free,0.0,Everyone,Education,"November 6, 2016",Varies with device,1.6 and up,0.0,November,0
OSRAM BT Control,TOOLS,4.3,2.0,42.0,1000.0,Free,0.0,Everyone,Tools,"December 15, 2017",1.0.5,4.4 and up,0.0,December,0
Vip视频免费看-BT磁力搜索,TOOLS,4.3,20.0,7.9,1000.0,Free,0.0,Everyone,Tools,"June 8, 2018",1.2,4.0 and up,0.0,June,0
Jabbla BT,TOOLS,5.0,3.0,0.0537109375,100.0,Free,0.0,Everyone,Tools,"October 6, 2014",1.0,4.2 and up,0.0,October,0
SenseView BT Zephyr Sensor,TOOLS,4.3,37.0,0.3154296875,5000.0,Free,0.0,Everyone,Tools,"May 15, 2015",1.1.15205,2.2 and up,0.0,May,0
BU Bus Tracker,MAPS_AND_NAVIGATION,4.2,57.0,15.0,10000.0,Free,0.0,Everyone,Maps & Navigation,"September 5, 2017",2.02,4.1 and up,0.0,September,0
BU Bookstore,SHOPPING,4.3,2.0,7.6,1000.0,Free,0.0,Everyone,Shopping,"March 19, 2018",3.0.2,4.1 and up,0.0,March,0
BU Study,FAMILY,5.0,7.0,5.6,10.0,Free,0.0,Everyone,Education,"December 7, 2017",1.0,4.0.3 and up,0.0,December,0
BU Dental GoGoldman,TRAVEL_AND_LOCAL,4.3,0.0,18.0,100.0,Free,0.0,Everyone,Travel & Local,"September 1, 2017",1.2,4.4 and up,0.0,September,0
Bu Hangi Uygulama ?,FAMILY,4.3,1.0,24.0,10.0,Free,0.0,Everyone,Puzzle,"March 6, 2018",3.2.6z,4.0.3 and up,0.0,March,0
BU Questrom Launch,TRAVEL_AND_LOCAL,4.3,3.0,10.0,100.0,Free,0.0,Everyone,Travel & Local,"July 17, 2015",1.0.4,3.0 and up,0.0,July,0
sustainability@BU,LIFESTYLE,4.8,10.0,11.0,1000.0,Free,0.0,Everyone,Lifestyle,"January 18, 2018",4.2.7,4.1 and up,0.0,January,0
BU School of Public Health,TRAVEL_AND_LOCAL,4.3,0.0,29.0,10.0,Free,0.0,Everyone,Travel & Local,"May 20, 2018",1.4,4.4 and up,0.0,May,0
BU Mobile,FAMILY,4.5,472.0,4.3,10000.0,Free,0.0,Everyone,Education,"July 6, 2018",2.4.1,2.3.3 and up,0.0,July,0
Barisal University App-BU Face,FAMILY,5.0,100.0,10.0,1000.0,Free,0.0,Everyone,Education,"May 6, 2018",3.1.1,4.0.3 and up,0.0,May,0
BU Students' Rep. Council,FAMILY,4.7,38.0,5.3,500.0,Free,0.0,Everyone,Education,"July 5, 2018",5.45.0_713,4.0 and up,0.0,July,0
On a Bu Pour Vous OBPV,LIFESTYLE,4.3,0.0,5.4,10.0,Free,0.0,Teen,Lifestyle,"February 6, 2018",3.0,4.1 and up,0.0,February,0
BU Calculator,FAMILY,4.6,69.0,3.1,1000.0,Free,0.0,Everyone,Education,"July 24, 2017",2.4,4.0.3 and up,0.0,July,0
BU Beauty Rooms,BEAUTY,4.3,1.0,6.0,50.0,Free,0.0,Everyone,Beauty,"February 17, 2017",1.0,4.4 and up,0.0,February,0
Bu Hangi Firma?,FAMILY,4.3,8.0,26.0,100.0,Free,0.0,Everyone,Trivia;Education,"December 10, 2017",3.3.6z,4.0.3 and up,0.0,December,0
BU Syllabus,FAMILY,4.5,38.0,6.5,1000.0,Free,0.0,Everyone,Education,"September 21, 2017",1.0.3,4.0.3 and up,0.0,September,0
Bu Hangi Ünlü?,GAME,4.3,1.0,19.0,10.0,Free,0.0,Everyone,Trivia,"June 9, 2018",3.3.7z,4.0.3 and up,0.0,June,0
Bu Nedir ?,GAME,4.3,0.0,33.0,50.0,Free,0.0,Everyone,Trivia,"April 15, 2018",3.1.6z,4.0.3 and up,0.0,April,0
BU Bison Nation,SPORTS,3.5,4.0,40.0,100.0,Free,0.0,Everyone,Sports,"September 21, 2017",6.0.2,4.4 and up,0.0,September,0
Kim Bu Youtuber?,FAMILY,4.3,11.0,9.2,1000.0,Free,0.0,Everyone,Puzzle,"September 9, 2017",1.0,4.0 and up,0.0,September,0
BU HANGİ ŞARKI ? - 2018,GAME,4.3,4.0,28.0,100.0,Free,0.0,Everyone,Trivia,"June 2, 2018",3.1.7z,4.0.3 and up,0.0,June,0
BU Library,FAMILY,3.5,4.0,21.0,1000.0,Free,0.0,Everyone,Education,"September 22, 2017",1.1,4.3 and up,0.0,September,0
BU Alsace,BOOKS_AND_REFERENCE,4.3,3.0,4.0,100.0,Free,0.0,Everyone,Books & Reference,"October 3, 2017",3.1.1,2.3 and up,0.0,October,0
Bu Hangi Oyun ?,GAME,4.3,2.0,26.0,50.0,Free,0.0,Everyone,Word,"March 11, 2018",3.1.6z,4.0.3 and up,0.0,March,0
Catholic La Bu Zo Kam,BOOKS_AND_REFERENCE,5.0,23.0,13.0,500.0,Free,0.0,Everyone,Books & Reference,"March 20, 2016",0.0.1,4.0 and up,0.0,March,0
Bu Hangi Youtuber ?,GAME,4.3,31.0,26.0,1000.0,Free,0.0,Everyone,Trivia,"August 31, 2017",3.2.2dk,4.0.3 and up,0.0,August,0
Nedir Bu ?,GAME,4.3,0.0,33.0,10.0,Free,0.0,Everyone,Trivia,"March 18, 2018",3.1.6z,4.0.3 and up,0.0,March,0
Bu Hangi Film ?,FAMILY,4.3,3.0,25.0,100.0,Free,0.0,Everyone,Puzzle,"August 31, 2017",3.2.2dk,4.0.3 and up,0.0,August,0
Khrifa Hla Bu (Solfa),BOOKS_AND_REFERENCE,4.3,0.0,44.0,10.0,Free,0.0,Everyone,Books & Reference,"July 8, 2018",1.0,2.1 and up,0.0,July,0
Bu Hangi Dizi ?,GAME,4.3,14.0,19.0,1000.0,Free,0.0,Everyone,Trivia,"May 4, 2018",3.1.7z,4.0.3 and up,0.0,May,0
Kristian Hla Bu,BOOKS_AND_REFERENCE,4.8,238.0,27.0,10000.0,Free,0.0,Everyone,Books & Reference,"May 25, 2018",1.0,4.0 and up,0.0,May,0
SA HLA BU,BOOKS_AND_REFERENCE,4.7,119.0,1.5,1000.0,Free,0.0,Everyone,Books & Reference,"September 21, 2017",1.0,4.1 and up,0.0,September,0
Büfe BU,LIFESTYLE,4.1,14.0,13.0,100.0,Free,0.0,Everyone,Lifestyle,"October 17, 2015",2.0,4.0.3 and up,0.0,October,0
BV Mobile Apps,PRODUCTIVITY,5.0,3.0,4.8,100.0,Free,0.0,Everyone,Productivity,"June 5, 2018",2.0,4.2 and up,0.0,June,0
BV,COMMUNICATION,5.0,3.0,1.6,100.0,Free,0.0,Everyone,Communication,"August 4, 2016","1,01",3.0 and up,0.0,August,0
Bacterial Vaginosis,HEALTH_AND_FITNESS,4.3,1.0,4.9,100.0,Free,0.0,Everyone,Health & Fitness,"February 21, 2018",1.2,4.0 and up,0.0,February,0
Bacterial Vaginosis 🇺🇸,HEALTH_AND_FITNESS,4.3,1.0,3.5,500.0,Free,0.0,Teen,Health & Fitness,"November 1, 2017",1.1,2.3 and up,0.0,November,0
Bacterial Vaginosis Symptoms & Treatment,MEDICAL,4.3,0.0,8.7,500.0,Free,0.0,Everyone,Medical,"January 18, 2018",1.1,4.0.3 and up,0.0,January,0
Bacteria Vaginosis,HEALTH_AND_FITNESS,4.0,4015.0,7.7,1000000.0,Free,0.0,Mature 17+,Health & Fitness,"April 27, 2017",6.0,3.0 and up,0.0,April,0
Hilverda De Boer B.V. App,SHOPPING,4.3,5.0,19.0,500.0,Free,0.0,Everyone,Shopping,"February 2, 2018",2.5.0,4.0.3 and up,0.0,February,0
BV Smart,BUSINESS,4.3,28.0,3.4,1000.0,Free,0.0,Everyone,Business,"May 1, 2015",1.1,4.0 and up,0.0,May,0
BV Forest,BUSINESS,4.3,0.0,2.9,100.0,Free,0.0,Everyone,Business,"May 9, 2018",2.1.18,4.4 and up,0.0,May,0
Bacterial Vaginosis Symptoms,MEDICAL,4.1,698.0,2.4,100000.0,Free,0.0,Everyone 10+,Medical,"February 3, 2015",1.1,3.0 and up,0.0,February,0
BV Sridhara Maharaj,FAMILY,5.0,8.0,2.7,100.0,Free,0.0,Everyone,Entertainment,"December 3, 2017",1.1,4.1 and up,0.0,December,0
BV Aventure,TRAVEL_AND_LOCAL,4.3,0.0,5.0,100.0,Free,0.0,Everyone,Travel & Local,"July 22, 2016",1.3.6,4.0 and up,0.0,July,0
Bacterial vaginosis Treatment - Sexual disease,HEALTH_AND_FITNESS,5.0,2.0,5.9,500.0,Free,0.0,Everyone,Health & Fitness,"June 25, 2018",2.0,4.0.3 and up,0.0,June,0
BV Link,BUSINESS,4.3,10.0,2.8,100.0,Free,0.0,Everyone,Business,"April 11, 2018",1.3.0,4.1 and up,0.0,April,0
Bacterial Vaginosis Treatment,MEDICAL,4.3,0.0,3.4,50.0,Free,0.0,Everyone,Medical,"June 25, 2018",1.0,4.0 and up,0.0,June,0
BV Bombers,SPORTS,4.3,0.0,12.0,100.0,Free,0.0,Everyone,Sports,"January 31, 2017",7.1.5,4.0 and up,0.0,January,0
Schulman B.V.,SHOPPING,4.0,6.0,20.0,100.0,Free,0.0,Everyone,Shopping,"September 14, 2016",1.0,4.1 and up,0.0,September,0
BV MAAp,BUSINESS,4.3,9.0,4.2,100.0,Free,0.0,Everyone,Business,"December 4, 2015",1.1.3,4.1 and up,0.0,December,0
BV Taxi - Driver,MAPS_AND_NAVIGATION,4.3,1.0,10.0,10.0,Free,0.0,Everyone,Maps & Navigation,"January 17, 2018",2.19.20180117,4.1 and up,0.0,January,0
BV Taxi Sudan,MAPS_AND_NAVIGATION,3.5,8.0,26.0,10.0,Free,0.0,Everyone,Maps & Navigation,"January 17, 2018",1.2.20180117,4.1 and up,0.0,January,0
van Gennip Textiles BV,LIFESTYLE,4.3,1.0,4.0,100.0,Free,0.0,Everyone,Lifestyle,"June 28, 2018",1.1.5,4.1 and up,0.0,June,0
bacterial vaginosis,MEDICAL,4.3,0.0,3.6,10.0,Free,0.0,Teen,Medical,"March 26, 2018",1.0,4.0 and up,0.0,March,0
Meu Cartão BV,FINANCE,4.1,15057.0,5.7,500000.0,Free,0.0,Everyone,Finance,"August 3, 2018",2.4.0,5.0 and up,0.0,August,0
BV Rando,TRAVEL_AND_LOCAL,4.3,0.0,3.6,100.0,Free,0.0,Everyone,Travel & Local,"July 22, 2016",1.2.4,4.0 and up,0.0,July,0
StartPage Private Search,LIFESTYLE,4.6,10198.0,2.2,100000.0,Free,0.0,Everyone,Lifestyle,"August 21, 2017",1.10,2.1 and up,0.0,August,0
DHV accountancy BV,BUSINESS,4.3,0.0,10.0,10.0,Free,0.0,Everyone,Business,"April 21, 2016",1.0,4.0 and up,0.0,April,0
BV Frankfurt inside,SPORTS,4.3,3.0,4.8,50.0,Free,0.0,Everyone,Sports,"June 21, 2018",1.5,4.4 and up,0.0,June,0
BV Teknisk App,BUSINESS,4.3,0.0,2.0,50.0,Free,0.0,Everyone,Business,"January 15, 2016",4.1.2099,4.0 and up,0.0,January,0
OLX Uganda Sell Buy Cellphones,SHOPPING,4.2,4977.0,9.8,100000.0,Free,0.0,Everyone,Shopping,"July 25, 2018",11.15.03,4.1 and up,0.0,July,0
VictronConnect,TOOLS,3.8,400.0,13.0,50000.0,Free,0.0,Everyone,Tools,"July 5, 2018",4.8,4.1 and up,0.0,July,0
BV Productions,BUSINESS,4.3,0.0,2.8,1.0,Free,0.0,Everyone,Business,"October 25, 2016",1.0.1,4.0 and up,0.0,October,0
Allsetra B.V.,BUSINESS,4.1,15.0,24.0,1000.0,Free,0.0,Everyone,Business,"April 5, 2018",3.1.2,4.3 and up,0.0,April,0
Home Remedies for Bacterial Infections,HEALTH_AND_FITNESS,4.3,0.0,4.4,50.0,Free,0.0,Everyone,Health & Fitness,"April 19, 2018",1.0,2.2 and up,0.0,April,0
BW Smart,TOOLS,3.7,50.0,19.0,5000.0,Free,0.0,Everyone,Tools,"June 6, 2017",v1.2.2,4.0 and up,0.0,June,0
BW-Go Free,GAME,4.6,547.0,1.3,10000.0,Free,0.0,Everyone,Board,"June 18, 2015",4.8.1,2.3 and up,0.0,June,0
Black & White Camera - Lovely BW,PHOTOGRAPHY,4.2,329.0,4.8,100000.0,Free,0.0,Everyone,Photography,"November 13, 2017",1.1.0,4.4 and up,0.0,November,0
BW-Joseki,GAME,4.7,705.0,1.8,10000.0,Free,0.0,Everyone,Board,"July 28, 2015",1.2.1,4.0.3 and up,0.0,July,0
BW-DGS plugin,GAME,4.5,70.0,0.6748046875,1000.0,Free,0.0,Everyone,Board,"May 13, 2018",1.6.0,4.0 and up,0.0,May,0
Learn SAP BW,BOOKS_AND_REFERENCE,4.3,2.0,20.0,500.0,Free,0.0,Everyone,Books & Reference,"February 13, 2018",1.1,4.0 and up,0.0,February,0
Next Launcher 3D Theme Stun-BW,PERSONALIZATION,4.4,2839.0,5.1,100000.0,Free,0.0,Everyone,Personalization,"January 11, 2014",1.00,2.2 and up,0.0,January,0
Standard Chartered Mobile (BW),FINANCE,4.4,96.0,7.2,10000.0,Free,0.0,Everyone,Finance,"August 5, 2018",2.9,4.0 and up,0.0,August,0
BW Mobilbanking für Smartphone und Tablet,FINANCE,4.1,2048.0,24.0,100000.0,Free,0.0,Everyone,Finance,"July 10, 2018",4.2.0,4.4 and up,0.0,July,0
BW COMPANY FINDER,BUSINESS,4.6,48.0,7.4,1000.0,Free,0.0,Everyone,Business,"August 21, 2017",1.5,4.0 and up,0.0,August,0
BW-GnuGo,GAME,4.1,64.0,1.3,5000.0,Free,0.0,Everyone,Board,"June 2, 2013",2.0.0,2.2 and up,0.0,June,0
BW SmartLife,TOOLS,4.3,0.0,8.8,100.0,Free,0.0,Everyone,Tools,"December 5, 2017",1.1.8,4.1 and up,0.0,December,0
Bw Events,EVENTS,4.4,16.0,1.7,100.0,Free,0.0,Everyone,Events,"August 9, 2016",1.0,4.0 and up,0.0,August,0
Beautiful Widgets Free,PERSONALIZATION,3.9,25035.0,14.0,1000000.0,Free,0.0,Everyone,Personalization,"October 20, 2016",5.7.6,2.3 and up,0.0,October,0
Learn SAP BW on HANA,BOOKS_AND_REFERENCE,4.3,0.0,13.0,500.0,Free,0.0,Everyone,Books & Reference,"February 13, 2018",1.1,4.0 and up,0.0,February,0
Analog BW - Camera filter effect foto film retouch,PHOTOGRAPHY,4.3,2.0,17.0,100.0,Free,0.0,Everyone,Photography,"May 23, 2018",1.1,4.4 and up,0.0,May,0
BW Ultra,PRODUCTIVITY,4.3,0.0,24.0,10.0,Free,0.0,Everyone,Productivity,"July 3, 2018",1.0,4.0 and up,0.0,July,0
BW-IVMS,PRODUCTIVITY,4.3,0.0,17.0,100.0,Free,0.0,Everyone,Productivity,"July 26, 2018",12.0.18071400,4.1 and up,0.0,July,0
BW Wallpaper,PERSONALIZATION,4.5,4.0,0.4990234375,50.0,Free,0.0,Everyone,Personalization,"December 31, 2016",1.4,4.0 and up,0.0,December,0
Skull Widget BW,PERSONALIZATION,4.5,4.0,1.7,10.0,Free,0.0,Everyone,Personalization,"February 28, 2018",1.1,4.4 and up,0.0,February,0
BW Map mobile,TRAVEL_AND_LOCAL,3.6,57.0,32.0,10000.0,Free,0.0,Everyone,Travel & Local,"May 31, 2018",3.2,4.0 and up,0.0,May,0
Best Western e-Concierge Hotel,TRAVEL_AND_LOCAL,4.0,41.0,23.0,10000.0,Free,0.0,Everyone,Travel & Local,"June 4, 2018",2.8.1,5.0 and up,0.0,June,0
SAP BW Tutorial,FAMILY,4.0,11.0,9.4,1000.0,Free,0.0,Everyone,Education,"January 10, 2016",0.0.1,4.1 and up,0.0,January,0
Kromium BW Theme for NEXT,PERSONALIZATION,4.3,1098.0,18.0,50000.0,Free,0.0,Everyone,Personalization,"October 11, 2014",1.0.1,3.0 and up,0.0,October,0
IP address BW,PRODUCTIVITY,4.3,7.0,1.8,500.0,Free,0.0,Everyone,Productivity,"November 20, 2014",1.0,2.2 and up,0.0,November,0
Fantasy theme dark bw black building,ART_AND_DESIGN,4.8,41.0,1.9,5000.0,Free,0.0,Everyone,Art & Design,"March 20, 2018",1.0.2,4.0 and up,0.0,March,0
Keyboard Theme Gate Flat BW,PERSONALIZATION,4.5,75.0,2.6,10000.0,Free,0.0,Mature 17+,Personalization,"May 26, 2016",2.0,4.0.3 and up,0.0,May,0
BW Switch,GAME,4.3,1.0,13.0,10.0,Free,0.0,Everyone,Arcade,"April 16, 2018",1.25,4.1 and up,0.0,April,0
Tutorials for SAP BW Offline,FAMILY,4.3,1.0,16.0,100.0,Free,0.0,Everyone,Education,"December 21, 2017",1.0,4.0 and up,0.0,December,0
BL Essentials BW Icon Pack,PERSONALIZATION,4.2,17.0,0.9404296875,1000.0,Free,0.0,Everyone,Personalization,"May 6, 2013",1.0.1,2.1 and up,0.0,May,0
Hypocam,PHOTOGRAPHY,4.5,12572.0,8.5,1000000.0,Free,0.0,Everyone,Photography,"March 14, 2018",1.31,4.0 and up,0.0,March,0
BW Fuhlenbrock,SPORTS,4.3,4.0,8.2,100.0,Free,0.0,Everyone,Sports,"September 27, 2017",4.2.0,4.1 and up,0.0,September,0
BW eServices,BUSINESS,4.3,1.0,3.8,10.0,Free,0.0,Everyone,Business,"June 5, 2018",1.0,4.2 and up,0.0,June,0
B&W Photo Filter Editor,PHOTOGRAPHY,3.9,205.0,2.4,50000.0,Free,0.0,Everyone,Photography,"July 29, 2017",1.0.5,4.0 and up,0.0,July,0
BW t&t,PRODUCTIVITY,4.3,2.0,1.7,10.0,Free,0.0,Everyone,Productivity,"December 15, 2016",1.0,4.1 and up,0.0,December,0
EBook For SAP BW ON HANA Learning Free,FAMILY,4.3,0.0,10.0,50.0,Free,0.0,Everyone,Education,"April 2, 2018",1.0.1,4.0 and up,0.0,April,0
BX Memo,FAMILY,4.3,131.0,2.0,5000.0,Free,0.0,Everyone,Education,"November 17, 2016",3.3.1,2.2 and up,0.0,November,0
Bixby Button Remapper - bxActions,TOOLS,4.3,13064.0,4.6,1000000.0,Free,0.0,Everyone,Tools,"May 23, 2018",4.72,7.0 and up,0.0,May,0
Bitcoin BX Thailand,FINANCE,3.7,120.0,31.0,10000.0,Free,0.0,Everyone,Finance,"October 23, 2017",4.1,4.0.3 and up,0.0,October,0
Bx Thailand Alert (Bitcoin),FINANCE,4.7,3.0,8.2,100.0,Free,0.0,Everyone,Finance,"February 5, 2018",1.0.2,4.2 and up,0.0,February,0
bX Hot Articles by Ex Libris,FAMILY,4.3,42.0,0.541015625,5000.0,Free,0.0,Everyone,Education,"May 9, 2017",2,2.2 and up,0.0,May,0
Bitcoin Bx (Thailand),FINANCE,4.5,101.0,6.9,10000.0,Free,0.0,Everyone,Finance,"August 4, 2018",1.8.4,5.0 and up,0.0,August,0
Bx-WiFi-GI,VIDEO_PLAYERS,4.3,0.0,21.0,100.0,Free,0.0,Everyone,Video Players & Editors,"August 15, 2017",1.3.6,4.1 and up,0.0,August,0
BX Mobile TMC for SAP B1,BUSINESS,4.7,3.0,11.0,100.0,Free,0.0,Everyone,Business,"January 20, 2015",1.0.16,4.0.3 and up,0.0,January,0
BX Thailand - Crypto Tracking & Analyse Bitcoin,FINANCE,4.3,2.0,34.0,100.0,Free,0.0,Everyone,Finance,"March 10, 2018",1.7,4.0.3 and up,0.0,March,0
BxPort - Bitcoin Bx (Thailand),FINANCE,5.0,4.0,4.1,50.0,Free,0.0,Everyone,Finance,"July 14, 2018",1.0.4,4.2 and up,0.0,July,0
Bx Access 4d,TOOLS,4.3,1.0,1.9,100.0,Free,0.0,Everyone,Tools,"April 29, 2016",2.2.1,4.0 and up,0.0,April,0
bX Thailand Simple Market Price and Alert,FINANCE,4.3,8.0,3.5,1000.0,Free,0.0,Everyone,Finance,"July 29, 2018",2.5.2,4.4 and up,0.0,July,0
QR & Barcode Scanner BX PRO,TOOLS,4.3,4.0,3.0,1000.0,Free,0.0,Everyone,Tools,"October 30, 2017",1.0,4.2 and up,0.0,October,0
BX Diff - Crypto Coins Checker,FINANCE,4.6,83.0,4.0,5000.0,Free,0.0,Everyone,Finance,"July 16, 2018",1.0.21,4.4 and up,0.0,July,0
CSHS BX,FAMILY,4.3,0.0,18.0,100.0,Free,0.0,Everyone,Education,"April 17, 2018",1.0.5.170418-cardspl,4.4 and up,0.0,April,0
Bitcoin & Cryptocurrency - Bx,FINANCE,4.8,11.0,3.7,1000.0,Free,0.0,Everyone,Finance,"November 28, 2017",0.1.6,4.1 and up,0.0,November,0
Kick Axe Bx,HEALTH_AND_FITNESS,4.3,0.0,9.3,1.0,Free,0.0,Everyone,Health & Fitness,"June 7, 2017",1.0.1,4.0 and up,0.0,June,0
Car Driving Simulator Citroen,FAMILY,3.8,174.0,44.0,10000.0,Free,0.0,Everyone,Simulation,"July 18, 2017",1.0,2.3 and up,0.0,July,0
LEDSHOWTW,TOOLS,4.2,5.0,31.0,500.0,Free,0.0,Everyone,Tools,"April 23, 2018",1.3.3,4.0.3 and up,0.0,April,0
C3-C4-PİCASSO-ELYSEE RACİNG,GAME,4.3,12.0,48.0,1000.0,Free,0.0,Everyone,Arcade,"February 12, 2017","1,01",4.0 and up,0.0,February,0
Water Surfer Floating BMX Bicycle Rider Racing,FAMILY,4.4,551.0,38.0,100000.0,Free,0.0,Everyone,Simulation,"July 3, 2017",1.0,2.3 and up,0.0,July,0
Driving Cars Simulator Citroen,GAME,4.3,3.0,49.0,100.0,Free,0.0,Everyone,Racing,"April 5, 2018",1.0,4.4 and up,0.0,April,0
Tiny Call Confirm,COMMUNICATION,4.1,22782.0,0.3427734375,1000000.0,Free,0.0,Everyone,Communication,"March 25, 2015",4.2.0,2.2 and up,0.0,March,0
Limbo PC Emulator QEMU ARM x86,TOOLS,4.2,13005.0,9.7,1000000.0,Free,0.0,Everyone,Tools,"January 21, 2018",no_update_signal.2_9_1_arm-x86_64-alpha,4.2 and up,0.0,January,0
Crypto Tracker by BitScreener,FINANCE,4.7,396.0,12.0,10000.0,Free,0.0,Everyone,Finance,"August 5, 2018",3.1.5,5.0 and up,0.0,August,0
Roulette Advisor LITE,GAME,4.1,41.0,1.4,5000.0,Free,0.0,Everyone,Casino,"August 21, 2014",2.2,3.0 and up,0.0,August,0
Mini Motor Racing WRT,GAME,4.2,107497.0,13.0,1000000.0,Free,0.0,Everyone,Racing,"February 2, 2016",Varies with device,2.3.3 and up,0.0,February,0
BMX Boy Bike Stunt Rider Game,GAME,3.8,299.0,25.0,10000.0,Free,0.0,Everyone,Racing,"November 10, 2017",1.1,4.1 and up,0.0,November,0
"CoinMarketApp - CryptoCurrency Portfolio, News,ICO",FINANCE,4.7,20535.0,13.0,500000.0,Free,0.0,Everyone,Finance,"July 31, 2018",Varies with device,Varies with device,0.0,July,0
Best Friends Dress Up & Makeup,FAMILY,3.7,7664.0,44.0,500000.0,Free,0.0,Everyone,Casual;Pretend Play,"September 9, 2015",1.0.3,4.0.3 and up,0.0,September,0
World of Warriors: Duel,GAME,4.3,25952.0,36.0,500000.0,Free,0.0,Everyone 10+,Action,"September 7, 2015",1.1.2,2.3 and up,0.0,September,0
Bitcoin Ticker Widget,FINANCE,4.6,25744.0,13.0,500000.0,Free,0.0,Everyone,Finance,"July 30, 2018",Varies with device,Varies with device,0.0,July,0
Quadratic Equation Solver with Steps and Graphs,FAMILY,4.7,513.0,9.8,50000.0,Free,0.0,Everyone,Education,"December 14, 2017",1.4.1,4.0 and up,0.0,December,0
Car Race by Fun Games For Free,GAME,4.3,54221.0,47.0,1000000.0,Free,0.0,Everyone,Racing,"June 15, 2013",1.2,2.3 and up,0.0,June,0
Adult Color By Number Book: Number Coloring Pages,FAMILY,4.2,2231.0,37.0,500000.0,Free,0.0,Everyone,Entertainment,"July 23, 2018",2.9,4.4 and up,0.0,July,0
Glitter Color By Number - Glitter Number Coloring,FAMILY,3.5,1380.0,6.9,500000.0,Free,0.0,Everyone,Entertainment,"July 18, 2018",1.6,4.0 and up,0.0,July,0
Sandbox Art-Sandbox Color by Number Coloring Pages,FAMILY,4.7,12784.0,15.0,1000000.0,Free,0.0,Everyone,Entertainment,"August 4, 2018",1.3.3,4.1 and up,0.0,August,0
One Today by Google,LIFESTYLE,4.5,2586.0,9.4,100000.0,Free,0.0,Everyone,Lifestyle,"December 17, 2015",1.9.0.110162364,4.0.3 and up,0.0,December,0
Art Pixel Coloring. Color by Number.,FAMILY,4.5,992.0,49.0,100000.0,Free,0.0,Teen,Entertainment,"August 2, 2018",1.2.0.200,4.2 and up,0.0,August,0
Color By Number - Sandbox Pixel Coloring Book,FAMILY,4.7,24557.0,24.0,1000000.0,Free,0.0,Everyone,Casual;Creativity,"August 3, 2018",1.3.6,4.4 and up,0.0,August,0
PixelDot - Color by Number Sandbox Pixel Art,FAMILY,4.6,16041.0,7.3,1000000.0,Free,0.0,Everyone,Entertainment,"July 5, 2018",1.3.3.1,4.3 and up,0.0,July,0
PixPanda - Color by Number Pixel Art Coloring Book,FAMILY,4.9,55723.0,14.0,1000000.0,Free,0.0,Everyone,Entertainment,"June 4, 2018",3.3,4.0.3 and up,0.0,June,0
Sandbox Number Coloring Book Art - Color By Number,FAMILY,4.2,14356.0,13.0,1000000.0,Free,0.0,Everyone,Entertainment;Brain Games,"March 9, 2018",2.5,4.1 and up,0.0,March,0
Adult Color by Number Book - Paint Mandala Pages,FAMILY,4.3,997.0,13.0,100000.0,Free,0.0,Everyone,Entertainment,"June 27, 2018",2.4,4.1 and up,0.0,June,0
PixBox Coloring - Color by number Sandbox,FAMILY,4.5,12293.0,4.0,1000000.0,Free,0.0,Everyone,Entertainment,"May 6, 2018",1.2.6,4.0.3 and up,0.0,May,0
"3D Color by Number: Voxel, Unicorn, Pixel Art 3D",FAMILY,4.3,2017.0,13.0,100000.0,Free,0.0,Everyone,Entertainment,"February 16, 2018",2.4,4.1 and up,0.0,February,0
Pixelmania - Color by number & create pixel art,FAMILY,4.4,3588.0,18.0,500000.0,Free,0.0,Everyone,Entertainment,"February 25, 2018",1.18,4.3 and up,0.0,February,0
Valentines love color by number-Pixel art coloring,FAMILY,4.4,767.0,18.0,100000.0,Free,0.0,Everyone,Entertainment,"February 23, 2018",1.1,4.1 and up,0.0,February,0
Pixyfy: coloring by number coloring book,FAMILY,4.8,22290.0,13.0,500000.0,Free,0.0,Everyone,Puzzle,"August 5, 2018",18.08.05,4.0 and up,0.0,August,0
Draw Color by Number - Sandbox Pixel Art,FAMILY,4.7,34279.0,24.0,1000000.0,Free,0.0,Everyone,Casual;Creativity,"August 2, 2018",1.2.3,4.4 and up,0.0,August,0
Project Fi by Google,TOOLS,4.6,7342.0,13.0,1000000.0,Free,0.0,Everyone,Tools,"July 30, 2018",Varies with device,5.1 and up,0.0,July,0
Tattoo Color By Number Draw Book Page Pixel Art,FAMILY,4.0,309.0,25.0,100000.0,Free,0.0,Everyone,Entertainment,"May 2, 2018",1.4,4.1 and up,0.0,May,0
SegPlay Mobile Paint by Number,FAMILY,3.7,1478.0,43.0,100000.0,Free,0.0,Everyone,Casual,"April 22, 2017",4.0.15,2.3 and up,0.0,April,0
Paint By Number,FAMILY,3.5,807.0,4.6,500000.0,Free,0.0,Everyone,Casual,"May 1, 2018",1.4.0,3.0 and up,0.0,May,0
Painting By Numbers,FAMILY,4.1,213.0,26.0,50000.0,Free,0.0,Everyone,Puzzle;Brain Games,"June 8, 2018",1.2.100,4.1 and up,0.0,June,0
Butterfly Pixel Art - coloring by number,FAMILY,4.6,769.0,13.0,100000.0,Free,0.0,Everyone,Entertainment,"April 4, 2018",1.06,4.1 and up,0.0,April,0
Halloween Sandbox Number Coloring- Color By Number,FAMILY,4.4,289.0,19.0,100000.0,Free,0.0,Everyone,Entertainment,"February 17, 2018",1.2,4.1 and up,0.0,February,0
"Fiesta by Tango - Find, Meet and Make New Friends",SOCIAL,4.3,112223.0,34.0,1000000.0,Free,0.0,Mature 17+,Social,"July 5, 2018",5.68.1,5.0 and up,0.0,July,0
"Poly Art: Paint by Sticker, Color by Number Puzzle",FAMILY,4.4,2100.0,13.0,100000.0,Free,0.0,Everyone,Entertainment;Brain Games,"July 28, 2018",2.3,4.1 and up,0.0,July,0
"Pixel art pro-Sand box,paint by number,number draw",FAMILY,4.5,2442.0,13.0,100000.0,Free,0.0,Everyone,Casual;Brain Games,"July 6, 2018",2.5.111,4.0.3 and up,0.0,July,0
Color by Number: Pixel Art,FAMILY,4.6,12034.0,34.0,1000000.0,Free,0.0,Everyone,Entertainment,"May 26, 2018",4.8,4.1 and up,0.0,May,0
UNICORN - Color By Number & Pixel Art Coloring,FAMILY,4.7,8264.0,24.0,500000.0,Free,0.0,Everyone,Art & Design;Creativity,"August 2, 2018",1.0.9,4.4 and up,0.0,August,0
FunnyPixels - Color by number Sandbox,FAMILY,4.6,1977.0,3.8,100000.0,Free,0.0,Everyone,Entertainment,"February 21, 2018",1.0.4,4.0.3 and up,0.0,February,0
Voxel - 3D Color by Number & Pixel Coloring Book,GAME,4.7,62561.0,53.0,1000000.0,Free,0.0,Everyone,Board,"July 31, 2018",2.4.11,4.1 and up,0.0,July,0
No.Diamond – Colors by Number,FAMILY,4.6,9016.0,24.0,1000000.0,Free,0.0,Everyone,Entertainment;Creativity,"August 6, 2018",0.9.34,4.1 and up,0.0,August,0
BZ Reminder,BUSINESS,4.7,41625.0,5.4,1000000.0,Free,0.0,Everyone,Business,"December 21, 2017",2.3.4,4.1 and up,0.0,December,0
B.Z. Live-Ticker,NEWS_AND_MAGAZINES,4.3,114.0,7.7,10000.0,Free,0.0,Everyone,News & Magazines,"May 25, 2018",1.6,4.2 and up,0.0,May,0
Weather BZ,WEATHER,4.4,8433.0,5.6,100000.0,Free,0.0,Everyone,Weather,"June 6, 2018",5.0.1 build 1,4.0 and up,0.0,June,0
BZ Bingo,FAMILY,4.3,1.0,17.0,100.0,Free,0.0,Everyone,Entertainment,"April 3, 2018",1.3,4.0.3 and up,0.0,April,0
Evasion.bz,SOCIAL,4.1,8.0,4.4,100.0,Free,0.0,Teen,Social,"July 14, 2017",0.0.9,4.1 and up,0.0,July,0
BZ Berner Zeitung E-Paper,NEWS_AND_MAGAZINES,4.3,4.0,13.0,1000.0,Free,0.0,Everyone,News & Magazines,"July 30, 2018",5.1.1,4.1 and up,0.0,July,0
BZ-Smart,NEWS_AND_MAGAZINES,4.3,828.0,8.2,10000.0,Free,0.0,Everyone,News & Magazines,"October 10, 2017",1.98,2.3.3 and up,0.0,October,0
BZ Conferencing,TOOLS,4.7,7.0,29.0,1000.0,Free,0.0,Everyone,Tools,"June 27, 2018",3.8.3,4.1 and up,0.0,June,0
GITZ.bz,SHOPPING,4.0,4.0,2.4,10.0,Free,0.0,Everyone,Shopping,"August 4, 2017",1.0,4.1 and up,0.0,August,0
BZ Fingers,GAME,4.6,15.0,3.2,50.0,Free,0.0,Everyone,Arcade,"July 5, 2017",1.3,4.0.3 and up,0.0,July,0
Dragon B.Z Wallpapers,PERSONALIZATION,4.3,0.0,3.8,10.0,Free,0.0,Everyone,Personalization,"May 6, 2018",2.1,4.0.3 and up,0.0,May,0
BZ Langenthaler Tagblatt E-Paper,NEWS_AND_MAGAZINES,4.3,0.0,13.0,10.0,Free,0.0,Everyone,News & Magazines,"July 30, 2018",5.1.1,4.1 and up,0.0,July,0
BZ Delivery,SHOPPING,4.3,1.0,6.2,500.0,Free,0.0,Everyone,Shopping,"January 15, 2018",1.1.0,4.0.3 and up,0.0,January,0
Badische Zeitung,NEWS_AND_MAGAZINES,3.9,262.0,22.0,10000.0,Free,0.0,Everyone,News & Magazines,"June 26, 2018",5.3,4.1 and up,0.0,June,0
Dragon BZ Wallpapers HD,PERSONALIZATION,4.3,5.0,17.0,1000.0,Free,0.0,Everyone,Personalization,"April 4, 2018",1.11,4.0 and up,0.0,April,0
bz Baselland E-Paper,NEWS_AND_MAGAZINES,4.2,69.0,25.0,5000.0,Free,0.0,Everyone,News & Magazines,"August 24, 2017",5.1.4,4.4 and up,0.0,August,0
BZWBK24 mobile,FINANCE,4.5,64983.0,39.0,1000000.0,Free,0.0,Everyone,Finance,"June 18, 2018",5.0.1,4.1 and up,0.0,June,0
BZ Dealer,PRODUCTIVITY,4.3,5.0,4.6,500.0,Free,0.0,Everyone,Productivity,"October 31, 2017",1.0.3,4.0.3 and up,0.0,October,0
BZ Vesper-App,TRAVEL_AND_LOCAL,4.1,60.0,13.0,1000.0,Free,0.0,Everyone,Travel & Local,"August 6, 2015",1.0.2,2.3.3 and up,0.0,August,0
BZ-Digital,NEWS_AND_MAGAZINES,4.3,4.0,36.0,100.0,Free,0.0,Everyone,News & Magazines,"March 5, 2018",2.4.1,4.4 and up,0.0,March,0
Dragon BZ Super Wallpapers,FAMILY,4.2,12.0,13.0,1000.0,Free,0.0,Everyone,Entertainment,"January 16, 2018",1.0,4.0.3 and up,0.0,January,0
BZ Berner Oberländer,NEWS_AND_MAGAZINES,4.3,64.0,8.5,1000.0,Free,0.0,Everyone,News & Magazines,"August 3, 2018",7.5.9.1,4.1 and up,0.0,August,0
bz Basel E-Paper,NEWS_AND_MAGAZINES,4.3,72.0,25.0,5000.0,Free,0.0,Everyone,News & Magazines,"August 24, 2017",5.1.4,4.4 and up,0.0,August,0
TFO BZ Lessons,FAMILY,4.4,75.0,3.7,500.0,Free,0.0,Everyone,Education,"April 28, 2017",2.1.1,4.1 and up,0.0,April,0
BZ Langenthaler Tagblatt,VIDEO_PLAYERS,4.3,22.0,8.5,1000.0,Free,0.0,Everyone,Video Players & Editors,"August 3, 2018",7.5.9.1,4.1 and up,0.0,August,0
City Driving Jeep Mania: Parking Passion 2018,FAMILY,4.4,36.0,24.0,10000.0,Free,0.0,Everyone,Simulation,"June 14, 2018",1.0,4.0 and up,0.0,June,0
Sniper Gun Shot 3D: Impossible Missions,GAME,4.6,20.0,34.0,100.0,Free,0.0,Mature 17+,Action,"May 4, 2018",1.0,4.0 and up,0.0,May,0
ePN Cashback AliExpress,SHOPPING,4.4,19212.0,6.9,500000.0,Free,0.0,Everyone,Shopping,"August 3, 2018",0.2.9.17,4.1 and up,0.0,August,0
Elite Commando Shooting War,GAME,4.5,14.0,45.0,100.0,Free,0.0,Teen,Action,"June 29, 2018",1.0,4.0 and up,0.0,June,0
Restaurantführer Südbaden,TRAVEL_AND_LOCAL,4.1,46.0,12.0,1000.0,Free,0.0,Everyone,Travel & Local,"January 11, 2017",2.0.0,4.0 and up,0.0,January,0
Contractor City Construction - Heavy Logistics,FAMILY,4.2,31.0,35.0,5000.0,Free,0.0,Everyone,Simulation,"June 12, 2018",1.01,4.0 and up,0.0,June,0
Park Limousine: Realistic Limo Parking Simulator,FAMILY,4.8,4.0,25.0,1000.0,Free,0.0,Everyone,Simulation,"July 20, 2018",1.0,4.0 and up,0.0,July,0
Animal Hunting: Sniper Shooting,GAME,4.3,0.0,48.0,50.0,Free,0.0,Teen,Action,"July 6, 2018",1.0,4.0 and up,0.0,July,0
WISE- MOBILE PORTAL,TOOLS,4.3,3.0,1.0,500.0,Free,0.0,Everyone,Tools,"July 30, 2015",1.0.0.4,2.2 and up,0.0,July,0
BZ Straußenführer,TRAVEL_AND_LOCAL,4.3,291.0,14.0,10000.0,Free,0.0,Everyone,Travel & Local,"March 17, 2016",1.2.3,4.0 and up,0.0,March,0
Putzmeister Experts,TOOLS,4.6,21.0,8.9,1000.0,Free,0.0,Everyone,Tools,"May 8, 2018",1.3,4.1 and up,0.0,May,0
Filmi Gaane,FAMILY,4.4,572.0,13.0,100000.0,Free,0.0,Everyone,Entertainment,"August 17, 2017",Varies with device,Varies with device,0.0,August,0
iBiznes24 mobile,FINANCE,4.3,38.0,9.4,5000.0,Free,0.0,Everyone,Finance,"June 30, 2018",1.8.1,4.4 and up,0.0,June,0
CA Mobile Authenticator,BUSINESS,4.3,9.0,6.9,1000.0,Free,0.0,Everyone,Business,"December 15, 2016",1.0.0,4.2 and up,0.0,December,0
CA Latam Partners,BUSINESS,4.3,0.0,12.0,10.0,Free,0.0,Everyone,Business,"August 3, 2018",1.1.2,4.3 and up,0.0,August,0
CA Lottery Official App,FAMILY,4.2,7000.0,26.0,1000000.0,Free,0.0,Teen,Entertainment,"August 2, 2018",3.0.2,4.4 and up,0.0,August,0
CA Auth ID,TOOLS,3.8,39.0,0.3662109375,10000.0,Free,0.0,Teen,Tools,"October 17, 2014",2.2.1,1.6 and up,0.0,October,0
Patchcord.ca Inc. App Launcher,BUSINESS,4.3,0.0,3.7,10.0,Free,0.0,Everyone,Business,"December 23, 2016",1.21,4.0 and up,0.0,December,0
CA Speakers Free,LIFESTYLE,4.8,74.0,2.9,5000.0,Free,0.0,Teen,Lifestyle,"September 30, 2015",1.6,2.3.3 and up,0.0,September,0
CA World '17,PRODUCTIVITY,3.7,7.0,18.0,1000.0,Free,0.0,Teen,Productivity,"June 10, 2018",7.17.2.0,5.0 and up,0.0,June,0
CA DMV,TOOLS,4.2,5463.0,6.0,1000000.0,Free,0.0,Everyone,Tools,"August 25, 2017",4.0,4.1 and up,0.0,August,0
Save.ca,SHOPPING,3.7,2094.0,34.0,100000.0,Free,0.0,Everyone,Shopping,"July 2, 2018",4.8.18.12,4.1 and up,0.0,July,0
CA Laws 2018 (California Laws and Codes),BOOKS_AND_REFERENCE,3.9,56.0,38.0,5000.0,Free,0.0,Everyone,Books & Reference,"March 24, 2018",1.17,4.4 and up,0.0,March,0
California Cameras - Traffic,TRAVEL_AND_LOCAL,4.0,305.0,5.4,10000.0,Free,0.0,Everyone,Travel & Local,"June 20, 2018",6.3.4,4.0.3 and up,0.0,June,0
Register.ca Mobile,PRODUCTIVITY,4.3,0.0,1.2,100.0,Free,0.0,Everyone,Productivity,"August 19, 2016",2.0,5.0 and up,0.0,August,0
CB Radio Chat - for friends!,COMMUNICATION,4.0,17998.0,7.9,1000000.0,Free,0.0,Teen,Communication,"March 27, 2018",2.6.3,4.0 and up,0.0,March,0
CB On Mobile,COMMUNICATION,4.1,901.0,0.3154296875,100000.0,Free,0.0,Teen,Communication,"April 26, 2017",1.0.5,4.0 and up,0.0,April,0
Virtual Walkie Talkie,COMMUNICATION,3.8,21785.0,2.5,1000000.0,Free,0.0,Everyone,Communication,"August 13, 2015",1.41,2.3 and up,0.0,August,0
CB Outdoors,FAMILY,3.8,5.0,12.0,1000.0,Free,0.0,Everyone,Education,"May 30, 2017",1.200,4.0.3 and up,0.0,May,0
Viking CB Radios,BUSINESS,4.3,6.0,15.0,1000.0,Free,0.0,Everyone,Business,"May 24, 2017",1.0.1,4.1 and up,0.0,May,0
Frequencies Free,TOOLS,3.5,382.0,3.1,100000.0,Free,0.0,Everyone,Tools,"February 4, 2018",1.9,4.0.3 and up,0.0,February,0
CB-Mobile Banking,FINANCE,4.5,96.0,12.0,10000.0,Free,0.0,Everyone,Finance,"June 22, 2018",4.17.38,4.4 and up,0.0,June,0
CBRadioTab,TOOLS,3.9,127.0,1.5,50000.0,Free,0.0,Everyone,Tools,"April 1, 2017",1.0,3.0 and up,0.0,April,0
CB SMART LIFE,TOOLS,4.3,30.0,9.0,500.0,Free,0.0,Everyone,Tools,"July 3, 2018",2.4.0,4.1 and up,0.0,July,0
CB Bank Mobile Banking,FINANCE,4.5,1308.0,3.7,100000.0,Free,0.0,Everyone,Finance,"June 8, 2015",13.0,2.2 and up,0.0,June,0
CB Martial Arts,HEALTH_AND_FITNESS,4.3,0.0,8.7,10.0,Free,0.0,Everyone,Health & Fitness,"May 15, 2018",1.1.7,4.1 and up,0.0,May,0
C.B. Shop,SHOPPING,4.3,19.0,19.0,100.0,Free,0.0,Everyone,Shopping,"May 9, 2017",1.0.1,4.0.3 and up,0.0,May,0
CB Background - Free HD Wallpaper Images,PERSONALIZATION,4.1,4538.0,3.3,1000000.0,Free,0.0,Everyone,Personalization,"March 24, 2018",3.1.0,4.0 and up,0.0,March,0
CB NFC Pendant,HEALTH_AND_FITNESS,4.3,0.0,0.8916015625,50.0,Free,0.0,Everyone,Health & Fitness,"October 4, 2017",1.0.2,4.1 and up,0.0,October,0
WRLP CB Repeater,FAMILY,4.3,14.0,4.9,1000.0,Free,0.0,Teen,Entertainment,"July 21, 2018",1.1.11,2.1 and up,0.0,July,0
CB Fit,HEALTH_AND_FITNESS,5.0,1.0,7.8,10.0,Free,0.0,Everyone,Health & Fitness,"July 9, 2018",4.2.2,4.1 and up,0.0,July,0
Minwa HA ( C.B ),HOUSE_AND_HOME,4.3,0.0,5.0,50.0,Free,0.0,Everyone,House & Home,"September 15, 2017",1.0.0,4.1 and up,0.0,September,0
Channel 19,COMMUNICATION,3.7,916.0,12.0,100000.0,Free,0.0,Mature 17+,Communication,"July 13, 2018",2.2.6,4.1 and up,0.0,July,0
Citizens Bank - CB Mobile,FINANCE,4.8,6.0,11.0,1000.0,Free,0.0,Everyone,Finance,"August 2, 2018",4.19.62,4.4 and up,0.0,August,0
CB VIDEO VISION,PHOTOGRAPHY,5.0,13.0,2.6,100.0,Free,0.0,Everyone,Photography,"September 12, 2017",0.0.2,4.1 and up,0.0,September,0
CB Hair Png - New Hair Png For CB Editing,PHOTOGRAPHY,4.6,26.0,7.2,500.0,Free,0.0,Everyone,Photography,"July 29, 2018",2,4.0 and up,0.0,July,0
CB STARS,FAMILY,4.3,1.0,1.8,10.0,Free,0.0,Everyone,Education,"December 30, 2017",1.0,1.6 and up,0.0,December,0
CB Mobile,BUSINESS,4.3,3.0,2.6,100.0,Free,0.0,Everyone,Business,"April 26, 2018",10,4.0 and up,0.0,April,0
C B Patel Health Club,HEALTH_AND_FITNESS,5.0,5.0,14.0,100.0,Free,0.0,Everyone,Health & Fitness,"July 2, 2018",1.0.1,4.4 and up,0.0,July,0
CB Trader,FINANCE,4.7,11.0,2.2,1000.0,Free,0.0,Everyone,Finance,"April 11, 2018",1.6.1,4.0 and up,0.0,April,0
CB TV,FAMILY,4.3,2.0,1.9,100.0,Free,0.0,Teen,Strategy,"September 13, 2016",1.0.0,4.0.3 and up,0.0,September,0
Football-CB GO Clock Theme,PERSONALIZATION,4.7,26.0,5.6,1000.0,Free,0.0,Everyone,Personalization,"March 3, 2017",1.0.3,4.0.3 and up,0.0,March,0
CB SmartCAR Monitor,TOOLS,4.3,1.0,0.501953125,10.0,Free,0.0,Everyone,Tools,"July 20, 2017",4.0,4.3 and up,0.0,July,0
CB News,FAMILY,5.0,7.0,20.0,50.0,Free,0.0,Everyone,Education,"September 10, 2016",1.2.0,4.1 and up,0.0,September,0
CB Pay,FINANCE,4.5,198.0,11.0,10000.0,Free,0.0,Everyone,Finance,"July 9, 2018",1.8.0,4.4 and up,0.0,July,0
CB Mobile GA,FINANCE,4.3,1.0,12.0,100.0,Free,0.0,Everyone,Finance,"November 21, 2017",1.9.1,4.1 and up,0.0,November,0
CB Register,FAMILY,5.0,1.0,5.6,10.0,Free,0.0,Everyone,Entertainment,"June 27, 2018",1.0,4.1 and up,0.0,June,0
Cádiz CB Gades,SPORTS,4.3,1.0,3.8,10.0,Free,0.0,Everyone,Sports,"August 5, 2018",opciÃ³n de cerrar,4.1 and up,0.0,August,0
CB Land,BUSINESS,4.3,0.0,6.4,100.0,Free,0.0,Everyone,Business,"March 13, 2018",6.3.5,4.1 and up,0.0,March,0
Cb browser,COMMUNICATION,5.0,5.0,3.7,50.0,Free,0.0,Everyone,Communication,"April 2, 2018",1.0,4.0 and up,0.0,April,0
CB Edits PNG & CB Backgrounds,PHOTOGRAPHY,4.2,17.0,3.4,5000.0,Free,0.0,Everyone,Photography,"July 20, 2018",1.0.0,4.1 and up,0.0,July,0
Antenna Tool,TOOLS,4.2,522.0,2.9,50000.0,Free,0.0,Everyone,Tools,"October 26, 2017",2.2 Free,4.0.3 and up,0.0,October,0
CB Heroes,SOCIAL,5.0,5.0,1.8,5.0,Free,0.0,Everyone,Social,"August 4, 2018",1.2.4,5.0 and up,0.0,August,0
CD Library,PRODUCTIVITY,3.9,44.0,3.3,10000.0,Free,0.0,Everyone,Productivity,"February 18, 2017",5.7.2,2.1 and up,0.0,February,0
Sonic CD Classic,GAME,4.6,26138.0,15.0,1000000.0,Free,0.0,Everyone,Action,"February 14, 2018",1.0.2,4.2 and up,0.0,February,0
ARK: Survival Evolved,GAME,3.8,51523.0,36.0,500000.0,Free,0.0,Teen,Adventure,"August 2, 2018",1.0.90,7.0 and up,0.0,August,0
APagri CD,PRODUCTIVITY,4.3,5.0,13.0,10.0,Free,0.0,Everyone,Productivity,"May 26, 2018",Varies with device,Varies with device,0.0,May,0
Design innovation CD Cassette,LIFESTYLE,4.3,5.0,8.3,500.0,Free,0.0,Everyone,Lifestyle,"February 6, 2017",1.0,2.3 and up,0.0,February,0
DIY Crafts Cds,LIFESTYLE,4.0,209.0,3.1,50000.0,Free,0.0,Everyone,Lifestyle,"January 24, 2017",3.0,3.0 and up,0.0,January,0
CD Events,BUSINESS,4.3,1.0,9.5,100.0,Free,0.0,Everyone,Business,"March 27, 2015",0.9.0,2.3.3 and up,0.0,March,0
PRIMATURE.CD,NEWS_AND_MAGAZINES,4.3,6.0,4.8,100.0,Free,0.0,Everyone,News & Magazines,"October 30, 2017",6.3.7.1,4.1 and up,0.0,October,0
CD Roma's,BUSINESS,4.3,2.0,6.7,100.0,Free,0.0,Everyone,Business,"June 4, 2015",2.00.0.3,4.0.3 and up,0.0,June,0
CD Ready,BUSINESS,4.6,52.0,13.0,1000.0,Free,0.0,Everyone,Business,"February 2, 2017",6.3.3,4.0 and up,0.0,February,0
INTERKINOIS.CD,NEWS_AND_MAGAZINES,4.3,1.0,1.5,5.0,Free,0.0,Everyone,News & Magazines,"June 9, 2018",1.0,4.0.3 and up,0.0,June,0
CD Live - Club del Deportista,LIFESTYLE,4.3,8.0,9.2,500.0,Free,0.0,Everyone,Lifestyle,"June 12, 2018",4.1,4.1 and up,0.0,June,0
Creative CD Letter Holder,LIFESTYLE,4.3,0.0,13.0,10.0,Free,0.0,Everyone,Lifestyle,"November 15, 2017",7.1,4.0 and up,0.0,November,0
CD CHOICE TUBE,FAMILY,5.0,10.0,5.8,500.0,Free,0.0,Everyone,Entertainment,"July 23, 2017",0.0.4,4.1 and up,0.0,July,0
CD View Lite,TOOLS,4.3,2.0,20.0,100.0,Free,0.0,Everyone,Tools,"February 2, 2018",1.0.180202,4.1 and up,0.0,February,0
Best Design CD Ideas,LIFESTYLE,4.3,0.0,13.0,10.0,Free,0.0,Everyone,Lifestyle,"April 18, 2018",1.0.0,4.0.3 and up,0.0,April,0
CD Carpe Diem App,FAMILY,4.3,17.0,27.0,100.0,Free,0.0,Everyone,Education,"July 18, 2018",2,4.1 and up,0.0,July,0
Yazdani Cd Center EllahAbad Official App,FAMILY,5.0,8.0,3.8,500.0,Free,0.0,Everyone,Entertainment,"January 12, 2018",2.0,4.0 and up,0.0,January,0
CD JUANITO,SPORTS,4.3,6.0,16.0,500.0,Free,0.0,Everyone,Sports,"October 26, 2017",6.0,4.1 and up,0.0,October,0
CD Music,LIBRARIES_AND_DEMO,4.3,1.0,2.3,100.0,Free,0.0,Everyone,Libraries & Demo,"March 30, 2018",1.0,4.4 and up,0.0,March,0
DIY cd rom ideas,LIFESTYLE,4.3,5.0,12.0,500.0,Free,0.0,Everyone,Lifestyle,"October 17, 2016",1.0,2.3.3 and up,0.0,October,0
Easy DIY CD Craft Ideas,ART_AND_DESIGN,4.3,7.0,5.6,5000.0,Free,0.0,Everyone,Art & Design,"May 30, 2018",1.0,2.3 and up,0.0,May,0
Kiosque CD,TRAVEL_AND_LOCAL,4.3,0.0,22.0,5.0,Free,0.0,Everyone,Travel & Local,"June 18, 2018",4.6.2201,4.3 and up,0.0,June,0
CD-Zing,BUSINESS,3.8,70.0,13.0,1000.0,Free,0.0,Everyone,Business,"October 26, 2016",6.2.7,4.0 and up,0.0,October,0
Nero AirBurn,VIDEO_PLAYERS,4.2,1008.0,1.7,100000.0,Free,0.0,Everyone,Video Players & Editors,"June 26, 2015",1.0.9,4.0 and up,0.0,June,0
CD COMET,MAPS_AND_NAVIGATION,4.3,12.0,2.6,100.0,Free,0.0,Everyone,Maps & Navigation,"August 4, 2018",4.0,4.1 and up,0.0,August,0
DIY Recycled CD Wall Art,LIFESTYLE,4.3,3.0,7.9,1000.0,Free,0.0,Everyone,Lifestyle,"December 14, 2016",1.0,2.3 and up,0.0,December,0
CD View,TOOLS,4.3,0.0,20.0,500.0,Free,0.0,Everyone,Tools,"February 6, 2018",1.0.180206,4.1 and up,0.0,February,0
US 115th CD,TRAVEL_AND_LOCAL,4.3,0.0,5.7,5.0,Free,0.0,Everyone,Travel & Local,"November 3, 2017",106,4.0.3 and up,0.0,November,0
STADE.CD,NEWS_AND_MAGAZINES,4.3,0.0,1.7,5.0,Free,0.0,Everyone,News & Magazines,"June 9, 2018",1.0,4.0.3 and up,0.0,June,0
OBJECTIFINFOS.CD,NEWS_AND_MAGAZINES,4.3,2.0,4.2,50.0,Free,0.0,Everyone,News & Magazines,"May 23, 2018",1.1,4.1 and up,0.0,May,0
DIY CD Craft Ideas,LIFESTYLE,4.4,5.0,4.6,1000.0,Free,0.0,Everyone,Lifestyle,"January 14, 2017",1.0,2.3 and up,0.0,January,0
CD Padel Mora,SPORTS,4.3,1.0,7.2,50.0,Free,0.0,Everyone,Sports,"June 14, 2018",7.3,4.0 and up,0.0,June,0
Diligan CD VR,MEDICAL,4.3,1.0,46.0,50.0,Free,0.0,Everyone,Medical,"May 21, 2018",1.0,4.4 and up,0.0,May,0
CD Supply,BUSINESS,4.3,0.0,14.0,5.0,Free,0.0,Mature 17+,Business,"May 28, 2018",2.3.2,5.0 and up,0.0,May,0
Music Collector Inventory Organizer UPC Discogs,LIFESTYLE,3.5,155.0,12.0,10000.0,Free,0.0,Everyone,Lifestyle,"October 13, 2017",3.1,4.1 and up,0.0,October,0
CE on the go,TOOLS,4.4,79.0,3.7,10000.0,Free,0.0,Everyone,Tools,"February 15, 2018",1.283.0037,2.3.3 and up,0.0,February,0
CE Broker,FAMILY,3.7,190.0,12.0,10000.0,Free,0.0,Everyone,Education,"March 22, 2017",2.2.0,4.4 and up,0.0,March,0
CE Smart,TOOLS,5.0,3.0,29.0,100.0,Free,0.0,Everyone,Tools,"May 28, 2018",2.2.0,4.1 and up,0.0,May,0
CEHQ - CE Credits for Nurses,FAMILY,4.5,12.0,4.0,1000.0,Free,0.0,Everyone,Education,"May 25, 2018",3.0.18,5.0 and up,0.0,May,0
CE SmartApp.com,BUSINESS,4.3,0.0,42.0,100.0,Free,0.0,Everyone,Business,"March 16, 2018",102.0.875,4.2 and up,0.0,March,0
Professor Online SEDUC-CE,FAMILY,4.1,188.0,4.6,10000.0,Free,0.0,Everyone,Education,"July 6, 2018",1.3,4.1 and up,0.0,July,0
ABAI CE Scanner,FAMILY,4.3,0.0,4.3,1000.0,Free,0.0,Everyone,Education,"January 23, 2018",1.3,4.1 and up,0.0,January,0
C-E Federal Credit Union,FINANCE,4.3,1.0,2.8,500.0,Free,0.0,Everyone,Finance,"March 23, 2018",3.0.6,4.1 and up,0.0,March,0
Ultra CE calculator,SPORTS,4.2,28.0,7.3,1000.0,Free,0.0,Everyone,Sports,"June 17, 2018",1.52,4.0.3 and up,0.0,June,0
Shiver: Moonlit Grove CE,FAMILY,4.1,3433.0,23.0,50000.0,Free,0.0,Everyone 10+,Casual,"March 14, 2016",1.1.0,2.3.3 and up,0.0,March,0
Beast of Lycan Isle CE,FAMILY,4.1,2683.0,20.0,50000.0,Free,0.0,Everyone 10+,Casual,"January 23, 2014",1.0,2.3 and up,0.0,January,0
QUI EST CE ?,FAMILY,4.3,7.0,5.4,1000.0,Free,0.0,Everyone,Puzzle,"October 11, 2015",1.0,2.2 and up,0.0,October,0
Volvo CE Insider,BUSINESS,4.2,45.0,24.0,1000.0,Free,0.0,Everyone,Business,"March 16, 2018",1.15.5,4.0.3 and up,0.0,March,0
Grim Tales: The Wishes CE,GAME,4.3,4923.0,20.0,100000.0,Free,0.0,Everyone 10+,Adventure,"August 26, 2015",1.0.0,2.3.3 and up,0.0,August,0
MCQ CE IT,FAMILY,5.0,22.0,3.6,1000.0,Free,0.0,Everyone,Education,"November 7, 2017",2.0,4.4 and up,0.0,November,0
Placement Tips for BE (CE/IT),FAMILY,4.4,7.0,6.3,500.0,Free,0.0,Everyone,Education,"June 24, 2016",1.4,4.0 and up,0.0,June,0
NetApp CE,BUSINESS,4.3,0.0,21.0,100.0,Free,0.0,Everyone,Business,"February 27, 2018",v6.6.0,5.0 and up,0.0,February,0
Merck CE,BUSINESS,4.5,2.0,25.0,100.0,Free,0.0,Everyone,Business,"February 13, 2017",1.0,4.1 and up,0.0,February,0
CE-STRONG,FAMILY,4.3,0.0,16.0,100.0,Free,0.0,Everyone,Education,"June 17, 2016",1.0.4,4.0 and up,0.0,June,0
Qu'est ce qui est jaune et qui attend ?,FAMILY,4.3,10.0,3.0,500.0,Free,0.0,Everyone,Entertainment,"July 13, 2017",1.1 (j'sais pas),4.4 and up,0.0,July,0
CE-SETRAM l’Appli,LIBRARIES_AND_DEMO,4.3,0.0,2.6,100.0,Free,0.0,Everyone,Libraries & Demo,"December 5, 2017",1.1.8,4.0.3 and up,0.0,December,0
CE KISIO,LIFESTYLE,4.3,1.0,24.0,100.0,Free,0.0,Everyone,Lifestyle,"February 5, 2018",1.0.1,4.1 and up,0.0,February,0
Ceasa CE,TOOLS,4.3,0.0,4.0,50.0,Free,0.0,Everyone,Tools,"June 13, 2018",1.0,4.0 and up,0.0,June,0
CE HPJM 69,NEWS_AND_MAGAZINES,4.3,2.0,22.0,50.0,Free,0.0,Everyone,News & Magazines,"November 9, 2017",1.0,4.1 and up,0.0,November,0
CE SODEXO PASS FRANCE,PRODUCTIVITY,4.3,0.0,21.0,50.0,Free,0.0,Everyone,Productivity,"June 6, 2018",2.3,4.1 and up,0.0,June,0
CE AH VLJ,TRAVEL_AND_LOCAL,4.3,1.0,18.0,1000.0,Free,0.0,Everyone,Travel & Local,"November 9, 2017",1.4,4.1 and up,0.0,November,0
ACCEPT CE MARKING,PRODUCTIVITY,4.3,0.0,30.0,10.0,Free,0.0,Everyone,Productivity,"June 28, 2018",1.0,4.1 and up,0.0,June,0
CE AR LOG,LIFESTYLE,4.3,0.0,23.0,1.0,Free,0.0,Everyone,Lifestyle,"July 11, 2018",1.0.1,4.1 and up,0.0,July,0
CE Airbus,LIFESTYLE,4.3,0.0,13.0,100.0,Free,0.0,Everyone,Lifestyle,"April 24, 2018",Varies with device,Varies with device,0.0,April,0
CE Intelligence,BUSINESS,4.3,0.0,10.0,5.0,Free,0.0,Everyone,Business,"November 15, 2016",1.1,4.0 and up,0.0,November,0
CF.lumen,TOOLS,4.4,4901.0,1.9,100000.0,Free,0.0,Everyone,Tools,"February 9, 2017",3.70,5.0 and up,0.0,February,0
CF Life,FAMILY,5.0,4.0,8.3,100.0,Free,0.0,Everyone,Education,"June 27, 2018",3.8.0,4.1 and up,0.0,June,0
CF-Bench,TOOLS,4.4,2132.0,0.1005859375,100000.0,Free,0.0,Everyone,Tools,"July 3, 2013",1.3,2.1 and up,0.0,July,0
Unity CF,LIFESTYLE,5.0,5.0,8.3,100.0,Free,0.0,Everyone,Lifestyle,"April 12, 2016",1.0,4.0.3 and up,0.0,April,0
Overcomers CF - GA,LIFESTYLE,5.0,7.0,11.0,100.0,Free,0.0,Everyone,Lifestyle,"March 20, 2017",1.1,4.1 and up,0.0,March,0
Themes DAF CF 85 Trucks,PERSONALIZATION,4.3,2.0,17.0,100.0,Free,0.0,Teen,Personalization,"June 9, 2016",1.0,2.3.3 and up,0.0,June,0
CF Invest,FINANCE,4.4,11.0,4.6,500.0,Free,0.0,Everyone,Finance,"February 2, 2018",1.20,4.1 and up,0.0,February,0
Team CF,LIFESTYLE,4.3,0.0,3.0,100.0,Free,0.0,Everyone,Lifestyle,"June 7, 2018",3.9.9.2,2.3 and up,0.0,June,0
CF PD,FINANCE,4.3,4.0,2.7,100.0,Free,0.0,Everyone,Finance,"March 28, 2018",1.10,4.1 and up,0.0,March,0
Themes DAF CF Trucks,PERSONALIZATION,4.3,2.0,15.0,100.0,Free,0.0,Teen,Personalization,"June 9, 2016",1.0,2.3.3 and up,0.0,June,0
Wallpapers DAF CF Trucks,PERSONALIZATION,4.3,1.0,13.0,100.0,Free,0.0,Teen,Personalization,"June 13, 2016",1.0,2.3.3 and up,0.0,June,0
Wallpapers DAF CF 85 Trucks,PERSONALIZATION,4.3,0.0,16.0,10.0,Free,0.0,Teen,Personalization,"April 29, 2017",1.0,4.1 and up,0.0,April,0
CF,FINANCE,5.0,2.0,2.0,100.0,Free,0.0,Everyone,Finance,"March 30, 2016",1.1,4.0 and up,0.0,March,0
Wallpapers Truck DAF CF,PERSONALIZATION,4.3,19.0,11.0,1000.0,Free,0.0,Everyone,Personalization,"June 27, 2016",1.0,2.3.3 and up,0.0,June,0
CF cal,TOOLS,4.3,123.0,2.9,10000.0,Free,0.0,Everyone,Tools,"February 9, 2016",1.0.6,4.0 and up,0.0,February,0
CF GeneE,MEDICAL,4.3,16.0,40.0,1000.0,Free,0.0,Everyone,Medical,"May 31, 2018",5.0.0,4.0 and up,0.0,May,0
Themes DAF CF 85,PERSONALIZATION,4.3,3.0,14.0,100.0,Free,0.0,Teen,Personalization,"May 13, 2016",1.0,2.3.3 and up,0.0,May,0
CF SPOT,HEALTH_AND_FITNESS,4.3,0.0,9.7,100.0,Free,0.0,Everyone,Health & Fitness,"July 9, 2018",4.2.2,4.1 and up,0.0,July,0
CF Talenti,HEALTH_AND_FITNESS,4.3,4.0,7.8,100.0,Free,0.0,Everyone,Health & Fitness,"July 9, 2018",4.2.2,4.1 and up,0.0,July,0
Villarreal CF Wallpapers 4 Fans,LIFESTYLE,4.3,2.0,3.2,50.0,Free,0.0,Everyone,Lifestyle,"May 22, 2018",1.0,4.0 and up,0.0,May,0
Valencia CF Wallpapers 4 Fans,LIFESTYLE,4.3,4.0,3.1,100.0,Free,0.0,Everyone,Lifestyle,"May 22, 2018",1.0,4.0 and up,0.0,May,0
Cacique CF,SPORTS,4.3,19.0,3.5,100.0,Free,0.0,Everyone,Sports,"October 10, 2016",01e,4.0.3 and up,0.0,October,0
CF Townsville,HEALTH_AND_FITNESS,5.0,4.0,14.0,100.0,Free,0.0,Everyone,Health & Fitness,"July 9, 2018",4.2.2,4.1 and up,0.0,July,0
CF Church,FAMILY,4.3,1.0,8.7,50.0,Free,0.0,Teen,Education,"June 26, 2018",3.8.0,4.1 and up,0.0,June,0
CF Etowah,HEALTH_AND_FITNESS,4.3,0.0,8.8,100.0,Free,0.0,Everyone,Health & Fitness,"July 9, 2018",4.2.2,4.1 and up,0.0,July,0
"Cystic Fibrosis Symptoms, Doctors & Treatments",HEALTH_AND_FITNESS,4.7,6.0,9.7,100.0,Free,0.0,Teen,Health & Fitness,"April 24, 2018",1.0.7,5.0 and up,0.0,April,0
Málaga CF Wallpapers 4 Fans,LIFESTYLE,4.3,2.0,3.1,10.0,Free,0.0,Everyone,Lifestyle,"May 22, 2018",1.0,4.0 and up,0.0,May,0
Cluster CF,SPORTS,4.3,10.0,3.2,100.0,Free,0.0,Everyone,Sports,"July 15, 2018",4.11,4.1 and up,0.0,July,0
CF Themis,HEALTH_AND_FITNESS,4.3,0.0,8.5,100.0,Free,0.0,Everyone,Health & Fitness,"July 12, 2018",3.1.2,4.1 and up,0.0,July,0
Imperium CF,SPORTS,4.3,9.0,3.5,500.0,Free,0.0,Everyone,Sports,"March 22, 2017",01e,4.0.3 and up,0.0,March,0
Azulones Getafe CF Fans,SPORTS,4.3,4.0,7.8,100.0,Free,0.0,Teen,Sports,"March 25, 2017",2.3.11,2.3.3 and up,0.0,March,0
CF Riga,HEALTH_AND_FITNESS,4.3,12.0,11.0,100.0,Free,0.0,Everyone,Health & Fitness,"July 9, 2018",4.2.2,4.1 and up,0.0,July,0
Casa CF,HEALTH_AND_FITNESS,4.7,12.0,6.3,500.0,Free,0.0,Everyone,Health & Fitness,"July 12, 2018",3.1.2,4.1 and up,0.0,July,0
CampGladiator,HEALTH_AND_FITNESS,3.5,293.0,19.0,50000.0,Free,0.0,Everyone,Health & Fitness,"July 20, 2018",2.4.43,4.1 and up,0.0,July,0
CG Creative Sets: 2D/3D Artist,NEWS_AND_MAGAZINES,4.3,117.0,5.0,10000.0,Free,0.0,Everyone,News & Magazines,"June 22, 2016",3.1,4.0.3 and up,0.0,June,0
CG Daily News,NEWS_AND_MAGAZINES,4.3,65.0,3.5,10000.0,Free,0.0,Everyone,News & Magazines,"April 29, 2018",8.2,4.0.3 and up,0.0,April,0
CG - Calendars Add-On,PRODUCTIVITY,3.6,49.0,2.3,5000.0,Free,0.0,Everyone 10+,Productivity,"July 29, 2015",1.0.1,4.0 and up,0.0,July,0
All Info about Cg,FAMILY,4.7,15.0,4.1,1000.0,Free,0.0,Teen,Education,"November 10, 2017",7.4,2.3 and up,0.0,November,0
cg guruji,FAMILY,4.5,170.0,4.1,10000.0,Free,0.0,Everyone,Education,"November 14, 2017",7.2,2.3 and up,0.0,November,0
CG Yojna & Jansampark,FAMILY,4.0,54.0,4.1,5000.0,Free,0.0,Teen,Education,"September 12, 2017",7.2,2.3 and up,0.0,September,0
Offline Jízdní řády CG Transit,MAPS_AND_NAVIGATION,4.6,7314.0,7.0,100000.0,Free,0.0,Everyone,Maps & Navigation,"September 7, 2017",3.1.4,4.0 and up,0.0,September,0
CG Prints,PHOTOGRAPHY,5.0,1.0,2.3,100.0,Free,0.0,Everyone,Photography,"January 24, 2017",1.0.5,4.3 and up,0.0,January,0
CG Job Alerts,FAMILY,4.2,116.0,4.1,10000.0,Free,0.0,Everyone,Education,"September 11, 2017",7.2,2.3 and up,0.0,September,0
CG - Conference Call Add-On,PRODUCTIVITY,4.3,6.0,1.1,1000.0,Free,0.0,Everyone,Productivity,"August 2, 2018",1.2,4.0 and up,0.0,August,0
Somos CG,PRODUCTIVITY,4.3,2.0,18.0,100.0,Free,0.0,Everyone,Productivity,"April 26, 2018",1.2.0,4.1 and up,0.0,April,0
CG Samanya Gyan,FAMILY,4.2,145.0,4.1,10000.0,Free,0.0,Teen,Education,"September 12, 2017",7.2,2.3 and up,0.0,September,0
CG Smart,SPORTS,4.3,2.0,1.5,100.0,Free,0.0,Everyone,Sports,"August 12, 2016",1.4,4.0.3 and up,0.0,August,0
CG Freelancer,NEWS_AND_MAGAZINES,4.7,10.0,2.3,1000.0,Free,0.0,Everyone,News & Magazines,"July 30, 2014",2.0.1,4.1 and up,0.0,July,0
CG Wallpapers,FAMILY,4.5,11.0,3.5,500.0,Free,0.0,Mature 17+,Entertainment,"June 19, 2018",12.1,4.0.3 and up,0.0,June,0
Best CG Backgrounds,FAMILY,3.6,8.0,3.7,500.0,Free,0.0,Everyone,Entertainment,"May 20, 2018",8.0,4.0.3 and up,0.0,May,0
CG Districts,SOCIAL,3.8,14.0,13.0,1000.0,Free,0.0,Everyone,Social,"May 3, 2018",Varies with device,Varies with device,0.0,May,0
Amazing CG Backgrounds,FAMILY,4.2,34.0,4.0,1000.0,Free,0.0,Everyone,Entertainment,"May 17, 2018",9.0,4.0.3 and up,0.0,May,0
CG BILASPUR CARNIVAL,EVENTS,3.8,59.0,1.8,5000.0,Free,0.0,Everyone,Events,"April 11, 2018",1.5,4.0 and up,0.0,April,0
Chat Anónimo Gratis Español CG,DATING,3.5,69.0,4.0,5000.0,Free,0.0,Everyone,Dating,"July 10, 2017",1.0.2,2.3 and up,0.0,July,0
CG Shikshak Mitan,TOOLS,4.1,295.0,3.8,50000.0,Free,0.0,Everyone,Tools,"March 5, 2018",1.1,5.0 and up,0.0,March,0
CG 3D Model Viewer: view 3D models interactively,TOOLS,4.3,0.0,10.0,100.0,Free,0.0,Everyone,Tools,"July 26, 2018",1.0.4.91,4.4 and up,0.0,July,0
CG Wizard,TOOLS,4.3,6.0,1.3,100.0,Free,0.0,Everyone,Tools,"May 22, 2018",1.6d,5.0 and up,0.0,May,0
CG FM,FAMILY,5.0,2.0,6.6,500.0,Free,0.0,Everyone,Entertainment,"January 31, 2018",1.0.9,4.1 and up,0.0,January,0
ASCP® CG Exam Flashcards 2018,FAMILY,4.3,0.0,4.1,100.0,Free,0.0,Everyone,Education,"June 13, 2017",1.0,4.3 and up,0.0,June,0
Best CG views,FAMILY,4.2,4.0,2.5,100.0,Free,0.0,Teen,Entertainment,"June 24, 2015",5.1,3.0 and up,0.0,June,0
Bhunaksha CG,TOOLS,4.1,67.0,4.1,10000.0,Free,0.0,Everyone,Tools,"May 7, 2018",1.0.0,4.1 and up,0.0,May,0
My CG,PRODUCTIVITY,4.3,0.0,13.0,10.0,Free,0.0,Teen,Productivity,"August 2, 2018",Varies with device,Varies with device,0.0,August,0
Best CG Photography,FAMILY,4.3,1.0,2.5,500.0,Free,0.0,Unrated,Entertainment,"June 24, 2015",5.2,3.0 and up,0.0,June,0
BF CG View Wallpapers,FAMILY,3.6,13.0,2.5,1000.0,Free,0.0,Teen,Entertainment,"June 19, 2015",3.0,3.0 and up,0.0,June,0
CG Sanyukt Bharti Pariksha 2018,FAMILY,4.3,14.0,4.3,1000.0,Free,0.0,Teen,Education,"January 10, 2018",7.4,2.3 and up,0.0,January,0
Betting Tips / Sports Tips by CG Tipster,SPORTS,4.1,315.0,7.7,10000.0,Free,0.0,Everyone,Sports,"July 18, 2018",6.95,4.4 and up,0.0,July,0
CG Shikshak,FAMILY,4.4,211.0,6.8,10000.0,Free,0.0,Everyone,Education,"July 5, 2016",2.0,4.0.3 and up,0.0,July,0
CG Vidhansabha Chunav 2018,NEWS_AND_MAGAZINES,4.3,0.0,3.4,100.0,Free,0.0,Teen,News & Magazines,"April 12, 2018",8.1,4.0.3 and up,0.0,April,0
gps tracker cg,TOOLS,4.3,0.0,1.4,50.0,Free,0.0,Everyone,Tools,"May 27, 2017",1.0,4.1 and up,0.0,May,0
CG Backgrounds,FAMILY,4.0,8.0,3.6,500.0,Free,0.0,Everyone,Entertainment,"June 19, 2018",8.1,4.0.3 and up,0.0,June,0
CG - Chemistry free,FAMILY,5.0,7.0,2.3,1000.0,Free,0.0,Everyone,Education,"May 25, 2018",1.0,4.0.3 and up,0.0,May,0
CG Jobs,FAMILY,5.0,8.0,14.0,10.0,Free,0.0,Everyone,Education,"August 1, 2018",1.1,4.2 and up,0.0,August,0
CG Patwari Exam,FAMILY,3.8,28.0,4.1,1000.0,Free,0.0,Teen,Education,"October 23, 2017",7.2,2.3 and up,0.0,October,0
Naidunia: MP News & CG News,NEWS_AND_MAGAZINES,4.3,2746.0,8.7,100000.0,Free,0.0,Everyone,News & Magazines,"April 9, 2018",3.2,4.1 and up,0.0,April,0
BF CG Abstract Pictures,FAMILY,4.7,6.0,2.5,1000.0,Free,0.0,Teen,Entertainment,"June 19, 2015",2.7,3.0 and up,0.0,June,0
Bhuiyan Land Records Chhattisgarh (CG),NEWS_AND_MAGAZINES,4.5,12.0,2.9,5000.0,Free,0.0,Everyone,News & Magazines,"February 3, 2018",1.1,4.1 and up,0.0,February,0
CG JOKES - Copy & Share,FAMILY,4.4,31.0,4.3,1000.0,Free,0.0,Everyone,Entertainment,"June 3, 2018",1.1,4.0 and up,0.0,June,0
20 minutes (CH),NEWS_AND_MAGAZINES,3.7,4379.0,13.0,1000000.0,Free,0.0,Teen,News & Magazines,"August 3, 2018",Varies with device,Varies with device,0.0,August,0
"OurHome – chores, rewards, groceries and calendar",FAMILY,4.3,3146.0,13.0,100000.0,Free,0.0,Everyone,Lifestyle;Education,"January 31, 2018",3.13.2,4.1 and up,0.0,January,0
CH info,NEWS_AND_MAGAZINES,3.9,45.0,15.0,5000.0,Free,0.0,Everyone,News & Magazines,"February 20, 2018",6.0.0.12,4.4 and up,0.0,February,0
Flo's CH Boss Timer,FAMILY,3.5,163.0,3.4,1000.0,Free,0.0,Everyone,Role Playing,"March 27, 2017",1.2,4.0.3 and up,0.0,March,0
20 Minuten (CH),NEWS_AND_MAGAZINES,3.5,14153.0,13.0,1000000.0,Free,0.0,Everyone 10+,News & Magazines,"August 3, 2018",Varies with device,Varies with device,0.0,August,0
Calvary.ch App,LIFESTYLE,4.4,10.0,7.7,500.0,Free,0.0,Teen,Lifestyle,"June 25, 2018",3.8.0,4.1 and up,0.0,June,0
autolina.ch has over 120'000 cars on offer.,AUTO_AND_VEHICLES,4.2,25.0,6.5,10000.0,Free,0.0,Everyone,Auto & Vehicles,"August 2, 2017",1.02,4.2 and up,0.0,August,0
Digi-TV.ch,SOCIAL,4.3,62.0,25.0,10000.0,Free,0.0,Teen,Social,"May 3, 2018",7.1.29,4.2 and up,0.0,May,0
retteMi.ch,COMMUNICATION,4.3,31.0,13.0,5000.0,Free,0.0,Everyone,Communication,"April 28, 2018",Varies with device,Varies with device,0.0,April,0
Chrome Canary (Unstable),PRODUCTIVITY,4.3,21866.0,13.0,1000000.0,Free,0.0,Everyone,Productivity,"August 4, 2018",70.0.3512.0,Varies with device,0.0,August,0
waut.ch!,FAMILY,4.5,10.0,2.5,100.0,Free,0.0,Everyone,Educational,"June 30, 2018",fcbd82b2-dd5b-41d2-af62-432271c42921,2.0 and up,0.0,June,0
search.ch,TRAVEL_AND_LOCAL,4.4,11514.0,2.2,500000.0,Free,0.0,Everyone,Travel & Local,"March 29, 2018",5.5,4.0 and up,0.0,March,0
homegate.ch,HOUSE_AND_HOME,4.2,2543.0,4.6,100000.0,Free,0.0,Everyone,House & Home,"July 27, 2018",8.4.2,5.0 and up,0.0,July,0
tutti.ch - Free Classifieds,SHOPPING,4.4,9950.0,15.0,500000.0,Free,0.0,Everyone,Shopping,"July 18, 2018",3.7.1,4.1 and up,0.0,July,0
Legit Check App by Ch Daniel,LIFESTYLE,4.9,66.0,8.1,1000.0,Free,0.0,Everyone,Lifestyle,"July 18, 2018",1.0,4.1 and up,0.0,July,0
swissinfo.ch,NEWS_AND_MAGAZINES,3.9,271.0,9.6,50000.0,Free,0.0,Everyone 10+,News & Magazines,"July 18, 2018",3.3.0,4.4 and up,0.0,July,0
Students.ch,SOCIAL,4.3,5.0,13.0,1000.0,Free,0.0,Teen,Social,"June 11, 2018",1.0.12,4.0 and up,0.0,June,0
CH Kadels,BUSINESS,4.4,36.0,10.0,1000.0,Free,0.0,Everyone,Business,"March 26, 2018",1.0.2,4.1 and up,0.0,March,0
Sermon on Proverbs CH Spurgeon,GAME,4.8,35.0,3.1,10000.0,Free,0.0,Everyone,Trivia,"July 29, 2016",1.0.0,4.0 and up,0.0,July,0
ricardo.ch,SHOPPING,4.0,13232.0,27.0,500000.0,Free,0.0,Everyone,Shopping,"July 21, 2018",7.5.1,4.1 and up,0.0,July,0
usgang.ch,LIFESTYLE,3.7,492.0,13.0,100000.0,Free,0.0,Everyone 10+,Lifestyle,"June 11, 2018",3.0.7,4.1 and up,0.0,June,0
"Startupticker.ch News, Events",NEWS_AND_MAGAZINES,5.0,4.0,10.0,100.0,Free,0.0,Everyone,News & Magazines,"July 23, 2018",2.0.0,4.4 and up,0.0,July,0
Green Build - An unofficial Travis CI client,TOOLS,3.9,7.0,3.2,100.0,Free,0.0,Everyone,Tools,"June 6, 2018",1.2.1,5.0 and up,0.0,June,0
mySharpBranded CI Test,TOOLS,4.3,0.0,0.876953125,1.0,Free,0.0,Everyone,Tools,"October 4, 2017",1.0.7,4.2 and up,0.0,October,0
Valmet CI Tool,BUSINESS,4.3,1.0,3.7,500.0,Free,0.0,Everyone,Business,"March 13, 2018",0.0.6,4.0 and up,0.0,March,0
CI Remote for Go,PRODUCTIVITY,4.6,20.0,13.0,100.0,Free,0.0,Everyone,Productivity,"July 2, 2018",Varies with device,Varies with device,0.0,July,0
CI MOBI,FAMILY,4.3,108.0,42.0,5000.0,Free,0.0,Everyone,Education,"October 7, 2017",1.2.1,4.0 and up,0.0,October,0
Supply Travis-CI POC,LIBRARIES_AND_DEMO,4.3,0.0,1.2,10.0,Free,0.0,Everyone,Libraries & Demo,"July 20, 2016",1.0.7,4.0.3 and up,0.0,July,0
CI Crew,FAMILY,4.3,1.0,30.0,100.0,Free,0.0,Everyone,Entertainment,"March 8, 2018",0.7,2.3.3 and up,0.0,March,0
Pharmacy CI - Pharmacies de garde Côte d'Ivoire,HEALTH_AND_FITNESS,4.5,5509.0,3.2,100000.0,Free,0.0,Everyone,Health & Fitness,"July 3, 2018",4.7.0 Phoenix,4.0.3 and up,0.0,July,0
CI Staff App,LIFESTYLE,4.3,0.0,10.0,10.0,Free,0.0,Everyone,Lifestyle,"October 4, 2017",1.0.7,4.1 and up,0.0,October,0
IQ Test,PRODUCTIVITY,4.2,1623.0,1.8,100000.0,Free,0.0,Everyone,Productivity,"March 6, 2018",1.8,2.3 and up,0.0,March,0
1st Fed CI Mobile Banking,FINANCE,4.3,0.0,31.0,500.0,Free,0.0,Everyone,Finance,"September 29, 2016",6.0.0.1775,4.1 and up,0.0,September,0
CI Dictionary,FAMILY,4.6,31.0,3.2,1000.0,Free,0.0,Everyone,Education,"September 1, 2015",1.0,4.0.3 and up,0.0,September,0
RGN CI-Control,BUSINESS,4.3,0.0,6.0,50.0,Free,0.0,Everyone,Business,"May 28, 2018",1.2,4.1 and up,0.0,May,0
CI Time,PRODUCTIVITY,4.3,4.0,2.5,100.0,Free,0.0,Everyone,Productivity,"March 17, 2017",1.2.392,4.0 and up,0.0,March,0
CI View,BUSINESS,4.3,2.0,9.9,100.0,Free,0.0,Everyone,Business,"April 19, 2017",2.9,4.1 and up,0.0,April,0
Ci - Logistics Group,BUSINESS,4.3,1.0,10.0,50.0,Free,0.0,Everyone,Business,"March 4, 2015",1.0.0,4.0 and up,0.0,March,0
Annonces.ci,SHOPPING,4.3,14.0,5.2,1000.0,Free,0.0,Everyone,Shopping,"April 5, 2016",1.0.3,3.0 and up,0.0,April,0
C I Patel School,FAMILY,4.1,101.0,5.1,1000.0,Free,0.0,Everyone,Education,"March 10, 2017",1.3,4.0 and up,0.0,March,0
CI Screwed - Icon Pack,PERSONALIZATION,4.7,19.0,6.4,1000.0,Free,0.0,Everyone,Personalization,"June 30, 2016",1.5,4.0.3 and up,0.0,June,0
CI Stream,VIDEO_PLAYERS,4.3,0.0,14.0,10.0,Free,0.0,Everyone,Video Players & Editors,"July 12, 2018",1.0,4.4 and up,0.0,July,0
Majestic Cinema CI,BUSINESS,4.3,45.0,15.0,5000.0,Free,0.0,Everyone,Business,"November 23, 2017",1.2.0,4.0 and up,0.0,November,0
Bonjour 2017 Abidjan CI ❤❤❤❤❤,FAMILY,4.3,235.0,3.3,10000.0,Free,0.0,Everyone,Entertainment,"February 16, 2017",1.0.2.0,2.0 and up,0.0,February,0
Pharmacie de Garde CI et Prix,HEALTH_AND_FITNESS,4.4,2599.0,6.9,100000.0,Free,0.0,Mature 17+,Health & Fitness,"January 9, 2018",3.0.5.0,2.0 and up,0.0,January,0
CI Capital - Dynamic,FINANCE,4.8,4.0,5.1,50.0,Free,0.0,Everyone,Finance,"May 23, 2018",1.0.17.0423,5.0 and up,0.0,May,0
CI SA,BUSINESS,4.3,0.0,10.0,10.0,Free,0.0,Everyone,Business,"June 11, 2018",1.0.2,4.1 and up,0.0,June,0
Mesure CI,TOOLS,4.3,9.0,6.6,500.0,Free,0.0,Everyone,Tools,"October 4, 2016",1.0.1,4.0 and up,0.0,October,0
Trovami se ci riesci,GAME,5.0,11.0,6.1,10.0,Free,0.0,Everyone,Arcade,"March 11, 2017",0.1,2.3 and up,0.0,March,0
CircleCI Viewer,PRODUCTIVITY,4.6,16.0,3.2,1000.0,Free,0.0,Everyone,Productivity,"August 23, 2017",1.3.2,4.4 and up,0.0,August,0
Nur təfsiri 1-ci cild,LIBRARIES_AND_DEMO,5.0,15.0,1.4,1000.0,Free,0.0,Everyone,Libraries & Demo,"April 27, 2017",1.0,1.6 and up,0.0,April,0
Calculate My IQ,FAMILY,4.3,44.0,7.2,10000.0,Free,0.0,Everyone,Entertainment,"April 3, 2017",Varies with device,2.3 and up,0.0,April,0
CI CAFETERIAS UBER,PRODUCTIVITY,4.3,0.0,2.8,100.0,Free,0.0,Everyone,Productivity,"June 11, 2018",18.6.5,4.4 and up,0.0,June,0
Mizanul-Hikmət 2-ci cild,LIBRARIES_AND_DEMO,4.3,16.0,0.7255859375,1000.0,Free,0.0,Everyone,Libraries & Demo,"January 4, 2017",1.0,1.6 and up,0.0,January,0
CJ SO COOL,FAMILY,4.5,145.0,14.0,10000.0,Free,0.0,Everyone,Entertainment,"July 11, 2018",1.0,4.2 and up,0.0,July,0
CJ: Strike Back,GAME,4.3,29330.0,6.9,1000000.0,Free,0.0,Everyone,Action,"August 17, 2012",1.0.9,2.0.1 and up,0.0,August,0
CJ Gospel Hour,SOCIAL,5.0,7.0,18.0,100.0,Free,0.0,Everyone,Social,"July 25, 2018",1.0,4.4 and up,0.0,July,0
CJ's Tire & Automotive,AUTO_AND_VEHICLES,4.0,5.0,34.0,1000.0,Free,0.0,Everyone,Auto & Vehicles,"July 30, 2018",2.8,2.3.3 and up,0.0,July,0
CJ Camcorder,VIDEO_PLAYERS,4.7,3.0,2.8,500.0,Free,0.0,Everyone,Video Players & Editors,"November 26, 2017",1.0,4.0 and up,0.0,November,0
CJ'S TIRE AND AUTO INC.,PRODUCTIVITY,5.0,5.0,11.0,100.0,Free,0.0,Everyone,Productivity,"May 30, 2018",1.0.1,4.1 and up,0.0,May,0
CJ Browser - Fast & Private,COMMUNICATION,4.2,5.0,15.0,100.0,Free,0.0,Everyone,Communication,"November 7, 2017",1.0,4.0 and up,0.0,November,0
CJ WOW SHOP,SHOPPING,4.2,2099.0,4.0,100000.0,Free,0.0,Everyone,Shopping,"December 23, 2017",1.1.1,4.0.3 and up,0.0,December,0
CJ VLC HD Remote (+ Stream),VIDEO_PLAYERS,4.2,4074.0,1.3,500000.0,Free,0.0,Everyone,Video Players & Editors,"November 13, 2013",1.2.4,2.1 and up,0.0,November,0
CJ Poker Odds Calculator,GAME,4.1,207.0,0.11328125,50000.0,Free,0.0,Everyone,Card,"January 30, 2011",1.2,1.6 and up,0.0,January,0
CJ Apps,BUSINESS,4.3,0.0,24.0,10.0,Free,0.0,Everyone,Business,"April 10, 2018",2.1,4.1 and up,0.0,April,0
The CJ Rubric,HEALTH_AND_FITNESS,5.0,5.0,43.0,100.0,Free,0.0,Everyone,Health & Fitness,"December 5, 2017",The CJ Rubric 7.12.0,4.1 and up,0.0,December,0
Pekalongan CJ,SOCIAL,4.3,0.0,5.9,0.0,Free,0.0,Teen,Social,"July 21, 2018",0.0.1,4.4 and up,0.0,July,0
CJ's Coffee Cafe,TRAVEL_AND_LOCAL,5.0,6.0,2.4,500.0,Free,0.0,Everyone,Travel & Local,"August 21, 2017",7.5.0,4.0.3 and up,0.0,August,0
Codes for GTA San Andreas,FAMILY,3.8,12414.0,13.0,1000000.0,Free,0.0,Everyone,Entertainment,"August 4, 2017",1.0.0,4.1 and up,0.0,August,0
CJ Wilson's ZoomZoomnation,PRODUCTIVITY,4.0,4.0,8.2,500.0,Free,0.0,Everyone,Productivity,"July 11, 2018",3.5.3,4.0.3 and up,0.0,July,0
C J Academy,FAMILY,4.3,0.0,5.2,10.0,Free,0.0,Everyone,Education,"April 2, 2018",1.0,4.4 and up,0.0,April,0
Sir C J New Primary School,FAMILY,5.0,3.0,9.2,100.0,Free,0.0,Everyone,Education,"July 25, 2018",1.0.10,4.0 and up,0.0,July,0
CJ the REALTOR,BUSINESS,5.0,1.0,4.2,10.0,Free,0.0,Everyone,Business,"May 31, 2017",1.0.8,4.0.3 and up,0.0,May,0
CJ Infinity,FOOD_AND_DRINK,4.3,0.0,16.0,10.0,Free,0.0,Everyone,Food & Drink,"January 5, 2018",1.1,4.1 and up,0.0,January,0
CJ IT ApS,BUSINESS,4.3,0.0,18.0,10.0,Free,0.0,Everyone,Business,"July 2, 2015",1.31.62.109,4.0 and up,0.0,July,0
CJ Auto école,FAMILY,4.3,0.0,12.0,50.0,Free,0.0,Everyone,Education,"June 24, 2014",1.0,2.2 and up,0.0,June,0
Courier Journal,NEWS_AND_MAGAZINES,3.5,254.0,38.0,10000.0,Free,0.0,Everyone 10+,News & Magazines,"June 20, 2018",5.9.5,5.0 and up,0.0,June,0
San Andreas Crime City Gangster 3D,FAMILY,4.2,9403.0,13.0,1000000.0,Free,0.0,Teen,Simulation,"July 3, 2018",Varies with device,4.1 and up,0.0,July,0
Zombie Death Shooter,GAME,3.8,17372.0,45.0,1000000.0,Free,0.0,Mature 17+,Arcade,"August 8, 2015",1.3,2.3 and up,0.0,August,0
Project Grand Auto Town Sandbox Beta,GAME,3.7,7885.0,28.0,500000.0,Free,0.0,Mature 17+,Racing,"February 9, 2018",1.07,4.0 and up,0.0,February,0
Calvin Klein – US Store,SHOPPING,4.7,221.0,9.5,50000.0,Free,0.0,Teen,Shopping,"August 1, 2017",3.6.0,4.1 and up,0.0,August,0
CK FFXIV Companion,FAMILY,4.3,1364.0,5.2,100000.0,Free,0.0,Everyone,Entertainment,"July 12, 2018",4.3.5,2.3 and up,0.0,July,0
Calvin Klein Petite Dresses,BEAUTY,4.3,0.0,3.7,500.0,Free,0.0,Everyone,Beauty,"March 23, 2018",1,4.1 and up,0.0,March,0
Louis CK,FAMILY,4.7,244.0,25.0,10000.0,Free,0.0,Mature 17+,Entertainment,"October 11, 2017",1.2.0,4.1 and up,0.0,October,0
CK-12: Practice Math & Science,FAMILY,4.2,562.0,20.0,50000.0,Free,0.0,Everyone,Education;Education,"December 21, 2017",3.8.0.251918,4.1 and up,0.0,December,0
CK 初一 十五,LIFESTYLE,4.0,294.0,0.1494140625,10000.0,Free,0.0,Everyone,Lifestyle,"July 3, 2013",1.0.12,2.1 and up,0.0,July,0
ck-modelcars Shop,SHOPPING,4.5,118.0,6.4,5000.0,Free,0.0,Everyone,Shopping,"June 15, 2018",5.29.0,5.0 and up,0.0,June,0
Brainf*ck Interpreter,FAMILY,4.0,24.0,1.9,1000.0,Free,0.0,Mature 17+,Entertainment,"September 3, 2016",1.0.6,2.3 and up,0.0,September,0
ck-modelcars-UK Shop,SHOPPING,4.6,69.0,6.4,5000.0,Free,0.0,Everyone,Shopping,"June 15, 2018",5.29.0,5.0 and up,0.0,June,0
CK Multimedia - Gaming Accessories,SHOPPING,4.7,10.0,2.0,500.0,Free,0.0,Everyone,Shopping,"February 3, 2017",1.5,3.0 and up,0.0,February,0
CK SKILLZ,HEALTH_AND_FITNESS,4.3,0.0,8.6,50.0,Free,0.0,Everyone,Health & Fitness,"May 15, 2018",1.1.7,4.1 and up,0.0,May,0
CK-12 Physics Simulations,FAMILY,4.1,30.0,24.0,5000.0,Free,0.0,Everyone,Education;Education,"April 18, 2018",1.0.7,4.1 and up,0.0,April,0
211:CK Lite,GAME,4.3,3.0,39.0,10.0,Free,0.0,Mature 17+,Action,"September 22, 2017",1.0,4.1 and up,0.0,September,0
CK Employee Portal,BUSINESS,5.0,7.0,15.0,1000.0,Free,0.0,Everyone,Business,"January 5, 2017",1.0.1,4.1 and up,0.0,January,0
FML F*ck my life + widget,FAMILY,4.2,1415.0,0.2041015625,100000.0,Free,0.0,Everyone,Entertainment,"May 21, 2010",3.1,1.5 and up,0.0,May,0
USMLE Step 2 CK Cards Lite,FAMILY,4.0,28.0,1.5,5000.0,Free,0.0,Everyone,Education,"May 20, 2014",2.46,2.2 and up,0.0,May,0
Company Kitchen Inventory,BUSINESS,4.3,3.0,2.3,1000.0,Free,0.0,Everyone,Business,"July 16, 2015",2.38,4.0 and up,0.0,July,0
Tic Tac CK,FAMILY,5.0,3.0,13.0,10.0,Free,0.0,Everyone,Puzzle,"July 3, 2018",1.0,4.0.3 and up,0.0,July,0
INFAMY RO,FAMILY,4.1,2167.0,3.7,50000.0,Free,0.0,Everyone,Role Playing,"December 14, 2017",202,4.3 and up,0.0,December,0
CK Call NEW,COMMUNICATION,4.3,0.0,4.2,10.0,Free,0.0,Everyone,Communication,"April 26, 2017",3.8.8,2.2 and up,0.0,April,0
Ck Coif,LIFESTYLE,4.3,0.0,22.0,10.0,Free,0.0,Everyone,Lifestyle,"April 30, 2016",1.0,2.3 and up,0.0,April,0
CK Shop,TOOLS,4.3,13.0,8.1,1000.0,Free,0.0,Everyone,Tools,"May 9, 2018",1.1,5.0 and up,0.0,May,0
FlexBook,FAMILY,4.3,104.0,12.0,10000.0,Free,0.0,Everyone,Education;Education,"May 21, 2018",1.0.6,4.1 and up,0.0,May,0
Fu*** Weather (Funny Weather),WEATHER,4.7,20001.0,13.0,1000000.0,Free,0.0,Mature 17+,Weather,"July 26, 2018",Varies with device,Varies with device,0.0,July,0
OB-GYN USMLE Stp2 CK 300 Q & A,MEDICAL,4.4,34.0,4.9,10000.0,Free,0.0,Everyone,Medical,"May 16, 2015",1.2,2.0 and up,0.0,May,0
CK Active,HEALTH_AND_FITNESS,4.3,0.0,9.7,10.0,Free,0.0,Everyone,Health & Fitness,"February 27, 2018",3.0.6,4.0 and up,0.0,February,0
USMLE CK Clinical Knowledge Flashcards 2018 Ed,FAMILY,4.3,0.0,3.6,5.0,Free,0.0,Everyone,Education,"June 21, 2018",1.0,4.0.3 and up,0.0,June,0
Night Camera Blur Effect,PHOTOGRAPHY,3.6,100.0,2.5,10000.0,Free,0.0,Everyone,Photography,"August 5, 2018",4.2,4.2 and up,0.0,August,0
Camera V7 24 Megapixel,PHOTOGRAPHY,4.0,2480.0,2.5,100000.0,Free,0.0,Everyone,Photography,"August 1, 2018",4.0,4.1 and up,0.0,August,0
CL Mobile Pro - Classifieds for Craigslist,SHOPPING,4.1,1288.0,18.0,100000.0,Free,0.0,Mature 17+,Shopping,"July 9, 2018",48,4.1 and up,0.0,July,0
cloudLibrary,BOOKS_AND_REFERENCE,4.0,10774.0,35.0,100000.0,Free,0.0,Everyone,Books & Reference,"June 28, 2018",3.8.10,4.1 and up,0.0,June,0
"CL Reader for Craigslist(For sale, jobs, rental..)",TOOLS,4.1,61.0,6.3,1000.0,Free,0.0,Everyone,Tools,"September 14, 2017",1.9,4.1 and up,0.0,September,0
CL Pro App for Craigslist,SHOPPING,4.0,119.0,1.3,10000.0,Free,0.0,Everyone,Shopping,"July 1, 2017",CL Pro for Craigslist - Canada 150,4.0 and up,0.0,July,0
CL 2NE1 Wallpaper KPOP Fans HD,PERSONALIZATION,4.3,7.0,3.4,100.0,Free,0.0,Everyone,Personalization,"May 19, 2018",1.1.1,4.0 and up,0.0,May,0
CL 2ne1 Wallpaper KPOP HD Best,PERSONALIZATION,4.3,3.0,3.4,10.0,Free,0.0,Everyone,Personalization,"July 9, 2018",1.1.1,4.0 and up,0.0,July,0
CL 2ne1 Wallpaper KPOP UHD Fans,PERSONALIZATION,4.3,1.0,3.4,10.0,Free,0.0,Everyone,Personalization,"July 15, 2018",1.1.1,4.0 and up,0.0,July,0
CL REPL,TOOLS,5.0,47.0,17.0,1000.0,Free,0.0,Everyone,Tools,"April 10, 2018",1.0.19,4.1 and up,0.0,April,0
CL Pro Client for Craigslist,SHOPPING,3.6,48.0,2.2,5000.0,Free,0.0,Everyone,Shopping,"September 10, 2016",Bowser4Craigslist,4.0 and up,0.0,September,0
DAILY: Free Classifieds App for Android,LIFESTYLE,4.1,5025.0,13.0,500000.0,Free,0.0,Mature 17+,Lifestyle,"August 2, 2018",Varies with device,Varies with device,0.0,August,0
App for Craigslist Pro - Buy & Sell Postings,LIFESTYLE,4.3,707.0,5.0,100000.0,Free,0.0,Everyone,Lifestyle,"May 9, 2018",App copyright,4.1 and up,0.0,May,0
Pro App for Craigslist,SHOPPING,4.1,5618.0,4.6,500000.0,Free,0.0,Teen,Shopping,"May 9, 2018",Copyright,4.1 and up,0.0,May,0
Old: CL-150,FAMILY,3.8,120.0,24.0,10000.0,Free,0.0,Everyone,Education,"May 21, 2018",1.1.7,4.0.3 and up,0.0,May,0
CL Keyboard - Myanmar Keyboard (No Ads),TOOLS,5.0,24.0,3.2,5000.0,Free,0.0,Everyone,Tools,"June 13, 2018",1.1.3,4.3 and up,0.0,June,0
Cl-app!,SPORTS,4.3,41.0,0.3447265625,10000.0,Free,0.0,Everyone,Sports,"May 2, 2013",1.1.11,2.0 and up,0.0,May,0
CL Notifier,TOOLS,5.0,36.0,3.2,100.0,Free,0.0,Teen,Tools,"August 2, 2017",1.0,4.0 and up,0.0,August,0
New CL 2ne1 Wallpaper KPOP live,PERSONALIZATION,4.3,0.0,3.4,1.0,Free,0.0,Everyone,Personalization,"August 1, 2018",1.1.1,4.0 and up,0.0,August,0
CL 2ne1 Wallpaper KPOP Fans All,PERSONALIZATION,4.3,0.0,3.4,1.0,Free,0.0,Everyone,Personalization,"July 29, 2018",1.1.1,4.0 and up,0.0,July,0
CL-Phlebotomist,MEDICAL,4.7,19.0,7.3,100.0,Free,0.0,Everyone,Medical,"June 16, 2018",1.0.23,4.1 and up,0.0,June,0
CL-Customer Care,HEALTH_AND_FITNESS,4.3,2.0,6.8,5.0,Free,0.0,Everyone,Health & Fitness,"June 14, 2018",1.3,4.0.3 and up,0.0,June,0
CL Pebble Apps,LIFESTYLE,3.6,67.0,0.4873046875,5000.0,Free,0.0,Everyone,Lifestyle,"December 23, 2015",3.5,4.0 and up,0.0,December,0
MPS CL,TOOLS,4.3,1.0,3.2,10.0,Free,0.0,Everyone,Tools,"May 24, 2018",1.0.3,4.0.3 and up,0.0,May,0
Turnotronik CL,TOOLS,4.3,1.0,3.3,10.0,Free,0.0,Everyone,Tools,"May 24, 2018",1.0.3,4.0.3 and up,0.0,May,0
CL e-bank,FINANCE,4.0,210.0,3.7,10000.0,Free,0.0,Everyone,Finance,"July 30, 2018",1.5.5,4.2 and up,0.0,July,0
E2CR CL,LIFESTYLE,4.3,0.0,25.0,10.0,Free,0.0,Everyone,Lifestyle,"June 30, 2017",1.0,4.1 and up,0.0,June,0
Wallpapers Mercedes Benz CL,PERSONALIZATION,4.3,2.0,12.0,100.0,Free,0.0,Teen,Personalization,"March 5, 2017",1.0,4.1 and up,0.0,March,0
Color CL,LIFESTYLE,5.0,2.0,1.3,100.0,Free,0.0,Everyone,Lifestyle,"February 2, 2017",1.01,4.0.3 and up,0.0,February,0
CL Strength,HEALTH_AND_FITNESS,5.0,3.0,40.0,50.0,Free,0.0,Everyone,Health & Fitness,"June 27, 2018",CL Strength 7.12.1,4.1 and up,0.0,June,0
CL-App,MEDICAL,4.7,6.0,5.2,100.0,Free,0.0,Everyone,Medical,"February 17, 2017",1.1,4.0 and up,0.0,February,0
"CM Security Open VPN - Free, fast unlimited proxy",TOOLS,4.6,85496.0,5.8,1000000.0,Free,0.0,Everyone,Tools,"February 14, 2018",1.6.2,4.0.3 and up,0.0,February,0
CM Apps,TOOLS,3.8,3341.0,1.9,100000.0,Free,0.0,Everyone,Tools,"April 17, 2016",4.5,4.2 and up,0.0,April,0
CM AppLock,TOOLS,4.1,843.0,3.6,100000.0,Free,0.0,Everyone,Tools,"February 25, 2016",2.0.0,4.0 and up,0.0,February,0
CM Launcher Default Theme,PERSONALIZATION,4.5,3989.0,1.1,100000.0,Free,0.0,Everyone,Personalization,"September 11, 2015",1.1.1,4.0 and up,0.0,September,0
Inch/cm/Foot Conversion,PRODUCTIVITY,4.0,319.0,2.1,100000.0,Free,0.0,Everyone,Productivity,"August 20, 2017",2.0.1,2.3.3 and up,0.0,August,0
"Speed Booster - Ram, Battery & Game Speed Booster",TOOLS,4.7,85079.0,2.8,1000000.0,Free,0.0,Everyone,Tools,"July 17, 2018",1.0.4,2.3 and up,0.0,July,0
Technology CM Locker Theme,PERSONALIZATION,4.4,10093.0,5.5,1000000.0,Free,0.0,Everyone,Personalization,"February 26, 2016",1.0.0,4.0 and up,0.0,February,0
Melior NUI - Material CM Theme,PERSONALIZATION,4.7,1873.0,14.0,100000.0,Free,0.0,Everyone,Personalization,"November 7, 2016",Varies with device,Varies with device,0.0,November,0
Height Converter feet-inch cm,TOOLS,4.2,498.0,0.5830078125,100000.0,Free,0.0,Everyone,Tools,"October 22, 2013",1.0,2.2 and up,0.0,October,0
CM Secure Browser (Authorized),TOOLS,4.2,1147.0,2.7,100000.0,Free,0.0,Everyone,Tools,"October 2, 2017",1.1.6,4.0 and up,0.0,October,0
📏 Smart Ruler ↔️ cm/inch measuring for homework!,TOOLS,4.0,19.0,3.2,10000.0,Free,0.0,Everyone,Tools,"October 21, 2017",1.0,4.2 and up,0.0,October,0
Ruler cm,TOOLS,3.6,661.0,0.7900390625,100000.0,Free,0.0,Everyone,Tools,"September 10, 2014",2.1,2.2 and up,0.0,September,0
"Length Converter: convert mm,cm,m, feet,yard,mile",TOOLS,4.7,76.0,2.2,50000.0,Free,0.0,Everyone,Tools,"April 5, 2018",1.4,4.0.3 and up,0.0,April,0
CM AppLock Fingerprint 2018,TOOLS,4.4,1264.0,8.2,100000.0,Free,0.0,Everyone,Tools,"August 6, 2018",4.0.4,4.3 and up,0.0,August,0
"m, cm, mm to yard, feet, inch converter tool",TOOLS,4.3,246.0,2.8,100000.0,Free,0.0,Everyone,Tools,"February 6, 2018",1.1,4.0 and up,0.0,February,0
Speed Car CM Locker Theme,PERSONALIZATION,4.4,7519.0,4.0,500000.0,Free,0.0,Everyone,Personalization,"January 26, 2016",1.0.1,4.0 and up,0.0,January,0
Calculator CM,TOOLS,4.4,8.0,1.8,500.0,Free,0.0,Everyone,Tools,"March 9, 2015",1.0,2.3 and up,0.0,March,0
Inches to cm conversion,TOOLS,4.4,29.0,0.068359375,10000.0,Free,0.0,Everyone,Tools,"January 14, 2015",1.4,4.0 and up,0.0,January,0
Vintage Flower CM Locker Theme,PERSONALIZATION,4.3,2910.0,2.3,500000.0,Free,0.0,Everyone,Personalization,"January 24, 2016",1.0.0,4.0 and up,0.0,January,0
CM S Pen Add-on(ROOT),TOOLS,3.6,373.0,0.119140625,10000.0,Free,0.0,Everyone,Tools,"February 24, 2017",1.0.9,4.1 and up,0.0,February,0
Ruler,TOOLS,4.5,27180.0,4.1,1000000.0,Free,0.0,Everyone,Tools,"July 6, 2018",3.24,4.1 and up,0.0,July,0
My Style CM 13 Theme,PERSONALIZATION,4.5,314.0,11.0,10000.0,Free,0.0,Everyone,Personalization,"September 8, 2016",1.9,5.0 - 6.0,0.0,September,0
"Ruler & Area Measurement (cm, inch)",TOOLS,4.3,10.0,8.2,10000.0,Free,0.0,Everyone,Tools,"July 28, 2017",1.2,4.1 and up,0.0,July,0
Inches to Centimeters,TOOLS,3.6,949.0,0.4013671875,100000.0,Free,0.0,Everyone,Tools,"April 13, 2018",3.0,1.6 and up,0.0,April,0
"cm, mm to inch, feet converter tool",PRODUCTIVITY,4.3,176.0,2.3,100000.0,Free,0.0,Everyone,Productivity,"September 27, 2016",1.1,2.3.3 and up,0.0,September,0
City light CM Locker Theme,PERSONALIZATION,4.4,6271.0,5.7,500000.0,Free,0.0,Everyone,Personalization,"February 24, 2016",1.0.0,4.0 and up,0.0,February,0
Speed Test - WiFi / Cellular speed test,TOOLS,4.1,24226.0,13.0,1000000.0,Free,0.0,Everyone,Tools,"June 27, 2017",1.0.5,Varies with device,0.0,June,0
cm to inches | centimeters to inches conversion,TOOLS,4.8,52.0,1.9,5000.0,Free,0.0,Everyone,Tools,"May 7, 2018",1.3.2,4.0 and up,0.0,May,0
In to cm,TOOLS,4.3,0.0,2.3,10.0,Free,0.0,Everyone,Tools,"April 5, 2018",1.1,4.0.3 and up,0.0,April,0
CN Summer Challenge,FAMILY,3.7,985.0,49.0,100000.0,Free,0.0,Everyone,Entertainment;Brain Games,"May 24, 2018",1.1,4.4 and up,0.0,May,0
CN Sayin' - Cartoon Network,FAMILY,4.5,85.0,25.0,10000.0,Free,0.0,Everyone,Entertainment,"March 27, 2018",1.22,4.4 and up,0.0,March,0
Cartoon Network Match Land,FAMILY,4.7,21979.0,38.0,1000000.0,Free,0.0,Everyone,Puzzle,"July 9, 2018",1.1.3,5.1 and up,0.0,July,0
Blamburger - Clarence,FAMILY,4.1,30444.0,27.0,1000000.0,Free,0.0,Everyone 10+,Arcade;Action & Adventure,"October 26, 2015",1.0.5,4.3 and up,0.0,October,0
[adult swim],FAMILY,3.6,21433.0,21.0,1000000.0,Free,0.0,Mature 17+,Entertainment,"May 29, 2018",3.0.1805181047,5.0 and up,0.0,May,0
Dreamland Arcade - Steven Universe,GAME,4.0,6386.0,24.0,500000.0,Free,0.0,Everyone,Arcade,"November 19, 2017",0.99,5.1 and up,0.0,November,0
Burrito Bash – We Bare Bears,FAMILY,4.3,10776.0,21.0,1000000.0,Free,0.0,Everyone,Arcade;Action & Adventure,"October 26, 2017",3.4,4.1 and up,0.0,October,0
LEGO® TV,FAMILY,3.7,17250.0,7.2,1000000.0,Free,0.0,Everyone 10+,Entertainment;Music & Video,"August 4, 2018",4.0.2,5.0 and up,0.0,August,0
Boomerang,FAMILY,4.2,13519.0,51.0,1000000.0,Free,0.0,Everyone,Entertainment;Music & Video,"July 27, 2018",2.18,5.0 and up,0.0,July,0
Champions and Challengers - Adventure Time,FAMILY,4.6,51973.0,27.0,1000000.0,Free,0.0,Everyone,Role Playing,"August 2, 2018",1.2.5,4.4 and up,0.0,August,0
CN TV Canal 3 - Cable Netword,FAMILY,4.3,5.0,16.0,1000.0,Free,0.0,Everyone,Entertainment,"February 10, 2018",2.0,4.0.3 and up,0.0,February,0
Little Lovely Dentist,FAMILY,4.2,17786.0,16.0,1000000.0,Free,0.0,Everyone,Casual,"May 14, 2018",1.1.8,4.0 and up,0.0,May,0
Foods Co,SHOPPING,4.3,199.0,25.0,10000.0,Free,0.0,Everyone,Shopping,"August 2, 2018",14.2.1,5.0 and up,0.0,August,0
AND CO,FINANCE,4.5,175.0,12.0,10000.0,Free,0.0,Everyone,Finance,"August 3, 2018",2.2.0,5.0 and up,0.0,August,0
Co-op CRS,LIFESTYLE,3.6,581.0,26.0,100000.0,Free,0.0,Everyone,Lifestyle,"March 4, 2018",2.4.3,4.4 and up,0.0,March,0
VCalendar - VenkatRama and Co,LIFESTYLE,4.3,87.0,3.9,10000.0,Free,0.0,Everyone,Lifestyle,"March 16, 2018",1.2,4.1 and up,0.0,March,0
mail.co.uk Mail,COMMUNICATION,4.2,21.0,8.7,5000.0,Free,0.0,Everyone,Communication,"July 24, 2018",1.1.0,4.0.3 and up,0.0,July,0
Aquarium Co-Op Podcast,LIFESTYLE,4.9,206.0,3.9,1000.0,Free,0.0,Everyone,Lifestyle,"June 20, 2017",2.3.13,4.2 and up,0.0,June,0
MobileBiz Co - Cloud Invoice,BUSINESS,4.4,373.0,4.0,10000.0,Free,0.0,Everyone,Business,"February 16, 2018",1.3.4,2.0 and up,0.0,February,0
Supermarket Cashier Kids Games,FAMILY,3.6,32416.0,13.0,1000000.0,Free,0.0,Everyone,Educational,"July 10, 2017",Varies with device,Varies with device,0.0,July,0
Alex & Co Quiz,GAME,4.3,9.0,4.9,1000.0,Free,0.0,Everyone,Trivia,"April 15, 2018",1.2,4.1 and up,0.0,April,0
Them Bombs: co-op board game play with 2-4 friends,GAME,4.7,8038.0,52.0,100000.0,Free,0.0,Teen,Board,"July 12, 2018",1.4.1,4.1 and up,0.0,July,0
Websites.co.in Instant Website,BUSINESS,4.3,327.0,13.0,10000.0,Free,0.0,Everyone,Business,"June 25, 2018",1.48,4.1 and up,0.0,June,0
Co-op Credit Union on the Go,FINANCE,4.4,5.0,30.0,1000.0,Free,0.0,Everyone,Finance,"April 25, 2018",18.1.79,5.0 and up,0.0,April,0
Hashtags For Likes.co,SOCIAL,4.3,420.0,18.0,50000.0,Free,0.0,Everyone,Social,"December 19, 2016",1.1,4.0.3 and up,0.0,December,0
Chinese Chess ( Xiangqi Free ),GAME,4.6,963.0,4.1,50000.0,Free,0.0,Everyone,Board,"April 18, 2017",1.1.1,2.3 and up,0.0,April,0
Krypton by krypt.co,PRODUCTIVITY,4.6,38.0,13.0,1000.0,Free,0.0,Everyone,Productivity,"July 17, 2018",2.4.0,6.0 and up,0.0,July,0
Chinese Chess / Co Tuong,GAME,4.2,6947.0,20.0,500000.0,Free,0.0,Everyone,Board,"October 25, 2017",2.7.7,2.3 and up,0.0,October,0
Fayr - Co-Parenting Simplified,PRODUCTIVITY,3.5,16.0,21.0,1000.0,Free,0.0,Everyone,Productivity,"July 20, 2018",1.5.1,5.0 and up,0.0,July,0
Co-Dependents Anonymous,LIFESTYLE,4.3,0.0,12.0,500.0,Free,0.0,Everyone,Lifestyle,"February 28, 2018",1.0.1,4.1 and up,0.0,February,0
Good&Co: Career match tests,BUSINESS,4.4,26572.0,41.0,1000000.0,Free,0.0,Everyone,Business,"July 24, 2018",2.9.1,4.1 and up,0.0,July,0
Central Bank and Trust Co.,FINANCE,4.7,65.0,12.0,5000.0,Free,0.0,Everyone,Finance,"June 12, 2018",5.9.1.0,5.0 and up,0.0,June,0
Soo Co-op Mobile Banking,FINANCE,4.5,159.0,14.0,1000.0,Free,0.0,Everyone,Finance,"September 12, 2017",4.2.87,4.0.3 and up,0.0,September,0
Co-Optima Mobile,FINANCE,4.4,218.0,13.0,10000.0,Free,0.0,Everyone,Finance,"June 8, 2017",Varies with device,Varies with device,0.0,June,0
Holl & Co Barbers,LIFESTYLE,4.7,12.0,6.0,500.0,Free,0.0,Everyone,Lifestyle,"February 26, 2018",4.9.940,4.0 and up,0.0,February,0
Grenada Co-operative Bank,FINANCE,4.4,137.0,0.390625,10000.0,Free,0.0,Everyone,Finance,"June 26, 2013",2.4.3,1.6 and up,0.0,June,0
Dungeon Legends - PvP Action MMO RPG Co-op Games,FAMILY,4.4,102215.0,42.0,1000000.0,Free,0.0,Teen,Role Playing,"June 25, 2018",3.10,4.0.3 and up,0.0,June,0
Permit Test CO Colorado DMV,FAMILY,4.5,41.0,11.0,1000.0,Free,0.0,Everyone,Education,"June 15, 2017",2.6.5,4.1 and up,0.0,June,0
2-Player Co-op Zombie Shoot,GAME,4.2,33.0,13.0,1000.0,Free,0.0,Teen,Action,"July 1, 2018",1.0.13,2.3 and up,0.0,July,0
Camping and Co - Camping in Europe,TRAVEL_AND_LOCAL,3.7,19.0,6.5,1000.0,Free,0.0,Everyone,Travel & Local,"April 17, 2018",1.2.3,4.1 and up,0.0,April,0
Remote | Fire TV | Android TV | KODI | CetusPlay,TOOLS,4.4,15911.0,16.0,1000000.0,Free,0.0,Everyone,Tools,"June 30, 2018",4.1.8.1,4.1 and up,0.0,June,0
CP Dialer,SOCIAL,4.3,64.0,3.3,50000.0,Free,0.0,Teen,Social,"March 22, 2018",2.9.0,4.1 and up,0.0,March,0
CP Federal Mobile,FINANCE,3.6,180.0,35.0,10000.0,Free,0.0,Everyone,Finance,"October 6, 2017",7.0.7-qa003-prod,4.2 and up,0.0,October,0
Cestovné poriadky CP,MAPS_AND_NAVIGATION,4.6,2681.0,6.3,100000.0,Free,0.0,Everyone,Maps & Navigation,"September 25, 2017",1.2.0,4.0.3 and up,0.0,September,0
CP Channel,FAMILY,4.6,7.0,12.0,500.0,Free,0.0,Everyone 10+,Education,"March 21, 2018",1.1.0,4.1 and up,0.0,March,0
CP Clicker,LIFESTYLE,4.2,251.0,5.0,10000.0,Free,0.0,Everyone,Lifestyle,"March 22, 2018",3.3.003,4.1 and up,0.0,March,0
Evolution CP & IV Calculator for pokemon,FAMILY,4.3,9465.0,43.0,500000.0,Free,0.0,Everyone,Entertainment,"July 8, 2018",0.4.6,4.4 and up,0.0,July,0
CP Creepypasta,FAMILY,3.8,128.0,2.9,10000.0,Free,0.0,Teen,Entertainment,"July 11, 2016",1.0.2,4.0.3 and up,0.0,July,0
Cerebral Palsy,MEDICAL,4.4,38.0,8.5,1000.0,Free,0.0,Everyone,Medical,"July 30, 2014",2,3.0 and up,0.0,July,0
"Speak quietly: Autism, CP",MEDICAL,4.3,6.0,7.0,1000.0,Free,0.0,Everyone,Medical,"July 30, 2016",5.0,3.0 and up,0.0,July,0
CP RACING 2 FREE,FAMILY,4.0,4607.0,19.0,100000.0,Free,0.0,Everyone,Simulation,"March 12, 2018",3,4.0 and up,0.0,March,0
CP-Care Mobile,FAMILY,4.3,1.0,16.0,10.0,Free,0.0,Everyone,Education,"June 20, 2018",1,4.0 and up,0.0,June,0
CP ToolBox,BUSINESS,4.6,70.0,14.0,1000.0,Free,0.0,Everyone,Business,"February 11, 2015",1.9.3,2.3.3 and up,0.0,February,0
"Talking Pictures: Autism, CP",MEDICAL,3.9,22.0,0.7822265625,5000.0,Free,0.0,Everyone,Medical,"March 6, 2017",1.14,3.0 and up,0.0,March,0
CP HAPPS - Pittsburgh Events,LIFESTYLE,3.8,85.0,5.6,5000.0,Free,0.0,Teen,Lifestyle,"March 6, 2015",1.18.10,4.0.3 and up,0.0,March,0
Poke Genie - Safe IV Calculator,TOOLS,4.7,92958.0,36.0,1000000.0,Free,0.0,Everyone,Tools,"July 27, 2018",1.13.0,5.0 and up,0.0,July,0
IV Calc CP Calculator Toolkit,TOOLS,4.2,242.0,3.2,10000.0,Free,0.0,Everyone,Tools,"October 6, 2016",1.3,4.2 and up,0.0,October,0
CP Plus Showcase,BUSINESS,4.3,236.0,7.0,50000.0,Free,0.0,Everyone,Business,"March 9, 2018",1.0.4,4.0 and up,0.0,March,0
CP Calculator,FAMILY,4.1,187.0,2.9,10000.0,Free,0.0,Everyone,Entertainment,"September 13, 2016",3.21,4.1 and up,0.0,September,0
iTooch Mathématiques CP,FAMILY,4.3,1018.0,35.0,100000.0,Free,0.0,Everyone,Education;Education,"June 28, 2017",4.6.2,4.0.3 and up,0.0,June,0
gCMOB,TOOLS,4.2,7935.0,21.0,1000000.0,Free,0.0,Everyone,Tools,"January 8, 2018",2.4.7,3.0 and up,0.0,January,0
CP Connect 2.0,PRODUCTIVITY,4.3,0.0,5.8,500.0,Free,0.0,Everyone,Productivity,"August 17, 2017",3.9.4,4.0.3 and up,0.0,August,0
Evolution CP,FAMILY,3.6,13.0,4.7,500.0,Free,0.0,Everyone,Entertainment,"September 4, 2016",1.0.2,4.0.3 and up,0.0,September,0
IV Go（get IV for Pokemon）,GAME,4.6,132282.0,20.0,1000000.0,Free,0.0,Everyone,Adventure,"July 31, 2018",15.0,4.1 and up,0.0,July,0
CP Smart Check List,PERSONALIZATION,4.3,1.0,3.9,10.0,Free,0.0,Everyone,Personalization,"August 14, 2017",0.0.1,4.1 and up,0.0,August,0
Ditto CP Calculator GO,TOOLS,4.3,34.0,12.0,1000.0,Free,0.0,Everyone,Tools,"February 25, 2018",1.9,4.0.3 and up,0.0,February,0
Foothills CP,FAMILY,5.0,4.0,7.8,100.0,Free,0.0,Teen,Education,"June 25, 2018",3.8.0,4.1 and up,0.0,June,0
CP Installer App,BUSINESS,5.0,4.0,24.0,100.0,Free,0.0,Everyone,Business,"July 24, 2018",5.1.1,4.1 and up,0.0,July,0
CP Trivia,GAME,5.0,5.0,12.0,100.0,Free,0.0,Everyone,Trivia,"August 6, 2018",0.99,5.0 and up,0.0,August,0
CP Ready,BUSINESS,4.5,56.0,13.0,1000.0,Free,0.0,Everyone,Business,"March 5, 2018",6.4.16,4.0 and up,0.0,March,0
CP Surprise,LIFESTYLE,3.8,2548.0,4.9,100000.0,Free,0.0,Everyone,Lifestyle,"January 30, 2018",4.4.2,4.1 and up,0.0,January,0
Evolve CP Calc. for PokemonGo,TOOLS,3.9,116.0,3.3,10000.0,Free,0.0,Everyone,Tools,"December 18, 2016",2.6,4.4 and up,0.0,December,0
CP Cloud,BUSINESS,4.3,3.0,5.4,100.0,Free,0.0,Everyone,Business,"July 24, 2018",2.5,4.4 and up,0.0,July,0
GO CP Evolution Calculator,FAMILY,4.3,5.0,2.4,100.0,Free,0.0,Everyone,Entertainment,"January 29, 2017",1.0,4.0.3 and up,0.0,January,0
ClanPlay: Community and Tools for Gamers,COMMUNICATION,4.8,34443.0,27.0,1000000.0,Free,0.0,Teen,Communication,"June 28, 2018",1.14.3,5.0 and up,0.0,June,0
CP Calculator - Poke Go Calc,FAMILY,4.1,7.0,22.0,500.0,Free,0.0,Everyone,Entertainment,"September 17, 2016",1.1,4.2 and up,0.0,September,0
Contents Provider(C.P.)Explorer,TOOLS,4.0,1.0,1.2,100.0,Free,0.0,Everyone,Tools,"June 20, 2018",5.0,3.0 and up,0.0,June,0
Cp Calculator for Evolution:GO,FAMILY,4.8,124.0,2.5,500.0,Free,0.0,Everyone,Entertainment,"August 23, 2016",1.2,4.2 and up,0.0,August,0
Calcy IV,TOOLS,4.8,36557.0,14.0,1000000.0,Free,0.0,Everyone,Tools,"August 3, 2018",2.51f,5.0 and up,0.0,August,0
CP Brown English-Telugu Dictionary,FAMILY,4.4,8.0,6.8,500.0,Free,0.0,Everyone,Education,"November 10, 2017",3.0,4.0 and up,0.0,November,0
CP Parquet,LIFESTYLE,4.3,2.0,1.2,100.0,Free,0.0,Everyone,Lifestyle,"May 11, 2016",1.0.2,4.0 and up,0.0,May,0
CP evolution calculator Pokemo,FAMILY,4.1,78.0,0.7685546875,10000.0,Free,0.0,Everyone,Educational,"February 26, 2017",1.3,4.1 and up,0.0,February,0
C.P. CERVANTES (TOBARRA),SOCIAL,4.3,0.0,4.9,5.0,Free,0.0,Everyone,Social,"July 24, 2018",8.2,4.0.3 and up,0.0,July,0
Sporting CP Keyboard Theme,SPORTS,4.3,45.0,5.3,5000.0,Free,0.0,Everyone,Sports,"October 24, 2017",1.0,4.0 and up,0.0,October,0
Meu Calendário CP,TOOLS,4.3,37.0,6.5,100.0,Free,0.0,Everyone,Tools,"August 5, 2018",1.55.4,4.0.3 and up,0.0,August,0
CQ Hotels,TRAVEL_AND_LOCAL,4.3,15.0,14.0,10000.0,Free,0.0,Everyone,Travel & Local,"July 6, 2018",5.4.13,4.4 and up,0.0,July,0
CQ,NEWS_AND_MAGAZINES,3.7,7.0,3.4,1000.0,Free,0.0,Everyone 10+,News & Magazines,"May 18, 2018",1.0.11,4.0.3 and up,0.0,May,0
Curio Quest,FAMILY,4.3,59152.0,50.0,1000000.0,Free,0.0,Everyone 10+,Role Playing,"March 29, 2018",1.14.00,4.0.3 and up,0.0,March,0
CQ-Mobile,COMMUNICATION,4.3,10.0,8.1,1000.0,Free,0.0,Everyone,Communication,"November 28, 2016",5.5.0,4.0 and up,0.0,November,0
CQ Key,TOOLS,4.3,0.0,1.7,100.0,Free,0.0,Everyone,Tools,"April 26, 2018",1.03,4.0 and up,0.0,April,0
Sabbath School 4,FAMILY,4.3,2871.0,18.0,100000.0,Free,0.0,Everyone,Education,"May 8, 2015",1.6,2.3.3 and up,0.0,May,0
Cardinal Quest 2,FAMILY,4.4,19207.0,36.0,100000.0,Free,0.0,Everyone,Role Playing,"September 19, 2016",1.19,2.3 and up,0.0,September,0
CQ-Alert,COMMUNICATION,4.3,3.0,8.1,500.0,Free,0.0,Everyone,Communication,"November 28, 2016",5.5.0,4.0 and up,0.0,November,0
SDA Collegiate Quarterly,BOOKS_AND_REFERENCE,4.5,8.0,5.1,500.0,Free,0.0,Everyone,Books & Reference,"July 13, 2018",1.2,4.4 and up,0.0,July,0
CQ SIGNAL PRO 5,FINANCE,4.3,0.0,1.6,10.0,Free,0.0,Everyone,Finance,"April 17, 2017",4.0,4.1 and up,0.0,April,0
HR Team CQ Region Ed Qld,BUSINESS,4.3,0.0,4.1,500.0,Free,0.0,Everyone,Business,"January 12, 2018",3.8,4.0.3 and up,0.0,January,0
Roll Call News,NEWS_AND_MAGAZINES,3.7,24.0,10.0,5000.0,Free,0.0,Everyone,News & Magazines,"December 24, 2015",1.1,4.1 and up,0.0,December,0
CQ ESPM,BUSINESS,5.0,2.0,3.4,5.0,Free,0.0,Everyone,Business,"June 3, 2017",1.0.1,4.1 and up,0.0,June,0
SHUTTLLS CQ - Connect Ride Go,TRAVEL_AND_LOCAL,4.3,0.0,18.0,5.0,Free,0.0,Everyone,Travel & Local,"April 26, 2018",4.6.2100,4.3 and up,0.0,April,0
QRZ Assistant,COMMUNICATION,4.2,1044.0,3.5,100000.0,Free,0.0,Everyone,Communication,"May 30, 2018",2.0,4.4 and up,0.0,May,0
Palavras la cq,GAME,3.9,783.0,3.4,100000.0,Free,0.0,Everyone,Trivia,"October 18, 2014",1.0,2.3.3 and up,0.0,October,0
CQ Ukraine,PRODUCTIVITY,4.3,0.0,9.1,10.0,Free,0.0,Everyone,Productivity,"June 25, 2018",1.17.0,4.1 and up,0.0,June,0
Pocket Prefix Plus,COMMUNICATION,4.5,192.0,15.0,10000.0,Free,0.0,Everyone,Communication,"February 12, 2018",v2.6.0,3.0 and up,0.0,February,0
CQ Electrical Group,PRODUCTIVITY,4.3,0.0,14.0,1.0,Free,0.0,Everyone,Productivity,"July 19, 2018",1.0.0,4.1 and up,0.0,July,0
Sabbath School,BOOKS_AND_REFERENCE,4.7,28237.0,10.0,100000.0,Free,0.0,Everyone,Books & Reference,"April 22, 2018",3.2.994,4.0.3 and up,0.0,April,0
Gunship Modern Combat 3D,GAME,4.2,3247.0,26.0,500000.0,Free,0.0,Teen,Action,"July 25, 2017",1.05,2.3 and up,0.0,July,0
Gun Simulator - Gun Games,FAMILY,4.4,134.0,13.0,10000.0,Free,0.0,Teen,Simulation,"February 24, 2018",Varies with device,4.0.3 and up,0.0,February,0
ClanManagerTT2,FAMILY,4.7,55.0,3.3,1000.0,Free,0.0,Everyone,Casual,"July 24, 2018",2.2.9,4.4 and up,0.0,July,0
Christian Questions Podcast,FAMILY,4.6,222.0,15.0,10000.0,Free,0.0,Everyone,Education,"March 28, 2018",2.8,4.0.3 and up,0.0,March,0
Cypress College Library,BOOKS_AND_REFERENCE,4.3,0.0,2.1,100.0,Free,0.0,Everyone,Books & Reference,"December 7, 2015",4.7.2,1.6 and up,0.0,December,0
Create My App,BUSINESS,4.3,0.0,11.0,10.0,Free,0.0,Everyone,Business,"April 24, 2018",1.0.5,4.1 and up,0.0,April,0
Snowboard Racing Free Fun Game,GAME,3.8,4552.0,43.0,100000.0,Free,0.0,Everyone,Racing,"October 26, 2016",1.4.0,2.3.3 and up,0.0,October,0
theCut,LIFESTYLE,4.7,499.0,6.9,50000.0,Free,0.0,Everyone,Lifestyle,"May 10, 2018",1.2.7,4.1 and up,0.0,May,0
RIDE ZERO,GAME,4.6,8778.0,36.0,100000.0,Free,0.0,Teen,Music,"January 2, 2018",1.3.1,4.3 and up,0.0,January,0
CricQuick,SPORTS,5.0,17.0,1.5,50.0,Free,0.0,Everyone,Sports,"December 8, 2017",1.0,4.0.3 and up,0.0,December,0
Next Island: Dino Village,FAMILY,3.9,29.0,37.0,1000.0,Free,0.0,Everyone 10+,Casual,"May 4, 2018",1.0,5.0 and up,0.0,May,0
iReadMe,PRODUCTIVITY,5.0,8.0,22.0,100.0,Free,0.0,Everyone,Productivity,"March 6, 2018",1.5,4.4 and up,0.0,March,0
Global Shop,BUSINESS,4.3,0.0,3.3,50.0,Free,0.0,Everyone,Business,"February 23, 2018",1.1.0,4.0 and up,0.0,February,0
QC,FAMILY,4.3,4.0,34.0,100.0,Free,0.0,Everyone,Puzzle,"October 5, 2016",1.0,4.0.3 and up,0.0,October,0
Traffic Info and Traffic Alert,MAPS_AND_NAVIGATION,3.6,695.0,2.9,100000.0,Free,0.0,Everyone,Maps & Navigation,"January 28, 2018",5.3,4.0 and up,0.0,January,0
Color Quartets,FAMILY,4.0,42.0,12.0,1000.0,Free,0.0,Everyone,Casual,"November 15, 2016",1.46,4.0 and up,0.0,November,0
Ham Radio Prefixes,COMMUNICATION,3.7,218.0,3.7,10000.0,Free,0.0,Everyone,Communication,"July 12, 2014",1.12,2.3 and up,0.0,July,0
Battle Result Predictor for CR,TOOLS,4.2,7063.0,17.0,1000000.0,Free,0.0,Everyone,Tools,"February 4, 2017",1.3.0,4.1 and up,0.0,February,0
Deck Analyzer for CR,TOOLS,4.2,2630.0,18.0,100000.0,Free,0.0,Everyone,Tools,"February 2, 2017",1.3.0,4.1 and up,0.0,February,0
Chest Simulator for Clash Royale,FAMILY,4.4,4756.0,33.0,100000.0,Free,0.0,Everyone,Simulation,"July 19, 2018",1.1.9,4.1 and up,0.0,July,0
Clash Soundboard For CR & COC,FAMILY,4.3,13.0,26.0,500.0,Free,0.0,Everyone,Entertainment,"January 3, 2018",1.1,4.0.3 and up,0.0,January,0
Quiz for Clash Royale™,FAMILY,4.0,3788.0,32.0,100000.0,Free,0.0,Everyone,Entertainment,"July 18, 2018",3.0.1,4.1 and up,0.0,July,0
CR Blue Icon Pack,PERSONALIZATION,4.5,323.0,38.0,10000.0,Free,0.0,Everyone,Personalization,"December 4, 2014",1.03,2.3.3 and up,0.0,December,0
Chest Calculator for CR,FAMILY,3.9,14754.0,21.0,1000000.0,Free,0.0,Everyone 10+,Entertainment,"July 22, 2018",1.8.1,4.1 and up,0.0,July,0
Ultimate Calculator for CR,PRODUCTIVITY,3.7,7389.0,41.0,500000.0,Free,0.0,Everyone,Productivity,"March 15, 2017",1.0.4,4.0 and up,0.0,March,0
Stats CR Clan for Clash Royale,FAMILY,3.8,16.0,9.9,100.0,Free,0.0,Everyone,Entertainment,"July 25, 2018",1.2.9,4.1 and up,0.0,July,0
Ultimate Clash Royale Tracker,FAMILY,4.7,92010.0,5.9,1000000.0,Free,0.0,Everyone,Strategy,"July 4, 2018",1.4.8,4.2 and up,0.0,July,0
Chest Opener for CR - The Circle Game,FAMILY,4.3,68.0,2.7,5000.0,Free,0.0,Everyone,Entertainment,"January 7, 2018",1.0.3,5.0 and up,0.0,January,0
Stats Royale for Clash Royale,BOOKS_AND_REFERENCE,4.5,68226.0,16.0,1000000.0,Free,0.0,Everyone,Books & Reference,"August 6, 2018",1.9.1,4.2 and up,0.0,August,0
Counter Deck Calculator for CR,TOOLS,4.1,3446.0,19.0,500000.0,Free,0.0,Everyone,Tools,"February 4, 2017",1.3.0,4.1 and up,0.0,February,0
CR Calculator,TOOLS,4.3,297.0,2.8,50000.0,Free,0.0,Everyone,Tools,"January 27, 2018",2.2,4.0 and up,0.0,January,0
Servidor Privado de CR y CoC - Light Royale,FAMILY,4.6,3106.0,3.6,10000.0,Free,0.0,Everyone,Entertainment,"May 17, 2018",7,4.0.3 and up,0.0,May,0
Helper for Clash Royale (All-in-1),FAMILY,4.3,6078.0,37.0,500000.0,Free,0.0,Everyone,Entertainment,"November 10, 2017",2.0.0,4.1 and up,0.0,November,0
"CR Fans: Mazos, Clanes y Grupos",FAMILY,4.3,219.0,4.3,5000.0,Free,0.0,Everyone,Entertainment,"December 21, 2017",1.0.7,2.3 and up,0.0,December,0
DCUO|CR Calculator Lite,TOOLS,4.0,182.0,1.7,10000.0,Free,0.0,Everyone,Tools,"August 14, 2017",3.3,3.0 and up,0.0,August,0
CR -Call Recorder,TOOLS,4.3,4.0,3.1,100.0,Free,0.0,Everyone,Tools,"September 19, 2017",2.0,4.1 and up,0.0,September,0
CR Best Decks,FAMILY,3.5,34.0,30.0,1000.0,Free,0.0,Everyone,Strategy,"July 5, 2017",1.03,4.0.3 and up,0.0,July,0
CR Monitor,AUTO_AND_VEHICLES,4.3,1.0,2.8,5.0,Free,0.0,Everyone,Auto & Vehicles,"April 27, 2018",1.0,4.0 and up,0.0,April,0
JavaScript Editor CR,TOOLS,3.9,114.0,18.0,5000.0,Free,0.0,Everyone,Tools,"March 16, 2018",1.0.209,4.0 and up,0.0,March,0
CR-Red,PERSONALIZATION,4.5,561.0,41.0,10000.0,Free,0.0,Everyone,Personalization,"December 4, 2014",1.05,2.3.3 and up,0.0,December,0
Deck Shop for Clash Royale,FAMILY,4.6,2167.0,13.0,100000.0,Free,0.0,Everyone,Entertainment,"August 6, 2018",1.1.5,4.4 and up,0.0,August,0
Royale Tournaments,FAMILY,4.4,2420.0,6.7,50000.0,Free,0.0,Teen,Entertainment,"July 28, 2018",5.3.6.0,4.1 and up,0.0,July,0
Cr Aviation Academy,FAMILY,5.0,7.0,22.0,100.0,Free,0.0,Everyone,Education,"August 9, 2017",1.0,4.1 and up,0.0,August,0
The ClubHouse CR,HEALTH_AND_FITNESS,4.3,5.0,8.7,100.0,Free,0.0,Everyone,Health & Fitness,"July 9, 2018",4.2.2,4.1 and up,0.0,July,0
Java Editor CR,TOOLS,3.8,434.0,18.0,50000.0,Free,0.0,Everyone,Tools,"March 16, 2018",1.0.209,4.0 and up,0.0,March,0
Evolution Marketing CR,HEALTH_AND_FITNESS,4.3,14.0,1.3,1000.0,Free,0.0,Everyone,Health & Fitness,"March 30, 2018",3.0,4.0.3 and up,0.0,March,0
CR Tracker for Chests,TOOLS,5.0,6.0,4.5,50.0,Free,0.0,Everyone,Tools,"June 5, 2018",1.0.2,4.1 and up,0.0,June,0
Ultimate Chest Tracker,PRODUCTIVITY,4.5,40328.0,23.0,1000000.0,Free,0.0,Everyone,Productivity,"October 17, 2016",1.9,2.3 and up,0.0,October,0
Critical Strike CS: Counter Terrorist Online FPS,GAME,4.3,22773.0,13.0,1000000.0,Free,0.0,Mature 17+,Action,"August 3, 2018",4.84,4.1 and up,0.0,August,0
CS Customizer,COMMUNICATION,3.7,25.0,3.7,1000.0,Free,0.0,Everyone,Communication,"February 6, 2017",1.2.11,3.0 and up,0.0,February,0
Combat Strike CS 🔫 Counter Terrorist Attack FPS💣,GAME,4.1,1019.0,39.0,100000.0,Free,0.0,Teen,Action,"July 23, 2018",1.0.7,4.1 and up,0.0,July,0
CS-Touch,FAMILY,3.9,337.0,22.0,10000.0,Free,0.0,Everyone,Education,"May 11, 2018",3.6,5.0 and up,0.0,May,0
Ultimate Quiz for CS:GO - Skins | Cases | Players,GAME,4.5,2526.0,22.0,100000.0,Free,0.0,Everyone,Trivia,"February 14, 2018",1.3.0,4.1 and up,0.0,February,0
Аim Training for CS,GAME,3.6,2328.0,12.0,100000.0,Free,0.0,Everyone,Action,"October 25, 2014",1.8,2.3 and up,0.0,October,0
NetClient CS,BUSINESS,3.5,125.0,4.3,10000.0,Free,0.0,Everyone,Business,"January 5, 2018",1.2.2,3.0 and up,0.0,January,0
CS Guns Shoot,FAMILY,3.7,433.0,13.0,50000.0,Free,0.0,Teen,Entertainment,"August 1, 2013",1.5,2.2 and up,0.0,August,0
CS Interview Questions (TechQ),FAMILY,4.8,33.0,6.7,5000.0,Free,0.0,Everyone,Education,"January 27, 2017",1.5,4.1 and up,0.0,January,0
Your rank CS:GO,GAME,4.1,4946.0,7.5,100000.0,Free,0.0,Teen,Trivia,"July 16, 2017",1.82,4.0.3 and up,0.0,July,0
CS Interview FAQs,FAMILY,4.3,99.0,1.1,10000.0,Free,0.0,Everyone,Education,"February 11, 2013",1.13,2.2 and up,0.0,February,0
CS,BUSINESS,4.3,5.0,8.3,100.0,Free,0.0,Everyone,Business,"August 13, 2015",Release 1.0,4.1 and up,0.0,August,0
Mobile CS,BUSINESS,4.0,13.0,5.7,1000.0,Free,0.0,Everyone,Business,"October 6, 2017",1.2.0,4.4 and up,0.0,October,0
Counter Terrorist Gun Strike CS: Special Forces,GAME,4.2,211.0,44.0,10000.0,Free,0.0,Teen,Action,"August 18, 2017",1.1,2.3 and up,0.0,August,0
C.S. Lewis Daily Quotes,LIFESTYLE,4.1,75.0,11.0,10000.0,Free,0.0,Everyone,Lifestyle,"January 14, 2018",1.0.1,4.1 and up,0.0,January,0
Shooter Sniper CS - FPS Games,GAME,3.5,14823.0,40.0,1000000.0,Free,0.0,Teen,Action,"February 15, 2017",4.0,2.3 and up,0.0,February,0
CS16Client,GAME,4.3,8668.0,9.1,500000.0,Free,0.0,Teen,Action,"April 1, 2017",1.33,1.5 and up,0.0,April,0
CS Browser | #1 & BEST BROWSER,COMMUNICATION,3.8,52.0,2.1,1000.0,Free,0.0,Everyone,Communication,"August 28, 2015",2.0,3.0 and up,0.0,August,0
Counter Attack - Multiplayer FPS,GAME,4.3,112565.0,32.0,1000000.0,Free,0.0,Teen,Action,"July 21, 2018",1.1.97,4.4 and up,0.0,July,0
DU CS Lectures - Learn to Code for Free,FAMILY,4.8,16.0,7.8,100.0,Free,0.0,Everyone,Education,"July 29, 2018",4.0,4.1 and up,0.0,July,0
CS Browser Beta,COMMUNICATION,4.3,125.0,53.0,5000.0,Free,0.0,Everyone,Communication,"October 16, 2017",60.0.3112.3046279,4.1 and up,0.0,October,0
Helper for CS:GO,TOOLS,4.4,208.0,6.0,10000.0,Free,0.0,Everyone,Tools,"June 16, 2016",1.2.1,4.1 and up,0.0,June,0
My Nexus for CS:S & CS:GO,FAMILY,3.6,783.0,25.0,50000.0,Free,0.0,Teen,Entertainment,"June 25, 2016",1.3.4,4.0 and up,0.0,June,0
CS & IT Interview Questions,FAMILY,5.0,43.0,3.3,1000.0,Free,0.0,Everyone,Education,"March 27, 2018",1.1,4.2 and up,0.0,March,0
GATE 21 years CS Papers(2011-2018 Solved),BOOKS_AND_REFERENCE,4.3,1.0,34.0,50.0,Free,0.0,Everyone,Books & Reference,"July 24, 2018",3.0,4.1 and up,0.0,July,0
Map Callouts for CS:GO,GAME,4.3,211.0,3.6,50000.0,Free,0.0,Everyone,Action,"January 26, 2018",2.1,4.0.3 and up,0.0,January,0
GATE CS Engineering 2019 Exam Prep App,FAMILY,4.2,162.0,6.2,10000.0,Free,0.0,Everyone,Education,"February 15, 2018",Y4W-GATE_CS-5.0.0,4.1 and up,0.0,February,0
CA CS Network,FAMILY,4.7,160.0,19.0,5000.0,Free,0.0,Everyone,Education,"July 25, 2018",1.0,4.4 and up,0.0,July,0
Smokes for CS:GO,FAMILY,3.9,3253.0,3.6,100000.0,Free,0.0,Everyone,Entertainment,"April 10, 2015",1.3,2.2 and up,0.0,April,0
Grenade Practice for CS:GO,FAMILY,4.4,431.0,17.0,10000.0,Free,0.0,Everyone,Entertainment,"June 13, 2016",1.1.1,4.0 and up,0.0,June,0
Quiz CS:GO players,GAME,4.4,460.0,31.0,50000.0,Free,0.0,Everyone,Trivia,"June 23, 2018",4.2,4.0.3 and up,0.0,June,0
Puzzle for CS:GO,GAME,4.3,247.0,18.0,10000.0,Free,0.0,Everyone,Word,"September 16, 2016",1.53,4.0.3 and up,0.0,September,0
Smokes Guide for CS:GO,FAMILY,4.3,445.0,29.0,50000.0,Free,0.0,Everyone,Entertainment,"June 1, 2017",3.0,4.0 and up,0.0,June,0
RadRevision: Anatomy on CT,MEDICAL,3.8,568.0,42.0,50000.0,Free,0.0,Everyone,Medical,"January 22, 2014",1.2,4.0 and up,0.0,January,0
Radiology CT Anatomy,MEDICAL,4.2,345.0,14.0,50000.0,Free,0.0,Everyone,Medical,"January 20, 2018",1.6,4.0 and up,0.0,January,0
CT Scan Viewer 3D,MEDICAL,4.2,6.0,29.0,1000.0,Free,0.0,Everyone,Medical,"June 20, 2018",1.0,2.3 and up,0.0,June,0
Learn CT Scan Of Head,BOOKS_AND_REFERENCE,4.1,10.0,5.7,5000.0,Free,0.0,Everyone,Books & Reference,"July 22, 2018",1.5,4.1 and up,0.0,July,0
CT Abdomen Pelvis,MEDICAL,4.0,36.0,36.0,10000.0,Free,0.0,Everyone,Medical,"January 20, 2018",2.0,4.0 and up,0.0,January,0
CT Neck,MEDICAL,4.4,7.0,8.9,1000.0,Free,0.0,Everyone,Medical,"January 20, 2018",2.0,4.0 and up,0.0,January,0
CT Scan Generations,FAMILY,4.7,6.0,5.1,1000.0,Free,0.0,Everyone,Education,"April 1, 2018",1.0,4.0 and up,0.0,April,0
CT Brain Interpretation,FAMILY,5.0,3.0,29.0,500.0,Free,0.0,Everyone,Education,"July 4, 2018",5.0.16,4.0 and up,0.0,July,0
CT-Guide & Positioning,FAMILY,3.7,6.0,7.8,1000.0,Free,0.0,Everyone,Education,"June 6, 2018",1.5,4.0 and up,0.0,June,0
CT Sessions,MEDICAL,4.3,62.0,20.0,5000.0,Free,0.0,Everyone,Medical,"December 15, 2014",2.2,2.3 and up,0.0,December,0
CT - DTC Lookup,TOOLS,4.1,41.0,0.962890625,10000.0,Free,0.0,Everyone,Tools,"July 26, 2013",3,3.0 and up,0.0,July,0
POCKET ATLAS OF CT HEAD,MEDICAL,4.3,22.0,18.0,10000.0,Free,0.0,Everyone,Medical,"March 16, 2018",2.0,4.0.3 and up,0.0,March,0
Interactive CT & MRI Anat.Lite,MEDICAL,3.8,534.0,14.0,100000.0,Free,0.0,Everyone,Medical,"July 30, 2012",1.2,2.2 and up,0.0,July,0
CT POSITIONING,MEDICAL,4.5,18.0,9.3,5000.0,Free,0.0,Everyone,Medical,"March 10, 2018",2.0,4.0.3 and up,0.0,March,0
CT Cervical Spine,MEDICAL,5.0,5.0,17.0,1000.0,Free,0.0,Everyone,Medical,"January 20, 2018",2.0,4.0 and up,0.0,January,0
Trauma CT Head Rules,MEDICAL,4.3,2.0,1.4,100.0,Free,0.0,Everyone,Medical,"April 23, 2017",1.1,4.0.3 and up,0.0,April,0
CT Head Basic Interpretation,FAMILY,4.3,1.0,16.0,100.0,Free,0.0,Everyone,Education,"June 11, 2018",1.0.1,4.0 and up,0.0,June,0
CT MyChiroTown Mobile,MEDICAL,3.9,40.0,4.0,5000.0,Free,0.0,Everyone,Medical,"July 7, 2015",4.1.0,2.3.3 and up,0.0,July,0
CT Lottery,FAMILY,3.8,271.0,8.3,50000.0,Free,0.0,Teen,Entertainment,"June 12, 2017",1.2.0,4.0 and up,0.0,June,0
Permit Test Connecticut CT DMV,FAMILY,4.6,186.0,9.6,10000.0,Free,0.0,Everyone,Education,"October 12, 2017",2.9.0,4.1 and up,0.0,October,0
POCKET BOOK CT ABDOMEN,MEDICAL,4.3,0.0,11.0,100.0,Free,0.0,Everyone,Medical,"March 16, 2018",1.0,4.1 and up,0.0,March,0
I AM C.T.,HEALTH_AND_FITNESS,4.6,28.0,20.0,1000.0,Free,0.0,Mature 17+,Health & Fitness,"April 27, 2017",1.0,4.0.3 and up,0.0,April,0
Solar CT PV System Power,PRODUCTIVITY,4.7,315.0,14.0,10000.0,Free,0.0,Everyone,Productivity,"January 22, 2018",SolarCT 1.9 v,4.0 and up,0.0,January,0
CARDIAC CT TECHNIQUE,MEDICAL,5.0,6.0,17.0,1000.0,Free,0.0,Everyone,Medical,"March 10, 2018",2.0,4.0.3 and up,0.0,March,0
TUTORIAL CT SCAN CARDIAC,MEDICAL,4.3,1.0,15.0,1000.0,Free,0.0,Everyone,Medical,"March 10, 2018",2.0,4.0.3 and up,0.0,March,0
HEAD TRAUMA CT EVALUATION,MEDICAL,4.5,18.0,13.0,10000.0,Free,0.0,Everyone,Medical,"March 16, 2018",2.0,4.0.3 and up,0.0,March,0
Simpli CT,TOOLS,4.3,4.0,11.0,100.0,Free,0.0,Everyone,Tools,"November 30, 2017",1.0.2,4.3 and up,0.0,November,0
Remote CT - Smart Remote,TOOLS,3.5,3988.0,11.0,1000000.0,Free,0.0,Everyone,Tools,"December 22, 2015",1.0.5,4.4 and up,0.0,December,0
CT CONNECT,PRODUCTIVITY,4.3,2.0,28.0,50.0,Free,0.0,Everyone,Productivity,"August 8, 2017",8.2.1,4.1 and up,0.0,August,0
CT-ART 4.0 (Chess Tactics 1200-2400 ELO),GAME,4.8,8191.0,13.0,100000.0,Free,0.0,Everyone,Board,"May 22, 2018",1.1.0,4.1 and up,0.0,May,0
CT-Stream Player,FAMILY,3.9,84.0,11.0,10000.0,Free,0.0,Everyone,Entertainment,"November 21, 2016",3.4,3.0 and up,0.0,November,0
CT Pulmonary Angiography,MEDICAL,4.3,0.0,4.9,100.0,Free,0.0,Everyone,Medical,"March 24, 2018",1.0,4.0 and up,0.0,March,0
Results for CT Lottery,FAMILY,4.5,86.0,8.6,5000.0,Free,0.0,Teen,Entertainment,"March 11, 2017",5.1,4.1 and up,0.0,March,0
Dine In CT - Food Delivery,SHOPPING,5.0,4.0,1.6,1000.0,Free,0.0,Everyone,Shopping,"May 16, 2016",1.3,4.0 and up,0.0,May,0
CT Checkout,FINANCE,5.0,1.0,8.4,50.0,Free,0.0,Everyone,Finance,"April 20, 2017",1.2,4.2 and up,0.0,April,0
POCKET ATLAS CARDIAC MRI AND CT,MEDICAL,4.3,0.0,4.8,50.0,Free,0.0,Everyone,Medical,"July 18, 2018",1.0,4.0 and up,0.0,July,0
"CU: UPI Payments, Chat & Call",FINANCE,4.3,693.0,32.0,100000.0,Free,0.0,Teen,Finance,"May 3, 2018",1.0.95,4.2 and up,0.0,May,0
CU of Colorado Mobile Banking,FINANCE,4.0,347.0,25.0,10000.0,Free,0.0,Everyone,Finance,"February 6, 2018",4.11.100,4.1 and up,0.0,February,0
Tech CU Mobile Banking,FINANCE,4.5,853.0,27.0,10000.0,Free,0.0,Everyone,Finance,"July 12, 2018",4.13.72,4.1 and up,0.0,July,0
My CU - Caucasus University,PRODUCTIVITY,4.6,48.0,7.3,1000.0,Free,0.0,Everyone,Productivity,"November 22, 2017",1.2.3,4.1 and up,0.0,November,0
Service CU Mobile Banking,FINANCE,4.7,6208.0,14.0,100000.0,Free,0.0,Everyone,Finance,"June 12, 2018",5.9.1.0,5.0 and up,0.0,June,0
Redwood CU v3.1.0,FINANCE,3.8,480.0,15.0,50000.0,Free,0.0,Everyone,Finance,"May 24, 2018",3.1.0,4.0 and up,0.0,May,0
BayPort CU Mobile Banking,FINANCE,4.7,2374.0,16.0,10000.0,Free,0.0,Everyone,Finance,"July 31, 2018",5.10.1.0,5.0 and up,0.0,July,0
CU SoCal Mobile Banking,FINANCE,4.0,253.0,25.0,10000.0,Free,0.0,Everyone,Finance,"May 2, 2018",4.6.68,4.0.3 and up,0.0,May,0
Tropical Financial CU,FINANCE,4.6,1231.0,14.0,10000.0,Free,0.0,Everyone,Finance,"June 12, 2018",5.9.1.0,5.0 and up,0.0,June,0
Commonwealth CU Go Mobile,FINANCE,4.3,231.0,18.0,10000.0,Free,0.0,Everyone,Finance,"September 15, 2017",4.4.47,4.0.3 and up,0.0,September,0
Freedom CU,FINANCE,3.6,117.0,25.0,10000.0,Free,0.0,Everyone,Finance,"June 22, 2018",6.5.82-prod,4.2 and up,0.0,June,0
Meritrust CU Mobile Banking,FINANCE,4.7,3661.0,14.0,50000.0,Free,0.0,Everyone,Finance,"June 12, 2018",5.9.1.0,5.0 and up,0.0,June,0
Nusenda CU– Mobile Banking,FINANCE,3.5,805.0,6.5,50000.0,Free,0.0,Everyone,Finance,"July 17, 2018",5.4.5,5.0 and up,0.0,July,0
Lake Michigan CU Mobile,FINANCE,4.0,732.0,5.5,50000.0,Free,0.0,Everyone,Finance,"April 2, 2018",3.0.21,4.0 and up,0.0,April,0
Maps CU,FINANCE,3.5,256.0,28.0,10000.0,Free,0.0,Everyone,Finance,"November 2, 2017",200,4.0.3 and up,0.0,November,0
Family Savings CU Mobile,FINANCE,4.3,323.0,17.0,10000.0,Free,0.0,Everyone,Finance,"September 8, 2017",4.4.47,4.0.3 and up,0.0,September,0
FORUM Credit Union CU Online,FINANCE,4.1,196.0,7.3,10000.0,Free,0.0,Everyone,Finance,"June 30, 2018",5.0.0,4.4 and up,0.0,June,0
Educators CU Mobile Banking,FINANCE,4.6,1992.0,24.0,50000.0,Free,0.0,Everyone,Finance,"June 20, 2018",3000.5.3532,5.0 and up,0.0,June,0
Space Coast CU Mobile,FINANCE,3.8,922.0,2.1,100000.0,Free,0.0,Everyone,Finance,"July 13, 2017",2.1.0.1108,2.3 and up,0.0,July,0
First Tech Federal CU,FINANCE,4.3,4290.0,24.0,50000.0,Free,0.0,Everyone,Finance,"July 19, 2018",3000.5.3548,5.0 and up,0.0,July,0
Southland CU,FINANCE,3.8,109.0,2.8,10000.0,Free,0.0,Everyone,Finance,"July 20, 2017",1.1,2.3 and up,0.0,July,0
Numerica CU,FINANCE,3.8,472.0,8.6,50000.0,Free,0.0,Everyone,Finance,"February 21, 2018",5.0.0,4.0 and up,0.0,February,0
Firefighters First CU,FINANCE,4.8,495.0,12.0,5000.0,Free,0.0,Everyone,Finance,"May 1, 2018",5.7.1.0,5.0 and up,0.0,May,0
My Vodafone (GR),COMMUNICATION,3.8,12667.0,34.0,1000000.0,Free,0.0,Everyone,Communication,"August 1, 2018",4.5.5.1-2090AL-REL,4.3 and up,0.0,August,0
Curriculum vitae App CV Builder Free Resume Maker,BUSINESS,4.5,4571.0,3.9,500000.0,Free,0.0,Everyone,Business,"July 8, 2018",3.3,4.1 and up,0.0,July,0
Free Resume App,BUSINESS,4.6,15830.0,13.0,1000000.0,Free,0.0,Everyone,Business,"July 19, 2018",Varies with device,Varies with device,0.0,July,0
CV Engineer - Free Resume Maker & CV Templates,BUSINESS,4.6,213.0,3.8,10000.0,Free,0.0,Everyone,Business,"April 11, 2018",3.5.3,5.0 and up,0.0,April,0
CV Examples 2018,FAMILY,4.5,625.0,26.0,100000.0,Free,0.0,Everyone,Education,"July 30, 2018",4.0,4.0.3 and up,0.0,July,0
Curriculum Vitae,BUSINESS,3.7,3757.0,5.0,1000000.0,Free,0.0,Everyone,Business,"March 29, 2016",2.8,2.3.3 and up,0.0,March,0
Free resume builder CV maker templates PDF formats,BUSINESS,4.4,9555.0,4.7,1000000.0,Free,0.0,Everyone,Business,"July 19, 2018",7.7,4.1 and up,0.0,July,0
Resume Builder - Free CV Maker & Premium Templates,BUSINESS,4.6,770.0,5.6,100000.0,Free,0.0,Everyone,Business,"August 3, 2018",1.9,4.4 and up,0.0,August,0
Easy Cv maker 2018,BOOKS_AND_REFERENCE,3.9,88.0,5.3,10000.0,Free,0.0,Everyone,Books & Reference,"March 31, 2018",1.1,4.0 and up,0.0,March,0
Resume PDF Maker / CV Builder,BUSINESS,4.4,2147.0,2.2,500000.0,Free,0.0,Everyone,Business,"December 14, 2017",1.8,4.4 and up,0.0,December,0
Resume & CV Creator by Desygner,PRODUCTIVITY,4.5,48.0,26.0,5000.0,Free,0.0,Everyone,Productivity,"July 23, 2018",2.11.1,5.0 and up,0.0,July,0
CV S ( CV Editor - Resume ),BUSINESS,4.5,3972.0,5.6,100000.0,Free,0.0,Teen,Business,"June 25, 2018",5.1.14,4.0 and up,0.0,June,0
CV Formats 2018,FAMILY,4.3,374.0,26.0,100000.0,Free,0.0,Everyone,Education,"October 9, 2017",1.0,4.0.3 and up,0.0,October,0
CV Maker Pro,BUSINESS,3.7,113.0,8.6,10000.0,Free,0.0,Everyone,Business,"June 9, 2018",3.4.3,4.1 and up,0.0,June,0
Free CV Creator,TOOLS,3.9,37.0,21.0,10000.0,Free,0.0,Everyone,Tools,"July 18, 2018",1.3,4.4 and up,0.0,July,0
"Job CV Maker-Portfolio Maker , Resume Maker",FAMILY,3.9,139.0,4.8,50000.0,Free,0.0,Everyone,Education,"July 16, 2018",2.1,4.0.3 and up,0.0,July,0
Resume Builder and CV maker app,PRODUCTIVITY,4.3,2303.0,15.0,100000.0,Free,0.0,Everyone,Productivity,"August 2, 2018",8.9.2.pro,4.0.3 and up,0.0,August,0
HOW TO WRITE A CV,BUSINESS,4.1,489.0,20.0,100000.0,Free,0.0,Everyone,Business,"June 27, 2018",14.0,4.0.3 and up,0.0,June,0
CV EXAMPLES,BUSINESS,4.1,423.0,20.0,100000.0,Free,0.0,Everyone,Business,"June 7, 2018",11.0,4.0.3 and up,0.0,June,0
Cv maker / Job cv maker,FAMILY,4.4,14.0,5.5,1000.0,Free,0.0,Everyone,Education,"March 27, 2018",1.0,4.0 and up,0.0,March,0
"Resume Builder Free, CV Maker & Resume Templates",BUSINESS,4.4,20921.0,5.7,1000000.0,Free,0.0,Everyone,Business,"January 11, 2018",4.0.3,4.1 and up,0.0,January,0
"Free Professional Resume Builder, CV, Cover Letter",BUSINESS,4.2,831.0,11.0,50000.0,Free,0.0,Everyone,Business,"June 13, 2018",1.3.2.9,4.0 and up,0.0,June,0
Resume Free,PRODUCTIVITY,4.5,27820.0,4.7,1000000.0,Free,0.0,Everyone,Productivity,"July 29, 2018",2.1,2.3.3 and up,0.0,July,0
How to Write CV,BOOKS_AND_REFERENCE,4.6,244.0,4.1,100000.0,Free,0.0,Everyone,Books & Reference,"April 22, 2016",1.0.0,4.0 and up,0.0,April,0
Free Resume Builder – CV Maker,BUSINESS,4.4,25.0,12.0,5000.0,Free,0.0,Everyone,Business,"June 9, 2018",1.5,4.4 and up,0.0,June,0
Resume App,BUSINESS,4.4,11310.0,13.0,1000000.0,Free,0.0,Everyone,Business,"July 19, 2018",Varies with device,Varies with device,0.0,July,0
CV Builder,BUSINESS,3.8,203.0,5.9,10000.0,Free,0.0,Everyone,Business,"September 30, 2016",2.2.1.0,2.3 and up,0.0,September,0
"Resume Maker:Free CV Maker,Templates Builder",BUSINESS,4.2,715.0,7.1,100000.0,Free,0.0,Everyone,Business,"August 1, 2018",1.8,4.0.3 and up,0.0,August,0
Resume Builder / CV Maker & Templates,BUSINESS,4.4,25.0,7.9,5000.0,Free,0.0,Everyone,Business,"January 19, 2018",1.0.3,4.0.3 and up,0.0,January,0
CV maker for Job Applications and Resume Maker,TOOLS,4.2,75.0,25.0,10000.0,Free,0.0,Everyone,Tools,"January 31, 2018",1.1,4.0 and up,0.0,January,0
CV Templates 2018,FAMILY,4.0,13.0,26.0,5000.0,Free,0.0,Everyone,Education,"October 9, 2017",1.1,4.0.3 and up,0.0,October,0
Job CV Maker & Portfolio Maker,FAMILY,4.2,593.0,4.9,100000.0,Free,0.0,Everyone,Education,"January 1, 2018",1.0.2,3.0 and up,0.0,January,0
CV Maker for Job Applications:Photo Resume Builder,TOOLS,4.0,114.0,25.0,10000.0,Free,0.0,Everyone,Tools,"June 9, 2018",1.5,4.0 and up,0.0,June,0
CV Creator,FAMILY,4.4,31.0,8.3,10000.0,Free,0.0,Everyone,Education,"January 8, 2018",1.2.1,4.2 and up,0.0,January,0
Resume ( CV Editor ),BUSINESS,4.5,416.0,6.0,10000.0,Free,0.0,Everyone,Business,"June 30, 2018",1.2,4.0 and up,0.0,June,0
Resume Maker - Creator,BUSINESS,4.3,740.0,19.0,50000.0,Free,0.0,Everyone,Business,"August 4, 2018",1.1.2,4.0.3 and up,0.0,August,0
CV-Library Job Search,BUSINESS,4.4,6997.0,4.6,100000.0,Free,0.0,Everyone,Business,"July 6, 2018",6.8.0,4.1 and up,0.0,July,0
CV Samples 2018,BUSINESS,4.3,34.0,26.0,10000.0,Free,0.0,Everyone,Business,"October 10, 2017",1.0,4.0.3 and up,0.0,October,0
CV (Curriculum Vitae / Resume) Maker,BUSINESS,4.3,4.0,4.4,5000.0,Free,0.0,Everyone,Business,"December 27, 2017",1.1,4.0.3 and up,0.0,December,0
"Easy Resume Builder, Resume help, Curriculum vitae",TOOLS,4.3,996.0,10.0,50000.0,Free,0.0,Everyone,Tools,"September 28, 2017",2.3,4.0.3 and up,0.0,September,0
Resume / CV,BUSINESS,3.6,125.0,5.0,10000.0,Free,0.0,Everyone,Business,"December 28, 2015",2.0,2.3.3 and up,0.0,December,0
VisualCV Resume Builder,BUSINESS,4.6,2555.0,16.0,100000.0,Free,0.0,Everyone,Business,"June 2, 2017",2.5.0,4.4 and up,0.0,June,0
Resume Maker / CV creator & Templates,TOOLS,4.2,54.0,22.0,5000.0,Free,0.0,Everyone,Tools,"April 15, 2018",1.0.6,4.0.3 and up,0.0,April,0
Resume Builder - Curriculum Vitae & Resume Maker,BUSINESS,4.0,12.0,8.1,5000.0,Free,0.0,Everyone,Business,"June 7, 2018",1.9,4.0.3 and up,0.0,June,0
CW Seed,FAMILY,4.5,16391.0,13.0,500000.0,Free,0.0,Teen,Entertainment,"July 18, 2018",1.16,4.4 and up,0.0,July,0
Archie Comics,COMICS,3.8,5084.0,6.2,100000.0,Free,0.0,Everyone,Comics,"June 19, 2018",2.2.0,4.3 and up,0.0,June,0
All Star Of CW,FAMILY,4.3,0.0,2.4,10.0,Free,0.0,Everyone,Role Playing,"February 6, 2018",2.03,4.0.3 and up,0.0,February,0
FANDOM: Arrow and The Flash,FAMILY,4.5,3935.0,9.5,100000.0,Free,0.0,Mature 17+,Entertainment,"June 7, 2018",2.9.8,4.4 and up,0.0,June,0
IZ2UUF Morse Koch CW,COMMUNICATION,4.6,649.0,0.8173828125,50000.0,Free,0.0,Everyone,Communication,"August 8, 2013",1.0.013,2.1 and up,0.0,August,0
C W Browser,COMMUNICATION,4.4,14.0,17.0,100.0,Free,0.0,Everyone,Communication,"October 28, 2017",1.0,4.0 and up,0.0,October,0
Canon CameraWindow,PHOTOGRAPHY,3.5,12204.0,6.8,1000000.0,Free,0.0,Everyone,Photography,"March 14, 2017",1.5.2.21,2.3.3 and up,0.0,March,0
Saiyan Of CW,FAMILY,3.8,5.0,1.1,500.0,Free,0.0,Everyone,Role Playing,"July 31, 2018",2.0.10,4.0.3 and up,0.0,July,0
CW Bluetooth SPP,COMMUNICATION,4.3,3.0,0.9384765625,100.0,Free,0.0,Everyone,Communication,"March 31, 2018",1.2,6.0 and up,0.0,March,0
Free CW TN Videos 2018,FAMILY,4.3,0.0,4.8,10.0,Free,0.0,Everyone,Entertainment,"July 28, 2018",1.0,3.2 and up,0.0,July,0
The Church at CW,LIFESTYLE,4.5,2.0,7.8,100.0,Free,0.0,Teen,Lifestyle,"June 25, 2018",3.8.0,4.1 and up,0.0,June,0
CW Mobile,FAMILY,4.3,3.0,22.0,50.0,Free,0.0,Everyone,Education,"June 25, 2018",3.3.99,4.2 and up,0.0,June,0
"Freeform – Stream Full Episodes, Movies, & Live TV",FAMILY,3.7,29229.0,13.0,1000000.0,Free,0.0,Teen,Entertainment,"August 6, 2018",Varies with device,Varies with device,0.0,August,0
CW BLE Peripheral Simulator,COMMUNICATION,4.3,2.0,1.5,500.0,Free,0.0,Everyone,Communication,"March 8, 2017",1.0,4.4 and up,0.0,March,0
"FXNOW: Movies, Shows & Live TV",FAMILY,3.9,31552.0,13.0,1000000.0,Free,0.0,Teen,Entertainment,"July 23, 2018",Varies with device,4.4 and up,0.0,July,0
Morse Code Reader,COMMUNICATION,3.9,1436.0,0.01953125,100000.0,Free,0.0,Everyone,Communication,"August 26, 2013",1.0,1.6 and up,0.0,August,0
Pocket RxTx Free,PRODUCTIVITY,4.1,4513.0,13.0,100000.0,Free,0.0,Everyone,Productivity,"March 4, 2018",Varies with device,Varies with device,0.0,March,0
Hallmark Channel Everywhere,FAMILY,4.2,6784.0,13.0,500000.0,Free,0.0,Everyone,Entertainment,"August 30, 2017",2.3.0,4.4 and up,0.0,August,0
Morse Player Free,FAMILY,4.2,268.0,4.2,50000.0,Free,0.0,Everyone,Education,"January 23, 2017",2.1.1,3.0 and up,0.0,January,0
News 8 San Diego,NEWS_AND_MAGAZINES,4.2,1137.0,11.0,50000.0,Free,0.0,Everyone,News & Magazines,"July 23, 2018",5.5.0,4.3 and up,0.0,July,0
Learn Morse Code - G0HYN Learn Morse,COMMUNICATION,4.0,27.0,0.5859375,5000.0,Free,0.0,Everyone,Communication,"May 8, 2018",5.0,2.2 and up,0.0,May,0
Morse Notifier Free,TOOLS,4.6,79.0,3.0,1000.0,Free,0.0,Everyone,Tools,"November 8, 2017",2.9.9,4.0.3 and up,0.0,November,0
CX-10WiFi,FAMILY,4.0,1419.0,12.0,100000.0,Free,0.0,Everyone,Casual,"October 25, 2017",2.5_16,4.0 and up,0.0,October,0
CX-OF,FAMILY,4.2,18.0,37.0,1000.0,Free,0.0,Everyone,Entertainment,"January 31, 2018",7.2.1,4.3 and up,0.0,January,0
cx-32wifi,FAMILY,4.1,62.0,6.5,10000.0,Free,0.0,Everyone,Entertainment,"November 14, 2015",1.4,2.2 and up,0.0,November,0
CX-17WIFI,FAMILY,4.3,49.0,6.6,10000.0,Free,0.0,Everyone,Entertainment,"March 21, 2018",2.3,4.3 and up,0.0,March,0
Cx File Explorer,TOOLS,4.7,175.0,4.3,10000.0,Free,0.0,Everyone,Tools,"July 28, 2018",1.0.7,5.0 and up,0.0,July,0
cx-33wifi,FAMILY,4.4,63.0,7.6,10000.0,Free,0.0,Everyone,Entertainment,"November 14, 2015",1.4,2.2 and up,0.0,November,0
CX-37,FAMILY,3.9,13.0,12.0,1000.0,Free,0.0,Everyone,Casual,"May 30, 2016",1.3_4,3.0 and up,0.0,May,0
Avaya CX,BUSINESS,4.4,21.0,21.0,1000.0,Free,0.0,Everyone,Business,"July 25, 2018",v6.7.14,5.0 and up,0.0,July,0
CX_WiFiUFO,SPORTS,3.7,818.0,5.3,100000.0,Free,0.0,Everyone,Sports,"June 8, 2016",4.4_23,4.0 and up,0.0,June,0
CX watcher,FAMILY,4.5,4.0,30.0,500.0,Free,0.0,Everyone,Casual,"June 21, 2018",1.5_6,4.1 and up,0.0,June,0
Theme For Techno Camon CX,PERSONALIZATION,4.7,42.0,10.0,5000.0,Free,0.0,Everyone,Personalization,"May 10, 2017",1.0.,4.0 and up,0.0,May,0
CX-95WIFI,LIFESTYLE,4.3,6.0,11.0,500.0,Free,0.0,Everyone,Lifestyle,"June 2, 2017",2.1,4.0 and up,0.0,June,0
Theme for Tecno Camon CX / C8,LIFESTYLE,4.6,147.0,9.8,10000.0,Free,0.0,Everyone,Lifestyle,"May 2, 2017",1.0.1,4.0 and up,0.0,May,0
Oración CX,LIFESTYLE,5.0,103.0,3.8,5000.0,Free,0.0,Everyone,Lifestyle,"September 12, 2017",5.1.10,4.1 and up,0.0,September,0
Cx Wize,PRODUCTIVITY,4.3,3.0,24.0,100.0,Free,0.0,Everyone,Productivity,"July 30, 2018",2.1.0,4.1 and up,0.0,July,0
Ring,COMMUNICATION,3.9,517.0,35.0,10000.0,Free,0.0,Everyone,Communication,"August 6, 2018",20180805,4.4 and up,0.0,August,0
Racing CX,GAME,4.3,4.0,20.0,500.0,Free,0.0,Everyone,Racing,"June 6, 2017",1,2.2 and up,0.0,June,0
cx advance call blocker,PERSONALIZATION,5.0,3.0,3.4,50.0,Free,0.0,Everyone,Personalization,"April 9, 2018",1.0,4.0 and up,0.0,April,0
CX Ram Booster,TOOLS,3.9,12.0,2.5,500.0,Free,0.0,Everyone,Tools,"June 2, 2017",1.0,2.2 and up,0.0,June,0
CX-42,FAMILY,4.3,0.0,32.0,10.0,Free,0.0,Everyone,Casual,"January 2, 2018",1.2_3,4.2 and up,0.0,January,0
CX Capture,BUSINESS,4.3,1.0,5.8,100.0,Free,0.0,Everyone,Business,"January 23, 2018",v1.2.2,4.0.3 and up,0.0,January,0
CONNECT: The Mobile CX Summit,PRODUCTIVITY,4.3,0.0,18.0,50.0,Free,0.0,Teen,Productivity,"August 1, 2018",7.18.0.0,5.0 and up,0.0,August,0
Hyundai CX Conference,COMMUNICATION,4.3,0.0,20.0,50.0,Free,0.0,Everyone,Communication,"May 27, 2018",2.10.2,4.2 and up,0.0,May,0
CX-41,LIFESTYLE,4.3,1.0,32.0,100.0,Free,0.0,Everyone,Lifestyle,"December 14, 2017",3.0,4.1 and up,0.0,December,0
CX Monthly Tech News,VIDEO_PLAYERS,4.3,2.0,6.9,500.0,Free,0.0,Everyone,Video Players & Editors,"June 9, 2016",6.1.0,4.0 and up,0.0,June,0
CXmodel-ufo,FAMILY,3.8,19.0,12.0,1000.0,Free,0.0,Everyone,Entertainment,"January 19, 2017",2.1,2.2 and up,0.0,January,0
CX Summit,PRODUCTIVITY,4.3,1.0,17.0,50.0,Free,0.0,Teen,Productivity,"September 20, 2017",7.12.0.1,4.2 and up,0.0,September,0
Secret Codes For Android,TOOLS,3.6,6060.0,0.578125,500000.0,Free,0.0,Everyone,Tools,"February 4, 2016",2.0,2.1 and up,0.0,February,0
WiFi FPV,FAMILY,3.8,316.0,19.0,100000.0,Free,0.0,Everyone,Entertainment,"June 1, 2017",1.8,2.2 and up,0.0,June,0
FlexRelease CX,BUSINESS,4.3,4.0,2.0,1000.0,Free,0.0,Everyone,Business,"July 25, 2016",1.5.0,2.3.3 and up,0.0,July,0
Ambient CX,BUSINESS,4.3,0.0,7.5,5.0,Free,0.0,Everyone,Business,"May 9, 2017",1.0,2.3.3 and up,0.0,May,0
QuestionPro - CX,BUSINESS,4.3,1.0,16.0,50.0,Free,0.0,Everyone,Business,"August 3, 2018",1.3,4.1 and up,0.0,August,0
CX Network,BUSINESS,4.3,0.0,10.0,0.0,Free,0.0,Everyone,Business,"August 6, 2018",1.3.1,4.1 and up,0.0,August,0
CY Security Antivirus Cleaner,PRODUCTIVITY,4.5,75140.0,13.0,1000000.0,Free,0.0,Everyone,Productivity,"January 2, 2018",Varies with device,Varies with device,0.0,January,0
Freecell CY,GAME,4.0,387.0,1.1,50000.0,Free,0.0,Everyone,Card,"April 16, 2011",1.3.3,1.6 and up,0.0,April,0
Cy-Reader,FAMILY,4.8,17.0,15.0,100.0,Free,0.0,Everyone,Education,"August 3, 2018",1.7,4.2 and up,0.0,August,0
Cy-Fair FCU Mobile Banking,FINANCE,4.7,439.0,13.0,5000.0,Free,0.0,Everyone,Finance,"January 30, 2018",5.7.1.0,5.0 and up,0.0,January,0
Cy-Ranch,NEWS_AND_MAGAZINES,4.5,27.0,7.1,500.0,Free,0.0,Everyone,News & Magazines,"May 6, 2018",7.5.0,4.1 and up,0.0,May,0
Recycling Cy,LIFESTYLE,4.0,47.0,4.5,1000.0,Free,0.0,Everyone,Lifestyle,"August 2, 2017",2.0,3.2 and up,0.0,August,0
CY Konum,PERSONALIZATION,4.3,1.0,1.3,100.0,Free,0.0,Everyone,Personalization,"June 27, 2018",3.0,5.1 and up,0.0,June,0
ABTO CY-ET1,TOOLS,4.3,1.0,29.0,100.0,Free,0.0,Everyone,Tools,"February 6, 2017",2.0.0.0,4.0 and up,0.0,February,0
CY:ME - real time gps tracker,MAPS_AND_NAVIGATION,4.3,8.0,0.7314453125,1000.0,Free,0.0,Everyone,Maps & Navigation,"September 28, 2013",1.08,2.2 and up,0.0,September,0
Alpha Bank CY,FINANCE,4.7,39.0,20.0,1000.0,Free,0.0,Everyone,Finance,"March 20, 2018",1.11,4.3 and up,0.0,March,0
Cy Messenger,COMMUNICATION,4.5,4.0,8.1,100.0,Free,0.0,Everyone,Communication,"August 30, 2014",1.3.0,2.3.3 and up,0.0,August,0
Amadeus GR & CY,COMMUNICATION,4.3,4.0,3.8,100.0,Free,0.0,Everyone,Communication,"February 1, 2018",2.07,4.1 and up,0.0,February,0
Igitabo cy'Indirimbo,FAMILY,4.5,93.0,1.6,50000.0,Free,0.0,Everyone,Entertainment,"February 5, 2018",INDIRIMBO V.2014.002,1.6 and up,0.0,February,0
Doctor Finder CY,MEDICAL,4.9,57.0,6.1,1000.0,Free,0.0,Everyone,Medical,"November 11, 2015",1.7,3.0 and up,0.0,November,0
Eshopcy.com.cy,SHOPPING,4.2,182.0,4.9,5000.0,Free,0.0,Everyone,Shopping,"August 3, 2018",1.3,2.2 and up,0.0,August,0
NOMISMA.com.cy by FMW,NEWS_AND_MAGAZINES,5.0,3.0,13.0,100.0,Free,0.0,Everyone,News & Magazines,"May 29, 2016",700,4.0 and up,0.0,May,0
Cy-Fair VFD EMS Protocols,MEDICAL,5.0,2.0,20.0,100.0,Free,0.0,Everyone 10+,Medical,"September 21, 2017",1.8.3,4.1 and up,0.0,September,0
EUROBANK CY,FINANCE,4.3,30.0,15.0,100.0,Free,0.0,Everyone,Finance,"June 12, 2018",1.0.1,4.3 and up,0.0,June,0
Cy-Fair Christian Church,LIFESTYLE,5.0,2.0,9.3,100.0,Free,0.0,Everyone,Lifestyle,"August 3, 2017",24.8.1,4.1 and up,0.0,August,0
Mediabox CY,FAMILY,4.3,0.0,12.0,10.0,Free,0.0,Everyone,Entertainment,"December 31, 2017",1.0,4.1 and up,0.0,December,0
Capitalnews.com.cy,NEWS_AND_MAGAZINES,4.3,0.0,3.9,10.0,Free,0.0,Everyone,News & Magazines,"March 23, 2017",0.0.2,4.1 and up,0.0,March,0
CY Digital Net,SHOPPING,4.7,3.0,5.8,500.0,Free,0.0,Everyone,Shopping,"August 1, 2017",2.0.0,4.0 and up,0.0,August,0
Cy-Fair Houston Chamber,BUSINESS,4.3,0.0,5.0,5.0,Free,0.0,Everyone,Business,"June 6, 2018",4.1.239,4.1 and up,0.0,June,0
StudentLife.com.cy,NEWS_AND_MAGAZINES,4.3,17.0,4.4,100.0,Free,0.0,Everyone,News & Magazines,"March 14, 2017",1.0.11,4.1 and up,0.0,March,0
Phone Clean Best Speed Booster,PRODUCTIVITY,4.5,81502.0,13.0,1000000.0,Free,0.0,Everyone,Productivity,"March 29, 2018",Varies with device,Varies with device,0.0,March,0
VAT check CY,BUSINESS,4.3,0.0,0.626953125,100.0,Free,0.0,Everyone,Business,"May 18, 2013",1.0.16,1.6 and up,0.0,May,0
Cy's Elma Pharmacy,HEALTH_AND_FITNESS,4.3,0.0,9.4,10.0,Free,0.0,Everyone 10+,Health & Fitness,"June 28, 2018",7.4.8,4.0.3 and up,0.0,June,0
CY Spray nozzle,BOOKS_AND_REFERENCE,4.3,0.0,3.3,10.0,Free,0.0,Everyone,Books & Reference,"August 3, 2017",1.01.00,4.0.3 and up,0.0,August,0
Cymath - Math Problem Solver,FAMILY,4.5,10159.0,6.4,1000000.0,Free,0.0,Everyone,Education,"April 13, 2018",2.17,4.1 and up,0.0,April,0
Rewards,FINANCE,3.8,57.0,4.0,5000.0,Free,0.0,Everyone,Finance,"December 15, 2017",4.1,2.3 and up,0.0,December,0
Army of Heroes,FAMILY,4.5,85015.0,46.0,1000000.0,Free,0.0,Everyone 10+,Strategy,"August 1, 2018",1.03.06,4.0 and up,0.0,August,0
BibleRead En Cy Zh Yue,BOOKS_AND_REFERENCE,4.3,0.0,12.0,5.0,Free,0.0,Everyone,Books & Reference,"May 17, 2018",1.0,4.0 and up,0.0,May,0
Math Solver,FAMILY,4.3,2250.0,30.0,100000.0,Free,0.0,Everyone,Education,"November 21, 2017",1.2,4.1 and up,0.0,November,0
SuperBikers 2,GAME,3.9,6200.0,13.0,500000.0,Free,0.0,Everyone 10+,Racing,"July 6, 2018",Varies with device,Varies with device,0.0,July,0
Cyprus Bus Companion,MAPS_AND_NAVIGATION,3.9,112.0,1.4,10000.0,Free,0.0,Everyone,Maps & Navigation,"December 26, 2013",1.3,2.2 and up,0.0,December,0
Cyprus Police,SOCIAL,4.2,226.0,15.0,10000.0,Free,0.0,Everyone 10+,Social,"January 31, 2018",1.122.250.1421,2.2 and up,0.0,January,0
foody Cyprus - online ordering,SHOPPING,4.5,214.0,1.8,10000.0,Free,0.0,Everyone,Shopping,"February 27, 2018",2.92,4.0.3 and up,0.0,February,0
Death Dragon Knights RPG,FAMILY,4.1,11179.0,19.0,1000000.0,Free,0.0,Teen,Role Playing,"September 16, 2016",2.7,2.3 and up,0.0,September,0
Bank Of Cyprus,FINANCE,4.1,1514.0,12.0,100000.0,Free,0.0,Everyone,Finance,"February 14, 2018",1.1,4.1 and up,0.0,February,0
Map of Cyprus offline,TRAVEL_AND_LOCAL,4.6,470.0,21.0,10000.0,Free,0.0,Everyone,Travel & Local,"March 12, 2018",3.9,2.3 and up,0.0,March,0
CZ-USA,LIFESTYLE,4.5,11.0,3.4,1000.0,Free,0.0,Everyone,Lifestyle,"March 1, 2016",1.0.2,4.0.3 and up,0.0,March,0
Security Camera CZ,HOUSE_AND_HOME,4.4,137.0,19.0,10000.0,Free,0.0,Everyone,House & Home,"July 17, 2018",1.1.10,4.1 and up,0.0,July,0
Šmelina .cz inzeráty inzerce,SHOPPING,3.9,117.0,9.8,10000.0,Free,0.0,Everyone,Shopping,"May 13, 2018",1.3,4.0 and up,0.0,May,0
Alzashop.com,SHOPPING,4.5,32014.0,18.0,500000.0,Free,0.0,Everyone,Shopping,"August 3, 2018",Varies with device,Varies with device,0.0,August,0
Mapy.cz - Cycling & Hiking offline maps,MAPS_AND_NAVIGATION,4.5,56409.0,43.0,1000000.0,Free,0.0,Everyone,Maps & Navigation,"June 26, 2018",6.2.0,4.1 and up,0.0,June,0
Breweries (CZ/SK),LIFESTYLE,4.4,1740.0,4.4,50000.0,Free,0.0,Teen,Lifestyle,"July 27, 2017",3.1.0,4.1 and up,0.0,July,0
reality.cz,HOUSE_AND_HOME,4.1,1372.0,5.4,50000.0,Free,0.0,Everyone,House & Home,"February 15, 2018",2.9.0,4.1 and up,0.0,February,0
CZ-Help,BOOKS_AND_REFERENCE,5.0,2.0,1.4,5.0,Free,0.0,Everyone,Books & Reference,"July 13, 2018",0.1,4.4 and up,0.0,July,0
Hlášenírozhlasu.cz,COMMUNICATION,4.3,0.0,17.0,10.0,Free,0.0,Everyone,Communication,"July 27, 2018",2.1.3,4.1 and up,0.0,July,0
signály.cz,SOCIAL,4.3,38.0,0.8603515625,1000.0,Free,0.0,Everyone,Social,"May 9, 2013",1.1,2.2 and up,0.0,May,0
HTC Sense Input - CZ,TOOLS,4.3,87.0,7.3,10000.0,Free,0.0,Everyone,Tools,"November 9, 2015",1.0.612933,5.0 and up,0.0,November,0
WebCams,WEATHER,4.6,3963.0,23.0,100000.0,Free,0.0,Everyone,Weather,"July 17, 2018",5.2.11,4.2 and up,0.0,July,0
Wallpapers CZ 75 85,PERSONALIZATION,4.3,0.0,12.0,10.0,Free,0.0,Teen,Personalization,"April 12, 2018",1.0,4.1 and up,0.0,April,0
SMS Sender - sluzba.cz,COMMUNICATION,4.3,12.0,0.0703125,1000.0,Free,0.0,Everyone,Communication,"June 1, 2012",2.00.00,2.0 and up,0.0,June,0
Novinky.cz,NEWS_AND_MAGAZINES,3.7,2375.0,13.0,100000.0,Free,0.0,Everyone,News & Magazines,"February 23, 2017",Varies with device,Varies with device,0.0,February,0
Wallpaper.cz,PHOTOGRAPHY,4.9,7.0,2.2,100.0,Free,0.0,Everyone,Photography,"July 11, 2015",1.2.0,3.0 and up,0.0,July,0
Strava.cz,SHOPPING,4.3,2221.0,13.0,100000.0,Free,0.0,Everyone,Shopping,"July 10, 2018",Varies with device,Varies with device,0.0,July,0
CZ Kompas,TOOLS,5.0,2.0,3.5,10.0,Free,0.0,Everyone,Tools,"July 9, 2018",1.1,4.0 and up,0.0,July,0
Modlitební knížka CZ,BOOKS_AND_REFERENCE,4.3,4.0,18.0,500.0,Free,0.0,Everyone,Books & Reference,"February 4, 2018",4.0,4.0.3 and up,0.0,February,0
PLAYzone.cz,FAMILY,4.4,14.0,7.3,500.0,Free,0.0,Everyone,Entertainment,"November 7, 2017",2.1.3,4.1 and up,0.0,November,0
RoutePlan.cz,PRODUCTIVITY,4.3,6.0,5.3,100.0,Free,0.0,Everyone,Productivity,"June 6, 2018",2.5.4,4.0.3 and up,0.0,June,0
TeeTime.cz,SPORTS,4.6,1641.0,6.2,10000.0,Free,0.0,Everyone,Sports,"August 2, 2018",1.18.34,4.0 and up,0.0,August,0
What is my IP address,TOOLS,4.5,4228.0,0.640625,500000.0,Free,0.0,Everyone,Tools,"July 2, 2018",2.95,4.0 and up,0.0,July,0
Windguru Lite,WEATHER,4.0,9307.0,5.0,1000000.0,Free,0.0,Everyone,Weather,"January 9, 2018",2.0.8,4.4 and up,0.0,January,0
Vira.cz Widget,LIFESTYLE,4.3,86.0,0.5869140625,1000.0,Free,0.0,Everyone,Lifestyle,"June 15, 2016",1.0,2.2 and up,0.0,June,0
Da Fit,SPORTS,3.5,1151.0,8.3,10000.0,Free,0.0,Everyone,Sports,"July 23, 2018",v1.0.0-195-gb96d9f2,4.4 and up,0.0,July,0
The Zueira's Voice,TOOLS,4.7,136540.0,3.1,1000000.0,Free,0.0,Everyone,Tools,"July 10, 2018",4.75,4.0.3 and up,0.0,July,0
Thuglife Video Maker,FAMILY,3.5,38824.0,12.0,1000000.0,Free,0.0,Mature 17+,Entertainment,"January 21, 2018",2.4.1,5.0 and up,0.0,January,0
Soccer FC,SPORTS,3.9,6289.0,33.0,1000000.0,Free,0.0,Everyone,Sports,"July 21, 2016",1.2,2.3 and up,0.0,July,0
Quiz TRUE or FALSE,GAME,4.6,2464.0,34.0,50000.0,Free,0.0,Everyone,Trivia,"February 13, 2018",1.1,4.1 and up,0.0,February,0
SQLite DB Reader,TOOLS,3.6,301.0,2.3,50000.0,Free,0.0,Everyone,Tools,"November 28, 2017",1.2.9,4.0 and up,0.0,November,0
db.Mobil App,LIBRARIES_AND_DEMO,4.5,23.0,31.0,5000.0,Free,0.0,Everyone,Libraries & Demo,"July 11, 2018",3.4.5,3.0 and up,0.0,July,0
DB Streckenagent,MAPS_AND_NAVIGATION,3.9,4569.0,7.5,500000.0,Free,0.0,Everyone,Maps & Navigation,"December 22, 2017",2.1.10 (49),4.0 and up,0.0,December,0
dB: Sound Meter Pro,TOOLS,4.3,31.0,0.22265625,5000.0,Free,0.0,Everyone,Tools,"December 12, 2016",1.0,4.0.3 and up,0.0,December,0
Movie DB,FAMILY,4.3,10.0,2.6,1000.0,Free,0.0,Teen,Entertainment,"December 10, 2016",1.0.1,4.2 and up,0.0,December,0
dB Sound Level Meter,TOOLS,3.9,203.0,2.3,10000.0,Free,0.0,Everyone,Tools,"March 3, 2017",1.08,3.0 and up,0.0,March,0
DB Sound Meter: Measure Noise Level- Decibel Meter,TOOLS,4.3,824.0,2.8,10000.0,Free,0.0,Everyone,Tools,"December 13, 2017",1.0.1,4.1 and up,0.0,December,0
DB Welt - Die Zeitung der DB,NEWS_AND_MAGAZINES,4.3,145.0,16.0,10000.0,Free,0.0,Everyone,News & Magazines,"February 26, 2016",3.1.3,4.0 and up,0.0,February,0
Check DB Benchmark,TOOLS,4.3,0.0,2.2,100.0,Free,0.0,Everyone,Tools,"March 11, 2017",0.9.2,4.0.3 and up,0.0,March,0
DB Tools,FAMILY,4.6,37.0,3.3,1000.0,Free,0.0,Everyone,Education,"June 17, 2014",1.9,2.2 and up,0.0,June,0
dB Meter - measure sound & noise level in Decibel,TOOLS,4.6,154.0,6.6,10000.0,Free,0.0,Everyone,Tools,"July 26, 2018",1.1,4.4 and up,0.0,July,0
DB BAHN,TRAVEL_AND_LOCAL,4.3,4.0,8.0,500.0,Free,0.0,Everyone,Travel & Local,"December 19, 2017",1.0,4.0 and up,0.0,December,0
DB Manager,PRODUCTIVITY,4.3,3.0,0.10546875,1000.0,Free,0.0,Everyone,Productivity,"January 21, 2014",2.0.0,3.1 and up,0.0,January,0
Guide for DB Xenoverse,BOOKS_AND_REFERENCE,4.2,459.0,11.0,10000.0,Free,0.0,Everyone,Books & Reference,"October 1, 2016",1.2,4.0 and up,0.0,October,0
DB Stay Connected,BUSINESS,4.6,17.0,9.4,1000.0,Free,0.0,Everyone,Business,"December 8, 2017",1.4,4.0 and up,0.0,December,0
DB FahrtProfi,TRAVEL_AND_LOCAL,4.3,1.0,10.0,1000.0,Free,0.0,Everyone,Travel & Local,"May 4, 2017",1.0.2,4.2 and up,0.0,May,0
DB TOS - Pocket Helper,TOOLS,4.2,265.0,13.0,10000.0,Free,0.0,Everyone,Tools,"May 22, 2016",1.7,4.0 and up,0.0,May,0
Guide for DB Xenoverse 2,BOOKS_AND_REFERENCE,4.4,121.0,8.7,10000.0,Free,0.0,Everyone,Books & Reference,"December 23, 2016",1.1.2,4.1 and up,0.0,December,0
DB Customer Connect,BUSINESS,4.2,100.0,6.3,10000.0,Free,0.0,Everyone,Business,"July 21, 2018",2.0.0,4.1 and up,0.0,July,0
Patron DB,TOOLS,3.9,64.0,4.1,5000.0,Free,0.0,Everyone,Tools,"June 1, 2017",1.24,4.4 and up,0.0,June,0
DB HOME,LIFESTYLE,5.0,5.0,3.2,100.0,Free,0.0,Everyone,Lifestyle,"August 31, 2017",1.0.1,4.0 and up,0.0,August,0
Bowers & Wilkins DB Subwoofers,TOOLS,3.9,21.0,11.0,10000.0,Free,0.0,Everyone,Tools,"January 19, 2018",1.2.0.27,5.0 and up,0.0,January,0
Guide for IMS DB,BOOKS_AND_REFERENCE,4.3,0.0,2.6,10.0,Free,0.0,Everyone,Books & Reference,"June 11, 2018",1.0.0,4.1 and up,0.0,June,0
DB Busradar NRW,MAPS_AND_NAVIGATION,3.7,78.0,3.0,10000.0,Free,0.0,Everyone,Maps & Navigation,"April 12, 2017",1.0.2,2.2 and up,0.0,April,0
DB Pickles,BUSINESS,5.0,5.0,14.0,100.0,Free,0.0,Everyone,Business,"March 20, 2018",2.0.2,4.1 and up,0.0,March,0
DB for Fallout Shelter,FAMILY,4.0,3323.0,47.0,100000.0,Free,0.0,Everyone,Simulation,"March 29, 2018",1.9,4.0 and up,0.0,March,0
dB Sound Meter,TOOLS,4.1,29.0,2.3,5000.0,Free,0.0,Everyone,Tools,"April 25, 2016",1.2,4.0.3 and up,0.0,April,0
DB for Hustle Castle,FAMILY,4.8,21.0,49.0,1000.0,Free,0.0,Everyone,Role Playing,"July 4, 2018",1.1,4.1 and up,0.0,July,0
DB Ultra Saiyan Battle,GAME,4.5,33.0,44.0,1000.0,Free,0.0,Everyone 10+,Action,"July 25, 2018",1.3.7,2.3 and up,0.0,July,0
Preferences Manager and SQLite DB Viewer,TOOLS,3.5,13.0,3.0,1000.0,Free,0.0,Everyone,Tools,"July 18, 2017",1.01,4.0 and up,0.0,July,0
LC-DB-LITE,PHOTOGRAPHY,4.3,0.0,2.3,100.0,Free,0.0,Everyone,Photography,"October 20, 2017",1.0,4.2 and up,0.0,October,0
Hamburg Transit - Offline HVV DB times and plans,MAPS_AND_NAVIGATION,4.3,9.0,10.0,1000.0,Free,0.0,Everyone,Maps & Navigation,"May 21, 2018",2.3,4.1 and up,0.0,May,0
SW-DB,TOOLS,4.5,954.0,7.6,10000.0,Free,0.0,Teen,Tools,"July 11, 2016",0.4.1,4.1 and up,0.0,July,0
DC Comics,COMICS,4.2,25673.0,13.0,1000000.0,Free,0.0,Teen,Comics,"June 5, 2018",Varies with device,Varies with device,0.0,June,0
FANDOM for: DC,FAMILY,4.4,6715.0,9.5,500000.0,Free,0.0,Mature 17+,Entertainment,"July 20, 2018",2.9.8.1,4.4 and up,0.0,July,0
Ultimate DC Challenge,GAME,4.5,937.0,35.0,10000.0,Free,0.0,Everyone,Trivia,"October 19, 2017",2.14.5e,4.0.3 and up,0.0,October,0
Justice League Action Run,GAME,4.3,22333.0,9.7,1000000.0,Free,0.0,Everyone 10+,Action,"August 7, 2018",2.01,4.3 and up,0.0,August,0
"Superheroes, Marvel, DC, Comics, TV, Movies News",COMICS,5.0,34.0,12.0,5000.0,Free,0.0,Everyone,Comics,"July 31, 2018",1.0.5,5.0 and up,0.0,July,0
Choose SuperHero Quize Marvel | DC,FAMILY,4.3,3.0,4.1,100.0,Free,0.0,Everyone,Entertainment,"July 29, 2018",2.0,5.0 and up,0.0,July,0
DC Universe Quiz,GAME,4.3,11.0,23.0,500.0,Free,0.0,Everyone,Trivia,"May 22, 2018",3.2.7z,4.0.3 and up,0.0,May,0
DC HSEMA,BOOKS_AND_REFERENCE,3.8,38.0,7.2,5000.0,Free,0.0,Everyone,Books & Reference,"June 18, 2018",4.0,4.4 and up,0.0,June,0
DC Universe Online Map,TOOLS,4.1,1186.0,6.4,50000.0,Free,0.0,Unrated,Tools,"February 27, 2012",1.3,2.3.3 and up,0.0,February,0
DC Public Library,BOOKS_AND_REFERENCE,4.2,20.0,3.4,1000.0,Free,0.0,Everyone,Books & Reference,"June 8, 2015",4.6.1,1.6 and up,0.0,June,0
Vote 4 DC,TOOLS,4.1,46.0,6.1,1000.0,Free,0.0,Everyone,Tools,"September 21, 2016",4.0.6,4.0.3 and up,0.0,September,0
Villains vs Superheroes,FAMILY,4.3,128.0,22.0,10000.0,Free,0.0,Everyone,Puzzle,"September 12, 2017",3.3.3z,4.0.3 and up,0.0,September,0
DC Rider,MAPS_AND_NAVIGATION,3.6,258.0,6.9,50000.0,Free,0.0,Everyone,Maps & Navigation,"December 24, 2017",2.1,4.0 and up,0.0,December,0
DC Metro Transit - Free,TRAVEL_AND_LOCAL,4.4,6895.0,10.0,500000.0,Free,0.0,Everyone,Travel & Local,"May 15, 2018",5.11.3.1,4.1 and up,0.0,May,0
DC N COMPANY ENTERTAINMENT RADIO!,FAMILY,5.0,22.0,2.2,100.0,Free,0.0,Mature 17+,Entertainment,"November 2, 2017",1.4,4.4 and up,0.0,November,0
Results for DC Lottery,FAMILY,4.4,160.0,8.5,5000.0,Free,0.0,Everyone,Entertainment,"March 11, 2017",5.1,4.1 and up,0.0,March,0
FOX 5 DC,NEWS_AND_MAGAZINES,4.5,1440.0,12.0,100000.0,Free,0.0,Everyone,News & Magazines,"March 29, 2018",1.3.35.0,4.0 and up,0.0,March,0
Pepsi Cards DC,COMICS,4.3,1.0,21.0,50.0,Free,0.0,Everyone 10+,Comics,"June 26, 2018",0.0.4,4.4 and up,0.0,June,0
Driver Permit Test Prep DC DMV Driver's License Ed,FAMILY,4.7,78.0,11.0,5000.0,Free,0.0,Everyone,Education,"October 12, 2017",2.9.0,4.1 and up,0.0,October,0
Robin - DC Movie Collection,FAMILY,4.3,1.0,2.3,500.0,Free,0.0,Everyone,Entertainment,"November 19, 2017",1.0.1,4.0 and up,0.0,November,0
DC-014,PHOTOGRAPHY,5.0,3.0,16.0,500.0,Free,0.0,Everyone,Photography,"June 14, 2018",1.0.3,4.1 and up,0.0,June,0
Painting Lulu DC Super Friends,BOOKS_AND_REFERENCE,4.3,7.0,17.0,1000.0,Free,0.0,Everyone,Books & Reference,"February 9, 2017",1.2,4.0.3 and up,0.0,February,0
McClatchy DC Bureau,NEWS_AND_MAGAZINES,4.3,80.0,8.7,5000.0,Free,0.0,Everyone 10+,News & Magazines,"June 18, 2018",6.0.1,4.4W and up,0.0,June,0
Word Search multilingual,GAME,4.2,32849.0,1.5,1000000.0,Free,0.0,Everyone,Word,"September 30, 2015",2.2.13,2.3 and up,0.0,September,0
Love Fonts for FlipFont,PERSONALIZATION,3.9,28694.0,2.9,1000000.0,Free,0.0,Everyone,Personalization,"January 14, 2018",1.4.6,4.0.3 and up,0.0,January,0
Myth Defense 2: DF,FAMILY,4.2,17108.0,8.3,100000.0,Free,0.0,Everyone,Strategy,"June 23, 2016",1.3.9,2.3.3 and up,0.0,June,0
df,TOOLS,4.3,4.0,0.0322265625,1000.0,Free,0.0,Everyone,Tools,"August 12, 2016",1.0,1.5 and up,0.0,August,0
DF Squid,GAME,4.3,1.0,14.0,100.0,Free,0.0,Everyone,Board,"December 12, 2013",1.0,2.3 and up,0.0,December,0
DF 司機,MAPS_AND_NAVIGATION,4.3,9.0,9.9,500.0,Free,0.0,Everyone,Maps & Navigation,"August 6, 2018",13.0.0,5.0 and up,0.0,August,0
DF@realtime,BUSINESS,4.3,24.0,8.0,1000.0,Free,0.0,Everyone,Business,"October 26, 2017",6.0.8.2.GM,3.2 and up,0.0,October,0
DF Night Selfies,PHOTOGRAPHY,4.3,194.0,1.5,10000.0,Free,0.0,Everyone,Photography,"February 15, 2018",1.6.0,4.0 and up,0.0,February,0
DF Coaching,SPORTS,4.0,1.0,3.6,100.0,Free,0.0,Everyone,Sports,"May 24, 2018",1.0.1,4.1 and up,0.0,May,0
Digital Falak,TOOLS,4.7,3408.0,15.0,50000.0,Free,0.0,Everyone,Tools,"May 30, 2018",2.1.1,4.1 and up,0.0,May,0
The Divine Feminine App: the DF App,LIFESTYLE,5.0,8.0,6.7,1000.0,Free,0.0,Everyone,Lifestyle,"May 16, 2016",0.0.4,4.1 and up,0.0,May,0
DF BugMeNot,SOCIAL,4.3,7.0,1.4,500.0,Free,0.0,Teen,Social,"October 29, 2015",1.0,5.0 and up,0.0,October,0
DF-CAM,TOOLS,4.3,2.0,20.0,100.0,Free,0.0,Everyone,Tools,"May 16, 2018",2.0.1,4.3 and up,0.0,May,0
DF Tracker,BUSINESS,4.3,2.0,6.0,100.0,Free,0.0,Everyone,Business,"September 27, 2017",1.0,4.0.3 and up,0.0,September,0
Guia Bike DF,SPORTS,4.3,29.0,14.0,100.0,Free,0.0,Everyone,Sports,"February 18, 2018",22.0,5.0 and up,0.0,February,0
Rádio DF FM,FAMILY,4.3,24.0,1.5,1000.0,Free,0.0,Everyone,Entertainment,"August 3, 2017",3.0,2.3 and up,0.0,August,0
Noticias DF,SOCIAL,4.3,2.0,2.3,1000.0,Free,0.0,Everyone,Social,"May 25, 2015",1.0,2.3 and up,0.0,May,0
DF Glue Board,PARENTING,5.0,1.0,27.0,10.0,Free,0.0,Everyone,Parenting,"January 19, 2018",Glueboardv.6,4.2 and up,0.0,January,0
DF-View,BUSINESS,4.3,0.0,15.0,100.0,Free,0.0,Everyone,Business,"January 4, 2016",1.0.9,4.0 and up,0.0,January,0
"MexiRoomies - roomies, mexico, df, apt, house room",LIFESTYLE,4.3,2.0,32.0,500.0,Free,0.0,Everyone,Lifestyle,"July 4, 2018",1.9,4.0.3 and up,0.0,July,0
DF Wall Plus – Droid Firewall,TOOLS,4.3,9.0,6.3,500.0,Free,0.0,Everyone,Tools,"August 20, 2017",1.0,4.0.3 and up,0.0,August,0
Diario Financiero,FINANCE,4.3,30.0,24.0,10000.0,Free,0.0,Everyone,Finance,"June 18, 2018",v1.1.6(201806181),4.1 and up,0.0,June,0
Digital FM Brasília DF,FAMILY,4.3,5.0,1.4,100.0,Free,0.0,Everyone,Entertainment,"September 22, 2017",1.0,2.3 and up,0.0,September,0
DF SmartPlus,TOOLS,4.3,0.0,36.0,10.0,Free,0.0,Everyone,Tools,"February 23, 2018",1.0.1,4.1 and up,0.0,February,0
Red Transporte DF,MAPS_AND_NAVIGATION,4.3,11100.0,15.0,500000.0,Free,0.0,Everyone,Maps & Navigation,"April 28, 2018",2.10.0 Summer,4.0.3 and up,0.0,April,0
ElejaOnline DF,BUSINESS,4.3,0.0,3.0,50.0,Free,0.0,Everyone,Business,"June 18, 2018",1.0.0,4.1 and up,0.0,June,0
ProconLegis-DF,TOOLS,4.3,2.0,14.0,5.0,Free,0.0,Everyone,Tools,"July 31, 2018",1.0,4.4 and up,0.0,July,0
Consultar Infracciones de Transito DF y Mexico,TOOLS,4.3,0.0,2.9,10.0,Free,0.0,Everyone,Tools,"July 23, 2018",2.5,4.0 and up,0.0,July,0
México City D.F News,NEWS_AND_MAGAZINES,4.3,2.0,5.7,100.0,Free,0.0,Everyone,News & Magazines,"May 9, 2016",1.1,4.0.3 and up,0.0,May,0
PDF Reader – PDF Editor 2018,TOOLS,4.1,1648.0,36.0,500000.0,Free,0.0,Everyone,Tools,"July 31, 2018",9.5.8,4.1 and up,0.0,July,0
Fix Error Google Playstore,BOOKS_AND_REFERENCE,4.3,18.0,5.7,1000.0,Free,0.0,Everyone,Books & Reference,"July 22, 2017",1.0,4.0 and up,0.0,July,0
df-Vegetable,BUSINESS,4.3,0.0,2.9,5.0,Free,0.0,Everyone,Business,"June 11, 2018",1.1,4.0.3 and up,0.0,June,0
Aproveita DF,LIFESTYLE,4.3,0.0,3.3,1.0,Free,0.0,Everyone,Lifestyle,"August 2, 2018",1.0,4.0 and up,0.0,August,0
EVENTOS DF,EVENTS,4.3,0.0,4.5,10.0,Free,0.0,Everyone,Events,"December 1, 2017",1.0.1,4.1 and up,0.0,December,0
Rádio Sol Nascente DF,COMMUNICATION,4.3,12.0,1.6,500.0,Free,0.0,Everyone,Communication,"July 28, 2016",3.1,2.3 and up,0.0,July,0
DG Coupon,SHOPPING,3.7,668.0,1.1,100000.0,Free,0.0,Everyone,Shopping,"July 16, 2018",20.0,4.0 and up,0.0,July,0
DG - Digital Coupons - Free Coupon and Discount,SHOPPING,3.6,38.0,1.1,10000.0,Free,0.0,Everyone,Shopping,"July 1, 2018",20.0,4.0 and up,0.0,July,0
Krazy Coupon Lady,SHOPPING,4.7,10318.0,32.0,1000000.0,Free,0.0,Everyone,Shopping,"June 19, 2018",2.1.8,4.4 and up,0.0,June,0
DG Mobile,GAME,4.3,59.0,1.4,1000.0,Free,0.0,Everyone,Board,"April 8, 2017",0.1.10.0,2.3 and up,0.0,April,0
DG Report Reminder,PRODUCTIVITY,4.3,195.0,13.0,10000.0,Free,0.0,Everyone,Productivity,"February 6, 2018",Varies with device,Varies with device,0.0,February,0
DG Video Editor,VIDEO_PLAYERS,4.0,486.0,2.5,10000.0,Free,0.0,Everyone,Video Players & Editors,"September 6, 2016",1.0.3,4.4 and up,0.0,September,0
Destroy Gunners Σ,GAME,4.4,10786.0,21.0,1000000.0,Free,0.0,Everyone,Arcade,"January 14, 2017",1.02,4.0.3 and up,0.0,January,0
DG-App,TOOLS,5.0,1.0,4.5,500.0,Free,0.0,Everyone,Tools,"November 29, 2017",1.0.16,4.1 and up,0.0,November,0
Can I pack that? - DG App,TRAVEL_AND_LOCAL,3.9,58.0,22.0,10000.0,Free,0.0,Everyone,Travel & Local,"October 28, 2016",2.0.1,4.0.3 and up,0.0,October,0
DG Phone Call Task Switcher,PRODUCTIVITY,4.2,43.0,0.033203125,1000.0,Free,0.0,Everyone,Productivity,"June 9, 2015",2.04,4.0 and up,0.0,June,0
DG Fitness,HEALTH_AND_FITNESS,4.8,6.0,14.0,100.0,Free,0.0,Everyone,Health & Fitness,"March 23, 2018",7.7.3,4.1 and up,0.0,March,0
Sharaf DG,SHOPPING,4.0,7006.0,12.0,500000.0,Free,0.0,Everyone,Shopping,"May 12, 2018",3.10,4.4 and up,0.0,May,0
DG Card,COMMUNICATION,4.3,0.0,13.0,100.0,Free,0.0,Everyone,Communication,"August 15, 2017",Varies with device,Varies with device,0.0,August,0
DG Users,PRODUCTIVITY,4.5,8.0,3.1,100.0,Free,0.0,Everyone,Productivity,"June 7, 2018",1.2,4.0.3 and up,0.0,June,0
Free coupons and vouchers,FINANCE,5.0,4.0,5.9,100.0,Free,0.0,Everyone,Finance,"July 28, 2018",1.5,4.4 and up,0.0,July,0
DG Hair,LIFESTYLE,4.3,0.0,3.0,10.0,Free,0.0,Everyone,Lifestyle,"August 30, 2017",1.0.0,4.0 and up,0.0,August,0
DG Xplained,HEALTH_AND_FITNESS,4.3,1.0,12.0,100.0,Free,0.0,Everyone,Health & Fitness,"May 2, 2018",1.0.3,4.1 and up,0.0,May,0
DG OFF - 100% Free Coupons & Deals,SHOPPING,5.0,1.0,1.1,10.0,Free,0.0,Everyone,Shopping,"July 11, 2018",1.0,4.0 and up,0.0,July,0
Digoo·Cloud,TOOLS,4.1,543.0,26.0,10000.0,Free,0.0,Everyone,Tools,"June 5, 2018",1.2.1009.695,4.0.3 and up,0.0,June,0
DG Monitor,BUSINESS,4.3,1.0,4.5,100.0,Free,0.0,Everyone,Business,"October 12, 2017",1.0.0.17,4.0 and up,0.0,October,0
DG ग्राम / Digital Gram Panchayat,NEWS_AND_MAGAZINES,4.5,53.0,5.9,10000.0,Free,0.0,Teen,News & Magazines,"June 19, 2018",1.7,4.0 and up,0.0,June,0
DG TV,NEWS_AND_MAGAZINES,5.0,3.0,5.7,100.0,Free,0.0,Everyone,News & Magazines,"May 26, 2018",1.2,4.1 and up,0.0,May,0
DH Pineapple Poker OFC,GAME,4.2,1878.0,20.0,100000.0,Free,0.0,Teen,Casino,"November 9, 2017",1.0.13,3.0 and up,0.0,November,0
Castle Defense 2,FAMILY,4.2,35172.0,34.0,1000000.0,Free,0.0,Teen,Strategy,"January 20, 2017",3.2.2,2.3.3 and up,0.0,January,0
Treasure Defense,FAMILY,4.1,3527.0,35.0,100000.0,Free,0.0,Teen,Strategy,"September 8, 2015",2.2.0.23,3.0 and up,0.0,September,0
The Lost Lands:DH Lite,FAMILY,4.3,1130.0,48.0,50000.0,Free,0.0,Teen,Simulation,"April 3, 2015",1.01,4.2 and up,0.0,April,0
Dungeon Hunter Champions: Epic Online Action RPG,FAMILY,4.2,26307.0,13.0,1000000.0,Free,0.0,Teen,Role Playing,"July 26, 2018",1.1.40,4.0.3 and up,0.0,July,0
Daddyhunt: Gay Dating,SOCIAL,3.9,6450.0,14.0,500000.0,Free,0.0,Mature 17+,Social,"January 22, 2018",1.3.5,4.0 and up,0.0,January,0
DH Karaoke,FAMILY,4.3,8.0,10.0,1000.0,Free,0.0,Everyone,Entertainment,"October 23, 2017",3.3.6,4.1 and up,0.0,October,0
Tiny Defense,FAMILY,4.1,29387.0,16.0,1000000.0,Free,0.0,Everyone,Strategy,"August 22, 2015",1.0.6,3.0 and up,0.0,August,0
Toys Defense: Horror Land,FAMILY,3.8,168.0,24.0,10000.0,Free,0.0,Everyone,Strategy,"March 1, 2017",1.2.2,4.0.3 and up,0.0,March,0
D-H Pharmacy,LIFESTYLE,5.0,6.0,2.3,1000.0,Free,0.0,Everyone,Lifestyle,"May 4, 2016",v6.1,2.2 and up,0.0,May,0
Kingdom in Chaos,FAMILY,4.3,5623.0,28.0,100000.0,Free,0.0,Everyone 10+,Role Playing,"December 21, 2015",1.0.5,2.3 and up,0.0,December,0
Desperate Housewives: The Game,FAMILY,4.2,10440.0,27.0,500000.0,Free,0.0,Teen,Role Playing,"August 6, 2018",18.30.22,4.4 and up,0.0,August,0
"Red Bull TV: Live Sports, Music & Entertainment",FAMILY,4.4,42069.0,13.0,1000000.0,Free,0.0,Teen,Entertainment,"August 3, 2018",Varies with device,Varies with device,0.0,August,0
DH Mariage,LIFESTYLE,4.3,0.0,4.9,50.0,Free,0.0,Everyone,Lifestyle,"September 12, 2017",1.0,4.3 and up,0.0,September,0
Castle Defense : Invasion,FAMILY,4.2,1484.0,41.0,100000.0,Free,0.0,Everyone,Strategy,"July 15, 2018",1.2.1,4.0.3 and up,0.0,July,0
D. H. Lawrence Poems FREE,BOOKS_AND_REFERENCE,4.3,13.0,0.919921875,1000.0,Free,0.0,Everyone,Books & Reference,"November 22, 2013",1.11,2.3.3 and up,0.0,November,0
Wallpapers DH 4K,PERSONALIZATION,3.8,23.0,5.9,1000.0,Free,0.0,Everyone,Personalization,"July 16, 2018",2.0,4.0.3 and up,0.0,July,0
DH-Security Camera,BUSINESS,4.3,3.0,36.0,100.0,Free,0.0,Everyone,Business,"August 1, 2017",DH-Security Camera,5.0 and up,0.0,August,0
Pocket Heroes,FAMILY,4.5,96658.0,26.0,1000000.0,Free,0.0,Everyone 10+,Role Playing,"September 5, 2015",2.0.5,3.0 and up,0.0,September,0
Stop Smoking - EasyQuit free,HEALTH_AND_FITNESS,4.8,39068.0,4.0,500000.0,Free,0.0,Everyone,Health & Fitness,"July 7, 2018",1.2.2,4.1 and up,0.0,July,0
Archery Physics Objects Destruction Apple shooter,GAME,4.5,6026.0,39.0,100000.0,Free,0.0,Teen,Action,"July 7, 2018",1.04,4.1 and up,0.0,July,0
DJ Mix Effects Simulator,FAMILY,4.1,5997.0,20.0,1000000.0,Free,0.0,Everyone,Simulation,"January 26, 2018",1.1,4.1 and up,0.0,January,0
3D DJ – Music Mixer with Virtual DJ,FAMILY,4.3,796.0,28.0,100000.0,Free,0.0,Everyone,Entertainment,"July 3, 2018",6.6.8,5.0 and up,0.0,July,0
Virtual DJ Mixer,TOOLS,4.2,2013.0,16.0,100000.0,Free,0.0,Everyone,Tools,"May 18, 2017",1.0,4.1 and up,0.0,May,0
Mix Virtual DJ 2018,TOOLS,4.2,2925.0,16.0,100000.0,Free,0.0,Everyone,Tools,"November 23, 2017",1.0,4.1 and up,0.0,November,0
Resources For Virtual DJ,FAMILY,3.6,21095.0,7.9,1000000.0,Free,0.0,Everyone,Entertainment,"December 16, 2016",4,4.0.3 and up,0.0,December,0
DK Readers,FAMILY,3.9,30.0,16.0,1000.0,Free,0.0,Everyone,Education,"July 2, 2014",1.1,2.3 and up,0.0,July,0
Eyewitness Travel Phrase Book,FAMILY,3.8,10.0,25.0,1000.0,Free,0.0,Everyone,Education,"July 28, 2017",1.0,4.1 and up,0.0,July,0
DK Quiz,GAME,4.4,1628.0,34.0,50000.0,Free,0.0,Everyone,Trivia,"April 10, 2014",1.3,2.3 and up,0.0,April,0
DK Virtual Reality,FAMILY,3.7,42.0,29.0,1000.0,Free,0.0,Everyone,Books & Reference;Education,"March 13, 2018",1.7.1,5.0 and up,0.0,March,0
Super DK vs Kong Brother Advanced Free Classic,GAME,3.8,66.0,38.0,10000.0,Free,0.0,Everyone,Arcade,"July 17, 2018",1.2,4.1 and up,0.0,July,0
DK Live - Sports Play by Play,SPORTS,3.9,255.0,19.0,100000.0,Free,0.0,Everyone,Sports,"May 22, 2018",2.1.4,4.4 and up,0.0,May,0
DK Pittsburgh Sports,SPORTS,4.1,556.0,3.3,10000.0,Free,0.0,Everyone,Sports,"July 26, 2018",3.0.5,4.2 and up,0.0,July,0
LineStar For DK,SPORTS,4.3,1387.0,14.0,50000.0,Free,0.0,Everyone,Sports,"June 6, 2018",3.0.3,4.0.3 and up,0.0,June,0
10 Minutes a Day Times Tables,FAMILY,4.1,681.0,48.0,100000.0,Free,0.0,Everyone,Education,"July 3, 2014",1.2,2.2 and up,0.0,July,0
dk Verk,BUSINESS,4.4,9.0,31.0,500.0,Free,0.0,Everyone,Business,"March 14, 2018",2.0.14,4.1 and up,0.0,March,0
Account Class-11 Solutions (D K Goel),FAMILY,4.5,663.0,25.0,50000.0,Free,0.0,Everyone,Education,"February 9, 2018",3.0.0,3.0 and up,0.0,February,0
Dating.dk,SOCIAL,3.7,2111.0,11.0,100000.0,Free,0.0,Mature 17+,Social,"August 6, 2018",4.1.23,4.4 and up,0.0,August,0
S-Home DK,LIFESTYLE,4.3,4.0,17.0,1000.0,Free,0.0,Everyone,Lifestyle,"October 18, 2017",1.26,4.0 and up,0.0,October,0
DK Online,FAMILY,4.3,21.0,3.5,100.0,Free,0.0,Everyone,Entertainment,"May 18, 2018",8.2,4.0.3 and up,0.0,May,0
Account Class-12 Solutions (D K Goel) Vol-1,FAMILY,4.4,708.0,33.0,50000.0,Free,0.0,Everyone,Education,"February 12, 2018",1.0.0,3.0 and up,0.0,February,0
Salah Widget (DK+Malmo),LIFESTYLE,4.5,532.0,6.4,10000.0,Free,0.0,Everyone,Lifestyle,"June 28, 2015",0.9.9.14,2.3 and up,0.0,June,0
PK and DK Audio App,FAMILY,5.0,2.0,3.9,100.0,Free,0.0,Everyone,Entertainment,"October 25, 2017",5.1.4,4.1 and up,0.0,October,0
dk,FAMILY,4.8,5.0,1.5,10.0,Free,0.0,Everyone,Education,"September 18, 2017",1.0,2.3 and up,0.0,September,0
HDWallpaper DK,PERSONALIZATION,4.3,0.0,6.6,10.0,Free,0.0,Teen,Personalization,"October 5, 2017",1.0,4.0 and up,0.0,October,0
Account Class-12 Solutions (D K Goel) Vol-2,FAMILY,4.6,124.0,23.0,10000.0,Free,0.0,Everyone,Education,"April 17, 2018",1.0.0,3.0 and up,0.0,April,0
DK Browser,COMMUNICATION,4.0,1.0,2.4,10.0,Free,0.0,Everyone,Communication,"April 25, 2017",1.0,4.2 and up,0.0,April,0
Discovery K!ds Play!,FAMILY,4.1,19388.0,35.0,1000000.0,Free,0.0,Everyone,Entertainment;Music & Video,"May 3, 2018",2.1.0.2173,4.0.3 and up,0.0,May,0
cluster.dk,COMMUNICATION,4.3,49.0,1.1,1000.0,Free,0.0,Everyone,Communication,"June 25, 2013",1.0.2,2.3 and up,0.0,June,0
Transport DK,MAPS_AND_NAVIGATION,4.1,204.0,11.0,10000.0,Free,0.0,Everyone,Maps & Navigation,"May 29, 2017",2.28,4.0 and up,0.0,May,0
DK Childcare Centers,LIFESTYLE,4.3,0.0,13.0,500.0,Free,0.0,Everyone,Lifestyle,"April 2, 2018",1.0.2,4.1 and up,0.0,April,0
Gokarting.dk,FAMILY,4.3,13.0,34.0,1000.0,Free,0.0,Everyone,Entertainment,"March 25, 2018",5.0.45,4.1 and up,0.0,March,0
DK Murali,SOCIAL,4.8,65.0,7.1,500.0,Free,0.0,Teen,Social,"February 25, 2017",1.1.2,4.1 and up,0.0,February,0
DK TEL Dialer,COMMUNICATION,4.3,0.0,4.2,50.0,Free,0.0,Everyone,Communication,"November 26, 2017",3.8.8,2.2 and up,0.0,November,0
DK Studio Barbershop,BEAUTY,4.3,8.0,17.0,100.0,Free,0.0,Everyone,Beauty,"March 20, 2018",1.1,4.1 and up,0.0,March,0
Dr. D.K. Olukoya Sermons,LIFESTYLE,4.3,1.0,3.0,100.0,Free,0.0,Everyone,Lifestyle,"September 26, 2017",1.0,4.0 and up,0.0,September,0
GirlTalk.dk,SOCIAL,4.3,3.0,5.3,100.0,Free,0.0,Teen,Social,"September 22, 2017",3.1.0,4.1 and up,0.0,September,0
Dr D K Olukoya,LIFESTYLE,4.3,0.0,3.3,1.0,Free,0.0,Teen,Lifestyle,"July 25, 2018",1.0,4.1 and up,0.0,July,0
DK Hair Design,LIFESTYLE,4.3,0.0,2.5,10.0,Free,0.0,Everyone,Lifestyle,"May 15, 2017",1.0.0,4.0 and up,0.0,May,0
Download Manager Pro FREE,PRODUCTIVITY,3.8,637.0,7.2,100000.0,Free,0.0,Everyone,Productivity,"October 31, 2017",2.5,4.1 and up,0.0,October,0
Download Accelerator Plus,TOOLS,4.2,43677.0,13.0,1000000.0,Free,0.0,Everyone,Tools,"August 30, 2017",20170828,Varies with device,0.0,August,0
Download Video Free,FAMILY,4.0,39682.0,6.2,1000000.0,Free,0.0,Everyone,Entertainment,"April 3, 2018",3.5.5,4.1 and up,0.0,April,0
Fast Download Manager,TOOLS,4.0,18478.0,1.7,1000000.0,Free,0.0,Everyone,Tools,"August 4, 2018",1.0.5,2.3 and up,0.0,August,0
DL Hughley,FAMILY,4.6,12.0,10.0,1000.0,Free,0.0,Mature 17+,Entertainment,"March 23, 2018",2.0.4,4.1 and up,0.0,March,0
D.L. Evans Bank Mobile Banking,FINANCE,4.3,85.0,30.0,10000.0,Free,0.0,Everyone,Finance,"May 2, 2018",18.1.79,5.0 and up,0.0,May,0
The DL Hughley Show,FAMILY,4.3,23.0,11.0,5000.0,Free,0.0,Everyone,Entertainment,"May 29, 2018",3.1.2,5.0 and up,0.0,May,0
Download Manager For Android Free,TOOLS,4.0,593.0,3.3,100000.0,Free,0.0,Everyone,Tools,"April 12, 2018",12.04.18,3.0 and up,0.0,April,0
Trimble DL,PRODUCTIVITY,4.2,133.0,7.9,10000.0,Free,0.0,Everyone,Productivity,"January 12, 2018",1.0.184,4.2 and up,0.0,January,0
Insave-Download for Instagram,PHOTOGRAPHY,4.3,46242.0,5.2,1000000.0,Free,0.0,Everyone,Photography,"September 20, 2016",2.1.3,4.0 and up,0.0,September,0
+Download 4 Instagram Twitter,SOCIAL,4.5,40467.0,22.0,1000000.0,Free,0.0,Everyone,Social,"August 2, 2018",5.03,4.1 and up,0.0,August,0
Advanced Download Manager Holo,TOOLS,4.4,16192.0,1.6,1000000.0,Free,0.0,Everyone,Tools,"July 13, 2016",4.1.9o,4.0 and up,0.0,July,0
G-Download Manager,TOOLS,4.1,802.0,9.4,50000.0,Free,0.0,Everyone,Tools,"May 24, 2018",1.0.81,4.1 and up,0.0,May,0
DL Calculator,SPORTS,4.5,177.0,1.1,10000.0,Free,0.0,Everyone,Sports,"September 17, 2015",1.0,2.2 and up,0.0,September,0
Vuze Torrent Downloader,VIDEO_PLAYERS,4.1,24565.0,5.5,1000000.0,Free,0.0,Everyone,Video Players & Editors,"March 4, 2016",2.1,2.3.3 and up,0.0,March,0
IDM Internet Download Manager,PRODUCTIVITY,3.9,1322.0,4.2,100000.0,Free,0.0,Everyone,Productivity,"October 25, 2016",1.0.4,4.2 and up,0.0,October,0
TorrDroid - Torrent Downloader,TOOLS,4.7,59632.0,10.0,1000000.0,Free,0.0,Everyone,Tools,"April 3, 2018",1.5.2,4.1 and up,0.0,April,0
Download Manager - File & Video,TOOLS,3.9,8780.0,5.0,1000000.0,Free,0.0,Everyone,Tools,"June 13, 2018",2.7.5,4.2 and up,0.0,June,0
AndStream - Streaming Download,VIDEO_PLAYERS,4.3,38607.0,2.9,1000000.0,Free,0.0,Everyone,Video Players & Editors,"March 19, 2017",3.1.8,2.3 and up,0.0,March,0
DM Screen,BOOKS_AND_REFERENCE,4.4,283.0,5.4,10000.0,Free,0.0,Everyone 10+,Books & Reference,"January 12, 2018",1.1.10a,4.0 and up,0.0,January,0
DM for IG 😘 - Image & Video Saver for Instagram,SOCIAL,3.7,55.0,3.7,5000.0,Free,0.0,Teen,Social,"March 3, 2018",3.20.3,4.4 and up,0.0,March,0
DM for WhatsApp,COMMUNICATION,4.4,25.0,2.9,5000.0,Free,0.0,Everyone,Communication,"June 3, 2018",0.3.7,4.4 and up,0.0,June,0
Fifth Edition DM Tools,FAMILY,4.1,942.0,3.0,100000.0,Free,0.0,Everyone,Role Playing,"January 19, 2017",1.14b,3.0 and up,0.0,January,0
DM Talk New,COMMUNICATION,4.3,3.0,4.2,5000.0,Free,0.0,Everyone,Communication,"February 7, 2018",3.8.8,2.2 and up,0.0,February,0
Diabetes mellitus (DM) from zero to hero,MEDICAL,4.9,18.0,3.0,1000.0,Free,0.0,Everyone,Medical,"January 17, 2018",1.0,4.3 and up,0.0,January,0
Daily DM,PERSONALIZATION,4.7,51.0,0.2529296875,1000.0,Free,0.0,Everyone,Personalization,"October 4, 2013",1.0,2.1 and up,0.0,October,0
DM - The Offical Messaging App,COMMUNICATION,4.3,0.0,11.0,10.0,Free,0.0,Teen,Communication,"December 20, 2017",1.3,4.0.3 and up,0.0,December,0
Convert Coordinates DM to DMS,MAPS_AND_NAVIGATION,4.3,15.0,0.16015625,5000.0,Free,0.0,Everyone,Maps & Navigation,"February 3, 2013",1.6,2.2 and up,0.0,February,0
DM security - Dragon Mobile,TOOLS,3.9,27.0,3.0,1000.0,Free,0.0,Everyone,Tools,"April 26, 2017",1.1.1,4.1 and up,0.0,April,0
DM 24/7,TOOLS,3.6,7.0,16.0,1000.0,Free,0.0,Everyone,Tools,"August 1, 2018",2.3,2.3.3 and up,0.0,August,0
DM Transfers Dalaman Transfers,TRAVEL_AND_LOCAL,4.3,51.0,0.2392578125,10000.0,Free,0.0,Everyone,Travel & Local,"February 22, 2014",1.0,2.2 and up,0.0,February,0
DM Tracker,COMMUNICATION,3.5,11.0,5.2,1000.0,Free,0.0,Everyone,Communication,"July 26, 2018",2.0.1,4.3 and up,0.0,July,0
DM Magazine,NEWS_AND_MAGAZINES,4.3,0.0,27.0,10.0,Free,0.0,Everyone,News & Magazines,"May 11, 2018",1.0,4.1 and up,0.0,May,0
DM הפקות,PHOTOGRAPHY,4.3,2.0,10.0,100.0,Free,0.0,Everyone,Photography,"October 14, 2017",30.0,3.2 and up,0.0,October,0
DM TrackMan,MAPS_AND_NAVIGATION,4.3,10.0,7.8,100.0,Free,0.0,Everyone,Maps & Navigation,"June 26, 2018",2.1.0,4.4 and up,0.0,June,0
Fake Chat (Direct Message),SOCIAL,4.4,5985.0,5.9,500000.0,Free,0.0,Everyone,Social,"July 6, 2017",1.4.2,4.1 and up,0.0,July,0
DM Buddy » Learn Digital Marketing,FAMILY,5.0,3.0,1.7,500.0,Free,0.0,Everyone,Education,"July 11, 2017",2.1,4.1 and up,0.0,July,0
DM Collection,SHOPPING,4.3,3.0,1.2,100.0,Free,0.0,Everyone,Shopping,"June 25, 2015",1.1,2.2 and up,0.0,June,0
DM AirDisk HDD,TOOLS,4.3,4.0,33.0,100.0,Free,0.0,Everyone,Tools,"July 28, 2018",1.4.6,4.0.3 and up,0.0,July,0
DM AirDisk NAS,TOOLS,4.3,0.0,35.0,50.0,Free,0.0,Everyone,Tools,"July 31, 2018",2.1.4,4.0.3 and up,0.0,July,0
Shaggy's DM Assistant,PRODUCTIVITY,4.3,0.0,13.0,5.0,Free,0.0,Everyone,Productivity,"January 14, 2018",Varies with device,Varies with device,0.0,January,0
Otto DM,SOCIAL,4.3,0.0,2.4,10.0,Free,0.0,Teen,Social,"March 7, 2018",1.0,4.0 and up,0.0,March,0
DM Adventure,GAME,4.3,0.0,11.0,10.0,Free,0.0,Everyone,Adventure,"June 18, 2018",1.0.4,2.3 and up,0.0,June,0
Ramdor DM Mobile,BUSINESS,4.3,1.0,23.0,100.0,Free,0.0,Everyone,Business,"June 13, 2018",21 - Rel2.0,3.0 and up,0.0,June,0
Disciple Maker’s (DM) Lab,FAMILY,5.0,3.0,4.0,100.0,Free,0.0,Everyone,Education,"August 1, 2018",1.0.5,4.4 and up,0.0,August,0
Ultimate DM,FAMILY,4.3,0.0,13.0,10.0,Free,0.0,Everyone,Role Playing,"March 10, 2018",Varies with device,Varies with device,0.0,March,0
DN Sync,NEWS_AND_MAGAZINES,4.1,56.0,0.02734375,1000.0,Free,0.0,Everyone 10+,News & Magazines,"June 13, 2016",1.15,2.3.3 and up,0.0,June,0
DN Reader,NEWS_AND_MAGAZINES,4.6,18.0,1.8,100.0,Free,0.0,Everyone,News & Magazines,"March 13, 2014",1.0,4.0 and up,0.0,March,0
DN Managed Mobility App,BUSINESS,4.3,0.0,3.4,50.0,Free,0.0,Everyone,Business,"July 13, 2018",2.1.2,5.0 and up,0.0,July,0
DN Blog,SOCIAL,5.0,20.0,4.2,10.0,Free,0.0,Teen,Social,"July 23, 2018",1.0,4.0 and up,0.0,July,0
DN Events,PRODUCTIVITY,4.3,4.0,18.0,500.0,Free,0.0,Teen,Productivity,"June 7, 2018",7.17.2.0,5.0 and up,0.0,June,0
DN - Diário de Notícias,NEWS_AND_MAGAZINES,3.7,794.0,15.0,100000.0,Free,0.0,Everyone,News & Magazines,"July 26, 2018",3.2.7,4.1 and up,0.0,July,0
DN Employee,FAMILY,5.0,1.0,3.8,10.0,Free,0.0,Everyone,Education,"June 25, 2018",1.4,4.4 and up,0.0,June,0
DN Advanced Service Coder,BUSINESS,4.3,0.0,21.0,10.0,Free,0.0,Everyone,Business,"June 1, 2018",1.0.0,4.0 and up,0.0,June,0
DN Premium Hookah Lounge,BUSINESS,4.3,1.0,4.2,50.0,Free,0.0,Everyone,Business,"October 21, 2015",1.0,2.3 and up,0.0,October,0
PlayMotiv dn edition,BUSINESS,4.3,0.0,28.0,500.0,Free,0.0,Everyone,Business,"April 8, 2018",1.0.2,4.1 and up,0.0,April,0
DN Calculators,FINANCE,5.0,12.0,0.7568359375,100.0,Free,0.0,Everyone,Finance,"September 5, 2013",1.11,3.0 and up,0.0,September,0
DN Diamonds,BUSINESS,4.3,4.0,10.0,100.0,Free,0.0,Everyone,Business,"July 31, 2018",3.9.17,4.0.3 and up,0.0,July,0
DN Prasad,FINANCE,4.3,0.0,5.9,100.0,Free,0.0,Everyone,Finance,"April 30, 2018",1.1.2,4.0.3 and up,0.0,April,0
DN Driver,FAMILY,4.3,0.0,7.5,5.0,Free,0.0,Everyone,Education,"June 9, 2018",1.0.2,4.1 and up,0.0,June,0
D.N. College Meerut,FAMILY,4.3,0.0,19.0,10.0,Free,0.0,Everyone,Education,"March 26, 2018",1.0.0,4.0 and up,0.0,March,0
DN Radio FM,NEWS_AND_MAGAZINES,4.3,0.0,3.8,10.0,Free,0.0,Teen,News & Magazines,"July 15, 2016",1.1,2.3 and up,0.0,July,0
Sverige Tidningar,NEWS_AND_MAGAZINES,4.1,905.0,4.0,50000.0,Free,0.0,Everyone,News & Magazines,"July 30, 2018",2.2.2.1,4.0 and up,0.0,July,0
Downtown Mafia: Gang Wars (Mobster Game) Free,FAMILY,4.5,69013.0,13.0,1000000.0,Free,0.0,Teen,Role Playing,"September 2, 2017",Varies with device,Varies with device,0.0,September,0
DN Snacks,BUSINESS,4.3,0.0,7.6,1.0,Free,0.0,Everyone,Business,"April 9, 2018",1.0.0,4.0 and up,0.0,April,0
Sweden Newspapers,NEWS_AND_MAGAZINES,4.3,0.0,2.1,0.0,Free,0.0,Everyone,News & Magazines,"July 7, 2018",1.1,4.4 and up,0.0,July,0
Destiny Ninja Shall we date otome games love story,GAME,4.4,13079.0,30.0,500000.0,Free,0.0,Everyone 10+,Adventure,"April 20, 2018",1.6.2,4.0 and up,0.0,April,0
CritDice - Dice Roller,FAMILY,4.7,2910.0,5.3,50000.0,Free,0.0,Everyone,Entertainment,"October 30, 2016",2.0.0,4.1 and up,0.0,October,0
Cursive Writing Wizard - Handwriting,FAMILY,4.0,3745.0,31.0,1000000.0,Free,0.0,Everyone,Education;Education,"December 3, 2017",2.5.0,4.0.3 and up,0.0,December,0
Free Poker Games : Downtown Casino - Texas Holdem,GAME,4.5,2032.0,50.0,50000.0,Free,0.0,Teen,Card,"June 5, 2018",0.1.27,4.1 and up,0.0,June,0
WFVS 2018 | WhatApp Full Video Status & Downloader,PRODUCTIVITY,4.3,596.0,22.0,50000.0,Free,0.0,Everyone,Productivity,"July 4, 2018",1.3,4.1 and up,0.0,July,0
Maher EL Mouaikly - Offline,FAMILY,4.6,166.0,2.6,10000.0,Free,0.0,Everyone,Entertainment,"May 24, 2017",1.1.0,3.1 and up,0.0,May,0
Sword Art Online: Integral Factor,FAMILY,4.0,45359.0,32.0,1000000.0,Free,0.0,Everyone 10+,Role Playing,"July 26, 2018",1.0.9,4.4 and up,0.0,July,0
Mahalaxmi Dindarshika 2018,PRODUCTIVITY,4.2,25427.0,9.2,1000000.0,Free,0.0,Everyone,Productivity,"January 5, 2018",18.0,4.0 and up,0.0,January,0
"Microsoft To-Do: List, Task & Reminder",PRODUCTIVITY,4.1,14432.0,16.0,1000000.0,Free,0.0,Everyone,Productivity,"July 31, 2018",1.36.82,4.4 and up,0.0,July,0
File Viewer for Android,TOOLS,4.1,7063.0,13.0,1000000.0,Free,0.0,Everyone,Tools,"January 25, 2018",2.3.2,5.0 and up,0.0,January,0
To Do Reminder with Alarm,PRODUCTIVITY,4.4,72161.0,4.9,1000000.0,Free,0.0,Everyone,Productivity,"March 21, 2018",2.68.14,4.0 and up,0.0,March,0
wikiHow: how to do anything,BOOKS_AND_REFERENCE,4.4,43088.0,3.0,1000000.0,Free,0.0,Teen,Books & Reference,"April 19, 2017",2.7.3,4.0 and up,0.0,April,0
"Ike - To-Do List, Task List",PRODUCTIVITY,4.6,6320.0,6.3,100000.0,Free,0.0,Everyone,Productivity,"December 10, 2016",2.0,4.4 and up,0.0,December,0
"My Effectiveness: To do, Tasks",PRODUCTIVITY,4.6,14089.0,8.4,500000.0,Free,0.0,Everyone,Productivity,"August 5, 2018",0.21.1,4.1 and up,0.0,August,0
Do it (Tomorrow),PRODUCTIVITY,4.3,26452.0,4.0,1000000.0,Free,0.0,Everyone,Productivity,"November 3, 2014",2.3.5,2.1 and up,0.0,November,0
Do Not Disturb,PRODUCTIVITY,4.3,6120.0,1.9,100000.0,Free,0.0,Everyone,Productivity,"November 22, 2017",2.10.1,6.0 and up,0.0,November,0
To-Do List Widget,PRODUCTIVITY,3.9,7801.0,0.1962890625,1000000.0,Free,0.0,Everyone,Productivity,"September 28, 2013",2.0,1.5 and up,0.0,September,0
NoteToDo. Notes. To do list,PRODUCTIVITY,4.5,57449.0,5.0,1000000.0,Free,0.0,Everyone,Productivity,"August 4, 2018",1.2.187-83,4.0 and up,0.0,August,0
"Memory Helper - To do list, Notepad, Notes, Memo",PRODUCTIVITY,4.7,7566.0,4.0,500000.0,Free,0.0,Everyone,Productivity,"July 21, 2018",67,4.1 and up,0.0,July,0
"2Do - Reminders, To-do List & Notes",PRODUCTIVITY,4.3,4649.0,30.0,100000.0,Free,0.0,Everyone,Productivity,"June 19, 2018",2.8.12,5.0 and up,0.0,June,0
"Notes : Colorful Notepad Note,To Do,Reminder,Memo",LIFESTYLE,4.6,10484.0,9.0,1000000.0,Free,0.0,Everyone,Lifestyle,"June 9, 2018",1.4.9,4.1 and up,0.0,June,0
"Time Planner - Schedule, To-Do List, Time Tracker",PRODUCTIVITY,4.2,2537.0,8.5,500000.0,Free,0.0,Everyone,Productivity,"January 10, 2018",2.2 (Protostar),4.0 and up,0.0,January,0
MyLifeOrganized: To-Do List,PRODUCTIVITY,4.3,4441.0,13.0,100000.0,Free,0.0,Everyone,Productivity,"June 18, 2018",Varies with device,Varies with device,0.0,June,0
Cal - Google Calendar + Widget,PRODUCTIVITY,4.2,86172.0,13.0,1000000.0,Free,0.0,Everyone,Productivity,"February 1, 2016",1.1.7,4.0 and up,0.0,February,0
"Clean My House – Chore To Do List, Task Scheduler",PRODUCTIVITY,4.1,661.0,3.4,100000.0,Free,0.0,Everyone,Productivity,"June 21, 2018",2.1.2,4.1 and up,0.0,June,0
"Goal Meter: Goal Tracker, Habit Changer,To-Do List",PRODUCTIVITY,4.6,7969.0,20.0,100000.0,Free,0.0,Everyone,Productivity,"February 6, 2018",2.7.92,4.4 and up,0.0,February,0
To-do list,PRODUCTIVITY,4.4,688.0,4.4,50000.0,Free,0.0,Everyone,Productivity,"July 17, 2018",2.22,4.0 and up,0.0,July,0
Do Not Crash,FAMILY,3.7,56664.0,8.3,1000000.0,Free,0.0,Everyone,Casual,"February 5, 2015",1.4,2.3 and up,0.0,February,0
Do I Snore or Grind,MEDICAL,4.4,2295.0,19.0,100000.0,Free,0.0,Everyone,Medical,"July 9, 2018",0.3.1,5.0 and up,0.0,July,0
How well do you know me?,GAME,3.9,1290.0,6.4,100000.0,Free,0.0,Everyone,Word,"July 26, 2018",2.3.0,4.1 and up,0.0,July,0
EasyNote Notepad | To Do List,TOOLS,4.3,15618.0,2.4,1000000.0,Free,0.0,Everyone,Tools,"November 27, 2017",1.5.2,2.3 and up,0.0,November,0
Adobe Fill & Sign: Easy PDF Form Filler,PRODUCTIVITY,4.3,11402.0,5.3,1000000.0,Free,0.0,Everyone,Productivity,"November 7, 2017",1.3.0,5.0 and up,0.0,November,0
DO YOU KNOW THE WAY Soundboard,FAMILY,4.5,1007.0,5.2,100000.0,Free,0.0,Everyone,Entertainment,"July 1, 2018",7.0,4.1 and up,0.0,July,0
Endless Ducker,GAME,4.5,8193.0,41.0,500000.0,Free,0.0,Everyone,Arcade,"September 16, 2016",1.0.7,4.0.3 and up,0.0,September,0
Dude Perfect,SPORTS,4.5,97.0,1.9,10000.0,Free,0.0,Everyone,Sports,"June 28, 2017",1.0,4.1 and up,0.0,June,0
that's lit,GAME,4.7,1115.0,39.0,100000.0,Free,0.0,Everyone,Arcade,"July 7, 2017",1.0,4.3 and up,0.0,July,0
All Type DP,FAMILY,4.3,1853.0,5.8,500000.0,Free,0.0,Everyone,Entertainment,"May 10, 2018",1.8,4.0 and up,0.0,May,0
Dp For WhatsApp,PERSONALIZATION,4.4,1623.0,11.0,1000000.0,Free,0.0,Mature 17+,Personalization,"June 23, 2018",2.7,4.0.3 and up,0.0,June,0
DP and Status for WhatsApp 2018,SOCIAL,4.5,787.0,6.9,100000.0,Free,0.0,Everyone,Social,"February 17, 2018",2.4.2,4.0.3 and up,0.0,February,0
DP Editor,PHOTOGRAPHY,4.3,18.0,15.0,5000.0,Free,0.0,Teen,Photography,"August 4, 2018",1.5,4.1 and up,0.0,August,0
DP & Status,FAMILY,4.3,1922.0,4.7,500000.0,Free,0.0,Everyone,Entertainment,"January 9, 2018",1.13,4.1 and up,0.0,January,0
Dp for girls,ART_AND_DESIGN,4.2,175.0,8.2,50000.0,Free,0.0,Everyone,Art & Design,"May 26, 2017",1.2,4.0.3 and up,0.0,May,0
DP Maker,PHOTOGRAPHY,4.2,784.0,18.0,100000.0,Free,0.0,Everyone,Photography,"April 29, 2018",1.00.15,4.1 and up,0.0,April,0
Download Instant DP (Full HD),TOOLS,4.3,1283.0,4.4,100000.0,Free,0.0,Everyone,Tools,"August 4, 2018",4.1.0,4.1 and up,0.0,August,0
Square DP For Whatsapp,PHOTOGRAPHY,4.2,67.0,15.0,10000.0,Free,0.0,Everyone,Photography,"March 29, 2017",1.0,4.0.3 and up,0.0,March,0
Profile pictures for WhatsApp,PERSONALIZATION,4.7,10786.0,9.4,500000.0,Free,0.0,Mature 17+,Personalization,"May 20, 2018",2.3.1,4.3 and up,0.0,May,0
DP and Status,FAMILY,4.1,623.0,3.0,100000.0,Free,0.0,Everyone,Entertainment,"August 11, 2017",1.0.1,3.0 and up,0.0,August,0
Dp For Whatsapp,SOCIAL,4.3,39.0,12.0,5000.0,Free,0.0,Everyone,Social,"April 13, 2017",1.0,4.0.3 and up,0.0,April,0
DP & Status for Whatsapp 2018,PERSONALIZATION,4.1,293.0,3.4,100000.0,Free,0.0,Everyone,Personalization,"August 3, 2018",1.4,4.0.3 and up,0.0,August,0
DP Creator for WhatsApp,PHOTOGRAPHY,3.8,4813.0,5.1,100000.0,Free,0.0,Everyone,Photography,"March 19, 2016",1.5,2.2 and up,0.0,March,0
Dp For FB,PHOTOGRAPHY,4.5,12.0,2.0,1000.0,Free,0.0,Teen,Photography,"October 19, 2017",1.0,4.1 and up,0.0,October,0
Best DP and Status (Daily Updates Photos),FAMILY,4.1,3003.0,3.2,1000000.0,Free,0.0,Everyone,Entertainment,"May 7, 2018",1.8,4.0 and up,0.0,May,0
Magical Insta DP,PHOTOGRAPHY,4.3,2.0,5.2,1000.0,Free,0.0,Everyone,Photography,"June 28, 2018",1.1,4.0 and up,0.0,June,0
Profile Pictures and DP for Whatsapp,SOCIAL,4.3,48.0,11.0,5000.0,Free,0.0,Everyone,Social,"May 12, 2017",1.3,4.0.3 and up,0.0,May,0
All Types DP & Status Maker,PHOTOGRAPHY,4.5,16.0,14.0,1000.0,Free,0.0,Teen,Photography,"July 12, 2018",2.1.5,4.0.3 and up,0.0,July,0
DP Photo Editor,PHOTOGRAPHY,4.1,88.0,7.7,10000.0,Free,0.0,Everyone,Photography,"September 29, 2017",2.5,4.1 and up,0.0,September,0
Status For WhatsApp DP - pro,PERSONALIZATION,4.4,49.0,12.0,10000.0,Free,0.0,Teen,Personalization,"May 31, 2018",1.7,4.1 and up,0.0,May,0
"Marathi DP - status and message,jokes,Video app",FAMILY,4.3,694.0,3.8,100000.0,Free,0.0,Everyone,Entertainment,"August 1, 2018",1.6,4.2 and up,0.0,August,0
Cute Images for Whatsapp,FAMILY,4.4,634.0,8.1,100000.0,Free,0.0,Teen,Entertainment,"December 23, 2015",1.0,2.3.3 and up,0.0,December,0
Profile Pictures - Best DP Status,FAMILY,4.3,131.0,5.4,50000.0,Free,0.0,Everyone,Entertainment,"November 29, 2017",1.2.1,4.1 and up,0.0,November,0
Best DP and Status - All Type DP & Status,FAMILY,4.3,1.0,5.7,100.0,Free,0.0,Everyone,Entertainment,"May 30, 2018",1.0,4.0.3 and up,0.0,May,0
Dp for Facebook,SOCIAL,4.1,56.0,10.0,5000.0,Free,0.0,Everyone,Social,"May 16, 2017",1.0,4.0.3 and up,0.0,May,0
Fifa World Cup 2018: Photo Frame Editor & DP Maker,PHOTOGRAPHY,4.6,666.0,8.7,100000.0,Free,0.0,Everyone,Photography,"June 20, 2018",6.1,4.0.3 and up,0.0,June,0
DP and Status Images | All Latest Status 2018,LIFESTYLE,4.7,25.0,3.8,10000.0,Free,0.0,Teen,Lifestyle,"July 22, 2017",1.0,4.0 and up,0.0,July,0
Best DP and Status,SOCIAL,4.2,93.0,5.6,10000.0,Free,0.0,Teen,Social,"November 29, 2017",7.6.5,4.1 and up,0.0,November,0
"100000+ Messages - DP, Status, Jokes & GIF 2018",LIFESTYLE,3.7,121.0,3.8,10000.0,Free,0.0,Mature 17+,Lifestyle,"December 29, 2017",DPSTATUS1.0.1,4.0.3 and up,0.0,December,0
Instant DP Downloader for Instagram,SOCIAL,4.7,38.0,4.1,5000.0,Free,0.0,Everyone,Social,"August 4, 2018",1.0.4,4.2 and up,0.0,August,0
DP Display Pictures Life Quotes Motivational GM,SOCIAL,4.4,39.0,11.0,5000.0,Free,0.0,Everyone,Social,"January 1, 2018",20,4.1 and up,0.0,January,0
Latest DP and Status Pro 2018,FAMILY,4.7,19.0,5.7,1000.0,Free,0.0,Everyone,Entertainment,"January 5, 2018",1.0.4,4.0.3 and up,0.0,January,0
Best DP And Video Status 2018 For Whatsapp,FAMILY,4.2,91.0,3.8,10000.0,Free,0.0,Everyone,Entertainment,"May 31, 2018",9.0,4.1 and up,0.0,May,0
Qeek for Instagram - Zoom profile insta DP,SOCIAL,4.6,12111.0,9.1,500000.0,Free,0.0,Everyone,Social,"May 3, 2018",1.47,4.3 and up,0.0,May,0
DP Battle,FAMILY,4.5,132.0,2.5,5000.0,Free,0.0,Everyone,Entertainment,"March 26, 2017",2.0.5,4.0.3 and up,0.0,March,0
Faceoff DP Battle App,FAMILY,4.8,38.0,6.7,1000.0,Free,0.0,Everyone,Entertainment,"June 15, 2018",5.2,4.4 and up,0.0,June,0
Insta Square Profile DP,PHOTOGRAPHY,3.7,42.0,11.0,5000.0,Free,0.0,Everyone,Photography,"September 1, 2015",1.0,4.0 and up,0.0,September,0
Name Art DP - Focus n Filter Text 2018,ART_AND_DESIGN,4.3,132.0,7.7,10000.0,Free,0.0,Everyone,Art & Design,"January 4, 2018",1,4.1 and up,0.0,January,0
DP Status 2017,PHOTOGRAPHY,4.2,302.0,7.0,50000.0,Free,0.0,Everyone,Photography,"June 15, 2017",15|06|17,4.1 and up,0.0,June,0
Dairy Queen,FOOD_AND_DRINK,3.6,742.0,43.0,100000.0,Free,0.0,Everyone,Food & Drink,"July 25, 2018",2.1.0,4.1 and up,0.0,July,0
DQ Texas,FOOD_AND_DRINK,4.1,336.0,13.0,100000.0,Free,0.0,Everyone,Food & Drink,"May 18, 2018",1.4.1,4.1 and up,0.0,May,0
Coupons for Dairy Queen,FOOD_AND_DRINK,4.6,42.0,3.9,100.0,Free,0.0,Teen,Food & Drink,"July 18, 2018",1.0,5.0 and up,0.0,July,0
ODTMobile v4,BUSINESS,4.0,3.0,16.0,1000.0,Free,0.0,Everyone,Business,"April 17, 2018",1.10,4.1 and up,0.0,April,0
SONIC Drive-In,FOOD_AND_DRINK,4.3,19373.0,43.0,1000000.0,Free,0.0,Everyone,Food & Drink,"July 31, 2018",3.3.6,4.4 and up,0.0,July,0
DQT GPS,BUSINESS,4.0,3.0,6.3,500.0,Free,0.0,Everyone,Business,"October 5, 2015",1.2,4.2 and up,0.0,October,0
DQ Akses,TOOLS,4.3,0.0,2.6,1.0,Free,0.0,Everyone,Tools,"July 6, 2018",1.1,2.1 and up,0.0,July,0
Taco Bell,LIFESTYLE,3.8,28140.0,16.0,1000000.0,Free,0.0,Everyone,Lifestyle,"July 30, 2018",5.0.4,4.2 and up,0.0,July,0
LightMeter Free,PHOTOGRAPHY,4.1,5485.0,13.0,1000000.0,Free,0.0,Everyone,Photography,"April 28, 2016",1.2.3,3.2 and up,0.0,April,0
Jungle book-The Great Escape,GAME,3.9,2362.0,25.0,100000.0,Free,0.0,Everyone,Action,"July 17, 2013",1.3,2.3 and up,0.0,July,0
DQSalmaan - A fan made App,FAMILY,4.9,707.0,6.0,10000.0,Free,0.0,Everyone,Entertainment,"February 4, 2018",1.5,4.1 and up,0.0,February,0
Culver's,LIFESTYLE,3.9,1638.0,4.9,100000.0,Free,0.0,Everyone,Lifestyle,"April 11, 2018",1.20,4.3 and up,0.0,April,0
World Webcams,WEATHER,3.7,7896.0,13.0,1000000.0,Free,0.0,Everyone,Weather,"November 25, 2013",1.6,Varies with device,0.0,November,0
SUBWAY®,FOOD_AND_DRINK,3.8,21381.0,41.0,1000000.0,Free,0.0,Everyone,Food & Drink,"July 24, 2018",7.9.0.0,4.4 and up,0.0,July,0
Call Blocker & Blacklist,COMMUNICATION,4.0,6.0,4.2,1000.0,Free,0.0,Everyone,Communication,"July 13, 2018",3.1.0,4.0 and up,0.0,July,0
Panera Bread,FOOD_AND_DRINK,4.2,10225.0,36.0,1000000.0,Free,0.0,Everyone,Food & Drink,"August 6, 2018",4.4.2,5.0 and up,0.0,August,0
Dulquer Salmaan HD Wallpapers,PERSONALIZATION,4.3,1.0,3.9,100.0,Free,0.0,Everyone,Personalization,"May 22, 2018",1.1.0,4.0 and up,0.0,May,0
IHOP®,FOOD_AND_DRINK,4.2,441.0,24.0,100000.0,Free,0.0,Everyone,Food & Drink,"April 3, 2018",2.2.0,4.1 and up,0.0,April,0
Dr. Cares - Pet Rescue 911 🐶,FAMILY,4.2,14432.0,35.0,500000.0,Free,0.0,Everyone,Casual,"September 21, 2017",1.5,4.0.3 and up,0.0,September,0
Dr. Panda Town,FAMILY,4.0,36578.0,13.0,1000000.0,Free,0.0,Everyone,Education;Pretend Play,"August 3, 2018",Varies with device,Varies with device,0.0,August,0
Dr. Battery - Fast Charger - Super Cleaner 2018,TOOLS,4.5,101738.0,10.0,1000000.0,Free,0.0,Everyone,Tools,"July 26, 2018",2.2.82,4.0 and up,0.0,July,0
Real Car Dr Parking Master: Parking Games 2018,FAMILY,4.2,3345.0,27.0,1000000.0,Free,0.0,Everyone,Simulation,"May 12, 2018",1.0,4.1 and up,0.0,May,0
Dr. Rocket,GAME,4.0,42182.0,3.4,1000000.0,Free,0.0,Everyone,Arcade,"January 6, 2018",1.11,4.1 and up,0.0,January,0
Dr. Muscle,HEALTH_AND_FITNESS,4.0,87.0,33.0,10000.0,Free,0.0,Everyone,Health & Fitness,"July 28, 2018",2.5,4.0.3 and up,0.0,July,0
Dr. Dominoes,GAME,4.0,2700.0,5.7,500000.0,Free,0.0,Everyone,Board,"January 3, 2018",1.06,4.1 and up,0.0,January,0
Dr. Sudoku,FAMILY,3.5,2310.0,3.1,500000.0,Free,0.0,Everyone,Puzzle,"January 4, 2018",1.06,4.1 and up,0.0,January,0
Dr. Unblock,FAMILY,3.9,3847.0,4.3,1000000.0,Free,0.0,Everyone,Puzzle,"January 3, 2018",1.05,4.1 and up,0.0,January,0
Dr. Pixel: Pill mania Classic,FAMILY,4.3,2419.0,6.2,100000.0,Free,0.0,Everyone,Puzzle,"March 31, 2018",1.2.7,4.0 and up,0.0,March,0
Dr. Chess,GAME,4.1,97209.0,6.7,1000000.0,Free,0.0,Everyone,Board,"January 14, 2018",1.41,4.0.3 and up,0.0,January,0
Super Dr. Parking 3D,FAMILY,4.0,4518.0,41.0,1000000.0,Free,0.0,Everyone,Simulation,"December 17, 2017",3.3,4.1 and up,0.0,December,0
Dr Dre - Beatmaker,GAME,4.3,146.0,6.0,10000.0,Free,0.0,Mature 17+,Music,"February 28, 2018",5.3.8,4.0 and up,0.0,February,0
Pet Vet Dr - Animals Hospital,FAMILY,3.7,11748.0,36.0,1000000.0,Free,0.0,Teen,Casual,"October 31, 2016",1.3,4.0.3 and up,0.0,October,0
Dr.Android Repair Master 2017,PRODUCTIVITY,3.8,1205.0,4.3,100000.0,Free,0.0,Everyone,Productivity,"June 10, 2018",2,4.0 and up,0.0,June,0
Dr. Doug's Tips,BOOKS_AND_REFERENCE,4.0,22.0,34.0,1000.0,Free,0.0,Everyone,Books & Reference,"September 1, 2016",1.1,2.3 and up,0.0,September,0
Dr. 2048,FAMILY,3.9,1985.0,3.5,500000.0,Free,0.0,Everyone,Puzzle,"December 30, 2017",1.05,4.1 and up,0.0,December,0
DR Sebi's Alkaline List,FAMILY,4.0,68.0,5.5,5000.0,Free,0.0,Everyone,Education,"April 5, 2017",0.1,2.3 and up,0.0,April,0
NDS Emulator - For Android 6,GAME,4.1,14002.0,19.0,1000000.0,Free,0.0,Everyone,Arcade,"July 26, 2018",pb1.0.0.1,4.0.3 and up,0.0,July,0
Free DS Emulator,GAME,4.1,22896.0,19.0,1000000.0,Free,0.0,Everyone,Arcade,"July 26, 2018",pb1.0.0.1,4.0.3 and up,0.0,July,0
DS file,PRODUCTIVITY,4.1,10676.0,12.0,1000000.0,Free,0.0,Everyone,Productivity,"May 23, 2018",4.11.0,4.1 and up,0.0,May,0
DS finder,TOOLS,4.0,2596.0,32.0,500000.0,Free,0.0,Everyone,Tools,"July 19, 2018",2.0.1,5.0 and up,0.0,July,0
DS photo,VIDEO_PLAYERS,3.8,7335.0,13.0,1000000.0,Free,0.0,Everyone,Video Players & Editors,"July 17, 2018",Varies with device,Varies with device,0.0,July,0
DS video,VIDEO_PLAYERS,3.8,12443.0,13.0,1000000.0,Free,0.0,Everyone,Video Players & Editors,"August 6, 2018",Varies with device,Varies with device,0.0,August,0
DS cam,PRODUCTIVITY,3.6,3227.0,35.0,500000.0,Free,0.0,Everyone,Productivity,"July 26, 2018",3.0.1,4.1 and up,0.0,July,0
DS router,TOOLS,3.8,253.0,15.0,50000.0,Free,0.0,Everyone,Tools,"June 13, 2018",1.1.8,4.1 and up,0.0,June,0
EmuBox - Fast Retro Emulator,GAME,3.9,1576.0,43.0,50000.0,Free,0.0,Everyone,Arcade,"August 5, 2018",2.1.1,4.1 and up,0.0,August,0
DS App Manager,TOOLS,4.6,14.0,2.1,1000.0,Free,0.0,Everyone,Tools,"March 21, 2015",1.0,2.3 and up,0.0,March,0
Simple x3DS Emulator - BETA,GAME,4.3,0.0,13.0,50000.0,Free,0.0,Everyone,Arcade,"June 13, 2018",Varies with device,Varies with device,0.0,June,0
DS,FAMILY,4.9,15.0,23.0,100.0,Free,0.0,Everyone,Casual,"January 19, 2016",1,2.3 and up,0.0,January,0
DS Barometer - Altimeter and Weather Information,WEATHER,3.9,2962.0,4.2,100000.0,Free,0.0,Everyone,Weather,"July 9, 2018",3.67,2.3.3 and up,0.0,July,0
DS Companion,HEALTH_AND_FITNESS,4.3,0.0,4.6,50.0,Free,0.0,Everyone,Health & Fitness,"November 3, 2017",1.7,4.4 and up,0.0,November,0
DS-L4 Viewer,PHOTOGRAPHY,3.5,13.0,7.9,1000.0,Free,0.0,Everyone,Photography,"January 29, 2018",1.2.0.9,5.0 and up,0.0,January,0
DS-Admin,FAMILY,4.3,1.0,21.0,10.0,Free,0.0,Everyone,Education,"March 5, 2018",2.0,4.2 and up,0.0,March,0
DS-11 form,BUSINESS,4.3,3.0,28.0,100.0,Free,0.0,Everyone,Business,"April 27, 2018",1.7.7,4.1 and up,0.0,April,0
SmartCircle Remote DS,BUSINESS,4.3,2.0,1.6,500.0,Free,0.0,Everyone,Business,"May 22, 2018",2.983,5.0 and up,0.0,May,0
DS Speedometer & Odometer,MAPS_AND_NAVIGATION,3.9,22382.0,6.6,1000000.0,Free,0.0,Everyone,Maps & Navigation,"March 22, 2018",6.93,2.3.3 and up,0.0,March,0
DS Vision,BUSINESS,4.3,0.0,38.0,5.0,Free,0.0,Everyone,Business,"May 21, 2018",1.2,4.1 and up,0.0,May,0
Learn DS [BETA],FAMILY,4.3,9.0,5.0,500.0,Free,0.0,Everyone,Education,"February 12, 2017",0.5,4.0 and up,0.0,February,0
DS - xR,BUSINESS,4.3,2.0,1.4,10.0,Free,0.0,Everyone,Business,"November 21, 2017",1.0,4.4 and up,0.0,November,0
DS-Students,FAMILY,4.8,5.0,8.4,100.0,Free,0.0,Everyone,Education,"July 3, 2018",2.0,4.1 and up,0.0,July,0
DS Thermometer,WEATHER,3.7,631.0,3.0,100000.0,Free,0.0,Everyone,Weather,"May 30, 2015",2.20,2.3 and up,0.0,May,0
Deep Sleep Battery Saver,TOOLS,4.1,22032.0,3.7,1000000.0,Free,0.0,Everyone,Tools,"August 17, 2017",5.1,4.1 and up,0.0,August,0
DS Flashlight,TOOLS,4.0,127.0,5.8,10000.0,Free,0.0,Everyone,Tools,"May 30, 2015",1.31,2.2 and up,0.0,May,0
DS-82 form,BUSINESS,4.3,1.0,28.0,100.0,Free,0.0,Everyone,Business,"April 27, 2018",1.7.7,4.1 and up,0.0,April,0
dt Pro,FINANCE,4.8,4.0,4.5,1000.0,Free,0.0,Everyone,Finance,"May 16, 2017",3.10,2.2 and up,0.0,May,0
DT,LIFESTYLE,4.3,0.0,8.9,100.0,Free,0.0,Everyone,Lifestyle,"July 24, 2018",7.2.2,4.1 and up,0.0,July,0
DT Manager,PRODUCTIVITY,4.0,9.0,3.1,500.0,Free,0.0,Everyone,Productivity,"May 21, 2015",1.7,2.3 and up,0.0,May,0
DT-CAM,FAMILY,4.3,6.0,9.9,1000.0,Free,0.0,Everyone,Entertainment,"July 29, 2017",1.3,2.2 and up,0.0,July,0
DT Driving Test Theory,FAMILY,4.6,477.0,1.6,10000.0,Free,0.0,Everyone,Education,"February 22, 2018",1.1,4.0.3 and up,0.0,February,0
Truck Simulator DT 3D,FAMILY,3.8,110.0,22.0,5000.0,Free,0.0,Everyone,Simulation,"April 23, 2017",1.0.6,2.3 and up,0.0,April,0
WPBS-DT,FAMILY,5.0,3.0,6.3,500.0,Free,0.0,Everyone,Entertainment,"April 3, 2015",4.1.1,2.3.3 and up,0.0,April,0
ReadyOp DT,COMMUNICATION,4.6,8.0,1.1,1000.0,Free,0.0,Everyone,Communication,"July 6, 2018",1.0.56,2.3.3 and up,0.0,July,0
DT-VR,FAMILY,3.8,25.0,9.5,1000.0,Free,0.0,Everyone,Entertainment,"August 9, 2016",1.2,2.2 and up,0.0,August,0
Dt Tracking,AUTO_AND_VEHICLES,4.0,4.0,24.0,100.0,Free,0.0,Everyone,Auto & Vehicles,"October 28, 2016",0.20,4.0 and up,0.0,October,0
DT Simple Interval Timer,SPORTS,4.1,10.0,1.5,1000.0,Free,0.0,Everyone,Sports,"February 17, 2014",1.01,2.1 and up,0.0,February,0
DT Health,MEDICAL,4.3,1.0,24.0,10.0,Free,0.0,Everyone,Medical,"November 20, 2017",2.0.0,4.3 and up,0.0,November,0
DT CLOTHINGS,SHOPPING,5.0,1.0,7.9,10.0,Free,0.0,Everyone,Shopping,"July 25, 2018",1.0.1,4.1 and up,0.0,July,0
PAY DT,BUSINESS,4.3,0.0,5.3,1.0,Free,0.0,Everyone,Business,"February 6, 2018",1.1.0,4.0 and up,0.0,February,0
Test Application DT 02,ART_AND_DESIGN,4.3,0.0,1.2,0.0,Free,0.0,Everyone,Art & Design,"March 14, 2017",4.0,4.2 and up,0.0,March,0
Eat Right Diet (by Dt Shreya's Family Diet Clinic),HEALTH_AND_FITNESS,4.3,0.0,12.0,10.0,Free,0.0,Everyone,Health & Fitness,"August 7, 2018",1.0.7,5.0 and up,0.0,August,0
DT Practice,BUSINESS,4.3,6.0,5.7,500.0,Free,0.0,Everyone,Business,"October 6, 2017",1.1.0,4.4 and up,0.0,October,0
Dt. Jyothi Srinivas,HEALTH_AND_FITNESS,5.0,18.0,13.0,100.0,Free,0.0,Everyone,Health & Fitness,"February 6, 2018",1.0.6,4.1 and up,0.0,February,0
Johor DT Lock Screen,PERSONALIZATION,4.3,13.0,3.9,1000.0,Free,0.0,Everyone,Personalization,"January 17, 2018",1.1,4.0.3 and up,0.0,January,0
DT Technologies,SHOPPING,4.3,0.0,1.3,10.0,Free,0.0,Everyone,Shopping,"June 7, 2018",1.1,4.4 and up,0.0,June,0
DTPay,SHOPPING,4.5,18.0,0.970703125,1000.0,Free,0.0,Everyone,Shopping,"July 11, 2018",0.8.2,4.0 and up,0.0,July,0
"""i DT"" Fútbol. Todos Somos Técnicos.",SPORTS,4.3,27.0,3.6,500.0,Free,0.0,Everyone,Sports,"October 7, 2017",0.22,4.1 and up,0.0,October,0
MasterDT,SPORTS,4.3,24.0,4.1,100.0,Free,0.0,Everyone,Sports,"June 30, 2018",4.1,4.0.3 and up,0.0,June,0
Spring flowers theme couleurs d t space,ART_AND_DESIGN,5.0,1.0,2.9,100.0,Free,0.0,Everyone,Art & Design,"April 18, 2018",1.0.2,4.0 and up,0.0,April,0
Soccer Board Tactics,SPORTS,4.1,6231.0,8.9,100000.0,Free,0.0,Everyone,Sports,"February 9, 2018",10.36,4.2 and up,0.0,February,0
senior easy phone,PERSONALIZATION,3.9,168.0,2.1,50000.0,Free,0.0,Teen,Personalization,"March 27, 2015",1.0,2.3 and up,0.0,March,0
WhatsVPN - Unlimited Free VPN,TOOLS,4.7,24985.0,7.8,500000.0,Free,0.0,Everyone,Tools,"July 27, 2018",2.2.927,4.1 and up,0.0,July,0
du app,LIFESTYLE,3.5,7578.0,25.0,1000000.0,Free,0.0,Everyone,Lifestyle,"July 24, 2018",3.98,4.2 and up,0.0,July,0
DU Launcher - Boost Your Phone,PERSONALIZATION,4.5,67707.0,4.8,1000000.0,Free,0.0,Everyone,Personalization,"February 7, 2016",1.8.0.4,4.0 and up,0.0,February,0
DU Security,TOOLS,4.4,4847.0,3.2,100000.0,Free,0.0,Everyone,Tools,"June 29, 2016",3.0.0.2071,4.0 and up,0.0,June,0
DU Privacy-hide apps、sms、file,VIDEO_PLAYERS,4.4,21762.0,13.0,1000000.0,Free,0.0,Everyone,Video Players & Editors,"August 16, 2017",Varies with device,4.0.3 and up,0.0,August,0
DU Browser Mini(Small&Fast),TOOLS,4.2,20941.0,2.0,1000000.0,Free,0.0,Everyone,Tools,"December 23, 2016",1.12.23,4.0 and up,0.0,December,0
Lock Screen - DU Locker & Lock screen wallpaper,TOOLS,4.5,5174.0,4.7,100000.0,Free,0.0,Everyone,Tools,"April 26, 2018",2.0.0,4.0 and up,0.0,April,0
du View,FAMILY,3.8,935.0,22.0,50000.0,Free,0.0,Teen,Entertainment,"March 26, 2018",6.4.1,4.3 and up,0.0,March,0
DU Emoji Keyboard（Simeji）,TOOLS,4.3,19234.0,14.0,500000.0,Free,0.0,Everyone,Tools,"February 23, 2017",3.1.3,4.0.3 and up,0.0,February,0
"DU GIF Maker: GIF Maker, Video to GIF & GIF Editor",PHOTOGRAPHY,4.6,7605.0,4.3,500000.0,Free,0.0,Everyone,Photography,"April 10, 2018",1.2.2.2,4.3 and up,0.0,April,0
Upgrade for Android DU Master,TOOLS,3.6,12993.0,5.2,1000000.0,Free,0.0,Everyone,Tools,"January 9, 2017",1.3.0,2.3.3 and up,0.0,January,0
Modern: DU Launcher Theme,PERSONALIZATION,4.2,868.0,0.3017578125,50000.0,Free,0.0,Everyone,Personalization,"October 15, 2015",1.1,4.0 and up,0.0,October,0
Night: DU Launcher Theme,PERSONALIZATION,4.3,1419.0,0.4736328125,50000.0,Free,0.0,Everyone,Personalization,"October 15, 2015",1.1,4.0 and up,0.0,October,0
DU Collage Maker - Photo Collage & Grid & Layout,PHOTOGRAPHY,4.7,4595.0,2.5,100000.0,Free,0.0,Everyone,Photography,"September 4, 2017",1.4.0,4.0 and up,0.0,September,0
Du Chinese – Mandarin Lessons,FAMILY,4.8,3390.0,9.2,100000.0,Free,0.0,Everyone,Education,"October 3, 2017",1.5.0,4.1 and up,0.0,October,0
Hadith du jour,FAMILY,4.4,276.0,13.0,50000.0,Free,0.0,Everyone,Education,"March 22, 2016",Varies with device,Varies with device,0.0,March,0
Bible du Semeur-BDS (French),BOOKS_AND_REFERENCE,4.5,313.0,6.9,50000.0,Free,0.0,Everyone,Books & Reference,"August 4, 2018",0.7,1.0 and up,0.0,August,0
La citadelle du musulman,BOOKS_AND_REFERENCE,4.5,314.0,9.8,50000.0,Free,0.0,Everyone,Books & Reference,"March 17, 2016",2.10,2.3.3 and up,0.0,March,0
Voyance du pyromancien,FAMILY,4.3,22.0,16.0,5000.0,Free,0.0,Everyone,Entertainment,"July 13, 2018",1.0.3,4.1 and up,0.0,July,0
Citation du Jour - Motivation,FAMILY,4.1,321.0,0.892578125,100000.0,Free,0.0,Everyone,Education,"February 14, 2015",1.0,2.2 and up,0.0,February,0
La Poupée du Voyant,FAMILY,4.4,265.0,8.2,50000.0,Free,0.0,Everyone,Entertainment,"January 6, 2017",1.0.0,4.1 and up,0.0,January,0
Proverbes du monde,FAMILY,4.3,38.0,2.8,10000.0,Free,0.0,Everyone,Entertainment,"March 12, 2018",1.1.2.0,1.6 and up,0.0,March,0
iSmart DV,VIDEO_PLAYERS,3.6,5692.0,31.0,1000000.0,Free,0.0,Everyone,Video Players & Editors,"July 27, 2018",R1.4.14.B1.4,4.1 and up,0.0,July,0
dv Prompter,VIDEO_PLAYERS,3.7,321.0,1.3,50000.0,Free,0.0,Everyone,Video Players & Editors,"March 14, 2017",1.2.9,4.2 and up,0.0,March,0
Mini DV,AUTO_AND_VEHICLES,3.5,12.0,19.0,5000.0,Free,0.0,Everyone,Auto & Vehicles,"May 29, 2018",1.27,4.0 and up,0.0,May,0
DV-2019 Results,FAMILY,4.3,158.0,2.6,10000.0,Free,0.0,Everyone,Entertainment,"June 14, 2018",17.0,4.0 and up,0.0,June,0
DV-LOTTERY 2019 REGISTRATION,FAMILY,4.5,97.0,2.6,10000.0,Free,0.0,Everyone,Entertainment,"January 20, 2018",3.0,4.0 and up,0.0,January,0
DV-4036 by Somikon,PHOTOGRAPHY,4.3,17.0,44.0,1000.0,Free,0.0,Everyone,Photography,"January 19, 2017",0.0.5,4.3 and up,0.0,January,0
DV 2019 Entry Guide,BOOKS_AND_REFERENCE,4.5,92.0,5.1,10000.0,Free,0.0,Everyone,Books & Reference,"October 18, 2017",2.0.0,4.1 and up,0.0,October,0
Touch DV,PHOTOGRAPHY,4.3,1.0,11.0,50.0,Free,0.0,Everyone,Photography,"July 7, 2017",10.4,4.2 and up,0.0,July,0
DV 2019 - EDV Photo & Form,BOOKS_AND_REFERENCE,3.9,314.0,2.6,50000.0,Free,0.0,Everyone,Books & Reference,"October 24, 2016",6.0.0,4.0.3 and up,0.0,October,0
DV Car Service,MAPS_AND_NAVIGATION,4.6,10.0,25.0,100.0,Free,0.0,Everyone,Maps & Navigation,"August 9, 2017",1.002,4.0.3 and up,0.0,August,0
DV Lottery Photo Tool,PHOTOGRAPHY,4.0,223.0,1.7,50000.0,Free,0.0,Everyone,Photography,"October 28, 2017",1.06,4.2 and up,0.0,October,0
US DV Lottery 2020 Apply,TRAVEL_AND_LOCAL,4.6,41.0,2.0,10000.0,Free,0.0,Everyone,Travel & Local,"January 14, 2018",1.02,4.0 and up,0.0,January,0
DV-2019 PHOTO TOOL,FAMILY,4.3,21.0,2.5,1000.0,Free,0.0,Everyone,Entertainment,"January 20, 2018",5.0,4.0 and up,0.0,January,0
DV ASSIST,FAMILY,5.0,1.0,18.0,100.0,Free,0.0,Everyone,Education,"August 2, 2018",1.0,4.4 and up,0.0,August,0
4K Ultra Camera,PHOTOGRAPHY,4.2,382.0,2.9,100000.0,Free,0.0,Everyone,Photography,"July 30, 2018",39.272.12,2.2 and up,0.0,July,0
DV Lottery Simulator,FAMILY,4.6,13.0,1.3,1000.0,Free,0.0,Everyone,Entertainment,"October 20, 2016",1.1,4.1 and up,0.0,October,0
U.S.A DV Lottery Process,FAMILY,4.5,8.0,1.7,1000.0,Free,0.0,Everyone,Education,"March 12, 2017",1.0,4.1 and up,0.0,March,0
DV Statistics,SOCIAL,4.2,6.0,2.7,100.0,Free,0.0,Everyone,Social,"October 8, 2015",1.2,4.0.3 and up,0.0,October,0
DV 2018 Winners Guide,BOOKS_AND_REFERENCE,4.8,11.0,0.59375,1000.0,Free,0.0,Everyone,Books & Reference,"July 23, 2017",1.09,4.2 and up,0.0,July,0
MelifeCam-M,VIDEO_PLAYERS,3.5,81.0,22.0,10000.0,Free,0.0,Everyone,Video Players & Editors,"July 21, 2016",R1.3.21.3,4.1 and up,0.0,July,0
DV-2019 UK/British,FAMILY,4.6,166.0,4.2,5000.0,Free,0.0,Everyone,Entertainment,"March 11, 2018",3.0,4.0 and up,0.0,March,0
GoPlus Cam,VIDEO_PLAYERS,3.5,3484.0,41.0,500000.0,Free,0.0,Everyone,Video Players & Editors,"December 18, 2017",3.0.1,4.0.3 and up,0.0,December,0
DV Portfolio,TOOLS,4.3,0.0,16.0,50.0,Free,0.0,Everyone,Tools,"October 23, 2017",1.0,4.1 and up,0.0,October,0
DV Youth,LIFESTYLE,5.0,5.0,15.0,100.0,Free,0.0,Everyone,Lifestyle,"April 25, 2016",1.2,4.0.3 and up,0.0,April,0
DV - Digito Verificador,TOOLS,4.3,2.0,4.2,500.0,Free,0.0,Everyone,Tools,"March 2, 2017",1.0,4.0 and up,0.0,March,0
DV Web Design Tips,PRODUCTIVITY,4.3,1.0,5.1,10.0,Free,0.0,Teen,Productivity,"October 26, 2017",1.0.0,4.1 and up,0.0,October,0
4K VIDEO PLAYER ULTRA HD,VIDEO_PLAYERS,3.7,20.0,24.0,5000.0,Free,0.0,Everyone,Video Players & Editors,"May 1, 2017",7.0,2.3.3 and up,0.0,May,0
US DV Lottery 2019,TRAVEL_AND_LOCAL,4.6,14.0,4.0,1000.0,Free,0.0,Everyone,Travel & Local,"April 12, 2018",1.0,4.0 and up,0.0,April,0
BlueDV AMBE,COMMUNICATION,4.3,0.0,13.0,1000.0,Free,0.0,Everyone,Communication,"May 23, 2018",Varies with device,Varies with device,0.0,May,0
Hotel Insanity,GAME,4.2,3816.0,31.0,100000.0,Free,0.0,Teen,Arcade,"July 7, 2016",1.0,3.0 and up,0.0,July,0
DW - Breaking World News,NEWS_AND_MAGAZINES,4.4,17671.0,17.0,1000000.0,Free,0.0,Everyone 10+,News & Magazines,"August 6, 2018",2.3.10,4.2 and up,0.0,August,0
"DW Learn German - A1, A2, B1 and placement test",FAMILY,4.3,902.0,1.8,100000.0,Free,0.0,Everyone,Education,"September 28, 2017",1.0,4.4 and up,0.0,September,0
DW Spectrum™ IPVMS Mobile,BUSINESS,4.0,44.0,30.0,10000.0,Free,0.0,Everyone,Business,"June 19, 2018",18.1.18164,4.1 and up,0.0,June,0
DW Amharic by AudioNow Digital,NEWS_AND_MAGAZINES,4.5,322.0,31.0,10000.0,Free,0.0,Everyone,News & Magazines,"June 26, 2018",4.0.9,4.1 and up,0.0,June,0
News: DW Español,NEWS_AND_MAGAZINES,4.3,25.0,6.3,1000.0,Free,0.0,Everyone,News & Magazines,"April 26, 2018",1.0,4.1 and up,0.0,April,0
DW Contacts & Phone & Dialer,COMMUNICATION,4.3,21186.0,10.0,1000000.0,Free,0.0,Everyone,Communication,"August 4, 2018",Varies with device,Varies with device,0.0,August,0
DW,NEWS_AND_MAGAZINES,4.3,0.0,4.8,10000.0,Free,0.0,Everyone 10+,News & Magazines,"July 13, 2018",1.0.5,5.0 and up,0.0,July,0
DW Arabic By dw-arab.com,NEWS_AND_MAGAZINES,4.3,386.0,6.0,50000.0,Free,0.0,Everyone,News & Magazines,"October 27, 2017",3.2,4.1 and up,0.0,October,0
DW Espanol,NEWS_AND_MAGAZINES,4.3,0.0,5.8,100.0,Free,0.0,Everyone,News & Magazines,"June 5, 2018",1.0,4.2 and up,0.0,June,0
News :DW Bangali,NEWS_AND_MAGAZINES,4.3,1.0,6.3,10.0,Free,0.0,Everyone,News & Magazines,"July 2, 2018",1.0,4.1 and up,0.0,July,0
News: DW Hausa,NEWS_AND_MAGAZINES,4.9,9.0,6.3,1000.0,Free,0.0,Everyone,News & Magazines,"April 26, 2018",1.0,4.1 and up,0.0,April,0
DW Audio,FAMILY,4.9,38.0,5.0,1000.0,Free,0.0,Everyone,Education,"June 16, 2017",0.9.0,4.1 and up,0.0,June,0
DW فارسی By dw-arab.com,NEWS_AND_MAGAZINES,4.7,11.0,4.4,1000.0,Free,0.0,Everyone,News & Magazines,"March 26, 2017",1.0.0,4.1 and up,0.0,March,0
German Listening,FAMILY,4.8,18298.0,8.0,500000.0,Free,0.0,Everyone,Education,"July 23, 2018",2.94,2.3.3 and up,0.0,July,0
Deaf World DW,COMMUNICATION,4.3,298.0,13.0,10000.0,Free,0.0,Teen,Communication,"November 28, 2017",Varies with device,4.1 and up,0.0,November,0
DW Event,EVENTS,4.3,9.0,39.0,1000.0,Free,0.0,Everyone,Events,"May 29, 2018",2.32.2,4.1 and up,0.0,May,0
DW Witness,BUSINESS,4.0,6.0,3.5,500.0,Free,0.0,Everyone,Business,"May 14, 2018",1.1.2,5.0 and up,0.0,May,0
Fahrschule DW,FAMILY,4.3,5.0,3.9,1000.0,Free,0.0,Everyone,Education,"April 19, 2016",1.2,2.2 and up,0.0,April,0
Downvids Helper - One touch DW,VIDEO_PLAYERS,3.5,197.0,9.8,10000.0,Free,0.0,Everyone,Video Players & Editors,"February 5, 2017",1.0,4.0.3 and up,0.0,February,0
DW Tech Tools,BUSINESS,4.3,1.0,5.9,100.0,Free,0.0,Everyone,Business,"July 24, 2018",26.1,4.1 and up,0.0,July,0
DW Security,BUSINESS,5.0,6.0,15.0,100.0,Free,0.0,Everyone,Business,"July 25, 2018",69.1,4.1 and up,0.0,July,0
News: RFI Hausa,NEWS_AND_MAGAZINES,4.7,10.0,6.3,1000.0,Free,0.0,Everyone,News & Magazines,"April 28, 2018",1.0,4.1 and up,0.0,April,0
ZAK DW,BUSINESS,4.3,0.0,3.0,10.0,Free,0.0,Teen,Business,"November 13, 2015",1.0,4.1 and up,0.0,November,0
DW Contacts Wear,TOOLS,4.2,37.0,2.2,5000.0,Free,0.0,Everyone,Tools,"March 9, 2015",0.0.0.2,4.0 and up,0.0,March,0
Hausa Radio,NEWS_AND_MAGAZINES,4.4,3375.0,4.2,100000.0,Free,0.0,Everyone,News & Magazines,"July 31, 2018",4.1,4.1 and up,0.0,July,0
Digi Dex for DW Next Order @PS4,TOOLS,4.2,155.0,16.0,10000.0,Free,0.0,Everyone,Tools,"February 24, 2018",1.3,5.0 and up,0.0,February,0
DW Timer,TOOLS,5.0,9.0,1.5,100.0,Free,0.0,Everyone,Tools,"April 5, 2017",1.0,1.6 and up,0.0,April,0
DW Streaming,SOCIAL,4.3,0.0,13.0,1000.0,Free,0.0,Everyone,Social,"May 27, 2017",Varies with device,Varies with device,0.0,May,0
Rose Gold DW Watch Theme,PERSONALIZATION,4.3,1.0,3.3,100.0,Free,0.0,Everyone,Personalization,"July 25, 2018",1.1.1,4.0 and up,0.0,July,0
DW Maps,TRAVEL_AND_LOCAL,3.7,35.0,13.0,10000.0,Free,0.0,Everyone,Travel & Local,"June 6, 2017",1.9,2.3.3 and up,0.0,June,0
DW Uninstall Applications,TOOLS,4.3,0.0,2.5,10.0,Free,0.0,Everyone,Tools,"February 5, 2017",1.0,2.3 and up,0.0,February,0
Bodyworks DW,HEALTH_AND_FITNESS,4.3,0.0,10.0,10.0,Free,0.0,Everyone,Health & Fitness,"July 9, 2018",4.2.2,4.1 and up,0.0,July,0
DW Cleaner,TOOLS,4.3,7.0,3.0,500.0,Free,0.0,Everyone,Tools,"August 5, 2018",1.7,4.0 and up,0.0,August,0
DW Missed call cleaner patch,TOOLS,3.9,65.0,0.052734375,5000.0,Free,0.0,Everyone,Tools,"November 27, 2014",1.4,2.0 and up,0.0,November,0
Swahili Radio,NEWS_AND_MAGAZINES,4.5,171.0,4.8,10000.0,Free,0.0,Everyone,News & Magazines,"May 30, 2018",3.0,4.0 and up,0.0,May,0
Black Classic DW Watch Theme,PERSONALIZATION,4.3,1.0,2.9,100.0,Free,0.0,Everyone,Personalization,"July 25, 2018",1.1.1,4.0 and up,0.0,July,0
White Classic Petite Watch Theme for DW,LIFESTYLE,4.3,2.0,3.0,500.0,Free,0.0,Everyone,Lifestyle,"July 24, 2018",1.1.1,4.0 and up,0.0,July,0
D.W Bien Être,HEALTH_AND_FITNESS,4.3,0.0,40.0,10.0,Free,0.0,Everyone,Health & Fitness,"April 6, 2016",1.0,2.3 and up,0.0,April,0
Direct Express®,FINANCE,4.5,6156.0,6.6,500000.0,Free,0.0,Everyone,Finance,"May 9, 2017",1.0.10,4.0 and up,0.0,May,0
KeePass DX,TOOLS,4.3,0.0,13.0,5000.0,Free,0.0,Everyone,Tools,"August 2, 2018",Varies with device,Varies with device,0.0,August,0
Across Age DX,FAMILY,3.8,5964.0,48.0,500000.0,Free,0.0,Teen,Role Playing,"January 9, 2015",1.1.0,2.2 and up,0.0,January,0
Ham DX Cluster & Spots Finder,COMMUNICATION,4.5,115.0,2.8,5000.0,Free,0.0,Everyone,Communication,"July 15, 2016",1.4.4,4.1 and up,0.0,July,0
DX Alerts,LIFESTYLE,4.5,22.0,23.0,1000.0,Free,0.0,Everyone,Lifestyle,"July 19, 2016",2.0,4.0.3 and up,0.0,July,0
Piczle Lines DX,FAMILY,4.6,281.0,26.0,5000.0,Free,0.0,Everyone,Puzzle,"April 15, 2018",1.4.6,4.0 and up,0.0,April,0
PORTABLE SOCCER DX Lite,SPORTS,4.2,15068.0,2.5,1000000.0,Free,0.0,Everyone,Sports,"June 19, 2018",3.4,2.3 and up,0.0,June,0
DX Spots Free,TOOLS,4.5,46.0,24.0,1000.0,Free,0.0,Everyone,Tools,"May 18, 2018",2.0.402,4.1 and up,0.0,May,0
Bubble Shooter DX,FAMILY,4.2,636.0,4.0,100000.0,Free,0.0,Everyone,Casual,"June 21, 2018",1.21,4.0.3 and up,0.0,June,0
DX Alert,TOOLS,4.1,27.0,2.5,1000.0,Free,0.0,Everyone,Tools,"April 28, 2016",1.131,3.2 and up,0.0,April,0
Age of Procreation DX,FAMILY,4.3,1894.0,40.0,100000.0,Free,0.0,Mature 17+,Simulation,"April 22, 2016",1.441,2.3 and up,0.0,April,0
DX Simulation for OOO Dx Belt,FAMILY,4.6,67.0,31.0,10000.0,Free,0.0,Everyone,Simulation,"August 4, 2018",1.7,4.1 and up,0.0,August,0
Differential Dx Free,MEDICAL,4.0,238.0,13.0,50000.0,Free,0.0,Everyone 10+,Medical,"January 7, 2018",Varies with device,Varies with device,0.0,January,0
Tricky Bike Stunt Rider DX,FAMILY,4.4,16.0,45.0,500.0,Free,0.0,Everyone,Simulation;Education,"July 29, 2018",1.1.1,4.0 and up,0.0,July,0
DX Gashacon Sword for Ex-Aid Henshin,FAMILY,4.3,17.0,42.0,1000.0,Free,0.0,Everyone,Simulation,"July 14, 2018",1.0,4.1 and up,0.0,July,0
DX Simulation Belt for Build henshin,FAMILY,4.5,182.0,39.0,10000.0,Free,0.0,Everyone,Simulation,"July 11, 2018",2.0,4.1 and up,0.0,July,0
DX Simulation for Kabuto Henshin Belt 2018,FAMILY,4.6,14.0,7.2,5000.0,Free,0.0,Everyone,Simulation,"August 6, 2018",1.5,4.0.3 and up,0.0,August,0
DX Simulation for Decade Henshin Belt 2018,FAMILY,4.3,23.0,10.0,5000.0,Free,0.0,Everyone,Simulation,"August 6, 2018",1.6,4.0 and up,0.0,August,0
Elemental Galaxy Dx - Match3,FAMILY,4.0,127.0,14.0,10000.0,Free,0.0,Everyone,Puzzle,"March 11, 2014",1.0.9,2.2 and up,0.0,March,0
DX Simulation for Double Dx Henshin Belt 2018,FAMILY,4.6,33.0,11.0,5000.0,Free,0.0,Everyone,Simulation,"August 6, 2018",1.5,4.0.3 and up,0.0,August,0
Mircules DX Cluster Lite,COMMUNICATION,4.5,51.0,21.0,5000.0,Free,0.0,Everyone,Communication,"May 10, 2016",3.0,4.1 and up,0.0,May,0
DX Simulation Belt for Decade henshin,FAMILY,4.5,64.0,32.0,5000.0,Free,0.0,Everyone,Simulation,"July 27, 2018",3.0,4.1 and up,0.0,July,0
Chronolink DX Lite,FAMILY,4.3,2.0,47.0,10.0,Free,0.0,Everyone,Puzzle,"October 9, 2017",1,4.1 and up,0.0,October,0
Shoot! DX - lights for FREE,GAME,4.3,4.0,13.0,100.0,Free,0.0,Everyone,Action,"June 23, 2018",Varies with device,Varies with device,0.0,June,0
Human Dx,MEDICAL,4.8,6.0,16.0,500.0,Free,0.0,Everyone,Medical,"August 4, 2018",Human Dx,6.0 and up,0.0,August,0
MBU DX Cluster,TOOLS,4.0,5.0,1.6,500.0,Free,0.0,Everyone,Tools,"June 16, 2015",0.0.1,2.3.3 and up,0.0,June,0
Cloud DX Connected Health,HEALTH_AND_FITNESS,5.0,6.0,11.0,100.0,Free,0.0,Everyone,Health & Fitness,"July 19, 2017",1.7.10713 (281),4.4 and up,0.0,July,0
DX Simulation for X-aid Dx Belt,FAMILY,4.0,35.0,48.0,5000.0,Free,0.0,Everyone,Simulation,"August 4, 2018",1.6,4.1 and up,0.0,August,0
Dx Ludo,FAMILY,3.6,215.0,2.6,50000.0,Free,0.0,Everyone,Puzzle,"April 18, 2011",1.0,2.1 and up,0.0,April,0
My Dy Dice - 3D Dice Roller,LIFESTYLE,4.2,9.0,22.0,100.0,Free,0.0,Everyone,Lifestyle,"September 20, 2016",1.01,4.1 and up,0.0,September,0
Dr. D. Y. Patil Vidyapeeth GBS,FAMILY,4.0,3.0,5.3,100.0,Free,0.0,Everyone,Education,"February 14, 2017",1.0.1702140017,4.1 and up,0.0,February,0
KPS CHAUHAN DY/DX,FAMILY,4.9,37.0,10.0,100.0,Free,0.0,Everyone,Education,"July 28, 2018",1.0.32.1,4.1 and up,0.0,July,0
DY Fitness,HEALTH_AND_FITNESS,4.3,0.0,43.0,10.0,Free,0.0,Everyone,Health & Fitness,"August 6, 2018",4.4.1,4.1 and up,0.0,August,0
dy n fly,LIFESTYLE,4.3,1.0,4.8,50.0,Free,0.0,Everyone,Lifestyle,"March 5, 2018",1.0.3,4.0 and up,0.0,March,0
Cnady Selfie : You Can Dy Snap Camera,PERSONALIZATION,4.3,8.0,20.0,1000.0,Free,0.0,Everyone,Personalization,"January 6, 2018",2.6,4.1 and up,0.0,January,0
junainfo.dy.fi,TRAVEL_AND_LOCAL,4.3,8.0,1.9,100.0,Free,0.0,Everyone,Travel & Local,"October 21, 2015",0.0.9,4.0 and up,0.0,October,0
DY TECHNICAL GYAN,BUSINESS,4.0,2.0,3.3,10.0,Free,0.0,Everyone,Business,"January 17, 2018",1.1.0,4.0 and up,0.0,January,0
JONACK (D Story Teller),FAMILY,4.4,152.0,1.2,10000.0,Free,0.0,Everyone,Entertainment,"November 28, 2015",1.0,2.2 and up,0.0,November,0
Guardians of Ancora,FAMILY,4.4,969.0,26.0,50000.0,Free,0.0,Everyone,Educational;Action & Adventure,"July 20, 2018",2.9.1,2.3.3 and up,0.0,July,0
Cute Dolphin Keyboard,PERSONALIZATION,4.5,237.0,6.4,10000.0,Free,0.0,Everyone,Personalization,"July 30, 2018",1.279.13.93,4.0.3 and up,0.0,July,0
Truck Transport Raw Material,FAMILY,4.2,632.0,50.0,100000.0,Free,0.0,Everyone,Simulation,"July 20, 2018",1.4,4.1 and up,0.0,July,0
Hidden Camera Detector,TOOLS,3.9,167.0,2.5,10000.0,Free,0.0,Everyone,Tools,"November 8, 2017",1.0,4.0.3 and up,0.0,November,0
DYPhyzio-Physiology Forum,FAMILY,4.3,4.0,1.3,100.0,Free,0.0,Everyone,Education,"August 22, 2017",1.1,4.1 and up,0.0,August,0
DYPSOET,FAMILY,5.0,8.0,7.4,50.0,Free,0.0,Everyone,Education,"August 7, 2018",1.0.2,4.1 and up,0.0,August,0
Triceratops - Dino Robot,FAMILY,4.4,3032.0,30.0,1000000.0,Free,0.0,Everyone,Casual,"December 18, 2017",1.2.3,4.0 and up,0.0,December,0
Differential Equations Steps,FAMILY,3.6,1185.0,3.9,100000.0,Free,0.0,Everyone,Education,"April 11, 2017",5.3.0,4.0.3 and up,0.0,April,0
Dz Dinars Numbers to letters,PRODUCTIVITY,4.7,2807.0,9.8,100000.0,Free,0.0,Everyone,Productivity,"December 15, 2016",0.74 11.12.2016,4.0.3 and up,0.0,December,0
dz NEWS Algerie,NEWS_AND_MAGAZINES,4.2,2318.0,4.5,100000.0,Free,0.0,Everyone,News & Magazines,"December 13, 2014",2.3,2.3 and up,0.0,December,0
Siyaha Dz,TRAVEL_AND_LOCAL,4.5,289.0,9.8,10000.0,Free,0.0,Everyone,Travel & Local,"March 13, 2018",2.6.3,4.2 and up,0.0,March,0
CCP DZ : Fill out a check | Number in letters DZD,FINANCE,4.7,642.0,3.2,10000.0,Free,0.0,Everyone,Finance,"April 27, 2018",2018-04-27,4.0 and up,0.0,April,0
DZ Mobile Market,SHOPPING,4.3,59.0,6.0,10000.0,Free,0.0,Everyone,Shopping,"February 1, 2018",1.0.3-DzMobile,4.0.3 and up,0.0,February,0
3G DZ Configuration,COMMUNICATION,4.3,488.0,2.5,50000.0,Free,0.0,Everyone,Communication,"November 19, 2015",6.2.3,3.0 and up,0.0,November,0
3G/4G Config Dz,TOOLS,4.2,2058.0,2.3,100000.0,Free,0.0,Everyone,Tools,"May 15, 2017",3.0.2,4.0 and up,0.0,May,0
Drugs Dz - Algeria,MEDICAL,4.4,187.0,13.0,10000.0,Free,0.0,Everyone,Medical,"July 29, 2017",0.0.7,Varies with device,0.0,July,0
IRIS : Customer Service - DZ Algeria,TRAVEL_AND_LOCAL,4.7,57.0,7.0,1000.0,Free,0.0,Everyone,Travel & Local,"March 10, 2018",2018-03,4.0 and up,0.0,March,0
Numbers Into Words,PRODUCTIVITY,4.4,457.0,0.548828125,50000.0,Free,0.0,Everyone,Productivity,"May 6, 2014",1.2,2.1 and up,0.0,May,0
Météo Algérie DZ,WEATHER,4.1,1238.0,4.7,100000.0,Free,0.0,Everyone,Weather,"December 17, 2014",1.1.6,2.3 and up,0.0,December,0
DZ Popup Video Player,VIDEO_PLAYERS,4.5,83.0,4.5,5000.0,Free,0.0,Everyone,Video Players & Editors,"May 16, 2018",4.6,4.1 and up,0.0,May,0
DZ PROMOS - Promotions & Sale Alerts in Algeria,SHOPPING,4.1,331.0,10.0,50000.0,Free,0.0,Everyone,Shopping,"August 10, 2017",2.51,4.0.3 and up,0.0,August,0
JNews DZ - Algerian Newspapers,NEWS_AND_MAGAZINES,4.0,146.0,3.0,10000.0,Free,0.0,Everyone,News & Magazines,"July 16, 2016",2.4,2.3 and up,0.0,July,0
DZ-JOKER,GAME,4.3,6.0,18.0,100.0,Free,0.0,Everyone,Arcade,"May 4, 2017",1.0,2.3 and up,0.0,May,0
Super ball DZ,GAME,4.3,24.0,32.0,1000.0,Free,0.0,Teen,Action,"September 21, 2017",1.0.4,4.1 and up,0.0,September,0
Ouedkniss,SHOPPING,4.3,10355.0,0.8271484375,1000000.0,Free,0.0,Teen,Shopping,"June 19, 2018",1.5.1,4.0 and up,0.0,June,0
Files To SD Card Pro,TOOLS,4.2,994.0,2.8,100000.0,Free,0.0,Everyone,Tools,"May 18, 2018",6.0.0,5.0 and up,0.0,May,0
News Dz,SOCIAL,4.3,3.0,9.9,10.0,Free,0.0,Everyone,Social,"July 19, 2017",1.0,4.0 and up,0.0,July,0
My Ooredoo Algeria,TOOLS,4.2,3606.0,17.0,100000.0,Free,0.0,Everyone,Tools,"June 24, 2018",1.22.1,4.4 and up,0.0,June,0
Currency Exchange DZ,FINANCE,4.3,4.0,2.5,1000.0,Free,0.0,Everyone,Finance,"November 10, 2016",1.0,2.3 and up,0.0,November,0
PHARMAGUIDE (DZ),HEALTH_AND_FITNESS,4.1,131.0,3.4,5000.0,Free,0.0,Everyone,Health & Fitness,"April 1, 2016",1.06,1.6 and up,0.0,April,0
لعبة تقدر تربح DZ,FAMILY,4.2,238.0,6.8,10000.0,Free,0.0,Everyone,Education,"November 18, 2016",6.0.0.0,4.1 and up,0.0,November,0
DEM DZ,HEALTH_AND_FITNESS,4.3,2.0,0.9345703125,100.0,Free,0.0,Teen,Health & Fitness,"November 13, 2017",1.0,2.3.3 and up,0.0,November,0
chat dz,COMMUNICATION,5.0,8.0,29.0,100.0,Free,0.0,Teen,Communication,"March 14, 2018",1.0,4.1 and up,0.0,March,0
Devise Dz,FINANCE,4.0,26.0,3.6,1000.0,Free,0.0,Everyone,Finance,"May 29, 2017",1.0.0,4.0 and up,0.0,May,0
BAC DZ Questionnaire,FAMILY,4.0,38.0,13.0,5000.0,Free,0.0,Everyone,Education,"May 25, 2018",Varies with device,Varies with device,0.0,May,0
Ludo Dz,GAME,4.5,17.0,28.0,500.0,Free,0.0,Everyone,Board,"August 27, 2017",1.0,4.1 and up,0.0,August,0
ONEC DZ,FAMILY,4.3,40.0,3.1,1000.0,Free,0.0,Everyone,Education,"June 13, 2018",4.0,4.0.3 and up,0.0,June,0
Agent HQ for The Division,FAMILY,4.1,1060.0,2.5,100000.0,Free,0.0,Everyone,Entertainment,"February 17, 2018",0.35,4.0.3 and up,0.0,February,0
DZ Urgences,FAMILY,4.3,16.0,1.6,500.0,Free,0.0,Everyone,Education,"December 21, 2016",2.0,4.0 and up,0.0,December,0
infirmiers,MEDICAL,4.7,125.0,23.0,10000.0,Free,0.0,Everyone,Medical,"June 7, 2018",12,4.0.3 and up,0.0,June,0
DZ sim,TOOLS,4.4,417.0,15.0,10000.0,Free,0.0,Everyone,Tools,"April 26, 2018",3.0,4.2 and up,0.0,April,0
Tuberculose Dz,MEDICAL,4.9,26.0,6.1,1000.0,Free,0.0,Everyone,Medical,"November 6, 2016",1.0.7,4.1 and up,0.0,November,0
DZ Fly Algérie Horaire Vols,TRAVEL_AND_LOCAL,3.6,114.0,10.0,10000.0,Free,0.0,Everyone,Travel & Local,"October 31, 2016",2.0,4.0 and up,0.0,October,0
3G to 4G Converter - Simulator,TOOLS,4.2,268.0,2.4,10000.0,Free,0.0,Everyone,Tools,"February 21, 2018",3.0.0,4.1 and up,0.0,February,0
dekoreko-dz,SHOPPING,4.3,16.0,4.6,500.0,Free,0.0,Everyone,Shopping,"March 3, 2018",1.0.0,4.0.3 and up,0.0,March,0
ChangeDA - Cours du DZD sur le marché parallèle,FINANCE,4.4,188.0,3.3,10000.0,Free,0.0,Everyone,Finance,"July 28, 2018",2.5,4.2 and up,0.0,July,0
dz press,NEWS_AND_MAGAZINES,4.3,30.0,10.0,1000.0,Free,0.0,Everyone,News & Magazines,"July 30, 2015",1.8,4.0 and up,0.0,July,0
Tunisian Dinar: Exchange rate,FINANCE,4.5,625.0,3.8,10000.0,Free,0.0,Everyone,Finance,"March 30, 2018",2.10,4.0 and up,0.0,March,0
love sms good morning,COMMUNICATION,4.2,10.0,3.1,5000.0,Free,0.0,Everyone,Communication,"April 28, 2016",1.0,2.3 and up,0.0,April,0
Dz Camera,TOOLS,4.3,1.0,33.0,10.0,Free,0.0,Everyone,Tools,"November 19, 2017",1.0,4.3 and up,0.0,November,0
quran-DZ,SOCIAL,4.3,0.0,6.2,10.0,Free,0.0,Teen,Social,"June 13, 2018",1.1,4.2 and up,0.0,June,0
DZ Blagues,FAMILY,4.2,580.0,2.1,10000.0,Free,0.0,Everyone,Entertainment,"December 19, 2012",1.3,2.1 and up,0.0,December,0
DZ Register,PRODUCTIVITY,4.3,0.0,18.0,1.0,Free,0.0,Everyone,Productivity,"July 31, 2018",1.0.6,4.1 and up,0.0,July,0
Command & Conquer: Rivals,FAMILY,4.3,0.0,13.0,0.0,,0.0,Everyone 10+,Strategy,"June 28, 2018",Varies with device,Varies with device,0.0,June,0
Dungeon Keeper,FAMILY,4.0,69574.0,45.0,500000.0,Free,0.0,Everyone 10+,Strategy,"May 24, 2018",1.8.91,4.1 and up,0.0,May,0
POGO Games,FAMILY,3.8,32600.0,26.0,1000000.0,Free,0.0,Everyone,Casual,"February 22, 2017",1.4.10,4.1 and up,0.0,February,0
Heroes of Dragon Age,GAME,4.2,70389.0,28.0,1000000.0,Free,0.0,Teen,Action,"May 9, 2018",5.3.1,2.3.3 and up,0.0,May,0
Bejeweled Stars: Free Match 3,FAMILY,4.5,85484.0,13.0,1000000.0,Free,0.0,Everyone,Puzzle;Brain Games,"August 2, 2018",2.17.1,4.1 and up,0.0,August,0
Gear.Club - True Racing,GAME,4.4,140658.0,37.0,1000000.0,Free,0.0,Everyone,Racing,"August 1, 2018",1.21.2,4.3 and up,0.0,August,0
Plants vs. Zombies™ Watch Face,FAMILY,3.5,33178.0,3.1,1000000.0,Free,0.0,Everyone,Casual,"February 2, 2015",1.0.5,4.3 and up,0.0,February,0
Typical EA Game,FAMILY,4.6,33.0,3.3,100.0,Free,0.0,Everyone,Casual,"November 18, 2017",1.0,4.0 and up,0.0,November,0
i am EB,PHOTOGRAPHY,5.0,1.0,5.4,10.0,Free,0.0,Teen,Photography,"February 1, 2017",1.0,4.1 and up,0.0,February,0
EB-Link,BUSINESS,4.8,6.0,11.0,100.0,Free,0.0,Everyone,Business,"June 7, 2018",1.2.7,4.2 and up,0.0,June,0
Debra Care Conference,BUSINESS,4.3,0.0,30.0,50.0,Free,0.0,Everyone,Business,"June 15, 2018",5.29.02,5.0 and up,0.0,June,0
Exchange Bank - EB Mobile,FINANCE,4.6,8.0,31.0,1000.0,Free,0.0,Everyone,Finance,"May 2, 2018",18.1.79,5.0 and up,0.0,May,0
EB-TV,SPORTS,4.3,6.0,30.0,1000.0,Free,0.0,Everyone,Sports,"May 25, 2018",2.2.1,4.4 and up,0.0,May,0
Free E B Garamond Cool Font,PERSONALIZATION,4.2,410.0,6.1,100000.0,Free,0.0,Everyone,Personalization,"April 20, 2018",33.0,4.0.3 and up,0.0,April,0
EB Kit,BUSINESS,4.3,4.0,5.2,100.0,Free,0.0,Everyone,Business,"May 15, 2018",1.2,4.1 and up,0.0,May,0
Epson iProjection,PRODUCTIVITY,3.5,3930.0,18.0,1000000.0,Free,0.0,Everyone,Productivity,"March 22, 2018",3.0.0,4.0 and up,0.0,March,0
TN e Sevai TN EB Bill Patta Citta EC Birth All Hub,SOCIAL,3.7,23.0,16.0,5000.0,Free,0.0,Everyone,Social,"April 26, 2018",1.0,4.1 and up,0.0,April,0
EB Scanner,PRODUCTIVITY,5.0,9.0,25.0,50.0,Free,0.0,Everyone,Productivity,"February 11, 2018",1.7.8,4.0.3 and up,0.0,February,0
TNEB Bill Online Payment (Tamil),SOCIAL,4.3,7.0,2.3,5000.0,Free,0.0,Teen,Social,"July 13, 2018",2.0,4.0.3 and up,0.0,July,0
EB Demo for Android,FAMILY,4.3,0.0,13.0,10.0,Free,0.0,Teen,Entertainment,"May 17, 2017",1.0,4.1 and up,0.0,May,0
Mental Hospital:EB 2 Lite,GAME,4.1,5341.0,8.8,100000.0,Free,0.0,Teen,Action,"April 30, 2014",1.0,4.0 and up,0.0,April,0
EB Annual Meetings,BOOKS_AND_REFERENCE,3.5,11.0,15.0,1000.0,Free,0.0,Everyone,Books & Reference,"April 13, 2018",9.4.7.6,4.0 and up,0.0,April,0
UP EB Bill Payment & Details,SOCIAL,5.0,3.0,2.4,50.0,Free,0.0,Teen,Social,"July 11, 2018",2.0,4.0 and up,0.0,July,0
Tamilnadu EB Online Payment,FINANCE,3.7,155.0,3.9,100000.0,Free,0.0,Everyone,Finance,"July 30, 2018",1.0.0,4.0.3 and up,0.0,July,0
Online Kerala EB Bill Pay,FINANCE,4.0,37.0,3.9,5000.0,Free,0.0,Everyone,Finance,"November 16, 2017",1.0.0,4.0.3 and up,0.0,November,0
EB Remote Deposit,BUSINESS,4.3,0.0,9.0,10.0,Free,0.0,Everyone,Business,"May 10, 2018",5.1,4.1 and up,0.0,May,0
EB-Chat – For my Events,EVENTS,4.3,2.0,21.0,10.0,Free,0.0,Teen,Events,"November 16, 2017",1.4,3.0 and up,0.0,November,0
বাংলাflix,FAMILY,4.2,1111.0,7.3,100000.0,Free,0.0,Everyone,Entertainment,"June 5, 2018",3.6.1,4.1 and up,0.0,June,0
EB Experience,LIFESTYLE,4.3,0.0,1.8,1.0,Free,0.0,Everyone,Lifestyle,"October 19, 2017",1.0,4.0.3 and up,0.0,October,0
TNEB Quick Pay Easy,FINANCE,4.5,28.0,1.4,10000.0,Free,0.0,Teen,Finance,"January 29, 2018",1,3.0 and up,0.0,January,0
TNEB,BUSINESS,3.8,1777.0,0.92578125,100000.0,Free,0.0,Everyone,Business,"May 18, 2014",1.0,2.2 and up,0.0,May,0
Skin Disease,BEAUTY,4.0,1.0,2.2,100.0,Free,0.0,Everyone,Beauty,"August 30, 2017",1.0,2.2 and up,0.0,August,0
Bihar Land Records - RoR and EB Quick Pay,TOOLS,4.0,8.0,2.2,1000.0,Free,0.0,Everyone,Tools,"August 7, 2018",1.0.1,5.0 and up,0.0,August,0
TNEB Reading,TOOLS,4.1,28.0,2.5,10000.0,Free,0.0,Everyone,Tools,"October 19, 2017",1.3,4.1 and up,0.0,October,0
Eb & flow Yoga Studio,HEALTH_AND_FITNESS,4.3,0.0,7.3,10.0,Free,0.0,Everyone,Health & Fitness,"July 9, 2018",4.2.2,4.1 and up,0.0,July,0
Tamilnadu Electricity Info,TOOLS,3.6,216.0,0.7919921875,10000.0,Free,0.0,Everyone,Tools,"November 9, 2014",2.0,1.0 and up,0.0,November,0
"energyly (TNEB,BESCOM,MH,DL..)",TOOLS,3.9,627.0,4.1,10000.0,Free,0.0,Everyone,Tools,"February 21, 2017",6.0,4.0 and up,0.0,February,0
Paraglider Dashboard,SPORTS,4.6,549.0,2.8,50000.0,Free,0.0,Everyone,Sports,"March 3, 2018",2.1.4,4.0 and up,0.0,March,0
Goodbox - Mega App,COMMUNICATION,4.3,3429.0,13.0,100000.0,Free,0.0,Everyone,Communication,"March 8, 2018",1.10.279.2,4.2 and up,0.0,March,0
Exército Brasileiro,PRODUCTIVITY,4.7,1730.0,16.0,100000.0,Free,0.0,Everyone,Productivity,"February 1, 2018",1.5,4.1 and up,0.0,February,0
EB Cash Collections,BUSINESS,5.0,1.0,4.3,5.0,Free,0.0,Everyone,Business,"July 31, 2018",1.10,4.4 and up,0.0,July,0
TN Electricity (TNEB),LIFESTYLE,3.9,73.0,3.8,10000.0,Free,0.0,Everyone,Lifestyle,"December 21, 2016",8.0,2.3 and up,0.0,December,0
"Call Blocker - Blacklist, SMS Blocker",COMMUNICATION,4.2,30350.0,3.7,1000000.0,Free,0.0,Everyone,Communication,"January 16, 2018",10.0.0,4.1 and up,0.0,January,0
英漢字典 EC Dictionary,FAMILY,4.3,55408.0,13.0,1000000.0,Free,0.0,Everyone,Education,"January 8, 2018",Varies with device,Varies with device,0.0,January,0
EC - AP & Telangana,BOOKS_AND_REFERENCE,3.5,10.0,3.0,5000.0,Free,0.0,Everyone,Books & Reference,"November 10, 2017",1.0,4.0.3 and up,0.0,November,0
TN EC Online New,SOCIAL,4.3,7.0,2.3,1000.0,Free,0.0,Teen,Social,"July 21, 2018",2.1,4.0 and up,0.0,July,0
"TN Patta, Chitta, EC",TOOLS,4.1,633.0,3.8,100000.0,Free,0.0,Everyone,Tools,"October 21, 2016",6.7,2.3 and up,0.0,October,0
TN Patta Chitta EC Info,TOOLS,4.2,1611.0,2.7,100000.0,Free,0.0,Everyone,Tools,"August 6, 2018",5.0,4.4 and up,0.0,August,0
EC Security,LIFESTYLE,4.5,13.0,28.0,1000.0,Free,0.0,Everyone,Lifestyle,"May 9, 2017",1.17.0.0,2.3.3 and up,0.0,May,0
TN Patta Citta & EC,BOOKS_AND_REFERENCE,3.8,48.0,1.5,10000.0,Free,0.0,Everyone,Books & Reference,"March 27, 2018",1.0,3.0 and up,0.0,March,0
Ec Solutions Mobile,BUSINESS,4.3,0.0,4.0,10.0,Free,0.0,Everyone,Business,"November 20, 2016",1.02,4.1 and up,0.0,November,0
Encumbrance Certificate - (Obsolete),BUSINESS,3.9,184.0,0.046875,50000.0,Free,0.0,Everyone,Business,"August 12, 2014",1.1,2.3 and up,0.0,August,0
"My Handbook : EE, EC, EI, E&T, EEE, EECS",FAMILY,4.5,3776.0,7.7,100000.0,Free,0.0,Everyone,Education,"July 24, 2017",8.07.021,4.0 and up,0.0,July,0
ec-Work,PRODUCTIVITY,4.3,3.0,26.0,100.0,Free,0.0,Everyone,Productivity,"July 9, 2018",1.12,5.0 and up,0.0,July,0
ec.tv,LIFESTYLE,4.3,0.0,8.6,50.0,Free,0.0,Everyone,Lifestyle,"November 11, 2016",1.0,4.1 and up,0.0,November,0
EC MANAGER,VIDEO_PLAYERS,4.3,2.0,17.0,100.0,Free,0.0,Everyone,Video Players & Editors,"June 13, 2018",8.3.13.6,4.1 and up,0.0,June,0
Barry EC,TOOLS,4.1,14.0,3.8,1000.0,Free,0.0,Everyone,Tools,"December 18, 2017",1.278.0037,2.3.3 and up,0.0,December,0
New Holland Agriculture T5 EC,PRODUCTIVITY,4.6,12.0,15.0,1000.0,Free,0.0,Everyone,Productivity,"February 24, 2017",1.2,4.0.3 and up,0.0,February,0
tv-ec,FAMILY,4.3,1.0,3.4,50.0,Free,0.0,Everyone,Entertainment,"April 7, 2018",8.1,4.0.3 and up,0.0,April,0
EC Taximeter,PRODUCTIVITY,3.9,162.0,5.0,10000.0,Free,0.0,Everyone,Productivity,"May 14, 2018",3.0.21,4.0 and up,0.0,May,0
Walk Freely (Ec Shlire),TOOLS,4.7,62.0,2.3,1000.0,Free,0.0,Everyone,Tools,"November 13, 2017",1.1.3,4.1 and up,0.0,November,0
EC Apps List,TOOLS,4.5,2.0,1.6,100.0,Free,0.0,Everyone,Tools,"February 12, 2015",1.3,4.0 and up,0.0,February,0
EC Calgary,FAMILY,5.0,6.0,8.1,100.0,Free,0.0,Teen,Education,"June 26, 2018",3.8.0,4.1 and up,0.0,June,0
Victoria EC,TOOLS,5.0,5.0,3.8,500.0,Free,0.0,Everyone,Tools,"March 30, 2018",1.283.0037,2.3.3 and up,0.0,March,0
EC SPORTS,SPORTS,5.0,1.0,6.3,10.0,Free,0.0,Everyone,Sports,"May 26, 2015",4.1.1,2.3.3 and up,0.0,May,0
ECナビ×シュフー,LIFESTYLE,4.0,576.0,7.4,50000.0,Free,0.0,Everyone,Lifestyle,"June 7, 2018",1.0.2,4.0 and up,0.0,June,0
EC Designer 2.0,TOOLS,4.3,0.0,12.0,50.0,Free,0.0,Everyone,Tools,"July 9, 2018",0.0.44,4.0 and up,0.0,July,0
Arrayanes EC,LIFESTYLE,4.3,2.0,7.9,100.0,Free,0.0,Everyone,Lifestyle,"June 27, 2018",3.5,4.4 and up,0.0,June,0
EC Reps,BUSINESS,4.0,1.0,5.4,100.0,Free,0.0,Everyone,Business,"March 15, 2017",1.10,4.0 and up,0.0,March,0
EC QR,PRODUCTIVITY,4.3,0.0,4.0,10.0,Free,0.0,Everyone,Productivity,"July 24, 2018",1.0.2,4.1 and up,0.0,July,0
EC Tax,FINANCE,4.9,8.0,3.1,500.0,Free,0.0,Everyone,Finance,"February 9, 2018",1.2,4.0.3 and up,0.0,February,0
EC Fairgrounds,FAMILY,5.0,3.0,5.5,500.0,Free,0.0,Everyone,Entertainment,"July 13, 2018",erie1.3.23.42-release,4.4 and up,0.0,July,0
CompactiMa EC pH Calibration,BOOKS_AND_REFERENCE,4.3,0.0,8.4,100.0,Free,0.0,Everyone,Books & Reference,"December 22, 2016",1.1.2,4.1 and up,0.0,December,0
Kiamichi EC,TOOLS,4.6,7.0,3.9,1000.0,Free,0.0,Everyone,Tools,"February 23, 2018",1.283.0037,2.3.3 and up,0.0,February,0
EC Games Datecs,SPORTS,4.3,76.0,0.3212890625,10000.0,Free,0.0,Everyone,Sports,"February 12, 2016",4.4,2.1 and up,0.0,February,0
TN Patta /Chitta /EC New,SOCIAL,4.8,5.0,3.0,100.0,Free,0.0,Teen,Social,"July 20, 2018",1.0,4.0 and up,0.0,July,0
HOLSTON EC,TOOLS,4.1,7.0,4.2,1000.0,Free,0.0,Everyone,Tools,"January 23, 2018",1.278.0037,2.3.3 and up,0.0,January,0
FILL EC,BUSINESS,4.1,13.0,3.8,100.0,Free,0.0,Everyone,Business,"April 23, 2018",1.0,4.0.3 and up,0.0,April,0
Marítimo EC,TOOLS,4.3,1.0,5.3,10.0,Free,0.0,Everyone,Tools,"February 14, 2018",1.9.8,4.0 and up,0.0,February,0
EC-Contractors,HOUSE_AND_HOME,4.3,0.0,6.0,1.0,Free,0.0,Everyone,House & Home,"April 25, 2018",14.01,4.0.3 and up,0.0,April,0
GATE Syllabus for EC 2018 & Notifications,FAMILY,4.7,23.0,4.3,1000.0,Free,0.0,Everyone,Education,"August 28, 2017",1.3,4.4 and up,0.0,August,0
EC Sampler,PRODUCTIVITY,4.3,0.0,30.0,1.0,Free,0.0,Everyone,Productivity,"July 31, 2018",1.4,4.0.3 and up,0.0,July,0
EC Mover,GAME,5.0,5.0,4.6,10.0,Free,0.0,Everyone,Racing,"August 1, 2018",1.11,4.0.3 and up,0.0,August,0
SCS eC,PRODUCTIVITY,4.4,7.0,17.0,100.0,Free,0.0,Everyone,Productivity,"October 21, 2016",1.0.1,4.1 and up,0.0,October,0
EF Mentor: Words,FAMILY,4.0,403.0,39.0,50000.0,Free,0.0,Teen,Education,"July 30, 2018",1.7.0.00115,4.1 and up,0.0,July,0
EF Smart English for Phone,FAMILY,3.5,208.0,13.0,10000.0,Free,0.0,Everyone,Education,"June 29, 2018",1.2.1,4.4 and up,0.0,June,0
EF Mentor: Sounds,FAMILY,4.3,19.0,6.9,5000.0,Free,0.0,Everyone,Education,"August 16, 2017",1.0.1.00613,4.1 and up,0.0,August,0
EF English Live Business,FAMILY,3.6,496.0,14.0,100000.0,Free,0.0,Everyone,Education,"May 4, 2018",2.0.1,4.4 and up,0.0,May,0
EF English Live for phone,FAMILY,3.6,2210.0,15.0,100000.0,Free,0.0,Everyone,Education,"July 24, 2018",3.1.0,5.0 and up,0.0,July,0
EF Smart English,FAMILY,3.7,150.0,11.0,5000.0,Free,0.0,Everyone,Education,"June 11, 2018",1.6.0,4.4 and up,0.0,June,0
EF Parеnts,FAMILY,4.1,435.0,17.0,50000.0,Free,0.0,Everyone,Education,"June 21, 2018",3.1.0,4.1 and up,0.0,June,0
English Bite,FAMILY,3.5,268.0,9.8,10000.0,Free,0.0,Everyone,Education,"January 25, 2016",1.3.0,4.0 and up,0.0,January,0
EF/VR – VR Tours of EF Schools,FAMILY,3.6,17.0,15.0,1000.0,Free,0.0,Teen,Education,"September 15, 2015",1.0.05,4.0 and up,0.0,September,0
EF Events,EVENTS,5.0,7.0,4.4,100.0,Free,0.0,Teen,Events,"October 5, 2017",Varies with device,Varies with device,0.0,October,0
EF Summits,TRAVEL_AND_LOCAL,4.3,0.0,19.0,100.0,Free,0.0,Everyone,Travel & Local,"May 20, 2018",1.1.3,4.4 and up,0.0,May,0
Travelmoji,FAMILY,3.9,13.0,10.0,500.0,Free,0.0,Everyone,Education,"June 24, 2016",2.0,4.3 and up,0.0,June,0
EF Forms,BUSINESS,5.0,2.0,23.0,50.0,Free,0.0,Everyone,Business,"July 24, 2018",1.29,4.4 and up,0.0,July,0
EFAmbassador,FAMILY,4.3,5.0,10.0,100.0,Free,0.0,Everyone,Education,"July 10, 2018",1.2,5.0 and up,0.0,July,0
EF App,BUSINESS,5.0,8.0,20.0,100.0,Free,0.0,Everyone,Business,"January 23, 2017",1.0.5,4.4 and up,0.0,January,0
EF Coach,HEALTH_AND_FITNESS,4.8,17.0,14.0,500.0,Free,0.0,Everyone,Health & Fitness,"March 12, 2018",1.1.1,4.4 and up,0.0,March,0
e-Docente EI/anos iniciais EF,FAMILY,4.3,2.0,2.3,1000.0,Free,0.0,Everyone,Education,"May 22, 2018",1.0.0,4.1 and up,0.0,May,0
[EF]ShoutBox,COMMUNICATION,4.3,3.0,2.5,100.0,Free,0.0,Teen,Communication,"August 7, 2018",Build 54,4.0.3 and up,0.0,August,0
EF Catalogues · Kataloge,BUSINESS,4.3,15.0,4.3,500.0,Free,0.0,Everyone,Business,"September 21, 2016",1.0.1 (1.5.1),4.0 and up,0.0,September,0
EF Staff,PRODUCTIVITY,4.3,0.0,11.0,100.0,Free,0.0,Everyone,Productivity,"May 8, 2018",1.2,4.2 and up,0.0,May,0
EF Academy,HEALTH_AND_FITNESS,5.0,4.0,15.0,50.0,Free,0.0,Everyone,Health & Fitness,"March 23, 2018",7.7.3,4.1 and up,0.0,March,0
EF First,FAMILY,4.3,0.0,1.6,1.0,Free,0.0,Everyone,Entertainment,"February 9, 2018",1.0,4.0.3 and up,0.0,February,0
Financial Calculator Pro EF,FINANCE,4.3,634.0,2.0,50000.0,Free,0.0,Everyone,Finance,"October 4, 2013",2.1.0.9,2.1 and up,0.0,October,0
EF Calculator,PRODUCTIVITY,4.7,19.0,13.0,1000.0,Free,0.0,Everyone,Productivity,"September 20, 2017",1.6.1,Varies with device,0.0,September,0
EF Utilities,TOOLS,4.3,0.0,3.6,5.0,Free,0.0,Everyone,Tools,"June 7, 2018",1.1.0,4.3 and up,0.0,June,0
EF Financial Control Free,FINANCE,4.4,58.0,3.7,10000.0,Free,0.0,Everyone,Finance,"May 6, 2018",1.9.0,4.0.3 and up,0.0,May,0
أحداث وحقائق | خبر عاجل في اخبار العالم,NEWS_AND_MAGAZINES,4.8,311.0,14.0,5000.0,Free,0.0,Everyone 10+,News & Magazines,"July 15, 2018",2.9.19a,4.2 and up,0.0,July,0
Diário Escola Mestres EF,FAMILY,4.3,11.0,6.6,1000.0,Free,0.0,Everyone,Education,"July 31, 2018",3.0.18 Fundamental,4.0 and up,0.0,July,0
EF Jumper,GAME,4.3,4.0,5.1,100.0,Free,0.0,Everyone,Arcade,"July 13, 2017",Build 12,2.2 - 7.1.1,0.0,July,0
StudyLock - Education First,PARENTING,4.1,27.0,4.6,1000.0,Free,0.0,Everyone,Parenting,"October 12, 2017",1.13,4.1 and up,0.0,October,0
E.F.JUVENTUD MADRID,SPORTS,4.3,3.0,5.3,100.0,Free,0.0,Everyone,Sports,"July 13, 2017",1.1,4.0.3 and up,0.0,July,0
English Conversation Courses,FAMILY,4.6,22165.0,6.8,1000000.0,Free,0.0,Everyone,Education,"June 28, 2018",4.1806.3,4.0 and up,0.0,June,0
eG Monitor,PRODUCTIVITY,4.6,8.0,7.5,100.0,Free,0.0,Everyone,Productivity,"July 27, 2018",2.0.7,4.1 and up,0.0,July,0
E.G. Chess Free,GAME,4.0,505.0,23.0,10000.0,Free,0.0,Everyone,Board,"December 6, 2014",1.0.28,2.3 and up,0.0,December,0
EG-Boost,BUSINESS,4.1,25.0,2.4,1000.0,Free,0.0,Everyone,Business,"November 27, 2017",7.0,2.3.3 and up,0.0,November,0
EG Mantenimiento,BUSINESS,4.3,1.0,25.0,50.0,Free,0.0,Teen,Business,"May 30, 2018",0.0.3,4.1 and up,0.0,May,0
EG CrossPad - ASPECT4,BUSINESS,4.3,4.0,30.0,1000.0,Free,0.0,Everyone,Business,"July 3, 2018",1.6.07,4.1 and up,0.0,July,0
EG CrossPad,BUSINESS,4.3,3.0,13.0,1000.0,Free,0.0,Everyone,Business,"December 19, 2016",Varies with device,Varies with device,0.0,December,0
EG Player,FAMILY,4.3,1.0,13.0,100.0,Free,0.0,Everyone,Entertainment,"December 20, 2017",Final,4.0 and up,0.0,December,0
Bee Mobile EG,FINANCE,4.2,883.0,6.5,100000.0,Free,0.0,Everyone,Finance,"May 5, 2018",3.1.9,4.0 and up,0.0,May,0
EG,PRODUCTIVITY,4.3,3.0,4.4,100.0,Free,0.0,Everyone,Productivity,"July 1, 2016",4.2,4.0.3 and up,0.0,July,0
EG SIM CARD (EGSIMCARD),TRAVEL_AND_LOCAL,4.4,105.0,5.0,10000.0,Free,0.0,Everyone,Travel & Local,"May 2, 2018",2.5,2.3 and up,0.0,May,0
EG Movi,TOOLS,4.2,40.0,7.4,1000.0,Free,0.0,Everyone,Tools,"May 12, 2017",0.9.1,3.2 and up,0.0,May,0
EG Groups,EVENTS,4.3,0.0,1.1,10.0,Free,0.0,Everyone,Events,"October 15, 2017",1.0.0,4.0 and up,0.0,October,0
EG Way Life,SOCIAL,4.3,0.0,1.1,50.0,Free,0.0,Everyone,Social,"April 27, 2016",1.0,4.1 and up,0.0,April,0
EG Tax Service,FINANCE,4.3,1.0,38.0,100.0,Free,0.0,Everyone,Finance,"April 23, 2018",1.0.0,4.1 and up,0.0,April,0
qEG APP / Química EG SRL,TOOLS,4.3,0.0,0.115234375,10.0,Free,0.0,Everyone,Tools,"July 24, 2018",1.0,4.0 and up,0.0,July,0
EGW Writings 2,BOOKS_AND_REFERENCE,4.7,6547.0,16.0,100000.0,Free,0.0,Everyone,Books & Reference,"December 8, 2017",4.0.3,4.0.3 and up,0.0,December,0
EGW Writings,BOOKS_AND_REFERENCE,4.7,24278.0,3.1,1000000.0,Free,0.0,Everyone,Books & Reference,"December 27, 2017",2.1.2,2.2 and up,0.0,December,0
Bible with EGW Comments,BOOKS_AND_REFERENCE,4.7,3776.0,12.0,100000.0,Free,0.0,Everyone,Books & Reference,"February 7, 2018",2.12.0,4.1 and up,0.0,February,0
Eg Call,COMMUNICATION,4.2,91.0,6.0,10000.0,Free,0.0,Everyone,Communication,"February 26, 2017",3.8.6,2.2 and up,0.0,February,0
EG India,LIFESTYLE,5.0,3.0,4.0,100.0,Free,0.0,Everyone,Lifestyle,"July 29, 2018",1.1.3,4.0.3 and up,0.0,July,0
Fashion Pony Girls Dress Up Makeup Game,FAMILY,4.5,256.0,30.0,10000.0,Free,0.0,Everyone,Simulation,"July 13, 2018",1.7,4.0 and up,0.0,July,0
My Little Pony Celebration,FAMILY,4.3,63192.0,17.0,1000000.0,Free,0.0,Everyone,Simulation;Pretend Play,"July 22, 2016",1.0.0,2.3 and up,0.0,July,0
Equestria Girl Snapchat Addict,FAMILY,4.3,20.0,31.0,1000.0,Free,0.0,Everyone,Educational,"April 19, 2018",1.0.0,4.0 and up,0.0,April,0
L.A. Crime Stories 2 Mad City Crime,GAME,4.2,3946.0,42.0,100000.0,Free,0.0,Teen,Racing,"March 30, 2017",1.04,2.3 and up,0.0,March,0
SDA Sabbath School Quarterly,BOOKS_AND_REFERENCE,4.7,14773.0,6.4,500000.0,Free,0.0,Everyone,Books & Reference,"October 9, 2017",4.1.92,3.0 and up,0.0,October,0
Sirens Fashion Style Game,FAMILY,4.3,2282.0,22.0,500000.0,Free,0.0,Everyone,Simulation,"February 20, 2018",1.0,4.0 and up,0.0,February,0
Propertyfinder,LIFESTYLE,4.2,1506.0,11.0,100000.0,Free,0.0,Everyone,Lifestyle,"August 7, 2018",6.5.2,4.4 and up,0.0,August,0
My Little Pony: Story Creator,FAMILY,4.2,11002.0,21.0,1000000.0,Free,0.0,Everyone,Education;Action & Adventure,"May 11, 2017",1.0,4.0.3 and up,0.0,May,0
Pocket Little Pony,FAMILY,4.1,47576.0,14.0,1000000.0,Free,0.0,Everyone 10+,Simulation,"March 1, 2017",1.95,4.0 and up,0.0,March,0
Dance Magic Fashion Style Games,FAMILY,4.6,2533.0,46.0,100000.0,Free,0.0,Everyone,Simulation,"February 27, 2018",1.0,4.0 and up,0.0,February,0
Fashion Girls Dress up Makeup,FAMILY,4.4,115.0,31.0,10000.0,Free,0.0,Everyone,Simulation,"July 13, 2018",1.0,4.0 and up,0.0,July,0
Home Pony 2,FAMILY,4.0,20977.0,26.0,1000000.0,Free,0.0,Everyone,Simulation,"June 18, 2018",1.4.5,4.0 and up,0.0,June,0
Eh Volevi!,FAMILY,3.9,1619.0,7.0,100000.0,Free,0.0,Everyone,Entertainment,"October 7, 2017",1.2.1,4.0 and up,0.0,October,0
VITEK EH DVR Viewer (Pro),TOOLS,3.5,78.0,3.3,10000.0,Free,0.0,Everyone,Tools,"October 11, 2013",1.2.10,2.2 and up,0.0,October,0
Eh Bee Wallpapers HD,PERSONALIZATION,5.0,4.0,3.9,100.0,Free,0.0,Everyone,Personalization,"April 24, 2018",1.0,4.1 and up,0.0,April,0
EH!,LIFESTYLE,4.6,10.0,8.7,1000.0,Free,0.0,Everyone,Lifestyle,"July 18, 2018",7.2.2,4.1 and up,0.0,July,0
Arogyam EH,MEDICAL,3.6,18.0,3.5,1000.0,Free,0.0,Everyone,Medical,"May 12, 2018",1.9,4.0.3 and up,0.0,May,0
Betul Ke Bohong Eh?,GAME,4.2,601.0,6.4,100000.0,Free,0.0,Everyone,Trivia,"April 3, 2015",1.0.1,2.3 and up,0.0,April,0
EH National Mobile Banking,FINANCE,4.3,0.0,13.0,50.0,Free,0.0,Everyone,Finance,"October 12, 2017",5.2.12,4.2 and up,0.0,October,0
EH Autolink,BUSINESS,4.3,1.0,0.8994140625,100.0,Free,0.0,Everyone,Business,"March 11, 2016",1.0,3.0 and up,0.0,March,0
Eh Amego!,GAME,3.8,13388.0,7.1,500000.0,Free,0.0,Everyone,Arcade,"August 24, 2015",2.0.5,2.2 and up,0.0,August,0
Eh Plus English Application,FAMILY,4.3,1.0,0.853515625,100.0,Free,0.0,Everyone,Education,"May 27, 2015",1.1,4.0 and up,0.0,May,0
My Theme Park: RollerCoaster & Water Park Tycoon,FAMILY,4.2,128.0,41.0,10000.0,Free,0.0,Everyone 10+,Strategy,"June 12, 2018",1.50,4.2 and up,0.0,June,0
Doomsday Preppers™,FAMILY,4.2,137167.0,52.0,1000000.0,Free,0.0,Everyone,Strategy,"January 17, 2017",130.48.08,4.0.3 and up,0.0,January,0
TAXI DRIVER,FAMILY,3.7,7203.0,32.0,1000000.0,Free,0.0,Everyone,Simulation,"January 11, 2016",1.0,4.0 and up,0.0,January,0
MazeMilitia Classic Multiplayer Shooting Game,GAME,4.4,1294.0,44.0,50000.0,Free,0.0,Mature 17+,Action,"March 8, 2018",1.2,4.1 and up,0.0,March,0
Endress+Hauser Operations,BUSINESS,4.5,234.0,3.4,10000.0,Free,0.0,Everyone,Business,"April 16, 2018",2.4.3.1523,4.0 and up,0.0,April,0
Driving School 3D 2017,FAMILY,3.9,5075.0,48.0,500000.0,Free,0.0,Everyone,Simulation,"April 4, 2017",2.1.5,3.0 and up,0.0,April,0
Horror Hospital,GAME,3.7,63986.0,26.0,1000000.0,Free,0.0,Teen,Action,"October 10, 2017",6.0,2.3 and up,0.0,October,0
Ludo Family Dice Game,FAMILY,4.2,3593.0,19.0,500000.0,Free,0.0,Everyone,Board;Brain Games,"March 7, 2018",1.4,4.1 and up,0.0,March,0
Mad Skills Motocross,GAME,4.0,32522.0,44.0,1000000.0,Free,0.0,Everyone,Racing,"January 25, 2016",1.2.0,2.0 and up,0.0,January,0
Masterchef Cooking Games: Fun Restaurant & Kitchen,FAMILY,3.9,1036.0,33.0,100000.0,Free,0.0,Everyone,Casual,"July 6, 2018",2.6,2.3 and up,0.0,July,0
Grand Bat Superhero Flying Assault Rescue Mission,GAME,4.4,1094.0,37.0,500000.0,Free,0.0,Teen,Action,"July 9, 2018",1.1,4.1 and up,0.0,July,0
eHub,BUSINESS,4.2,6969.0,4.8,100000.0,Free,0.0,Everyone,Business,"June 29, 2018",3.9.11,4.4 and up,0.0,June,0
Heart Surgery Emergency Doctor,FAMILY,4.1,2248.0,29.0,100000.0,Free,0.0,Teen,Educational,"April 28, 2017",1.3,4.0 and up,0.0,April,0
RUN JUMP RUN-fun games for free,GAME,4.4,661.0,42.0,100000.0,Free,0.0,Everyone,Action,"April 20, 2018",1.5.2,3.0 and up,0.0,April,0
Ei Samay - Bengali News Paper,NEWS_AND_MAGAZINES,4.3,20620.0,13.0,1000000.0,Free,0.0,Everyone,News & Magazines,"July 17, 2018",Varies with device,Varies with device,0.0,July,0
EI HabitTracker,FAMILY,4.3,2.0,0.9580078125,100.0,Free,0.0,Everyone,Education,"August 17, 2017",1.40.170809,4.0.3 and up,0.0,August,0
NEMA ei,BUSINESS,5.0,4.0,12.0,100.0,Free,0.0,Everyone,Business,"November 6, 2017",1.0.4,4.4 and up,0.0,November,0
ei,COMMUNICATION,4.3,2.0,4.5,10.0,Free,0.0,Teen,Communication,"July 16, 2018",0.0.10,4.4 and up,0.0,July,0
the Egg - crack the egg,FAMILY,4.1,211.0,14.0,10000.0,Free,0.0,Everyone,Casual,"November 21, 2016",1.1.0,2.3 and up,0.0,November,0
Yeled EI,FAMILY,4.3,0.0,15.0,100.0,Free,0.0,Everyone,Education,"April 26, 2018",0.62,4.1 and up,0.0,April,0
Code on the egg,TOOLS,3.9,146.0,0.765625,10000.0,Free,0.0,Everyone,Tools,"April 10, 2017",1.15,2.2 and up,0.0,April,0
Sensenuts eI,BUSINESS,4.3,0.0,13.0,5.0,Free,0.0,Everyone,Business,"August 2, 2018",Varies with device,Varies with device,0.0,August,0
EI!,PRODUCTIVITY,4.3,0.0,7.7,10.0,Free,0.0,Everyone,Productivity,"July 19, 2018",1.1.14,4.1 and up,0.0,July,0
EI App 1,FAMILY,4.3,0.0,13.0,10.0,Free,0.0,Everyone,Education,"November 23, 2017",1.0.4,4.1 and up,0.0,November,0
EI Calculator,TOOLS,4.0,8.0,1.5,100.0,Free,0.0,Everyone,Tools,"May 23, 2016",1.3,1.6 and up,0.0,May,0
Verdant EI,TOOLS,4.3,0.0,13.0,50.0,Free,0.0,Everyone,Tools,"November 6, 2017",1.1.4,4.1 and up,0.0,November,0
Ei-ij Spelling Dutch,FAMILY,4.3,20.0,3.2,10000.0,Free,0.0,Everyone,Education,"December 12, 2017",2.1,4.0 and up,0.0,December,0
Esporte Interativo - Notícias e Resultados Ao Vivo,SPORTS,4.4,4600.0,21.0,500000.0,Free,0.0,Everyone,Sports,"January 14, 2018",6.2.6,4.1 and up,0.0,January,0
ei Calc,TOOLS,5.0,2.0,19.0,10.0,Free,0.0,Everyone,Tools,"October 12, 2015",1.2.2,2.3 and up,0.0,October,0
Disaster Will Strike,FAMILY,4.5,14692.0,45.0,1000000.0,Free,0.0,Everyone,Puzzle,"July 19, 2018",1.173.126,4.1 and up,0.0,July,0
Egg: clicker,FAMILY,3.7,40678.0,15.0,1000000.0,Free,0.0,Everyone,Casual,"May 22, 2017",2.1.3,4.0 and up,0.0,May,0
EI App 2,FAMILY,4.3,0.0,13.0,10.0,Free,0.0,Everyone,Education,"November 23, 2017",1.0.4,4.1 and up,0.0,November,0
Tamago Tap Clicker Egg,FAMILY,3.6,209.0,16.0,50000.0,Free,0.0,Everyone,Casual,"October 19, 2016",1.1,2.3 and up,0.0,October,0
Esporte Interativo Plus,SPORTS,3.7,27179.0,20.0,1000000.0,Free,0.0,Everyone,Sports,"July 30, 2018",5.12.1,4.1 and up,0.0,July,0
EI国际,FAMILY,4.7,15.0,5.2,1000.0,Free,0.0,Everyone,Education,"September 9, 2016",1.0.4,4.0 and up,0.0,September,0
Aaj Bangla: ei samay er khobor,NEWS_AND_MAGAZINES,4.9,34.0,3.8,1000.0,Free,0.0,Everyone,News & Magazines,"January 15, 2017",6.7,2.3 and up,0.0,January,0
"Kolkata News:Anandbazar Patrika,ei samay&AllRating",NEWS_AND_MAGAZINES,5.0,10.0,5.0,100.0,Free,0.0,Everyone,News & Magazines,"July 14, 2018",1.0,4.0.3 and up,0.0,July,0
Ei Somoy & Dainik Sangbad & Statesman (PDF),NEWS_AND_MAGAZINES,4.0,4.0,5.3,100.0,Free,0.0,Everyone,News & Magazines,"July 25, 2018",25072018,4.0 and up,0.0,July,0
TAMAGO Monsters Returns,GAME,4.1,104583.0,37.0,1000000.0,Free,0.0,Everyone,Arcade,"August 18, 2016",3.45,2.3 and up,0.0,August,0
EJ.by,NEWS_AND_MAGAZINES,4.3,10.0,2.3,500.0,Free,0.0,Everyone,News & Magazines,"October 27, 2015",1.2,4.0.3 and up,0.0,October,0
Super Sport Car Simulator,FAMILY,4.2,58553.0,50.0,1000000.0,Free,0.0,Everyone,Simulation,"December 25, 2016",3.1,2.3.3 and up,0.0,December,0
EJ Insight,NEWS_AND_MAGAZINES,4.0,33.0,0.2734375,1000.0,Free,0.0,Everyone,News & Magazines,"September 30, 2014",1.0,4.0 and up,0.0,September,0
Ambulance Rescue Simulator 17,FAMILY,4.3,6669.0,31.0,1000000.0,Free,0.0,Everyone,Simulation,"March 1, 2018",1.0.8,2.3 and up,0.0,March,0
EJ Trívia Game,FAMILY,4.3,1.0,19.0,1.0,Free,0.0,Everyone,Puzzle,"July 19, 2018",1.0,4.1 and up,0.0,July,0
EJ messenger,COMMUNICATION,5.0,1.0,25.0,10.0,Free,0.0,Teen,Communication,"October 18, 2017",1.0,4.0 and up,0.0,October,0
Traffic Sniper Counter Attack,GAME,4.3,5339.0,38.0,1000000.0,Free,0.0,Teen,Action,"December 5, 2017",1.0,2.3 and up,0.0,December,0
Rope Superhero Unlimited,GAME,4.4,6735.0,26.0,1000000.0,Free,0.0,Mature 17+,Action,"May 10, 2017",1.1,2.3 and up,0.0,May,0
Painel EJ SSH - INTERNET GRÁTIS,TOOLS,4.3,10.0,13.0,50.0,Free,0.0,Everyone,Tools,"July 30, 2018",5.1,4.1 and up,0.0,July,0
EJ Ecuador,LIFESTYLE,4.3,9.0,6.8,100.0,Free,0.0,Teen,Lifestyle,"November 22, 2016",3.0.16,4.0 and up,0.0,November,0
Ej-buy,BUSINESS,4.3,2.0,4.1,5.0,Free,0.0,Everyone,Business,"August 2, 2018",1.2.0,4.1 and up,0.0,August,0
Extreme Super Car Driving 3D,GAME,3.9,23104.0,48.0,1000000.0,Free,0.0,Everyone,Racing,"August 5, 2015",2.2,2.3.3 and up,0.0,August,0
Footej Camera,PHOTOGRAPHY,4.3,13258.0,13.0,1000000.0,Free,0.0,Everyone,Photography,"June 20, 2018",2.3.0 build 180,5.0 and up,0.0,June,0
Fast Racing Car Simulator,GAME,3.8,8482.0,45.0,1000000.0,Free,0.0,Everyone,Racing,"August 10, 2015",1.3,2.3.3 and up,0.0,August,0
パーリーゲイツ公式通販｜EJ STYLE（イージェイスタイル）,SHOPPING,4.3,1.0,9.3,100.0,Free,0.0,Everyone,Shopping,"November 16, 2017",3.0,4.0.3 and up,0.0,November,0
Beach Head Shooting Assault,GAME,3.8,555.0,44.0,100000.0,Free,0.0,Teen,Action,"March 2, 2018",1.0,4.0 and up,0.0,March,0
Stickman Warriors Heroes 2,GAME,4.4,13714.0,41.0,1000000.0,Free,0.0,Everyone 10+,Action,"April 15, 2017",1.0.4,4.0.3 and up,0.0,April,0
Luxury Car Simulator,FAMILY,3.9,35989.0,46.0,1000000.0,Free,0.0,Everyone,Simulation,"August 7, 2015",2.3,2.3.3 and up,0.0,August,0
Dubai Racing,GAME,4.2,16237.0,23.0,500000.0,Free,0.0,Everyone,Racing,"December 23, 2015",1.9.1,2.3 and up,0.0,December,0
Office Bike Racing Simulator,FAMILY,3.8,21149.0,30.0,1000000.0,Free,0.0,Everyone,Simulation,"October 9, 2015",2.1,2.3 and up,0.0,October,0
Pregnant Mom Surgery Newborn Twins Baby Birth Care,FAMILY,4.3,95.0,28.0,10000.0,Free,0.0,Teen,Educational,"February 24, 2018",1.0,4.1 and up,0.0,February,0
Pet Beauty Salon,FAMILY,3.8,20292.0,47.0,1000000.0,Free,0.0,Everyone,Educational;Creativity,"May 24, 2015",1.2,2.3 and up,0.0,May,0
Nights Keeper (do not disturb),LIFESTYLE,4.5,16426.0,1.6,500000.0,Free,0.0,Everyone,Lifestyle,"February 26, 2017",2.7.8,2.2 and up,0.0,February,0
Lily & Leo - Crazy Circus Day,FAMILY,3.6,8091.0,43.0,1000000.0,Free,0.0,Everyone,Casual;Pretend Play,"June 5, 2018",1.0.8,4.1 and up,0.0,June,0
"Period Tracker, Pregnancy Calculator & Calendar 🌸",HEALTH_AND_FITNESS,4.3,0.0,13.0,10000.0,Free,0.0,Everyone,Health & Fitness,"August 1, 2018",Varies with device,Varies with device,0.0,August,0
Fake Call From Wengie Prank,FAMILY,3.5,352.0,3.8,50000.0,Free,0.0,Everyone,Entertainment,"July 23, 2017",1.0,3.0 and up,0.0,July,0
Robot Fighting Games™ - Real Boxing Champions 3D,GAME,4.4,30.0,47.0,5000.0,Free,0.0,Everyone,Action,"July 2, 2018",1.1,4.1 and up,0.0,July,0
Ghost Hunting camera,GAME,3.5,3048.0,24.0,500000.0,Free,0.0,Teen,Action,"March 6, 2017",1.1,2.3 and up,0.0,March,0
Santa Panda Bubble Christmas,GAME,4.1,101.0,31.0,10000.0,Free,0.0,Everyone,Arcade,"March 14, 2017",1.5,4.0 and up,0.0,March,0
TeamWard – live help for LoL,FAMILY,4.8,3136.0,2.7,100000.0,Free,0.0,Everyone,Entertainment,"June 27, 2018",2.19.6,4.0.3 and up,0.0,June,0
3D Metal Piano Keys Keyboard Theme,FOOD_AND_DRINK,4.4,467.0,7.3,100000.0,Free,0.0,Everyone,Food & Drink,"July 1, 2018",6.7.1,4.0.3 and up,0.0,July,0
Do Not Disturb! 2 - Challenge Your Prank Skills!,FAMILY,4.0,34417.0,48.0,1000000.0,Free,0.0,Everyone,Educational,"August 6, 2018",1.0.9,4.1 and up,0.0,August,0
Local weather Forecast,WEATHER,4.4,5482.0,12.0,1000000.0,Free,0.0,Everyone,Weather,"August 7, 2018",2.42,4.0.3 and up,0.0,August,0
Kiss Me! Lip Kissing Test,FAMILY,3.5,191.0,5.0,50000.0,Free,0.0,Everyone,Entertainment,"May 18, 2018",5.0,4.1 and up,0.0,May,0
Smoke Effect Name Art Maker-Avatar Text Art Editor,PERSONALIZATION,4.3,1961.0,6.6,100000.0,Free,0.0,Everyone,Personalization,"June 29, 2018",1.0,4.1 and up,0.0,June,0
ek tuhi,VIDEO_PLAYERS,4.7,316.0,2.8,10000.0,Free,0.0,Everyone,Video Players & Editors,"July 4, 2014",1.0,4.0 and up,0.0,July,0
Master E.K,FAMILY,5.0,90.0,13.0,1000.0,Free,0.0,Everyone,Education,"August 11, 2017",1.5.0,4.4 and up,0.0,August,0
EK Platinum,LIFESTYLE,3.8,52.0,10.0,10000.0,Free,0.0,Everyone,Lifestyle,"December 26, 2017",1.0.6®,4.0 and up,0.0,December,0
EK Bailey Preaching Conference,EVENTS,5.0,3.0,30.0,500.0,Free,0.0,Everyone,Events,"July 2, 2018",5.30.01,5.1 and up,0.0,July,0
Ek Maratha,SOCIAL,4.8,725.0,3.7,10000.0,Free,0.0,Teen,Social,"October 12, 2016",7.5.3,2.2 and up,0.0,October,0
Ek Onkar,FAMILY,4.9,107.0,18.0,10000.0,Free,0.0,Everyone,Entertainment,"April 3, 2016",1.3,4.0 and up,0.0,April,0
Pyaar Ek Dhoka hai Game - Anti Valentines,FAMILY,4.3,8.0,17.0,100.0,Free,0.0,Everyone,Casual,"February 11, 2018",3,4.1 and up,0.0,February,0
Pyaar Ek Dhoka,FAMILY,5.0,18.0,1.3,50.0,Free,0.0,Everyone,Casual,"February 13, 2018",1.0,4.3 and up,0.0,February,0
Ek Biladi Jadi Video Song,FAMILY,4.3,3.0,3.7,5000.0,Free,0.0,Everyone,Entertainment,"October 20, 2016",4.1,4.0 and up,0.0,October,0
Duaa Ek Ibaadat,BOOKS_AND_REFERENCE,4.9,122.0,26.0,5000.0,Free,0.0,Everyone,Books & Reference,"April 10, 2016",1.5,2.2 and up,0.0,April,0
Ek Onkar Mantras,LIFESTYLE,4.9,82.0,5.0,5000.0,Free,0.0,Everyone,Lifestyle,"August 7, 2016",1.0,4.1 and up,0.0,August,0
Alex Fuel Calculator for EK,TOOLS,4.9,19.0,3.3,500.0,Free,0.0,Everyone,Tools,"June 15, 2018",1.8,2.1 and up,0.0,June,0
Ringtones Of Ek Onkar,FAMILY,4.5,6.0,3.9,1000.0,Free,0.0,Everyone,Entertainment,"May 31, 2017",1.0,4.0.3 and up,0.0,May,0
EK Carevec,FAMILY,4.3,1.0,29.0,10.0,Free,0.0,Teen,Entertainment,"July 17, 2018",2.177.5489,4.3 and up,0.0,July,0
Ek Kahani Aisi Bhi Season 2 - The Horror Story,FAMILY,4.5,28.0,5.6,1000.0,Free,0.0,Teen,Entertainment,"July 20, 2018",1.3,5.0 and up,0.0,July,0
Ek Bander Ne Kholi Dukan,FAMILY,5.0,10.0,3.0,10000.0,Free,0.0,Everyone,Entertainment,"June 26, 2017",1.0.9,4.0 and up,0.0,June,0
Hum Ek Hain 2.02,SOCIAL,5.0,2.0,1.8,10.0,Free,0.0,Teen,Social,"March 18, 2018",1.0,5.0 and up,0.0,March,0
Ek IRA,COMMUNICATION,4.3,0.0,5.7,10.0,Free,0.0,Everyone,Communication,"July 27, 2018",0.3.1,4.1 and up,0.0,July,0
Sanu Ek Pal Chain - Raid,TOOLS,4.3,1.0,2.6,500.0,Free,0.0,Everyone,Tools,"May 12, 2018",2.0,4.4W and up,0.0,May,0
Sai Baba - Sabka Malik Ek,PRODUCTIVITY,4.9,42.0,38.0,1000.0,Free,0.0,Everyone,Productivity,"May 26, 2018",1.4,4.0 and up,0.0,May,0
Ek Vote,PRODUCTIVITY,5.0,43.0,6.2,500.0,Free,0.0,Everyone,Productivity,"November 7, 2017",1.1,4.0.3 and up,0.0,November,0
Asha Ek Hope - ALS/ MND,MEDICAL,5.0,2.0,11.0,100.0,Free,0.0,Everyone,Medical,"May 23, 2018",1.1.0,4.1 and up,0.0,May,0
Meslek Lisesi YGS Ek Puan,FAMILY,4.3,11.0,1.5,1000.0,Free,0.0,Everyone,Education,"January 8, 2017",1.0,4.0 and up,0.0,January,0
Mahila Vashikaran(Ek rat me)-Hindi,FAMILY,4.3,0.0,4.0,1000.0,Free,0.0,Everyone,Entertainment,"January 23, 2018",1.1,4.0.3 and up,0.0,January,0
Ek Kauwa Pyasa Tha,FAMILY,4.1,35.0,3.1,50000.0,Free,0.0,Everyone,Entertainment,"June 25, 2017",1.3.6,4.0 and up,0.0,June,0
Video Maker with Photo and Music,PHOTOGRAPHY,4.3,4871.0,30.0,1000000.0,Free,0.0,Everyone,Photography,"March 19, 2018",1.0.2,4.1 and up,0.0,March,0
SIM Card Info,TOOLS,4.1,4234.0,1.9,1000000.0,Free,0.0,Everyone,Tools,"May 25, 2018",5.3.9,4.0 and up,0.0,May,0
Toilet Ek Prem Katha Songs Lyrics in Hindi,FAMILY,4.7,3.0,2.0,1000.0,Free,0.0,Everyone,Entertainment,"August 10, 2017",1.0,4.1 and up,0.0,August,0
Ek Do Teen Song Videos - Baaghi 2 Video Songs,FAMILY,4.3,2.0,4.5,1000.0,Free,0.0,Everyone,Entertainment,"March 20, 2018",1.4.1,4.0.3 and up,0.0,March,0
Sanu Ek Pal Chain Song Videos - RAID Movie Songs,FAMILY,4.9,11.0,4.3,5000.0,Free,0.0,Everyone,Entertainment,"March 8, 2018",1.2.8,4.0.3 and up,0.0,March,0
"Phogy, 3D Camera",PHOTOGRAPHY,4.0,35725.0,9.9,1000000.0,Free,0.0,Everyone,Photography,"February 11, 2015",1.40,4.0 and up,0.0,February,0
Ek Qissa He Quran Se (Qurani Waqiyat),FAMILY,5.0,4.0,2.0,100.0,Free,0.0,Everyone,Entertainment,"October 30, 2017",1.0,4.0 and up,0.0,October,0
Lyrics of Ek Paheli Leela,FAMILY,5.0,4.0,2.3,500.0,Free,0.0,Everyone,Entertainment,"April 23, 2016",1.0,4.0 and up,0.0,April,0
Ek-yatri: Travel where you Belong,TRAVEL_AND_LOCAL,4.3,0.0,29.0,1.0,Free,0.0,Everyone,Travel & Local,"August 1, 2018",1.0.0,4.4 and up,0.0,August,0
Sabka Malik Ek Sai,SOCIAL,4.2,17.0,5.1,1000.0,Free,0.0,Teen,Social,"May 25, 2013",1.3,2.2 and up,0.0,May,0
Voice Lock Screen,LIFESTYLE,3.7,6667.0,2.7,1000000.0,Free,0.0,Everyone,Lifestyle,"April 2, 2018",2.4.2,4.0 and up,0.0,April,0
el,FAMILY,4.3,32405.0,47.0,1000000.0,Free,0.0,Everyone,Casual,"December 18, 2014",1.2.1,4.2 and up,0.0,December,0
El Pollo Loco - Loco Rewards,FOOD_AND_DRINK,4.0,848.0,25.0,100000.0,Free,0.0,Everyone,Food & Drink,"February 23, 2018",2.1,4.1 and up,0.0,February,0
Learn English with El Chavo.,FAMILY,4.2,6133.0,7.0,100000.0,Free,0.0,Everyone,Education,"October 1, 2015",6.2,2.3.3 and up,0.0,October,0
El Nuevo Día,NEWS_AND_MAGAZINES,4.1,8011.0,13.0,500000.0,Free,0.0,Everyone 10+,News & Magazines,"June 13, 2018",4.11.2,4.1 and up,0.0,June,0
El Nueve,NEWS_AND_MAGAZINES,4.3,221.0,3.2,50000.0,Free,0.0,Teen,News & Magazines,"October 16, 2017",1.1.3,4.0.3 and up,0.0,October,0
El Laberinto del Demonio 3D,FAMILY,4.0,20421.0,31.0,1000000.0,Free,0.0,Teen,Puzzle,"August 20, 2015",1.5,2.3 and up,0.0,August,0
El Falı,FAMILY,4.8,36968.0,16.0,1000000.0,Free,0.0,Everyone,Entertainment,"November 3, 2017",1.2.9,2.3 and up,0.0,November,0
El Laberinto del Demonio 2,FAMILY,4.1,3654.0,25.0,100000.0,Free,0.0,Teen,Puzzle,"April 14, 2017",1.0.1,4.0 and up,0.0,April,0
TV Local El Salvador,FAMILY,4.3,323.0,3.6,10000.0,Free,0.0,Everyone,Entertainment,"May 8, 2018",1,4.0.3 and up,0.0,May,0
Tigo Money El Salvador,FINANCE,4.3,4642.0,3.5,100000.0,Free,0.0,Everyone,Finance,"July 23, 2018",5.0.0,4.2 and up,0.0,July,0
Explora con el Chavo,FAMILY,4.3,0.0,13.0,100000.0,Free,0.0,Everyone,Educational,"June 26, 2018",Varies with device,Varies with device,0.0,June,0
El Dorado App,TRAVEL_AND_LOCAL,4.4,221.0,33.0,10000.0,Free,0.0,Everyone,Travel & Local,"April 6, 2018",2.4,4.1 and up,0.0,April,0
Adivina el cantante de Trap y Reggaeton,GAME,4.5,1914.0,24.0,100000.0,Free,0.0,Everyone,Trivia,"June 29, 2018",3.6.7z,4.0.3 and up,0.0,June,0
The translator,TOOLS,4.5,23805.0,4.1,1000000.0,Free,0.0,Everyone,Tools,"August 13, 2017",2.0.4,4.0.3 and up,0.0,August,0
The dollar in mexico,FINANCE,4.5,4254.0,3.2,100000.0,Free,0.0,Everyone,Finance,"August 29, 2017",2.5,4.0 and up,0.0,August,0
OWLIE BOO,FAMILY,4.6,834.0,22.0,100000.0,Free,0.0,Everyone,Puzzle;Education,"March 15, 2018",1.8.11,4.0 and up,0.0,March,0
Adivina el Emoji,GAME,4.3,2536.0,32.0,100000.0,Free,0.0,Everyone,Trivia,"October 2, 2016",1.00,4.0.3 and up,0.0,October,0
The Holy Rosary,LIFESTYLE,4.7,56197.0,15.0,1000000.0,Free,0.0,Everyone,Lifestyle,"August 6, 2018",1.6.17,1.6 and up,0.0,August,0
Get 'Em,GAME,4.1,7904.0,21.0,500000.0,Free,0.0,Everyone 10+,Action,"October 26, 2016",1.6.7,4.0.3 and up,0.0,October,0
EM Launcher for EMUI,PERSONALIZATION,4.1,3175.0,2.3,500000.0,Free,0.0,Everyone,Personalization,"April 6, 2018",1.0.6,4.1 and up,0.0,April,0
Beach Shoot Em Up: Head Hunter,GAME,4.4,1218.0,15.0,500000.0,Free,0.0,Everyone 10+,Action,"March 6, 2018",1.0.9,2.3 and up,0.0,March,0
Connect'Em,FAMILY,4.5,49381.0,6.8,1000000.0,Free,0.0,Everyone,Puzzle,"June 25, 2018",1.0.17,2.0 and up,0.0,June,0
Stick 'Em Up 2 Starter Edition,GAME,3.8,2102.0,40.0,100000.0,Free,0.0,Everyone 10+,Action,"September 11, 2015",1.1.3,4.0.3 and up,0.0,September,0
PlayTexas Hold'em Poker Free,GAME,3.8,3543.0,13.0,1000000.0,Free,0.0,Teen,Card,"March 10, 2018",Varies with device,Varies with device,0.0,March,0
Shoot Em Down Free,FAMILY,3.7,2850.0,39.0,500000.0,Free,0.0,Everyone,Puzzle,"February 9, 2018",23,2.3 and up,0.0,February,0
Game for KIDS: KIDS match'em,FAMILY,4.4,7006.0,6.9,1000000.0,Free,0.0,Everyone,Education,"October 23, 2016",1.17,2.3 and up,0.0,October,0
Texas Hold'em Poker,GAME,3.6,12846.0,14.0,1000000.0,Free,0.0,Teen,Casino,"December 29, 2017",3.3,4.1 and up,0.0,December,0
Poker Live! 3D Texas Hold'em,GAME,4.3,6143.0,37.0,100000.0,Free,0.0,Teen,Casino,"July 25, 2018",Varies with device,4.0.3 and up,0.0,July,0
Fun Texas Hold'em Poker,GAME,4.5,32831.0,24.0,500000.0,Free,0.0,Teen,Casino,"May 12, 2017",17.05.11,4.0.3 and up,0.0,May,0
Elevator Simulator Lift EM ALL,FAMILY,4.4,2941.0,28.0,100000.0,Free,0.0,Teen,Simulation,"July 31, 2018",2.4.1343-prod,4.0.3 and up,0.0,July,0
Punch em,GAME,4.1,2208.0,4.4,500000.0,Free,0.0,Everyone,Arcade,"May 24, 2018",2.0.8,4.1 and up,0.0,May,0
Boyaa Poker (En) – Social Texas Hold’em,GAME,4.3,71468.0,51.0,1000000.0,Free,0.0,Teen,Card,"June 12, 2018",5.8.0,4.1 and up,0.0,June,0
Connect'Em Halloween,FAMILY,4.5,6673.0,4.4,500000.0,Free,0.0,Everyone,Puzzle,"September 23, 2016",1.0.7,2.0 and up,0.0,September,0
HANGAME Casino - Baccarat & Texas Hold'em,GAME,4.1,8608.0,46.0,500000.0,Free,0.0,Teen,Casino,"May 17, 2018",1.4.5,4.1 and up,0.0,May,0
Yoong: Kick 'Em Up!,SPORTS,4.3,7107.0,33.0,100000.0,Free,0.0,Everyone,Sports,"December 16, 2015",1.1.1,4.0.3 and up,0.0,December,0
Telemundo Deportes - En Vivo,SPORTS,4.5,36255.0,25.0,1000000.0,Free,0.0,Everyone,Sports,"August 1, 2018",5.10.5,4.1 and up,0.0,August,0
Holy Knight EN,FAMILY,4.0,26202.0,41.0,1000000.0,Free,0.0,Teen,Role Playing,"May 5, 2018",1.1.700,2.3 and up,0.0,May,0
English in a Month Free,FAMILY,3.8,6577.0,13.0,1000000.0,Free,0.0,Everyone,Education,"July 23, 2017",1.28,4.1 and up,0.0,July,0
Learn Body Parts in English,FAMILY,4.0,7243.0,42.0,1000000.0,Free,0.0,Everyone,Education,"December 6, 2016",5.13,2.3 and up,0.0,December,0
Learn English Daily,FAMILY,4.5,7881.0,53.0,500000.0,Free,0.0,Everyone,Education,"May 6, 2018",7.0,4.0 and up,0.0,May,0
RightNow English Conversation,FAMILY,4.0,5118.0,11.0,1000000.0,Free,0.0,Everyone,Education,"March 2, 2018",1.4.1,2.3 and up,0.0,March,0
English Audio Books - Librivox,FAMILY,4.0,10773.0,10.0,1000000.0,Free,0.0,Everyone,Education,"November 29, 2017",8.02,4.1 and up,0.0,November,0
Learn Top 300 English Words,FAMILY,4.7,61600.0,3.4,1000000.0,Free,0.0,Everyone,Education,"February 24, 2018",3.1,2.3 and up,0.0,February,0
EO.TRADE - Coin sale,FINANCE,4.3,95.0,1.5,10000.0,Free,0.0,Everyone,Finance,"June 5, 2018",0.3,4.0.3 and up,0.0,June,0
EO Network,BUSINESS,3.5,13.0,21.0,1000.0,Free,0.0,Teen,Business,"September 20, 2017",1.0.3,4.4 and up,0.0,September,0
EO Mumbai,COMMUNICATION,4.3,0.0,11.0,10.0,Free,0.0,Everyone,Communication,"February 21, 2018",1.02,4.1 and up,0.0,February,0
EO SouthAsia,BUSINESS,4.2,8.0,19.0,100.0,Free,0.0,Teen,Business,"April 25, 2018",1.0.23,4.1 and up,0.0,April,0
EO RAIPUR,SOCIAL,4.3,1.0,4.2,10.0,Free,0.0,Teen,Social,"June 21, 2017",1.0,4.0.3 and up,0.0,June,0
EO Forum,BUSINESS,4.3,0.0,1.1,100.0,Free,0.0,Everyone,Business,"April 5, 2013",1.1,2.1 and up,0.0,April,0
EO Events,BUSINESS,4.3,0.0,11.0,10.0,Free,0.0,Teen,Business,"June 21, 2018",v2.7.11.27,4.1 and up,0.0,June,0
EO KOREA,BUSINESS,4.3,0.0,14.0,50.0,Free,0.0,Teen,Business,"December 4, 2017",1.0.7,2.2 and up,0.0,December,0
EO App. SelfCompassion to you,HEALTH_AND_FITNESS,4.3,1.0,13.0,100.0,Free,0.0,Everyone,Health & Fitness,"September 12, 2015",Varies with device,Varies with device,0.0,September,0
EO GSEA,BUSINESS,4.3,1.0,30.0,10.0,Free,0.0,Everyone,Business,"January 4, 2018",1.0.0,4.4 and up,0.0,January,0
EO SA Benefits,BUSINESS,4.3,0.0,0.505859375,10.0,Free,0.0,Everyone,Business,"August 25, 2014",1.0,2.3.3 and up,0.0,August,0
FAST EO,EVENTS,5.0,1.0,13.0,10.0,Free,0.0,Everyone,Events,"May 15, 2018",1.0.3,4.1 and up,0.0,May,0
23rd QM BDE EO,BUSINESS,4.3,0.0,6.3,10.0,Free,0.0,Everyone,Business,"September 27, 2017",1.0.0,4.1 and up,0.0,September,0
EO Bijbel Open,LIFESTYLE,4.3,102.0,41.0,10000.0,Free,0.0,Everyone,Lifestyle,"November 24, 2016",2.0.0,4.0.3 and up,0.0,November,0
EO LAC,LIFESTYLE,4.3,0.0,18.0,10.0,Free,0.0,Everyone,Lifestyle,"January 17, 2017",1.1,4.1 and up,0.0,January,0
EO Hub,BUSINESS,4.3,0.0,5.2,50.0,Free,0.0,Teen,Business,"February 6, 2018",3.5.4,4.1 and up,0.0,February,0
Kenny e o Cupcake,FAMILY,4.3,0.0,6.7,1.0,Free,0.0,Everyone,Arcade;Action & Adventure,"July 19, 2018",1.0,2.1 and up,0.0,July,0
EO,BUSINESS,4.3,0.0,3.1,50.0,Free,0.0,Everyone,Business,"July 1, 2015",1.0,4.0.3 and up,0.0,July,0
4Eternity EO,BUSINESS,4.3,0.0,2.0,10.0,Free,0.0,Everyone,Business,"January 17, 2018",1.2,4.1 and up,0.0,January,0
Masha and the Bear,FAMILY,4.4,15105.0,36.0,1000000.0,Free,0.0,Everyone,Education,"June 11, 2018",3.1.8,4.3 and up,0.0,June,0
EO Hotels,TRAVEL_AND_LOCAL,4.3,4.0,11.0,100.0,Free,0.0,Everyone,Travel & Local,"June 4, 2017",2.0,4.0.3 and up,0.0,June,0
Masha and the Bear: Evolution,FAMILY,4.5,2062.0,42.0,500000.0,Free,0.0,Everyone,Strategy;Education,"June 14, 2018",1.0.9,4.0 and up,0.0,June,0
Cryptocurrency Trading - How To Trade Crypto,FINANCE,4.3,1.0,23.0,100.0,Free,0.0,Everyone,Finance,"March 16, 2018",1.0,4.1 and up,0.0,March,0
Masha and the Bear. Games for kids,FAMILY,4.6,6231.0,31.0,1000000.0,Free,0.0,Everyone,Educational;Pretend Play,"July 13, 2018",2.6,4.0.3 and up,0.0,July,0
Urban Car Simulator,FAMILY,4.2,23292.0,20.0,1000000.0,Free,0.0,Everyone,Simulation,"September 19, 2017",1.4,2.3 and up,0.0,September,0
Bluetooth Pair,TOOLS,3.5,1960.0,2.7,1000000.0,Free,0.0,Everyone,Tools,"August 4, 2018",2.5,4.1 and up,0.0,August,0
EP FCU,FINANCE,4.3,2.0,2.8,100.0,Free,0.0,Everyone,Finance,"March 22, 2018",3.0.6,4.1 and up,0.0,March,0
EP Home Energy Hub,PRODUCTIVITY,4.3,4.0,13.0,100.0,Free,0.0,Everyone,Productivity,"June 21, 2018",3.4.2,4.4 and up,0.0,June,0
EP,BUSINESS,4.3,3.0,2.1,100.0,Free,0.0,Everyone,Business,"November 13, 2015",1.0.1,2.3.3 and up,0.0,November,0
EP Mobile,MEDICAL,4.3,267.0,2.3,50000.0,Free,0.0,Everyone,Medical,"July 8, 2018",2.18,4.0 and up,0.0,July,0
EP RSS Reader,COMMUNICATION,3.8,4.0,0.87109375,100.0,Free,0.0,Everyone,Communication,"July 16, 2018",0.99,4.0.3 and up,0.0,July,0
EP Cloud,PRODUCTIVITY,4.3,9.0,2.3,10.0,Free,0.0,Everyone,Productivity,"July 26, 2018",2.2.2,4.1 and up,0.0,July,0
eP Scanner,EVENTS,4.3,0.0,20.0,100.0,Free,0.0,Everyone,Events,"October 13, 2017",1.5,4.4 and up,0.0,October,0
EP Church Annapolis,LIFESTYLE,5.0,2.0,8.8,100.0,Free,0.0,Everyone,Lifestyle,"January 14, 2017",1.0,4.1 and up,0.0,January,0
EP Horlogerie,LIFESTYLE,4.9,18.0,24.0,1000.0,Free,0.0,Everyone,Lifestyle,"March 28, 2018",4.0.2,4.0.3 and up,0.0,March,0
ep-liggare - Elektronisk personalliggare,TOOLS,4.3,0.0,21.0,100.0,Free,0.0,Everyone,Tools,"June 26, 2018",1.1.0,4.1 and up,0.0,June,0
EP Radio,FAMILY,5.0,3.0,0.150390625,50.0,Free,0.0,Everyone,Entertainment,"March 26, 2018",1.0,3.0 and up,0.0,March,0
EP Joaillerie,LIFESTYLE,4.3,54.0,21.0,5000.0,Free,0.0,Teen,Lifestyle,"March 28, 2018",4.0.2,4.0.3 and up,0.0,March,0
Tester EP,TOOLS,4.3,9.0,4.8,100.0,Free,0.0,Everyone,Tools,"May 15, 2018",3.0,2.1 and up,0.0,May,0
The Great Wobo Escape Ep. 1,GAME,4.2,5449.0,20.0,500000.0,Free,0.0,Everyone 10+,Action,"September 13, 2016",1.0.3386,4.1 and up,0.0,September,0
The Visitor: Ep.2 - Sleepover Slaughter,GAME,4.3,5731.0,31.0,1000000.0,Free,0.0,Mature 17+,Adventure,"January 2, 2018",1.1.5,4.1 and up,0.0,January,0
EP Research Service,BOOKS_AND_REFERENCE,4.7,14.0,27.0,1000.0,Free,0.0,Everyone,Books & Reference,"March 5, 2018",1.9,4.1 and up,0.0,March,0
eP Finder,AUTO_AND_VEHICLES,4.3,0.0,6.3,10.0,Free,0.0,Everyone,Auto & Vehicles,"June 21, 2018",1.0,4.4 and up,0.0,June,0
EP Music,FAMILY,4.3,0.0,11.0,10.0,Free,0.0,Everyone,Entertainment,"July 26, 2017",1.0,4.1 and up,0.0,July,0
EP Kalkulator el. energije,TOOLS,4.4,13.0,1.5,100.0,Free,0.0,Everyone,Tools,"February 20, 2015",4.0,4.0 and up,0.0,February,0
The Visitor: Ep.1 - Kitty Cat Carnage,GAME,4.4,3017.0,39.0,500000.0,Free,0.0,Mature 17+,Adventure,"January 2, 2018",1.3.7,4.3 and up,0.0,January,0
Dr.Slender Ep 1 Guide (Eng),GAME,4.0,454.0,27.0,10000.0,Free,0.0,Teen,Arcade,"December 2, 2014",1.0,2.3 and up,0.0,December,0
Decay: The Mare - Ep.1 (Trial),GAME,3.6,5291.0,7.2,100000.0,Free,0.0,Teen,Adventure,"May 24, 2014",2.0,2.2 and up,0.0,May,0
EP Search and Find,FAMILY,4.3,20.0,23.0,500.0,Free,0.0,Everyone,Casual,"May 27, 2015",1.0.0,2.3 and up,0.0,May,0
What's Your Story?™ ft Charmed,FAMILY,4.1,39661.0,47.0,1000000.0,Free,0.0,Teen,Role Playing,"August 2, 2018",1.10.4,5.0 and up,0.0,August,0
EP Gem Hunter,GAME,4.6,79.0,31.0,1000.0,Free,0.0,Everyone 10+,Action,"January 17, 2016",1.1.0,2.3 and up,0.0,January,0
EP Chain Reaction,FAMILY,3.9,249.0,21.0,10000.0,Free,0.0,Everyone,Casual;Brain Games,"April 10, 2016",1.2.2,2.3 and up,0.0,April,0
Gate Of Death Ep: 1,GAME,4.4,7.0,34.0,100.0,Free,0.0,Everyone,Adventure,"October 7, 2016",1.1,2.3 and up,0.0,October,0
EP Mobil,SHOPPING,4.3,3.0,5.3,100.0,Free,0.0,Everyone,Shopping,"July 18, 2018",1.9,4.1 and up,0.0,July,0
Dentist Surgery ER Emergency Doctor Hospital Games,FAMILY,3.5,2580.0,53.0,100000.0,Free,0.0,Everyone,Simulation,"July 6, 2018",10,4.1 and up,0.0,July,0
ER,LIFESTYLE,4.3,2.0,28.0,500.0,Free,0.0,Everyone,Lifestyle,"September 1, 2017",1.1.2,2.3.3 and up,0.0,September,0
Noot-Noot-er!,FAMILY,4.5,74.0,2.8,5000.0,Free,0.0,Everyone,Entertainment,"November 22, 2017",2.0,4.0.3 and up,0.0,November,0
Doctor X - ER On Wheels,FAMILY,3.6,12781.0,51.0,1000000.0,Free,0.0,Everyone,Casual;Pretend Play,"June 6, 2018",1.0.9,4.1 and up,0.0,June,0
Foot Surgery Hospital Simulator: ER Doctor Games,FAMILY,3.9,314.0,28.0,100000.0,Free,0.0,Everyone,Casual,"January 15, 2018",1.1,5.1 and up,0.0,January,0
ER Heart Surgery - Emergency Simulator Game,FAMILY,4.3,429.0,40.0,100000.0,Free,0.0,Everyone,Educational,"July 19, 2018",2.0,4.1 and up,0.0,July,0
Pregnant Mom ER Emergency Doctor Hospital Games,FAMILY,4.0,325.0,27.0,50000.0,Free,0.0,Everyone,Educational,"June 12, 2018",1.2,4.1 and up,0.0,June,0
Doctr – ER wait times in Canada,MEDICAL,4.2,980.0,13.0,50000.0,Free,0.0,Everyone,Medical,"August 4, 2018",2.2.2926,Varies with device,0.0,August,0
Plastic Surgery Surgeon Simulator Er Doctor Games,FAMILY,3.7,3482.0,37.0,500000.0,Free,0.0,Everyone,Casual,"August 7, 2018",1.6,4.4 and up,0.0,August,0
Shoulder Surgery ER Emergency Doctor Game,FAMILY,3.9,55.0,46.0,10000.0,Free,0.0,Teen,Educational,"November 7, 2017",1.0.1,4.0 and up,0.0,November,0
Superhero Doctor 3 ER Surgery,FAMILY,4.2,2801.0,50.0,500000.0,Free,0.0,Everyone,Casual,"March 22, 2017",1.0,4.0.3 and up,0.0,March,0
Mom Doctor ER Emergency Family Game,FAMILY,3.5,173.0,49.0,10000.0,Free,0.0,Everyone,Educational,"January 26, 2018",1.0.0,4.1 and up,0.0,January,0
"ER Emergency Hospital - Brain, Knee, Eye Surgery",FAMILY,3.8,25.0,41.0,1000.0,Free,0.0,Teen,Educational,"July 21, 2017",1.1,2.3 and up,0.0,July,0
Multi Surgery Hospital Pro: Virtual Doctor ER Game,FAMILY,4.2,23.0,33.0,1000.0,Free,0.0,Teen,Casual,"April 3, 2018",1.0,4.1 and up,0.0,April,0
Clumsy Santa ER Surgery,FAMILY,4.1,214.0,46.0,100000.0,Free,0.0,Teen,Casual,"December 22, 2016",1.0,4.0.3 and up,0.0,December,0
Little Eye Surgery Simulator - ER Doctor Game,FAMILY,4.4,12.0,19.0,1000.0,Free,0.0,Teen,Casual,"April 20, 2018",1.0,2.3 and up,0.0,April,0
Spinal Cord Surgery Doctor: Operation ER surgery,FAMILY,3.7,52.0,32.0,10000.0,Free,0.0,Everyone 10+,Role Playing,"February 26, 2018",1.0,4.1 and up,0.0,February,0
ER Neck Surgery: Hospital Christmas Emergency,FAMILY,4.3,11.0,30.0,5000.0,Free,0.0,Everyone 10+,Role Playing,"November 24, 2017",1.0.1,4.1 and up,0.0,November,0
Crazy ER Open Heart Surgery Simulator,FAMILY,4.0,2936.0,45.0,500000.0,Free,0.0,Everyone,Simulation,"October 26, 2017",1.5,4.0 and up,0.0,October,0
ER Injection Simulator: Blood Test Doctor Hospital,FAMILY,4.2,3263.0,47.0,1000000.0,Free,0.0,Everyone 10+,Role Playing,"May 29, 2018",2.6.4,4.1 and up,0.0,May,0
Heart Surgery Doctor - ER Emergency Game,FAMILY,3.9,2510.0,48.0,500000.0,Free,0.0,Everyone 10+,Educational,"July 19, 2018",2.1,4.1 and up,0.0,July,0
ER Assist,PRODUCTIVITY,5.0,3.0,28.0,10.0,Free,0.0,Everyone,Productivity,"December 6, 2016",0.1.7,4.1 and up,0.0,December,0
Blood Injection : ER Emergency Doctor ER injection,FAMILY,3.5,246.0,35.0,50000.0,Free,0.0,Teen,Casual,"September 23, 2016",1.0,2.3 and up,0.0,September,0
Lead'er,FINANCE,4.1,54.0,5.8,5000.0,Free,0.0,Everyone,Finance,"March 20, 2018",1.5,4.0 and up,0.0,March,0
Doctor Games For Girls - Hospital ER,FAMILY,4.5,51.0,39.0,5000.0,Free,0.0,Everyone,Casual,"April 16, 2018",2.1,4.1 and up,0.0,April,0
Open Heart Surgery Hospital ER: Crazy Doctor Sim,FAMILY,4.7,7.0,25.0,1000.0,Free,0.0,Teen,Casual,"April 5, 2018",1.0,4.1 and up,0.0,April,0
Hand Doctor Games ER Surgery Simulator,FAMILY,4.1,120.0,32.0,10000.0,Free,0.0,Everyone,Casual,"March 13, 2018",2.0,4.1 and up,0.0,March,0
Get SMART ER/LA Opioids,MEDICAL,4.3,0.0,8.9,500.0,Free,0.0,Everyone,Medical,"April 26, 2018",36,4.0.3 and up,0.0,April,0
DMC ER Now,MEDICAL,4.3,6.0,5.3,1000.0,Free,0.0,Everyone,Medical,"March 16, 2017",1.4,2.3 and up,0.0,March,0
FAHREDDİN er-RÂZİ TEFSİRİ,BOOKS_AND_REFERENCE,4.3,9.0,20.0,1000.0,Free,0.0,Everyone,Books & Reference,"March 19, 2018",1.1,4.0.3 and up,0.0,March,0
Cardinal Glennon ER Reference,MEDICAL,4.2,19.0,20.0,1000.0,Free,0.0,Everyone 10+,Medical,"September 21, 2017",1.8.3,4.1 and up,0.0,September,0
SnakeBite911 ER,MEDICAL,4.3,1.0,42.0,500.0,Free,0.0,Everyone,Medical,"October 9, 2017",1.2,4.1 and up,0.0,October,0
ES Audio Player ( Shortcut ),VIDEO_PLAYERS,4.2,1236.0,0.0322265625,100000.0,Free,0.0,Everyone,Video Players & Editors,"July 17, 2013",1.1,2.2 and up,0.0,July,0
ES Disk Analyzer - Storage Space,PRODUCTIVITY,4.7,5867.0,4.4,100000.0,Free,0.0,Everyone,Productivity,"October 31, 2017",1.0.2.9,4.0 and up,0.0,October,0
ES App Locker,TOOLS,4.3,32207.0,3.4,1000000.0,Free,0.0,Everyone,Tools,"August 16, 2017",1.1.8.2,2.1 and up,0.0,August,0
ES Chromecast plugin,LIBRARIES_AND_DEMO,4.2,23859.0,0.83984375,1000000.0,Free,0.0,Everyone,Libraries & Demo,"October 29, 2014",1.0,4.0 and up,0.0,October,0
ES Material Theme for Pro,PRODUCTIVITY,4.2,14428.0,1.2,1000000.0,Free,0.0,Everyone,Productivity,"December 3, 2015",2.0.3,2.2 and up,0.0,December,0
ES Holo Theme for Pro,PRODUCTIVITY,4.2,4737.0,1.7,500000.0,Free,0.0,Everyone,Productivity,"November 26, 2015",2.0.3,2.0 and up,0.0,November,0
ES File Explorer,TOOLS,4.1,278.0,2.8,100000.0,Free,0.0,Everyone,Tools,"July 2, 2018",3.1.5,4.0 and up,0.0,July,0
ES Dark Theme for free,TOOLS,4.2,7851.0,0.35546875,1000000.0,Free,0.0,Everyone,Tools,"August 22, 2017",2.0.7,4.0 and up,0.0,August,0
ES Classic Theme,TOOLS,4.3,20865.0,2.2,1000000.0,Free,0.0,Everyone,Tools,"October 30, 2015",2.0.3,2.1 and up,0.0,October,0
ES Themes -- Classic Theme,PERSONALIZATION,4.4,77609.0,1.9,1000000.0,Free,0.0,Everyone,Personalization,"April 24, 2015",1.14,1.6 and up,0.0,April,0
ES Holo Theme,TOOLS,4.3,11449.0,1.7,500000.0,Free,0.0,Everyone,Tools,"February 2, 2016",2.0.4,2.0 and up,0.0,February,0
"ES File Explorer & Manager, Locker Xplorer 2018",TOOLS,3.5,11.0,3.0,1000.0,Free,0.0,Everyone,Tools,"March 17, 2018",1.2,4.2 and up,0.0,March,0
ES Summer Chill Theme for Free,TOOLS,4.3,940.0,0.3779296875,100000.0,Free,0.0,Everyone,Tools,"August 24, 2017",2.0.7,4.0 and up,0.0,August,0
OpenGL ES Extensions - The OpenGL Utility,TOOLS,4.2,513.0,2.0,50000.0,Free,0.0,Everyone,Tools,"May 6, 2018",5.0.5,4.0 and up,0.0,May,0
File Ex - ES File Explorer,TOOLS,4.2,24.0,5.0,1000.0,Free,0.0,Everyone,Tools,"December 27, 2017",1.1.6,4.2 and up,0.0,December,0
OpenGL ES CapsViewer,TOOLS,4.6,78.0,0.3662109375,10000.0,Free,0.0,Everyone,Tools,"April 1, 2018",0.6,4.3 and up,0.0,April,0
ES-IPTV,VIDEO_PLAYERS,4.0,944.0,11.0,50000.0,Free,0.0,Everyone,Video Players & Editors,"October 15, 2017",4.2.1,4.1 and up,0.0,October,0
OpenGL-ES Info,TOOLS,4.3,249.0,0.611328125,10000.0,Free,0.0,Everyone,Tools,"August 8, 2013",1.4,1.6 and up,0.0,August,0
Dr. ES PV Calculator,TOOLS,5.0,19.0,11.0,500.0,Free,0.0,Everyone,Tools,"March 11, 2018",3.4.7.2.16,4.1 and up,0.0,March,0
ES File Explorer & File Manager 2018,TOOLS,3.8,24.0,2.9,5000.0,Free,0.0,Everyone,Tools,"March 17, 2018",1.1,4.2 and up,0.0,March,0
HTC Sense Input - ES,TOOLS,4.3,3509.0,6.5,1000000.0,Free,0.0,Everyone,Tools,"October 30, 2015",1.0.612919,5.0 and up,0.0,October,0
ES Billing System (Offline App),PRODUCTIVITY,5.0,1.0,4.2,100.0,Free,0.0,Everyone,Productivity,"May 17, 2018",1.0,4.1 and up,0.0,May,0
ES Anywhere,BUSINESS,4.7,10.0,13.0,100.0,Free,0.0,Everyone,Business,"April 28, 2017",Varies with device,4.0.3 and up,0.0,April,0
YEBIS OpenGL ES 3.0 Tech Demo,FAMILY,4.6,380.0,6.7,10000.0,Free,0.0,Everyone,Entertainment,"March 11, 2014",1.0,4.3 and up,0.0,March,0
Advanced calculator fx 991 es plus & 991 ms plus,FAMILY,4.7,7252.0,9.2,500000.0,Free,0.0,Everyone,Education,"August 2, 2018",3.3.1-build-02-08-2018-19-release,4.0 and up,0.0,August,0
ES Solar,BUSINESS,5.0,3.0,4.7,100.0,Free,0.0,Everyone,Business,"May 17, 2018",1.2,4.1 and up,0.0,May,0
¿Es Vegan?,FOOD_AND_DRINK,4.6,438.0,1.7,10000.0,Free,0.0,Everyone,Food & Drink,"August 1, 2017",2.2.3,3.0 and up,0.0,August,0
ES-1,COMMUNICATION,4.3,6.0,2.7,500.0,Free,0.0,Everyone,Communication,"July 5, 2016",1.0,1.6 and up,0.0,July,0
School scientific calculator fx 500 es plus 500 ms,FAMILY,4.6,1553.0,9.2,100000.0,Free,0.0,Everyone,Education,"August 2, 2018",3.3.1-build-02-08-2018-19-release,4.0 and up,0.0,August,0
Esto Es Guerra TVN,FAMILY,4.5,1303.0,13.0,100000.0,Free,0.0,Everyone,Entertainment,"July 24, 2018",1.7.2,4.1 and up,0.0,July,0
ET Markets : NSE & BSE India,FINANCE,4.2,24980.0,9.2,1000000.0,Free,0.0,Everyone,Finance,"July 16, 2018",2.1.3,4.1 and up,0.0,July,0
ET Telecom from Economic Times,NEWS_AND_MAGAZINES,4.7,273.0,6.3,10000.0,Free,0.0,Everyone,News & Magazines,"August 7, 2018",2.9.0,4.1 and up,0.0,August,0
Economic Times : Market News Go Edition,NEWS_AND_MAGAZINES,4.3,39.0,4.2,5000.0,Free,0.0,Everyone,News & Magazines,"April 18, 2018",1.0.4,4.1 and up,0.0,April,0
Hymnes et Louanges,BOOKS_AND_REFERENCE,4.4,1877.0,5.7,100000.0,Free,0.0,Everyone,Books & Reference,"March 21, 2017",2.4.1,4.1 and up,0.0,March,0
Lire avec Sami et Julie,FAMILY,3.6,569.0,18.0,100000.0,Free,0.0,Everyone,Educational;Education,"June 13, 2014",1.2,2.2 and up,0.0,June,0
Lettre et demande d'emploi,FAMILY,4.6,302.0,9.9,100000.0,Free,0.0,Everyone,Education,"January 2, 2018",1.0,4.0 and up,0.0,January,0
Recettes Faciles et Rapides,FOOD_AND_DRINK,4.3,95.0,12.0,50000.0,Free,0.0,Everyone,Food & Drink,"January 6, 2018",3.0.1,2.3 and up,0.0,January,0
Blagues et Histoires Drôles,FAMILY,3.9,859.0,5.3,100000.0,Free,0.0,Teen,Entertainment,"February 18, 2017",0.0.2,4.1 and up,0.0,February,0
Lettre de motivation et CV,FAMILY,4.3,979.0,9.9,100000.0,Free,0.0,Everyone,Education,"July 30, 2018",2.0,4.0 and up,0.0,July,0
CNBC: Breaking Business News & Live Market Data,FINANCE,4.2,24666.0,13.0,1000000.0,Free,0.0,Everyone,Finance,"July 13, 2018",Varies with device,Varies with device,0.0,July,0
Beauty and the Beast,FAMILY,4.4,70883.0,31.0,1000000.0,Free,0.0,Everyone,Puzzle;Creativity,"August 7, 2018",1.7.6,4.2 and up,0.0,August,0
EU Mobile Money,FINANCE,3.9,460.0,6.1,100000.0,Free,0.0,Everyone,Finance,"July 16, 2018",1.6,4.0 and up,0.0,July,0
European Union Simulator,FAMILY,3.6,688.0,26.0,50000.0,Free,0.0,Everyone,Simulation,"September 20, 2016",1.2,4.0.3 and up,0.0,September,0
EU Charter,BOOKS_AND_REFERENCE,4.6,33.0,37.0,1000.0,Free,0.0,Everyone,Books & Reference,"January 16, 2017",1.0.3,4.0 and up,0.0,January,0
EU Council,COMMUNICATION,4.3,7.0,19.0,1000.0,Free,0.0,Everyone,Communication,"July 4, 2018",1.3.0,4.4 and up,0.0,July,0
myLPG.eu,TRAVEL_AND_LOCAL,4.2,556.0,4.4,50000.0,Free,0.0,Everyone,Travel & Local,"July 25, 2018",1.95,4.0 and up,0.0,July,0
EU Economy,PRODUCTIVITY,3.6,47.0,0.8583984375,5000.0,Free,0.0,Everyone,Productivity,"December 19, 2017",9.0,4.2 and up,0.0,December,0
Flag of European Union,PERSONALIZATION,4.2,36.0,5.3,1000.0,Free,0.0,Everyone,Personalization,"December 10, 2016",2.0,2.3.3 and up,0.0,December,0
EU Data Protection,BOOKS_AND_REFERENCE,3.5,29.0,17.0,1000.0,Free,0.0,Everyone,Books & Reference,"July 15, 2016",2.0,4.0.3 and up,0.0,July,0
Flag Of European Union LWP,PERSONALIZATION,4.3,88.0,4.2,1000.0,Free,0.0,Everyone,Personalization,"January 24, 2018",7.0,4.0.3 and up,0.0,January,0
European Union Flag LWP,PERSONALIZATION,4.3,3.0,5.3,100.0,Free,0.0,Everyone,Personalization,"August 29, 2016",1.1,4.1 and up,0.0,August,0
Council Voting Calculator,COMMUNICATION,3.9,33.0,3.4,5000.0,Free,0.0,Everyone,Communication,"January 6, 2017",2.3.0,4.1 and up,0.0,January,0
EU FTL Calculator,BUSINESS,3.6,60.0,1.8,10000.0,Free,0.0,Everyone,Business,"June 1, 2018",1.5.1,4.1 and up,0.0,June,0
The EU Relocation Programme,FAMILY,4.3,27.0,12.0,1000.0,Free,0.0,Everyone,Education,"July 28, 2016",1.0,4.0 and up,0.0,July,0
Passenger rights,TRAVEL_AND_LOCAL,3.9,442.0,2.5,50000.0,Free,0.0,Everyone,Travel & Local,"January 16, 2018",1.1.3,4.0.3 and up,0.0,January,0
EU Mobile Money Partenaire Commercial,FINANCE,4.3,70.0,3.9,10000.0,Free,0.0,Everyone,Finance,"May 14, 2018",1.3,4.0.3 and up,0.0,May,0
Eurostat Country Profiles,PRODUCTIVITY,3.7,87.0,2.0,10000.0,Free,0.0,Everyone,Productivity,"April 12, 2018",37.0,4.0.3 and up,0.0,April,0
EU in the World,FAMILY,4.3,8.0,7.2,100.0,Free,0.0,Everyone,Entertainment,"March 2, 2018",1.1.1,4.1 and up,0.0,March,0
My EU,FAMILY,3.8,4.0,13.0,100.0,Free,0.0,Everyone,Education,"May 15, 2017",3.2.1,4.1 and up,0.0,May,0
Invasion: Defend EU,GAME,4.3,7.0,20.0,50.0,Free,0.0,Everyone,Arcade,"December 8, 2017",1.0.|,2.3 and up,0.0,December,0
R-EU-READY,GAME,4.1,13.0,16.0,500.0,Free,0.0,Everyone,Trivia,"March 2, 2016",1.5,2.2 and up,0.0,March,0
taxi.eu,TRAVEL_AND_LOCAL,4.1,1865.0,22.0,100000.0,Free,0.0,Everyone,Travel & Local,"June 28, 2018",10.7.1388,4.4 and up,0.0,June,0
CVRIA,BUSINESS,4.7,68.0,3.5,10000.0,Free,0.0,Everyone,Business,"May 11, 2017",1.1.10,4.4 and up,0.0,May,0
Speed Racing Ultimate 2,GAME,4.1,66894.0,13.0,1000000.0,Free,0.0,Everyone 10+,Racing,"July 21, 2018",Varies with device,Varies with device,0.0,July,0
EU Flag Live Wallpaper,PERSONALIZATION,4.3,19.0,2.3,1000.0,Free,0.0,Everyone,Personalization,"June 9, 2016",1.0,2.3 and up,0.0,June,0
European Solidarity Corps,SOCIAL,3.6,9.0,21.0,1000.0,Free,0.0,Teen,Social,"July 5, 2018",1.2.0,4.4 and up,0.0,July,0
Have your say on Europe,COMMUNICATION,3.8,19.0,21.0,500.0,Free,0.0,Everyone,Communication,"April 19, 2018",1.1.0,4.1 and up,0.0,April,0
EU CBRNE Glossary,LIBRARIES_AND_DEMO,4.3,3.0,20.0,500.0,Free,0.0,Everyone,Libraries & Demo,"June 15, 2016",1.0.0,4.4 and up,0.0,June,0
Doorstep EU,NEWS_AND_MAGAZINES,4.5,67.0,12.0,1000.0,Free,0.0,Everyone,News & Magazines,"June 26, 2018",1.8,4.1 and up,0.0,June,0
Autoroute.EU,BUSINESS,4.3,10.0,2.7,1000.0,Free,0.0,Everyone,Business,"July 19, 2016",2.6,4.0.3 and up,0.0,July,0
Invasive Alien Species Europe,FAMILY,4.5,13.0,13.0,1000.0,Free,0.0,Everyone,Education,"November 20, 2017",1.0.6,4.4 and up,0.0,November,0
Countries of the European Union (Quiz),GAME,4.3,11.0,7.0,100.0,Free,0.0,Everyone,Trivia,"February 3, 2018",1.3,5.0 and up,0.0,February,0
EU Exit poll,LIFESTYLE,5.0,10.0,9.4,100.0,Free,0.0,Everyone,Lifestyle,"July 15, 2016",1.6,4.1 and up,0.0,July,0
Schengen/EU App,TOOLS,4.0,24.0,11.0,1000.0,Free,0.0,Everyone,Tools,"February 27, 2018",1.0,4.1 and up,0.0,February,0
EU WHO War,FAMILY,4.3,0.0,1.2,50.0,Free,0.0,Everyone,Education,"December 23, 2013",1.0,3.0 and up,0.0,December,0
Lazionews.eu,NEWS_AND_MAGAZINES,4.3,25.0,18.0,1000.0,Free,0.0,Everyone,News & Magazines,"May 18, 2018",1.0.1,4.0 and up,0.0,May,0
Brexit EU,FAMILY,4.4,7.0,7.5,500.0,Free,0.0,Everyone,Casual,"March 10, 2016",1.0,2.3 and up,0.0,March,0
EU Life Explorer,NEWS_AND_MAGAZINES,4.0,2.0,12.0,50.0,Free,0.0,Everyone,News & Magazines,"May 8, 2017",1.1,4.1 and up,0.0,May,0
E.U. Trademark Search Tool,BUSINESS,4.3,0.0,3.1,10.0,Free,0.0,Everyone,Business,"March 29, 2018",1.5,4.0.3 and up,0.0,March,0
Dotti EU,BUSINESS,4.3,15.0,4.3,1000.0,Free,0.0,Everyone,Business,"May 9, 2018",2.1.18,4.4 and up,0.0,May,0
daskal.eu,FAMILY,5.0,5.0,15.0,50.0,Free,0.0,Everyone,Education,"October 6, 2017",2.3.3,4.4 and up,0.0,October,0
Intra- and extra-EU trade data,FINANCE,4.3,1.0,2.5,100.0,Free,0.0,Everyone,Finance,"December 16, 2015",1.0.5,4.0 and up,0.0,December,0
Programi podrške EU,COMMUNICATION,4.3,0.0,5.4,100.0,Free,0.0,Everyone,Communication,"January 15, 2018",1.0.3,4.1 and up,0.0,January,0
EU FP7 Adventure,BUSINESS,4.3,2.0,5.2,100.0,Free,0.0,Everyone,Business,"February 15, 2013",1,2.2 and up,0.0,February,0
GastroHunter.EU,LIFESTYLE,4.3,1.0,1.5,10.0,Free,0.0,Everyone,Lifestyle,"April 23, 2015",1.0,4.3 and up,0.0,April,0
EU IP Codes,BOOKS_AND_REFERENCE,4.3,2.0,0.947265625,100.0,Free,0.0,Everyone,Books & Reference,"January 8, 2014",1.0.4,4.0 and up,0.0,January,0
MOTOBAZAR EU,LIFESTYLE,4.3,1.0,2.0,100.0,Free,0.0,Everyone,Lifestyle,"May 6, 2018",1.2.36,4.0.3 and up,0.0,May,0
TattooSupplies.eu,SHOPPING,4.3,31.0,34.0,1000.0,Free,0.0,Everyone,Shopping,"August 9, 2017",1.3.1,4.1 and up,0.0,August,0
VAT Checker for EU company,BUSINESS,4.7,78.0,13.0,1000.0,Free,0.0,Everyone,Business,"January 24, 2017",Varies with device,Varies with device,0.0,January,0
Inbox.eu,COMMUNICATION,3.7,98.0,9.7,10000.0,Free,0.0,Everyone,Communication,"July 11, 2018",6.4.7,4.3 and up,0.0,July,0
CALIOPE EU: Air Quality,HEALTH_AND_FITNESS,3.9,21.0,2.2,1000.0,Free,0.0,Everyone,Health & Fitness,"October 30, 2015",1.1.2,4.0 and up,0.0,October,0
Konferencija.eu,BUSINESS,4.3,3.0,1.6,10.0,Free,0.0,Everyone,Business,"March 21, 2017",1.0.2,4.0 and up,0.0,March,0
Reisedealz.eu,SOCIAL,4.3,0.0,10.0,10.0,Free,0.0,Everyone,Social,"September 24, 2015",1.0,4.0 and up,0.0,September,0
EU GDPR RiskCalc,BUSINESS,4.3,1.0,13.0,50.0,Free,0.0,Everyone,Business,"October 3, 2017",1.0.0,4.2 and up,0.0,October,0
EU Whoiswho,BUSINESS,4.3,0.0,2.7,10.0,Free,0.0,Everyone,Business,"December 1, 2016",0.0.1,4.0 and up,0.0,December,0
EU Brazil Green Business Forum,PRODUCTIVITY,4.3,0.0,8.7,10.0,Free,0.0,Everyone,Productivity,"April 18, 2017",1.7.1,2.1 and up,0.0,April,0
EU-Schwerbehinderung,NEWS_AND_MAGAZINES,4.3,3.0,32.0,100.0,Free,0.0,Everyone 10+,News & Magazines,"July 16, 2018",2.0.3.53,6.0 and up,0.0,July,0
SK Bosnia Online EU Teplice,SPORTS,4.3,2.0,10.0,5.0,Free,0.0,Everyone,Sports,"August 21, 2017",1.2,4.0 and up,0.0,August,0
TrainPal EU- Book German Train Tickets,MAPS_AND_NAVIGATION,4.3,1.0,21.0,100.0,Free,0.0,Everyone,Maps & Navigation,"March 29, 2018",1.0.0,4.2 and up,0.0,March,0
NativeScript Developer Day EU,BUSINESS,4.3,2.0,12.0,100.0,Free,0.0,Everyone,Business,"September 23, 2017",1.2,4.2 and up,0.0,September,0
EU FP7 SAM,BUSINESS,4.3,0.0,9.7,10.0,Free,0.0,Everyone,Business,"March 12, 2015",1.0.3,4.0 and up,0.0,March,0
Rail Planner Eurail/Interrail,MAPS_AND_NAVIGATION,4.2,3596.0,31.0,1000000.0,Free,0.0,Everyone,Maps & Navigation,"June 15, 2018",3.0.1 (70),4.0 and up,0.0,June,0
eu sou franky,BUSINESS,3.7,195.0,4.0,10000.0,Free,0.0,Everyone,Business,"November 21, 2016",1.0.1,4.0 and up,0.0,November,0
efootwear.eu - online store,SHOPPING,4.5,928.0,8.6,100000.0,Free,0.0,Everyone,Shopping,"August 2, 2018",1.7.0,4.4 and up,0.0,August,0
ChargeHub - Find EV & Tesla Charging Stations,MAPS_AND_NAVIGATION,4.6,796.0,25.0,50000.0,Free,0.0,Everyone,Maps & Navigation,"May 18, 2018",6.7.0,4.0.3 and up,0.0,May,0
PlugShare,MAPS_AND_NAVIGATION,4.7,4501.0,26.0,100000.0,Free,0.0,Teen,Maps & Navigation,"July 25, 2018",3.5.1,4.0.3 and up,0.0,July,0
NEXTCHARGE - Charging Stations,MAPS_AND_NAVIGATION,4.3,891.0,6.4,50000.0,Free,0.0,Everyone,Maps & Navigation,"July 26, 2018",4.5.1,4.1 and up,0.0,July,0
EV Stations Hawaii,MAPS_AND_NAVIGATION,3.6,7.0,2.5,1000.0,Free,0.0,Everyone,Maps & Navigation,"May 30, 2017",3.0.6,4.1 and up,0.0,May,0
JuiceNet - Smart EV Charging,MAPS_AND_NAVIGATION,3.5,106.0,24.0,5000.0,Free,0.0,Everyone,Maps & Navigation,"July 9, 2018",2.1.223,4.0 and up,0.0,July,0
Zap-Map: EV charging points UK,MAPS_AND_NAVIGATION,3.8,181.0,9.8,10000.0,Free,0.0,Everyone,Maps & Navigation,"July 6, 2018",4.0.4,4.1 and up,0.0,July,0
EV Charging,MAPS_AND_NAVIGATION,3.5,8.0,32.0,1000.0,Free,0.0,Everyone,Maps & Navigation,"August 1, 2017",2.0.0,4.1 and up,0.0,August,0
CHOSEN - EV Smart Charger,AUTO_AND_VEHICLES,4.3,1.0,19.0,10.0,Free,0.0,Everyone,Auto & Vehicles,"August 7, 2018",3.4.4,4.2 and up,0.0,August,0
Electric Car Charging Points: Ev charger Stations,MAPS_AND_NAVIGATION,4.5,8.0,8.1,100.0,Free,0.0,Everyone,Maps & Navigation,"August 3, 2018",1.3,4.1 and up,0.0,August,0
To-U - free EV public charging,TRAVEL_AND_LOCAL,4.4,75.0,19.0,1000.0,Free,0.0,Everyone,Travel & Local,"May 23, 2018",2.9.0,4.1 and up,0.0,May,0
Light Meter - EV,PHOTOGRAPHY,4.0,26.0,8.5,1000.0,Free,0.0,Everyone,Photography,"August 2, 2018",4.1.1,4.4 and up,0.0,August,0
Mas Akıllı Ev,HOUSE_AND_HOME,4.3,13.0,43.0,100.0,Free,0.0,Everyone,House & Home,"April 18, 2018",3.2,4.4 and up,0.0,April,0
EV Finder,TOOLS,4.3,29.0,23.0,1000.0,Free,0.0,Everyone,Tools,"February 7, 2017",2.7,2.3 and up,0.0,February,0
SpeedApp EV,AUTO_AND_VEHICLES,4.3,0.0,48.0,5.0,Free,0.0,Everyone,Auto & Vehicles,"July 4, 2018",1.2,6.0 and up,0.0,July,0
EV Real Estate Search,LIFESTYLE,4.1,88.0,20.0,5000.0,Free,0.0,Everyone,Lifestyle,"July 13, 2018",5.600.49,4.0.3 and up,0.0,July,0
Ev Dizayn,LIFESTYLE,3.6,30.0,5.2,5000.0,Free,0.0,Everyone,Lifestyle,"March 4, 2015",1.0,4.0 and up,0.0,March,0
Power Plug EV charger,MAPS_AND_NAVIGATION,3.7,13.0,3.9,1000.0,Free,0.0,Everyone,Maps & Navigation,"December 22, 2014",1.1,2.3.3 and up,0.0,December,0
Builder Craft: House Building & Exploration,FAMILY,4.2,20807.0,52.0,1000000.0,Free,0.0,Everyone 10+,Simulation,"August 2, 2017",1.3,4.1 and up,0.0,August,0
Texas Hold'em EV Calculator,TOOLS,3.7,6.0,1.3,1000.0,Free,0.0,Everyone,Tools,"November 8, 2015",1.0,2.3 and up,0.0,November,0
Bird - Enjoy The Ride,TRAVEL_AND_LOCAL,4.3,2649.0,25.0,500000.0,Free,0.0,Everyone,Travel & Local,"August 3, 2018",4.1.1,4.4 and up,0.0,August,0
AÖF Ev İdaresi 1. Sınıf,FAMILY,4.3,2.0,11.0,1000.0,Free,0.0,Everyone,Education,"July 15, 2018",3.0,4.1 and up,0.0,July,0
EV Bon Dictionary,FAMILY,4.3,11.0,16.0,500.0,Free,0.0,Everyone,Education,"October 28, 2017",2.0,4.0 and up,0.0,October,0
myChevrolet,LIFESTYLE,3.5,6747.0,13.0,1000000.0,Free,0.0,Everyone,Lifestyle,"June 11, 2018",Varies with device,Varies with device,0.0,June,0
EV Calculator,TOOLS,4.9,85.0,19.0,1000.0,Free,0.0,Everyone,Tools,"July 5, 2018",1.20,4.1 and up,0.0,July,0
EvAk Smart Home,LIFESTYLE,4.3,14.0,13.0,500.0,Free,0.0,Everyone,Lifestyle,"March 13, 2018",1.1.1,4.1 and up,0.0,March,0
PokeType - Dex,FAMILY,4.6,36813.0,33.0,500000.0,Free,0.0,Everyone,Entertainment,"May 1, 2018",4.2.0,4.1 and up,0.0,May,0
Home Security Camera WardenCam - reuse old phones,HOUSE_AND_HOME,4.3,43847.0,13.0,1000000.0,Free,0.0,Everyone,House & Home,"July 6, 2018",Varies with device,Varies with device,0.0,July,0
Doll House Design & Decoration 2: Girls House Game,FAMILY,3.9,2338.0,45.0,100000.0,Free,0.0,Everyone,Simulation,"May 29, 2018",1.1,4.1 and up,0.0,May,0
Lux Home Decorating Room Games,FAMILY,4.0,1518.0,13.0,100000.0,Free,0.0,Everyone,Casual,"October 20, 2017",2.0,4.1 and up,0.0,October,0
eCooltra: scooter sharing. Share electric scooters,TRAVEL_AND_LOCAL,4.2,2822.0,27.0,100000.0,Free,0.0,Everyone,Travel & Local,"July 27, 2018",1.21.2,4.1 and up,0.0,July,0
E.W. James & Sons,SHOPPING,4.3,2.0,4.9,500.0,Free,0.0,Everyone,Shopping,"April 11, 2018",3.0.2,5.0 and up,0.0,April,0
EW Manager,BUSINESS,4.3,0.0,4.4,10.0,Free,0.0,Everyone,Business,"February 20, 2018",1.0.0,4.1 and up,0.0,February,0
PeopleTV - Watch Celebrity News,FAMILY,4.3,2223.0,8.6,100000.0,Free,0.0,Teen,Entertainment,"March 28, 2018",1.2.0.8,4.1 and up,0.0,March,0
ew-Magazin,NEWS_AND_MAGAZINES,4.3,2.0,13.0,100.0,Free,0.0,Everyone,News & Magazines,"December 13, 2016",3.5.0,4.0 and up,0.0,December,0
EW PDF,BOOKS_AND_REFERENCE,4.3,0.0,8.7,5.0,Free,0.0,Everyone,Books & Reference,"February 14, 2018",1.0.2,4.4 and up,0.0,February,0
EW Gate,BUSINESS,4.3,0.0,12.0,50.0,Free,0.0,Everyone,Business,"April 16, 2018",3.07,4.0 and up,0.0,April,0
E W Bookkeeping & Accountancy,FINANCE,4.3,1.0,29.0,100.0,Free,0.0,Everyone,Finance,"April 23, 2018",1.0.0,4.1 and up,0.0,April,0
News 5 Cleveland,NEWS_AND_MAGAZINES,3.7,1032.0,13.0,100000.0,Free,0.0,Everyone,News & Magazines,"July 5, 2018",Varies with device,Varies with device,0.0,July,0
EW Login,BUSINESS,4.3,0.0,5.8,10.0,Free,0.0,Everyone,Business,"December 13, 2017",1.0.0,4.0.3 and up,0.0,December,0
Water Surfer Racing In Moto,GAME,4.3,2233.0,36.0,1000000.0,Free,0.0,Everyone,Racing,"February 28, 2018",1.1,2.3 and up,0.0,February,0
EW Handbook,BUSINESS,4.3,1.0,17.0,100.0,Free,0.0,Everyone,Business,"June 11, 2015",4,2.3.3 and up,0.0,June,0
Mee-EW,TOOLS,4.3,0.0,17.0,5.0,Free,0.0,Everyone,Tools,"August 2, 2018",1.0.1,4.1 and up,0.0,August,0
"Ew, the small alien",GAME,4.3,5.0,13.0,10.0,Free,0.0,Everyone,Adventure,"January 21, 2017",Varies with device,2.3 and up,0.0,January,0
The List,NEWS_AND_MAGAZINES,3.5,66.0,12.0,10000.0,Free,0.0,Everyone,News & Magazines,"June 1, 2017",6.11,4.1 and up,0.0,June,0
EW MOTION THERAPY,HEALTH_AND_FITNESS,4.3,0.0,7.1,10.0,Free,0.0,Everyone,Health & Fitness,"July 9, 2018",4.2.2,4.1 and up,0.0,July,0
EW Neuron Scan,TOOLS,4.3,1.0,6.5,10.0,Free,0.0,Everyone,Tools,"January 31, 2018",1.6.2,5.0 and up,0.0,January,0
ABC15 Arizona,NEWS_AND_MAGAZINES,3.6,1820.0,13.0,100000.0,Free,0.0,Everyone,News & Magazines,"July 5, 2018",Varies with device,Varies with device,0.0,July,0
KMTV 3 News Now,NEWS_AND_MAGAZINES,3.8,265.0,13.0,10000.0,Free,0.0,Everyone 10+,News & Magazines,"July 5, 2018",Varies with device,Varies with device,0.0,July,0
Raytheon F-16 EW 360 VR,FAMILY,4.5,6.0,22.0,500.0,Free,0.0,Everyone,Entertainment,"June 9, 2017",1.0.01,4.4 and up,0.0,June,0
TMJ4.com - WTMJ-TV Milwaukee,NEWS_AND_MAGAZINES,3.8,728.0,13.0,50000.0,Free,0.0,Everyone 10+,News & Magazines,"July 5, 2018",Varies with device,Varies with device,0.0,July,0
Food Network,FAMILY,4.1,7823.0,13.0,500000.0,Free,0.0,Teen,Entertainment,"July 27, 2018",Varies with device,Varies with device,0.0,July,0
Storm Shield,WEATHER,3.5,2000.0,14.0,100000.0,Free,0.0,Everyone,Weather,"July 31, 2018",4.1.12,5.0 and up,0.0,July,0
Beard Live Camera Photo Editor,BEAUTY,4.7,900.0,30.0,5000.0,Free,0.0,Everyone,Beauty,"March 25, 2018",1.1,4.0.3 and up,0.0,March,0
WPTV 5 West Palm Beach,NEWS_AND_MAGAZINES,3.8,1093.0,13.0,100000.0,Free,0.0,Everyone 10+,News & Magazines,"July 5, 2018",Varies with device,Varies with device,0.0,July,0
WKBW 7 Eyewitness News,NEWS_AND_MAGAZINES,4.0,509.0,13.0,50000.0,Free,0.0,Everyone,News & Magazines,"July 5, 2018",Varies with device,Varies with device,0.0,July,0
Web Browser for Android,COMMUNICATION,4.1,55110.0,4.3,1000000.0,Free,0.0,Everyone,Communication,"June 20, 2018",2.2,4.0 and up,0.0,June,0
Garden Fever - Free!,FAMILY,3.9,13253.0,12.0,1000000.0,Free,0.0,Everyone,Puzzle,"August 9, 2016",2.1.080,2.3 and up,0.0,August,0
GO Weather EX Theme White,WEATHER,4.2,8723.0,4.6,500000.0,Free,0.0,Everyone,Weather,"August 27, 2014",1.0,2.2 and up,0.0,August,0
MIUI Style GO Weather EX,WEATHER,4.2,2115.0,1.1,500000.0,Free,0.0,Everyone,Weather,"July 4, 2014",1.3,1.6 and up,0.0,July,0
Ex Explorer : Dual view exproler / file manager,TOOLS,3.9,361.0,13.0,50000.0,Free,0.0,Everyone,Tools,"July 12, 2018",Varies with device,Varies with device,0.0,July,0
Get Over Your Ex,DATING,4.1,10.0,11.0,5000.0,Free,0.0,Everyone,Dating,"April 12, 2017",1.1,4.0.3 and up,0.0,April,0
Money Manager Ex for Android,FINANCE,4.2,2695.0,13.0,100000.0,Free,0.0,Everyone,Finance,"February 26, 2018",Varies with device,Varies with device,0.0,February,0
Aurum Blade EX,FAMILY,4.3,28151.0,17.0,1000000.0,Free,0.0,Everyone 10+,Role Playing,"June 4, 2015",1.0.2,2.2 and up,0.0,June,0
SCI-Ex,HEALTH_AND_FITNESS,3.5,8.0,7.9,1000.0,Free,0.0,Everyone,Health & Fitness,"June 28, 2018",1.0060.b0060,5.0 and up,0.0,June,0
Papyrus Ex,TOOLS,4.6,1092.0,0.185546875,100000.0,Free,0.0,Everyone,Tools,"June 27, 2012",2.3.3,2.1 and up,0.0,June,0
GLASS GO Launcher EX Theme,PERSONALIZATION,4.2,18280.0,6.0,1000000.0,Free,0.0,Everyone,Personalization,"January 8, 2015",1.28,1.6 and up,0.0,January,0
Moonlight GO Weather EX,WEATHER,4.2,11510.0,3.5,1000000.0,Free,0.0,Everyone,Weather,"August 28, 2014",1.4,2.2 and up,0.0,August,0
My Ex Girlfriend Comes Back,FAMILY,3.7,3258.0,26.0,500000.0,Free,0.0,Everyone,Casual,"March 4, 2016",1.0.0,2.3 and up,0.0,March,0
Gods Wars Ex : Vampire,FAMILY,3.9,1550.0,21.0,100000.0,Free,0.0,Teen,Role Playing,"October 28, 2017",1.0.6,3.0 and up,0.0,October,0
BakaReader EX,BOOKS_AND_REFERENCE,4.3,8894.0,2.3,100000.0,Free,0.0,Everyone,Books & Reference,"July 23, 2018",1.1.51,4.0 and up,0.0,July,0
Ex Quotes,LIFESTYLE,4.4,129.0,8.1,50000.0,Free,0.0,Everyone 10+,Lifestyle,"June 16, 2018",3.0.1,4.1 and up,0.0,June,0
Ex Service Taxis,BUSINESS,3.5,15.0,8.0,1000.0,Free,0.0,Everyone,Business,"October 21, 2015",20.7.9.2,2.3 and up,0.0,October,0
Rejoin Your Ex,SOCIAL,4.3,0.0,29.0,100.0,Free,0.0,Everyone,Social,"May 26, 2015",2.0,2.3.3 and up,0.0,May,0
How To Get Your Ex Back Fast,LIFESTYLE,4.0,22.0,19.0,5000.0,Free,0.0,Everyone,Lifestyle,"February 7, 2018",15.0,4.0.3 and up,0.0,February,0
Virtual Dice EX,GAME,4.3,40.0,3.6,5000.0,Free,0.0,Everyone,Board,"March 15, 2016",2.8,3.0 and up,0.0,March,0
Black Theme Go Launcher EX,PERSONALIZATION,4.1,285.0,3.9,50000.0,Free,0.0,Teen,Personalization,"October 3, 2017",5.0,2.3 and up,0.0,October,0
EY Team Connect,PRODUCTIVITY,4.3,0.0,38.0,50.0,Free,0.0,Everyone,Productivity,"June 8, 2018",1.20180531.3,5.0 and up,0.0,June,0
EY eMentor,FAMILY,4.3,5.0,44.0,500.0,Free,0.0,Everyone,Education,"November 3, 2016",1.0.0,4.4 and up,0.0,November,0
EY Conferences,BUSINESS,4.3,1.0,30.0,1000.0,Free,0.0,Everyone,Business,"May 16, 2018",5.28,5.0 and up,0.0,May,0
EY Africa,BUSINESS,4.3,0.0,8.4,100.0,Free,0.0,Everyone,Business,"April 9, 2018",1.42.180409,4.2 and up,0.0,April,0
EY Expenses,FINANCE,4.3,0.0,10.0,1000.0,Free,0.0,Everyone,Finance,"July 9, 2018",1.1,4.1 and up,0.0,July,0
EY Tax Briefing,BUSINESS,4.3,3.0,15.0,100.0,Free,0.0,Everyone,Business,"March 21, 2018",1.0,4.1 and up,0.0,March,0
EY Digital Direct,BUSINESS,4.3,0.0,27.0,5.0,Free,0.0,Everyone,Business,"August 3, 2018",2.0,6.0 and up,0.0,August,0
EY India Tax Insights,BUSINESS,4.7,87.0,5.1,10000.0,Free,0.0,Everyone,Business,"July 15, 2017",0.0.1,4.1 and up,0.0,July,0
EY Forensics,FINANCE,4.9,7.0,3.4,1000.0,Free,0.0,Everyone,Finance,"June 17, 2016",1.0.1,4.0.3 and up,0.0,June,0
EY India CFO Insights,BUSINESS,4.7,37.0,10.0,5000.0,Free,0.0,Everyone,Business,"June 29, 2018",1.5,4.1 and up,0.0,June,0
EY Digital Tax AR,BUSINESS,4.3,2.0,19.0,100.0,Free,0.0,Everyone,Business,"September 29, 2017",1.6,4.0 and up,0.0,September,0
EY ATL Fuel Calculator,PRODUCTIVITY,4.4,15.0,3.1,500.0,Free,0.0,Everyone,Productivity,"July 21, 2018",12,2.1 and up,0.0,July,0
Fuel Calculator for EY,TOOLS,4.7,32.0,2.7,1000.0,Free,0.0,Everyone,Tools,"June 15, 2018",1.11,2.1 and up,0.0,June,0
EY Digi India Personal Tax,BUSINESS,4.0,2.0,1.7,100.0,Free,0.0,Everyone,Business,"May 24, 2018",5.0,4.0.3 and up,0.0,May,0
EY Catalyst Reader,BUSINESS,4.3,1.0,8.4,5.0,Free,0.0,Everyone,Business,"April 10, 2018",1.2.1,5.0 - 7.1.1,0.0,April,0
Pink Guy - Ey B0ss,FAMILY,4.7,13.0,1.2,500.0,Free,0.0,Everyone,Entertainment,"May 4, 2016",1.0,4.0.3 and up,0.0,May,0
EY Staff ENTERTAINER,LIFESTYLE,4.3,218.0,19.0,10000.0,Free,0.0,Everyone,Lifestyle,"January 16, 2017",1.0.3,2.3 and up,0.0,January,0
EY EMEIA Diversity & Inclusion,BUSINESS,4.3,4.0,12.0,500.0,Free,0.0,Everyone,Business,"November 25, 2016",1.0.0,4.4 and up,0.0,November,0
Ey Sey Storytime រឿងនិទានតាឥសី,FAMILY,4.7,1327.0,44.0,10000.0,Free,0.0,Everyone,Education;Education,"May 18, 2017",1.2.2,4.0.3 and up,0.0,May,0
EY Football,SPORTS,4.3,0.0,26.0,10.0,Free,0.0,Everyone,Sports,"August 14, 2017",1.0,4.1 and up,0.0,August,0
Amleen Ey,SOCIAL,4.3,0.0,19.0,1.0,Free,0.0,Everyone,Social,"July 24, 2017",1.0,4.1 and up,0.0,July,0
EY Events Switzerland,PRODUCTIVITY,4.3,1.0,18.0,500.0,Free,0.0,Teen,Productivity,"June 29, 2018",7.17.2.3,5.0 and up,0.0,June,0
EY TaxLaw NL,BUSINESS,4.3,9.0,3.3,100.0,Free,0.0,Everyone,Business,"July 3, 2018",3.0.1,4.1 and up,0.0,July,0
EY-Parthenon,BUSINESS,4.3,1.0,30.0,5.0,Free,0.0,Everyone,Business,"June 25, 2018",5.30.01,5.1 and up,0.0,June,0
EY Belgium Inhouse Day 2018,EVENTS,4.3,0.0,24.0,10.0,Free,0.0,Everyone,Events,"May 14, 2018",18.4.8.0,4.1 and up,0.0,May,0
Tenh Ey,SHOPPING,4.3,0.0,4.5,10.0,Free,0.0,Everyone,Shopping,"March 31, 2017",1.0.1,4.4 and up,0.0,March,0
EY Oil & Gas,BUSINESS,4.6,20.0,15.0,1000.0,Free,0.0,Everyone,Business,"October 12, 2017",1.4.36,4.0.3 and up,0.0,October,0
Coupe Adhémar EY 2017,SOCIAL,4.3,6.0,10.0,50.0,Free,0.0,Teen,Social,"December 26, 2016",1.3,4.1 and up,0.0,December,0
哈哈姆特不EY,COMMUNICATION,4.3,239.0,18.0,10000.0,Free,0.0,Everyone,Communication,"July 31, 2018",1.3.4,4.4 and up,0.0,July,0
Adhenarcos - Coupe Adhemar EY 2018,FAMILY,4.3,0.0,13.0,100.0,Free,0.0,Teen,Entertainment,"January 10, 2018",1.0,4.1 and up,0.0,January,0
Third Eye,TOOLS,4.4,19877.0,4.5,1000000.0,Free,0.0,Everyone,Tools,"January 7, 2018",1.1.6,4.0 and up,0.0,January,0
Sudoku Master,GAME,4.4,58387.0,3.3,1000000.0,Free,0.0,Everyone,Word,"December 13, 2013",1.1.2,2.1 and up,0.0,December,0
Hey That's Pretty Good!,TOOLS,4.6,222.0,10.0,10000.0,Free,0.0,Everyone,Tools,"July 29, 2016",4.2.0,2.3 and up,0.0,July,0
I am Dentist - Save my Teeth,FAMILY,4.3,7443.0,33.0,100000.0,Free,0.0,Everyone,Casual,"September 29, 2016",1.0.11,3.0 and up,0.0,September,0
Best Auto Call Recorder Free,COMMUNICATION,3.7,7.0,4.3,500.0,Free,0.0,Everyone,Communication,"October 2, 2017",2.1,4.1 and up,0.0,October,0
FilterGrid - Cam&Photo Editor,PHOTOGRAPHY,4.6,126338.0,9.6,1000000.0,Free,0.0,Everyone,Photography,"March 15, 2017",2.0.5,4.0 and up,0.0,March,0
EyPools,HOUSE_AND_HOME,4.3,2.0,0.640625,100.0,Free,0.0,Everyone,House & Home,"November 24, 2017",1.3,4.0 and up,0.0,November,0
EZ Video Download for Facebook,SOCIAL,4.1,34079.0,1.3,1000000.0,Free,0.0,Teen,Social,"March 14, 2017",2.001,4.0.3 and up,0.0,March,0
EZCast – Cast Media to TV,VIDEO_PLAYERS,3.6,32112.0,13.0,1000000.0,Free,0.0,Everyone,Video Players & Editors,"July 4, 2018",Varies with device,Varies with device,0.0,July,0
EZ Cleaner - Booster Optimizer,TOOLS,4.4,6801.0,2.8,500000.0,Free,0.0,Everyone,Tools,"January 8, 2018",1.3.1,4.0.3 and up,0.0,January,0
EZ PZ RPG,FAMILY,3.8,70903.0,47.0,1000000.0,Free,0.0,Everyone 10+,Role Playing,"October 27, 2016",2.164.4,2.3 and up,0.0,October,0
EZ Receipts,FINANCE,4.0,2187.0,13.0,100000.0,Free,0.0,Everyone,Finance,"August 1, 2018",Varies with device,Varies with device,0.0,August,0
EZ Web Video Cast | Chromecast,VIDEO_PLAYERS,4.1,1276.0,4.6,100000.0,Free,0.0,Everyone,Video Players & Editors,"December 14, 2017",1.0,4.4 and up,0.0,December,0
EZ File Manager(Root Explorer),PRODUCTIVITY,3.5,626.0,1.2,100000.0,Free,0.0,Everyone,Productivity,"June 23, 2015",1.1,3.2 and up,0.0,June,0
EZ Launcher,PERSONALIZATION,4.2,18926.0,2.9,1000000.0,Free,0.0,Everyone,Personalization,"September 28, 2013",0.5.2 beta,2.2 and up,0.0,September,0
Ez Mirror Match,GAME,4.4,3344.0,36.0,500000.0,Free,0.0,Everyone,Arcade,"January 3, 2018",2.1,4.0 and up,0.0,January,0
EZ Notes Lite,PRODUCTIVITY,4.4,69.0,3.5,1000.0,Free,0.0,Everyone,Productivity,"July 8, 2016",2.79,4.0 and up,0.0,July,0
EZ Bluetooth,TOOLS,4.2,789.0,13.0,50000.0,Free,0.0,Everyone,Tools,"August 5, 2014",Varies with device,Varies with device,0.0,August,0
Dream EZ,HEALTH_AND_FITNESS,4.1,107.0,50.0,10000.0,Free,0.0,Everyone,Health & Fitness,"March 24, 2016",1.0.0,3.0 and up,0.0,March,0
EZ TV Player,VIDEO_PLAYERS,3.5,51.0,11.0,10000.0,Free,0.0,Everyone,Video Players & Editors,"June 26, 2018",8.0.9,5.0 and up,0.0,June,0
EZ-GUI Ground Station,TOOLS,4.7,3696.0,29.0,50000.0,Free,0.0,Everyone,Tools,"August 10, 2017",4.5,4.3 and up,0.0,August,0
E-Z App™ Train Control,TOOLS,4.3,33.0,46.0,1000.0,Free,0.0,Everyone,Tools,"December 6, 2016",1.0,4.3 and up,0.0,December,0
EZ App Installer,TOOLS,4.1,533.0,1.4,100000.0,Free,0.0,Everyone,Tools,"July 22, 2017",1.4.13,4.0 and up,0.0,July,0
EZ Clock & Weather Widget,WEATHER,4.2,6849.0,1.2,1000000.0,Free,0.0,Everyone,Weather,"March 5, 2014",v1.9.6 beta 1,2.1 and up,0.0,March,0
EZ Usenet for Easynews®,VIDEO_PLAYERS,3.9,244.0,13.0,10000.0,Free,0.0,Everyone,Video Players & Editors,"June 23, 2016",Varies with device,Varies with device,0.0,June,0
EZ Wifi Notification,COMMUNICATION,4.3,260.0,0.1884765625,10000.0,Free,0.0,Everyone,Communication,"August 11, 2014",1.8,2.2 and up,0.0,August,0
EZ-VPNGate,TOOLS,4.3,36.0,12.0,5000.0,Free,0.0,Everyone,Tools,"August 21, 2017",1.0.7,4.0.3 and up,0.0,August,0
EZ Switch Widget,PRODUCTIVITY,4.2,2412.0,0.1875,100000.0,Free,0.0,Everyone,Productivity,"September 27, 2012",0.1.8 beta,2.2 and up,0.0,September,0
F&M Bank - EZ Banking,FINANCE,3.9,49.0,3.9,10000.0,Free,0.0,Everyone,Finance,"February 24, 2017",3.34.0+1702241319.a,4.1 and up,0.0,February,0
EZ Financial Calculator,FINANCE,4.4,32.0,2.3,1000.0,Free,0.0,Everyone,Finance,"January 13, 2018",2.3,4.4 and up,0.0,January,0
EZ Quran,BOOKS_AND_REFERENCE,4.6,595.0,8.5,50000.0,Free,0.0,Everyone,Books & Reference,"June 28, 2016",6.0,4.1 and up,0.0,June,0
EZ Screenshot,TOOLS,4.4,55.0,1.4,5000.0,Free,0.0,Everyone,Tools,"September 12, 2017",1.1.4,5.0 and up,0.0,September,0
EZ Utilities Extension,TOOLS,3.9,33.0,0.4619140625,5000.0,Free,0.0,Everyone,Tools,"May 5, 2016",9.0,6.0 and up,0.0,May,0
EZ game screen recorder with audio 1080P,VIDEO_PLAYERS,4.1,40.0,3.9,1000.0,Free,0.0,Everyone,Video Players & Editors,"July 13, 2017",1.0.0,5.0 and up,0.0,July,0
HTC Sense Input - FA,TOOLS,4.6,1420.0,1.6,100000.0,Free,0.0,Everyone,Tools,"November 9, 2015",1.0.606863,5.0 and up,0.0,November,0
"FEABIE: Feedees, BBW, BHM & FA",DATING,3.7,1212.0,13.0,100000.0,Free,0.0,Mature 17+,Dating,"February 16, 2018",4.4.1,4.1 and up,0.0,February,0
Test Server SMS FA,COMMUNICATION,4.3,0.0,1.8,5.0,Free,0.0,Everyone,Communication,"July 27, 2018",1.0,4.0.3 and up,0.0,July,0
All Social Networks,SOCIAL,4.2,22650.0,1.5,1000000.0,Free,0.0,Everyone,Social,"May 21, 2018",2.4.12,4.0 and up,0.0,May,0
Facebook Face to Face Events,BUSINESS,4.4,4518.0,26.0,1000000.0,Free,0.0,Everyone,Business,"March 1, 2018",1.5,4.1 and up,0.0,March,0
FA Part 1 & 2 Past Papers Solved Free – Offline,BOOKS_AND_REFERENCE,3.9,46.0,3.0,5000.0,Free,0.0,Everyone,Books & Reference,"April 30, 2018",1.1,4.0 and up,0.0,April,0
Hertfordshire FA,SPORTS,4.3,0.0,3.6,500.0,Free,0.0,Everyone,Sports,"January 18, 2017",1.3,4.0.3 and up,0.0,January,0
Farsi Keyboard,TOOLS,4.3,9716.0,1.3,1000000.0,Free,0.0,Everyone,Tools,"April 10, 2018",4.7,4.0 and up,0.0,April,0
Dio Fa Cose,FAMILY,4.3,35.0,1.3,1000.0,Free,0.0,Everyone,Entertainment,"March 15, 2018",1.0,2.3.3 and up,0.0,March,0
FaFaFa™ Gold Casino: Free slot machines,GAME,4.3,11051.0,44.0,1000000.0,Free,0.0,Teen,Casino,"June 25, 2018",1.9.58,4.0.3 and up,0.0,June,0
F.A Sumon songs,FAMILY,4.3,6.0,5.4,1000.0,Free,0.0,Everyone,Entertainment,"March 18, 2018",1.1,4.1 and up,0.0,March,0
NCLEX-RN Q&A FLASH CARDS - FA Davis,MEDICAL,4.3,2.0,7.6,1000.0,Free,0.0,Everyone,Medical,"July 19, 2018",2.7.6,5.0 and up,0.0,July,0
LEADS FA,FINANCE,4.3,31.0,14.0,1000.0,Free,0.0,Everyone,Finance,"October 17, 2017",1.0,4.1 and up,0.0,October,0
All AJK Board Matric Fa Fsc Results,FAMILY,4.3,0.0,2.6,10.0,Free,0.0,Everyone,Education,"July 22, 2018",1.0,4.0 and up,0.0,July,0
Authy 2-Factor Authentication,TOOLS,4.3,15070.0,6.3,1000000.0,Free,0.0,Everyone,Tools,"July 30, 2018",23.2.7,4.0.3 and up,0.0,July,0
Flash Light on Call & SMS,TOOLS,4.1,25438.0,3.2,1000000.0,Free,0.0,Everyone,Tools,"April 24, 2018",1.2.3,4.0.3 and up,0.0,April,0
Facebook Creator,SOCIAL,4.2,3895.0,13.0,1000000.0,Free,0.0,Teen,Social,"June 27, 2018",176.0.0.29.0,4.4 and up,0.0,June,0
Swift for Facebook Lite,SOCIAL,4.3,9562.0,5.8,500000.0,Free,0.0,Teen,Social,"May 31, 2018",4.1.0,Varies with device,0.0,May,0
Friendly for Facebook,SOCIAL,4.5,42621.0,23.0,1000000.0,Free,0.0,Teen,Social,"August 7, 2018",2.1.05,4.4 and up,0.0,August,0
Mini for fb lite,TOOLS,4.0,710.0,1.1,100000.0,Free,0.0,Everyone,Tools,"May 24, 2018",1.0,2.3 and up,0.0,May,0
Faster for Facebook Lite,SOCIAL,4.3,24456.0,4.6,1000000.0,Free,0.0,Teen,Social,"May 29, 2018",4.7,4.1 and up,0.0,May,0
Facebook Ads Manager,BUSINESS,4.1,19051.0,13.0,1000000.0,Free,0.0,Everyone,Business,"August 1, 2018",99.0.0.35.75,4.1 and up,0.0,August,0
Puffin for Facebook,SOCIAL,4.0,10743.0,13.0,500000.0,Free,0.0,Teen,Social,"December 28, 2017",7.0.4.17908,4.1 and up,0.0,December,0
Lite for Facebook Messenger,COMMUNICATION,4.3,76498.0,4.3,1000000.0,Free,0.0,Teen,Communication,"June 20, 2018",6.3.2,Varies with device,0.0,June,0
Profile Tracker - Who Viewed My Facebook Profile,SOCIAL,4.7,37090.0,4.8,500000.0,Free,0.0,Teen,Social,"August 1, 2018",5.4,4.1 and up,0.0,August,0
Who viewed my fb profile pro★★,FAMILY,4.5,6396.0,4.2,100000.0,Free,0.0,Everyone,Entertainment,"August 17, 2017",24.4,4.1 and up,0.0,August,0
Video Downloader For FB: Save FB Videos 2018,TOOLS,4.3,434.0,3.6,50000.0,Free,0.0,Everyone,Tools,"August 8, 2018",1.1.9,4.0.3 and up,0.0,August,0
Pink Color for Facebook,SOCIAL,4.1,5285.0,4.0,500000.0,Free,0.0,Everyone,Social,"July 1, 2018",2.0.5,4.1 and up,0.0,July,0
"Stickers for Imo, fb, whatsapp",SOCIAL,4.4,214.0,8.7,10000.0,Free,0.0,Teen,Social,"October 23, 2016",1.0.0.2,2.3 and up,0.0,October,0
Downloader plus for FB,SOCIAL,4.3,4.0,5.1,500.0,Free,0.0,Everyone,Social,"December 23, 2017",1.3,4.2 and up,0.0,December,0
Cover Camera for FB,PHOTOGRAPHY,3.8,742.0,1.8,100000.0,Free,0.0,Everyone,Photography,"March 9, 2014",3.0.0,2.2 and up,0.0,March,0
MB Notifications for FB (Free),SOCIAL,3.9,3047.0,1.5,100000.0,Free,0.0,Teen,Social,"April 29, 2015",1.17.0,2.3 and up,0.0,April,0
MultiMessage for FB Messenger,PRODUCTIVITY,4.2,182.0,7.0,50000.0,Free,0.0,Everyone,Productivity,"April 28, 2018",1.0.1,4.2 and up,0.0,April,0
Messenger Kids – Safer Messaging and Video Chat,FAMILY,4.2,3478.0,13.0,500000.0,Free,0.0,Everyone,Communication;Creativity,"August 6, 2018",33.0.0.22.76,4.4 and up,0.0,August,0
FB Live,BUSINESS,3.7,27.0,18.0,5000.0,Free,0.0,Everyone,Business,"May 17, 2018",1.2.0,5.0 and up,0.0,May,0
Phoenix - Facebook & Messenger,SOCIAL,4.3,9606.0,3.4,100000.0,Free,0.0,Teen,Social,"July 18, 2018",2.2.0717,5.0 and up,0.0,July,0
Faster Social for Facebook,SOCIAL,4.2,1236.0,3.3,100000.0,Free,0.0,Teen,Social,"August 2, 2018",1.8,4.3 and up,0.0,August,0
Check Your Visitors on FB ?,SOCIAL,3.6,40.0,1.5,5000.0,Free,0.0,Everyone,Social,"February 17, 2017",4.4,4.2 and up,0.0,February,0
Videos downloader for Facebook:fast fb video saver,VIDEO_PLAYERS,4.3,20.0,5.1,5000.0,Free,0.0,Everyone,Video Players & Editors,"April 27, 2018",1.0.0,4.0.3 and up,0.0,April,0
Stickers for Facebook,SOCIAL,4.3,11066.0,10.0,1000000.0,Free,0.0,Everyone,Social,"March 13, 2018",1.4,4.4 and up,0.0,March,0
Video Download For FB,TOOLS,4.3,444.0,1.6,100000.0,Free,0.0,Everyone,Tools,"July 14, 2017",1.0,3.0 and up,0.0,July,0
Video Downloader for FB : Video Download with Link,VIDEO_PLAYERS,4.5,1060.0,3.2,100000.0,Free,0.0,Everyone,Video Players & Editors,"December 20, 2017",2.1,4.0 and up,0.0,December,0
Video Downloader for FB,TOOLS,4.3,53.0,3.0,5000.0,Free,0.0,Everyone,Tools,"August 1, 2018",1.0.1,4.0.3 and up,0.0,August,0
FB Photographie,PHOTOGRAPHY,4.7,37.0,10.0,1000.0,Free,0.0,Everyone,Photography,"May 22, 2016",2.0,4.0 and up,0.0,May,0
Lite Messenger for Facebook Lite,SOCIAL,3.8,108.0,2.8,10000.0,Free,0.0,Teen,Social,"May 28, 2018",3.1,4.2 and up,0.0,May,0
Download Facebook Photo Albums,TOOLS,4.0,3840.0,2.5,100000.0,Free,0.0,Everyone,Tools,"June 2, 2017",2.4,4.4 and up,0.0,June,0
Mini for Facebook lite,SOCIAL,4.1,260.0,1.3,10000.0,Free,0.0,Teen,Social,"June 21, 2018",1.2,3.0 and up,0.0,June,0
FB Advanced Search,SOCIAL,4.3,2.0,11.0,50.0,Free,0.0,Teen,Social,"July 21, 2018",1.1.1,4.4 and up,0.0,July,0
funny Image Comments for FB,SOCIAL,3.9,19.0,15.0,5000.0,Free,0.0,Teen,Social,"February 13, 2018",2.0,4.1 and up,0.0,February,0
IDM for Facebook ★ Downloader,PRODUCTIVITY,4.3,1905.0,3.1,100000.0,Free,0.0,Everyone,Productivity,"October 17, 2015",7.95,2.3 and up,0.0,October,0
EasyLive - FB Live Helper,BUSINESS,4.3,6.0,3.7,500.0,Free,0.0,Teen,Business,"June 25, 2018",1.9.0,5.0 and up,0.0,June,0
HD VideoDownlaoder For Fb : XXVideo Downloader,VIDEO_PLAYERS,4.2,61.0,6.1,10000.0,Free,0.0,Everyone,Video Players & Editors,"July 30, 2018",1.0.3,4.0.3 and up,0.0,July,0
Barca News - app for Barcelona FC Fans,SPORTS,4.5,207.0,4.5,10000.0,Free,0.0,Everyone,Sports,"November 13, 2017",2.6.0,4.0 and up,0.0,November,0
FC Barcelona Fantasy Manager: Real football mobile,SPORTS,4.4,15221.0,30.0,1000000.0,Free,0.0,Everyone,Sports,"October 2, 2017",7.30.005,4.0.3 and up,0.0,October,0
Classic FC 64 IN 1,FAMILY,4.2,1749.0,6.2,100000.0,Free,0.0,Everyone,Casual,"December 29, 2017",1.0.0,2.3 and up,0.0,December,0
FC Barcelona Official Keyboard,SPORTS,4.7,5229.0,20.0,500000.0,Free,0.0,Everyone,Sports,"May 17, 2018",2.1.0.0.15734,4.1 and up,0.0,May,0
Barcelona Live 2018—Goals & News for Barca FC Fans,SPORTS,4.6,342.0,38.0,10000.0,Free,0.0,Everyone,Sports,"August 6, 2018",2.22.0,4.2 and up,0.0,August,0
Barcelona News - Sportfusion,SPORTS,4.4,382.0,20.0,10000.0,Free,0.0,Everyone,Sports,"March 6, 2018",3.953,4.1 and up,0.0,March,0
Barcelona Calendar,SPORTS,4.4,670.0,3.1,10000.0,Free,0.0,Everyone,Sports,"November 17, 2017",2.2,4.0.3 and up,0.0,November,0
"Barca News - FC Barcelona, World Foot & Transfers",SPORTS,4.8,160.0,6.4,10000.0,Free,0.0,Everyone,Sports,"August 4, 2018",4.0,4.1 and up,0.0,August,0
FC BARCELONA EVENTS,SPORTS,4.3,6.0,11.0,100.0,Free,0.0,Everyone,Sports,"April 22, 2018",v2.7.11.16,4.1 and up,0.0,April,0
Cambridge English FC,FAMILY,4.4,761.0,11.0,50000.0,Free,0.0,Everyone,Education,"October 6, 2016",2.1.0,4.0 and up,0.0,October,0
Barcelona Live - Goal Score & News for Barca Fans,SPORTS,4.4,38.0,2.6,10000.0,Free,0.0,Everyone,Sports,"August 17, 2017",1.0,4.0 and up,0.0,August,0
FCB Connect - FC Barcelona,SOCIAL,4.5,795.0,21.0,50000.0,Free,0.0,Teen,Social,"June 7, 2018",2.1.5,4.1 and up,0.0,June,0
1. FC Köln App,SPORTS,4.6,2019.0,41.0,100000.0,Free,0.0,Everyone,Sports,"July 20, 2018",1.13.0,4.4 and up,0.0,July,0
FC Porto,SPORTS,4.9,15883.0,21.0,100000.0,Free,0.0,Everyone,Sports,"June 19, 2018",2.6.0,4.0.3 and up,0.0,June,0
Fulham FC,SPORTS,4.3,401.0,2.8,10000.0,Free,0.0,Everyone,Sports,"August 9, 2017",5.0,2.3 and up,0.0,August,0
Barcelona FC Noticias Live,NEWS_AND_MAGAZINES,4.3,2.0,3.6,500.0,Free,0.0,Everyone,News & Magazines,"February 4, 2018",2.0,4.0.3 and up,0.0,February,0
Chelsea FC Official Keyboard,PRODUCTIVITY,4.5,91397.0,14.0,1000000.0,Free,0.0,Everyone,Productivity,"July 3, 2018",3.4.4,5.0 and up,0.0,July,0
Burnley FC,SPORTS,4.9,195.0,29.0,5000.0,Free,0.0,Everyone,Sports,"August 1, 2018",2018.8.1,4.4 and up,0.0,August,0
Barcelona Wallpaper HD,PERSONALIZATION,4.5,93.0,5.7,10000.0,Free,0.0,Everyone,Personalization,"February 28, 2018",1.10,4.1 and up,0.0,February,0
Sydney FC Official App,SPORTS,4.6,57.0,17.0,5000.0,Free,0.0,Everyone,Sports,"June 26, 2018",3.0.0,4.1 and up,0.0,June,0
Birmingham City FC,SPORTS,4.5,191.0,28.0,10000.0,Free,0.0,Everyone,Sports,"August 1, 2018",2018.8.1,4.4 and up,0.0,August,0
FC Browser - Focus Privacy Browser,COMMUNICATION,4.1,26.0,4.6,1000.0,Free,0.0,Everyone,Communication,"November 24, 2017",1.0,5.0 and up,0.0,November,0
My AEK - Official ΑΕΚ FC app,SPORTS,4.8,3346.0,13.0,50000.0,Free,0.0,Everyone,Sports,"January 18, 2018",2.0.2,Varies with device,0.0,January,0
FC Parking,MAPS_AND_NAVIGATION,4.3,0.0,19.0,500.0,Free,0.0,Everyone,Maps & Navigation,"December 1, 2017",1.0.0,4.1 and up,0.0,December,0
Noticias FC Barcelona,NEWS_AND_MAGAZINES,5.0,4.0,3.1,100.0,Free,0.0,Everyone,News & Magazines,"June 15, 2018",1.3,4.4 and up,0.0,June,0
Middlesbrough FC Official,SPORTS,4.5,152.0,36.0,10000.0,Free,0.0,Everyone,Sports,"May 29, 2018",2018.5.25,4.4 and up,0.0,May,0
The 5th Stand,SPORTS,4.8,1697.0,17.0,100000.0,Free,0.0,Everyone,Sports,"July 31, 2018",1.2.677,4.4 and up,0.0,July,0
FC Zenit official Android app,SPORTS,4.5,5675.0,49.0,100000.0,Free,0.0,Everyone,Sports,"April 18, 2018",3.0.10,4.1 and up,0.0,April,0
Fan App for Portsmouth FC,SPORTS,4.5,53.0,12.0,1000.0,Free,0.0,Teen,Sports,"August 6, 2016",060816,4.2 and up,0.0,August,0
Latest Barcelona News 24h,NEWS_AND_MAGAZINES,4.5,104.0,3.0,10000.0,Free,0.0,Everyone,News & Magazines,"January 6, 2018",1.3,4.0 and up,0.0,January,0
Fan App for Reading FC,SPORTS,3.6,9.0,13.0,500.0,Free,0.0,Teen,Sports,"August 6, 2016",060816,4.2 and up,0.0,August,0
Deportivo Toluca FC,SPORTS,4.7,2317.0,5.9,50000.0,Free,0.0,Everyone,Sports,"July 26, 2018",2.0.20,5.0 and up,0.0,July,0
Underdog FC,SPORTS,4.6,216.0,40.0,10000.0,Free,0.0,Everyone,Sports,"August 2, 2018",23.17,4.1 and up,0.0,August,0
Las Vegas Lights FC,SPORTS,4.9,10.0,14.0,500.0,Free,0.0,Everyone,Sports,"March 9, 2018",2.0.833.18,4.0.3 and up,0.0,March,0
APOEL FC,SPORTS,4.6,688.0,13.0,10000.0,Free,0.0,Everyone,Sports,"January 7, 2015",Varies with device,Varies with device,0.0,January,0
FD Shift Calendar Widget,TOOLS,4.1,981.0,0.0712890625,100000.0,Free,0.0,Everyone,Tools,"March 16, 2011",1.2.4,1.6 and up,0.0,March,0
Bank FD Interest Calculator,FINANCE,4.5,166.0,3.5,10000.0,Free,0.0,Everyone,Finance,"January 7, 2018",2.5,4.0.3 and up,0.0,January,0
FD VR Video Player - (Stored),FAMILY,3.9,751.0,17.0,100000.0,Free,0.0,Everyone,Entertainment,"November 30, 2016",3.6.1,4.4 and up,0.0,November,0
FD Mobile,FAMILY,3.9,53.0,7.9,5000.0,Free,0.0,Everyone,Entertainment,"September 20, 2017",2.1.2,4.0.3 and up,0.0,September,0
Formula DRIFT,SPORTS,4.6,169.0,19.0,10000.0,Free,0.0,Everyone,Sports,"July 27, 2018",2.0.855.33,4.0.3 and up,0.0,July,0
FD VR - Virtual 3D Web Browser,FAMILY,3.8,729.0,30.0,100000.0,Free,0.0,Everyone,Entertainment,"March 9, 2018",4.6.12c,4.4 and up,0.0,March,0
FD Community FCU Mobile,FINANCE,4.7,175.0,12.0,1000.0,Free,0.0,Everyone,Finance,"June 12, 2018",5.9.1.0,5.0 and up,0.0,June,0
Female Daily,BEAUTY,3.9,4354.0,42.0,100000.0,Free,0.0,Teen,Beauty,"August 6, 2018",2.5.1,4.0.3 and up,0.0,August,0
FD VR - Virtual App Launcher,LIBRARIES_AND_DEMO,4.1,1463.0,7.4,100000.0,Free,0.0,Everyone,Libraries & Demo,"November 30, 2016",3.6.1,4.4 and up,0.0,November,0
FD VR Player - for 360 Youtube,FAMILY,3.9,100.0,9.1,10000.0,Free,0.0,Everyone,Entertainment,"November 30, 2016",3.6.1,4.4 and up,0.0,November,0
FD VR Store -VR Games and Apps,FAMILY,4.0,105.0,7.5,10000.0,Free,0.0,Everyone,Simulation,"November 30, 2016",3.6.1,4.4 and up,0.0,November,0
Policy And FD Manager,FINANCE,4.3,20.0,4.8,500.0,Free,0.0,Everyone,Finance,"June 9, 2018",14,4.4 and up,0.0,June,0
FD VR - Virtual Reality Camera,FAMILY,4.0,1007.0,7.4,100000.0,Free,0.0,Everyone,Entertainment,"November 30, 2016",3.6.1,4.4 and up,0.0,November,0
Sports Lite,SPORTS,4.4,16.0,4.9,1000.0,Free,0.0,Everyone,Sports,"July 31, 2018",1.0,4.0.3 and up,0.0,July,0
FD VR Theater - for Youtube VR,FAMILY,4.1,4585.0,9.1,1000000.0,Free,0.0,Everyone,Entertainment,"November 30, 2016",3.6.1,4.4 and up,0.0,November,0
Story Time FD,FAMILY,5.0,2.0,4.2,10.0,Free,0.0,Everyone 10+,Simulation,"March 25, 2016",1.1,1.6 and up,0.0,March,0
FD Calculator | Term Deposit | Fixed Deposit,FINANCE,4.8,12.0,2.7,1000.0,Free,0.0,Everyone,Finance,"June 13, 2018",2.1,5.0 and up,0.0,June,0
Financial Calculator India,FINANCE,4.6,13819.0,3.9,1000000.0,Free,0.0,Everyone,Finance,"July 4, 2018",3.3,4.0 and up,0.0,July,0
"FD Calculator (EMI, SIP, RD & Loan Eligilibility)",FINANCE,5.0,104.0,2.3,1000.0,Free,0.0,Everyone,Finance,"August 7, 2018",2.1.0,4.1 and up,0.0,August,0
FD VR Cardboard Featured 360 Videos,FAMILY,4.2,76.0,35.0,10000.0,Free,0.0,Everyone,Entertainment,"December 19, 2017",4.5.1c,4.4 and up,0.0,December,0
"EMI, FD, RD - Bank Calculator",FINANCE,4.7,42.0,3.5,5000.0,Free,0.0,Everyone,Finance,"April 2, 2017",2.3,4.1 and up,0.0,April,0
FD VR Player - for Youtube 3D,FAMILY,4.0,2378.0,9.1,500000.0,Free,0.0,Everyone,Entertainment,"November 30, 2016",3.6.1,4.4 and up,0.0,November,0
RD/FD Calculator,FINANCE,4.4,92.0,1.5,10000.0,Free,0.0,Everyone,Finance,"January 31, 2017",1.2.1,4.0.3 and up,0.0,January,0
FD VR Music Videos - MTV Pop and Rap in 360,FAMILY,4.9,15.0,26.0,1000.0,Free,0.0,Everyone,Entertainment,"December 19, 2017",4.5.3c,4.4 and up,0.0,December,0
FD VR - Virtual Photo Gallery,FAMILY,3.5,179.0,7.4,10000.0,Free,0.0,Everyone,Entertainment,"November 30, 2016",3.6.1,4.4 and up,0.0,November,0
Fix Deposit Calculator (FD),FINANCE,4.1,7.0,2.1,1000.0,Free,0.0,Everyone,Finance,"February 6, 2018",1.0,4.0.3 and up,0.0,February,0
FD Interest Calculator,FINANCE,4.2,17.0,4.7,5000.0,Free,0.0,Everyone,Finance,"January 18, 2015",2.7,3.0 and up,0.0,January,0
Deposit Calculator FD & RD,FINANCE,4.4,18.0,3.4,10000.0,Free,0.0,Everyone,Finance,"January 21, 2017",1.1,3.0 and up,0.0,January,0
FD Fotografia,PHOTOGRAPHY,4.3,2.0,4.2,100.0,Free,0.0,Everyone,Photography,"January 17, 2018",0.0.9,4.1 and up,0.0,January,0
Banking Calculator,FINANCE,4.5,3704.0,4.6,100000.0,Free,0.0,Everyone,Finance,"March 20, 2018",34,2.3 and up,0.0,March,0
FD Fitness,HEALTH_AND_FITNESS,4.3,3.0,21.0,50.0,Free,0.0,Everyone,Health & Fitness,"July 4, 2018",6.3.1,4.0.3 and up,0.0,July,0
EMI/FD/RD/PV/IRR/BEP/EOQ Calc,FINANCE,4.5,58.0,2.7,10000.0,Free,0.0,Everyone,Finance,"December 9, 2015",1.6.3,3.0 and up,0.0,December,0
EMI Calculator | FD Calculator | RD calculator,FINANCE,4.6,106.0,4.4,10000.0,Free,0.0,Everyone,Finance,"March 19, 2018",5.3,4.0.3 and up,0.0,March,0
LineStar for FanDuel,SPORTS,4.3,1539.0,14.0,50000.0,Free,0.0,Teen,Sports,"June 6, 2018",3.0.3,4.0.3 and up,0.0,June,0
HD Video Download for Facebook,VIDEO_PLAYERS,4.4,20755.0,17.0,1000000.0,Free,0.0,Everyone,Video Players & Editors,"March 16, 2018",4.0.3,4.1 and up,0.0,March,0
Santa Fe FCU Mobile Banking,FINANCE,4.3,12.0,9.0,1000.0,Free,0.0,Everyone,Finance,"January 22, 2018",1.18.4,4.0 and up,0.0,January,0
FE Connect,TOOLS,4.8,24.0,4.5,5000.0,Free,0.0,Everyone,Tools,"September 14, 2017",2.3.0,4.0.3 and up,0.0,September,0
FE CREDIT - TET VUI,FINANCE,4.1,125.0,15.0,50000.0,Free,0.0,Everyone,Finance,"March 6, 2018",1.2.1,4.1 and up,0.0,March,0
Comunidad De Fe Minitries,LIFESTYLE,5.0,19.0,11.0,500.0,Free,0.0,Everyone,Lifestyle,"March 1, 2018",1.1,4.1 and up,0.0,March,0
FE Other Disciplines Engineering Exam Prep,FAMILY,4.3,0.0,21.0,100.0,Free,0.0,Everyone,Education,"July 27, 2018",5.33.3669,5.0 and up,0.0,July,0
FE EN ACCIÓN RADIO,FAMILY,4.3,1.0,2.9,10.0,Free,0.0,Everyone,Entertainment,"July 5, 2018",1.4,5.0 and up,0.0,July,0
FE Electric & Comp Engineering,FAMILY,4.3,2.0,20.0,500.0,Free,0.0,Everyone,Education,"July 27, 2018",5.33.3669,5.0 and up,0.0,July,0
Caprock Santa Fe Credit Union,FINANCE,4.3,0.0,2.9,100.0,Free,0.0,Everyone,Finance,"March 23, 2018",3.0.6,4.1 and up,0.0,March,0
FE Chemical Engineering Exam Prep,FAMILY,4.3,2.0,20.0,100.0,Free,0.0,Everyone,Education,"July 27, 2018",5.33.3669,5.0 and up,0.0,July,0
Santa Fe Map and Walks,TRAVEL_AND_LOCAL,4.3,2.0,47.0,1000.0,Free,0.0,Everyone,Travel & Local,"April 20, 2018",32,4.0 and up,0.0,April,0
FE IP,TOOLS,4.3,3.0,12.0,1000.0,Free,0.0,Everyone,Tools,"October 27, 2017",1.51,3.0 and up,0.0,October,0
Safe Santa Fe,FAMILY,5.0,2.0,12.0,1000.0,Free,0.0,Everyone,Education,"July 4, 2016",1.0,4.0 and up,0.0,July,0
Santa Fe New Mexican e-Edition,NEWS_AND_MAGAZINES,4.1,25.0,17.0,1000.0,Free,0.0,Everyone,News & Magazines,"June 21, 2018",4.7.4.18.0621,4.1 and up,0.0,June,0
L!FE Premium Training,HEALTH_AND_FITNESS,4.3,2.0,10.0,100.0,Free,0.0,Everyone,Health & Fitness,"July 9, 2018",4.2.2,4.1 and up,0.0,July,0
Theme for Galaxy Note FE Launcher | Live Wallpaper,PERSONALIZATION,4.3,2.0,26.0,100.0,Free,0.0,Everyone,Personalization,"December 22, 2017",1.0,4.0 and up,0.0,December,0
Theme for Galaxy Note FE,PERSONALIZATION,4.3,3.0,9.2,100.0,Free,0.0,Everyone,Personalization,"July 29, 2017",1.0,2.3.3 and up,0.0,July,0
Note FE Theme And Launcher For Samsung Galaxy,PERSONALIZATION,4.4,7.0,9.8,1000.0,Free,0.0,Everyone,Personalization,"August 28, 2017",1.0,4.0 and up,0.0,August,0
La Fe de Jesus,BOOKS_AND_REFERENCE,4.3,8.0,0.642578125,1000.0,Free,0.0,Everyone,Books & Reference,"January 31, 2017",Varies with device,3.0 and up,0.0,January,0
Santa Fe Indian Market,FAMILY,3.8,4.0,30.0,500.0,Free,0.0,Everyone,Entertainment,"July 23, 2018",5.11,5.0 and up,0.0,July,0
FE Connect Fhoton,TOOLS,4.3,0.0,1.8,100.0,Free,0.0,Everyone,Tools,"November 28, 2017",1.1,4.0.3 and up,0.0,November,0
La Fe de Jesús,BOOKS_AND_REFERENCE,4.3,10.0,2.9,500.0,Free,0.0,Everyone,Books & Reference,"August 23, 2017",1,4.0.3 and up,0.0,August,0
Santa Fe Espresso & News,FOOD_AND_DRINK,4.3,0.0,15.0,10.0,Free,0.0,Everyone,Food & Drink,"October 12, 2017",1.2.2,4.4 and up,0.0,October,0
Santa Fe Sentry,HOUSE_AND_HOME,4.3,0.0,5.3,100.0,Free,0.0,Everyone,House & Home,"August 7, 2017",1.6.0,4.1 and up,0.0,August,0
Santa Fe Thrive,HEALTH_AND_FITNESS,5.0,2.0,8.3,50.0,Free,0.0,Everyone,Health & Fitness,"July 9, 2018",4.2.2,4.1 and up,0.0,July,0
FE Connect Drive-Tech,BUSINESS,4.3,0.0,20.0,100.0,Free,0.0,Everyone,Business,"February 12, 2018",1.2.1.0,4.1 and up,0.0,February,0
FE Mix - Jokes - Status - Wallpaper,FAMILY,4.3,3.0,3.0,1000.0,Free,0.0,Everyone,Entertainment,"June 2, 2018",2.1,4.4 and up,0.0,June,0
Frases Cristianas de Esperanza y Fe,SOCIAL,4.3,2.0,5.6,100.0,Free,0.0,Everyone,Social,"October 18, 2017",1.0,2.3 and up,0.0,October,0
Theme for Samsung Galaxy Note FE,PERSONALIZATION,4.5,52.0,7.9,10000.0,Free,0.0,Everyone,Personalization,"July 4, 2017",1.0,2.3.3 and up,0.0,July,0
Santa Fe VIP Tours,TRAVEL_AND_LOCAL,4.3,1.0,22.0,100.0,Free,0.0,Everyone,Travel & Local,"August 19, 2017",2.8,4.0 and up,0.0,August,0
Santa Fe App,SPORTS,4.3,196.0,5.0,5000.0,Free,0.0,Everyone,Sports,"August 9, 2017",2.1.0,4.0.3 and up,0.0,August,0
Curso Básico y Avanzado la Fe de Jesús Audio-Texto,FAMILY,4.3,0.0,11.0,10.0,Free,0.0,Everyone 10+,Education,"July 12, 2018",1.0,4.0 and up,0.0,July,0
Ríos de Fe,LIFESTYLE,5.0,141.0,15.0,1000.0,Free,0.0,Everyone,Lifestyle,"March 24, 2018",1.8,4.1 and up,0.0,March,0
Theme For Galaxy Note FE,PERSONALIZATION,4.3,0.0,7.5,100.0,Free,0.0,Everyone,Personalization,"April 19, 2018",1.1,4.1 and up,0.0,April,0
Le Fe de Jesus,BOOKS_AND_REFERENCE,4.3,3.0,4.1,500.0,Free,0.0,Everyone,Books & Reference,"December 17, 2015",1.0,2.3.3 and up,0.0,December,0
FG Wallet,FINANCE,4.3,9.0,12.0,1000.0,Free,0.0,Everyone,Finance,"June 6, 2018",2.1,6.0 and up,0.0,June,0
FG On-The-Go,TOOLS,4.9,55.0,25.0,1000.0,Free,0.0,Everyone,Tools,"June 29, 2018",2.01.0.2,4.1 and up,0.0,June,0
FG Autumn Photo Puzzle,FAMILY,4.3,0.0,4.6,10.0,Free,0.0,Everyone,Puzzle,"August 23, 2017",1.0,4.0 and up,0.0,August,0
Radio FG Paris Underground,FAMILY,4.3,3.0,1.7,100.0,Free,0.0,Teen,Entertainment,"July 26, 2015",2,2.2 and up,0.0,July,0
FG Radio - Radios de France,FAMILY,4.3,0.0,6.5,10.0,Free,0.0,Everyone,Entertainment,"June 10, 2018",1.0,4.2 and up,0.0,June,0
FG SPINNER,GAME,4.3,2.0,36.0,10.0,Free,0.0,Everyone,Board,"April 6, 2018",0.90,4.0.3 and up,0.0,April,0
FG Finder,TOOLS,4.3,154.0,17.0,10000.0,Free,0.0,Everyone,Tools,"July 16, 2018",2.1.0,4.1 and up,0.0,July,0
FG. Chic - House Lounge Musique - Radios de France,FAMILY,4.3,1.0,6.5,50.0,Free,0.0,Everyone,Entertainment,"June 9, 2018",1.0,4.2 and up,0.0,June,0
BROTHER IN WARS: GUNNER CITY WARLORDS,GAME,4.3,8649.0,39.0,1000000.0,Free,0.0,Teen,Action,"July 26, 2018",1.0.3,4.2 and up,0.0,July,0
FG VOC,BUSINESS,4.8,6.0,7.7,1000.0,Free,0.0,Everyone,Business,"August 7, 2018",2.1.5,4.1 and up,0.0,August,0
Modern Sniper Strike: Best Commando Action 2k18,GAME,4.1,164.0,17.0,10000.0,Free,0.0,Everyone,Action,"August 23, 2017",1.0,2.3 and up,0.0,August,0
FG Rockstar,FAMILY,4.3,1.0,30.0,10.0,Free,0.0,Everyone,Education,"August 2, 2018",1.1.5,4.1 and up,0.0,August,0
POLARIS 2MFG,FAMILY,4.8,1228.0,29.0,10000.0,Free,0.0,Everyone,Education,"March 28, 2018",1.7,4.1 and up,0.0,March,0
Gun Disassembly 2,FAMILY,4.1,26347.0,48.0,1000000.0,Free,0.0,Everyone 10+,Entertainment,"September 15, 2017",14.0.1,2.2 and up,0.0,September,0
Fields of Battle,GAME,4.1,71476.0,50.0,1000000.0,Free,0.0,Everyone 10+,Action,"April 21, 2018",2.14,4.0 and up,0.0,April,0
Leghe Fantagazzetta,SPORTS,4.1,79464.0,27.0,1000000.0,Free,0.0,Everyone,Sports,"August 6, 2018",5.0.8,4.4 and up,0.0,August,0
Field Goal Tournament,SPORTS,3.7,2980.0,21.0,100000.0,Free,0.0,Everyone,Sports,"September 1, 2015",1.2.8,2.3 and up,0.0,September,0
Disney Princess Palace Pets,FAMILY,3.9,60097.0,19.0,1000000.0,Free,0.0,Everyone,Entertainment;Pretend Play,"February 10, 2018",5.1,4.2 and up,0.0,February,0
Scary Video Maker,FAMILY,3.7,9296.0,28.0,500000.0,Free,0.0,Teen,Entertainment,"July 24, 2018",1.14,4.1 and up,0.0,July,0
SnowMobile Parking Adventure,GAME,3.6,12257.0,49.0,1000000.0,Free,0.0,Everyone,Racing,"September 9, 2016",1.4,2.3 and up,0.0,September,0
Zombie Sniper 3D III,GAME,3.9,8122.0,23.0,500000.0,Free,0.0,Mature 17+,Action,"February 28, 2017",1.8,2.3 and up,0.0,February,0
HD Themes Volvo FH Trucks,PERSONALIZATION,4.4,40.0,13.0,5000.0,Free,0.0,Teen,Personalization,"June 21, 2016",1.0,2.3.3 and up,0.0,June,0
Familial Hypercholesterolaemia,MEDICAL,4.3,0.0,34.0,10.0,Free,0.0,Everyone,Medical,"July 5, 2018",2.0.1,4.1 and up,0.0,July,0
Themes Volvo FH 16 Trucks,PERSONALIZATION,4.3,38.0,16.0,10000.0,Free,0.0,Teen,Personalization,"June 17, 2016",1.0,2.3.3 and up,0.0,June,0
FH Calculator,HEALTH_AND_FITNESS,4.3,9.0,0.96875,500.0,Free,0.0,Everyone,Health & Fitness,"June 4, 2015",1.0,4.0 and up,0.0,June,0
Top Themes Volvo FH Trucks,PERSONALIZATION,4.3,9.0,18.0,1000.0,Free,0.0,Teen,Personalization,"June 19, 2018",1.0,4.1 and up,0.0,June,0
Top Puzzles Volvo FH Trucks,FAMILY,4.3,4.0,8.1,500.0,Free,0.0,Teen,Puzzle,"November 20, 2016",1.0,4.0 and up,0.0,November,0
Wallpapers Volvo FH 16 Trucks,PERSONALIZATION,4.2,13.0,15.0,1000.0,Free,0.0,Teen,Personalization,"June 18, 2016",1.0,2.3.3 and up,0.0,June,0
Puzzles Volvo FH 16 Trucks,FAMILY,4.8,10.0,8.2,1000.0,Free,0.0,Teen,Puzzle,"December 2, 2016",1.0,4.0 and up,0.0,December,0
Jigsaw Volvo FH 16 Trucks,FAMILY,5.0,5.0,8.1,1000.0,Free,0.0,Teen,Puzzle,"December 1, 2016",1.0,4.0 and up,0.0,December,0
studentsLife by FH Kärnten,FAMILY,4.4,108.0,13.0,5000.0,Free,0.0,Everyone,Education,"March 30, 2018",4.0.1,4.4 and up,0.0,March,0
FH® Cost Lookup / FH® CCSalud,MEDICAL,4.5,30.0,4.1,1000.0,Free,0.0,Everyone,Medical,"June 21, 2017",4.1.0,4.0.3 and up,0.0,June,0
FH Kufstein App,FAMILY,4.3,9.0,20.0,500.0,Free,0.0,Everyone,Education,"November 20, 2017",2.3.1,4.4 and up,0.0,November,0
FH App,BUSINESS,4.9,27.0,6.0,100.0,Free,0.0,Everyone,Business,"July 26, 2018",1.0.90,4.0 and up,0.0,July,0
HD Wallpapers Volvo FH Trucks,PERSONALIZATION,4.3,4.0,17.0,500.0,Free,0.0,Teen,Personalization,"June 21, 2016",1.0,2.3.3 and up,0.0,June,0
Jigsaw Puzzles Volvo FH Truck Game,FAMILY,4.3,4.0,4.7,100.0,Free,0.0,Teen,Puzzle,"July 24, 2017",1.0,4.0.3 and up,0.0,July,0
Themes Volvo FH Trucks,PERSONALIZATION,4.3,14.0,14.0,1000.0,Free,0.0,Teen,Personalization,"June 17, 2016",1.0,2.3.3 and up,0.0,June,0
FH School,FAMILY,5.0,4.0,5.8,100.0,Free,0.0,Everyone,Education,"April 11, 2018",1.0.1,4.0.3 and up,0.0,April,0
FH Wallet,FINANCE,4.3,0.0,9.9,1.0,Free,0.0,Everyone,Finance,"July 26, 2018",1.0.0,4.1 and up,0.0,July,0
FH Dortmund FB4,FAMILY,4.3,40.0,9.9,1000.0,Free,0.0,Everyone,Education,"May 22, 2018",1.2.0,4.0.3 and up,0.0,May,0
Fast Motorcycle Driver 2016,GAME,4.2,28151.0,49.0,1000000.0,Free,0.0,Everyone 10+,Racing,"December 25, 2016",1.2,2.3.3 and up,0.0,December,0
Wallpapers Volvo FH Truck,PERSONALIZATION,4.2,4.0,14.0,100.0,Free,0.0,Teen,Personalization,"July 31, 2016",1.0,2.3.3 and up,0.0,July,0
HD Jigsaw Volvo FH Trucks,FAMILY,4.3,2.0,7.6,500.0,Free,0.0,Teen,Puzzle,"November 29, 2016",1.0,4.0 and up,0.0,November,0
Jigsaw Puzzles Volvo FH Trucks,FAMILY,4.3,3.0,7.8,1000.0,Free,0.0,Teen,Puzzle,"December 1, 2016",1.0,4.0 and up,0.0,December,0
FH CODE,TOOLS,4.3,13.0,3.6,100.0,Free,0.0,Everyone,Tools,"February 26, 2018",FH CODE 1.0,2.1 and up,0.0,February,0
IKORO FH App Rosenheim,FAMILY,4.3,22.0,29.0,1000.0,Free,0.0,Everyone,Education,"February 6, 2018",1.10.0.0,2.3.3 and up,0.0,February,0
Forgotten Hill: Fall,GAME,4.4,1063.0,18.0,50000.0,Free,0.0,Teen,Adventure,"October 30, 2017",1.7,3.0 and up,0.0,October,0
EHiN-FH conferenceapp,COMMUNICATION,4.3,5.0,26.0,100.0,Free,0.0,Everyone,Communication,"November 15, 2016",1.17,4.1 and up,0.0,November,0
BTK-FH Online Campus,FAMILY,4.3,1.0,3.3,500.0,Free,0.0,Everyone,Education,"November 7, 2016",1.7.2,4.0.3 and up,0.0,November,0
Talking Husky Dog,FAMILY,4.4,26545.0,40.0,1000000.0,Free,0.0,Everyone,Casual,"July 20, 2018",2.08,4.1 and up,0.0,July,0
Forgotten Hill: Surgery,GAME,4.5,2431.0,24.0,100000.0,Free,0.0,Teen,Adventure,"November 3, 2017",1.4,3.0 and up,0.0,November,0
Dolphin and fish coloring book,FAMILY,3.9,2249.0,13.0,500000.0,Free,0.0,Everyone,Art & Design;Creativity,"May 15, 2018",Varies with device,4.1 and up,0.0,May,0
Carpooling FH Hagenberg,COMMUNICATION,4.3,0.0,13.0,100.0,Free,0.0,Everyone,Communication,"May 18, 2017",Varies with device,Varies with device,0.0,May,0
Forgotten Hill: Puppeteer,GAME,4.5,2917.0,22.0,100000.0,Free,0.0,Teen,Adventure,"October 30, 2017",2.6,2.3 and up,0.0,October,0
Airplane Fly Hawaii,FAMILY,4.1,83427.0,16.0,1000000.0,Free,0.0,Everyone,Simulation,"January 30, 2015",2.6,4.1 and up,0.0,January,0
Signal Info,TOOLS,4.6,424.0,3.5,10000.0,Free,0.0,Everyone,Tools,"December 19, 2017",0.11,6.0 and up,0.0,December,0
Signal Spy - Monitor Signal Strength & Data Usage,TOOLS,4.4,875.0,8.5,100000.0,Free,0.0,Everyone,Tools,"December 31, 2017",1.9.9.5,5.1 and up,0.0,December,0
Wi-Fi Auto-connect,COMMUNICATION,3.8,15036.0,0.2470703125,1000000.0,Free,0.0,Everyone,Communication,"August 1, 2015",1.2.0,1.6 and up,0.0,August,0
"Talkie - Wi-Fi Calling, Chats, File Sharing",COMMUNICATION,4.2,4838.0,13.0,500000.0,Free,0.0,Everyone,Communication,"January 6, 2018",Varies with device,Varies with device,0.0,January,0
Avast Wi-Fi Finder,PRODUCTIVITY,4.3,37277.0,13.0,1000000.0,Free,0.0,Everyone,Productivity,"February 26, 2018",2.3.1,4.0.3 and up,0.0,February,0
LG Hi-Fi Plus Manager,TOOLS,3.5,154.0,3.4,10000.0,Free,0.0,Everyone,Tools,"September 6, 2016",5.0.6,6.0 and up,0.0,September,0
WeFi - Free Fast WiFi Connect & Find Wi-Fi Map,COMMUNICATION,4.0,13469.0,5.1,1000000.0,Free,0.0,Everyone,Communication,"June 5, 2018",4.7.0.2200000,4.0 and up,0.0,June,0
[root] Pry-Fi,TOOLS,3.9,6736.0,0.0703125,500000.0,Free,0.0,Everyone,Tools,"February 2, 2014",1.20,4.2 and up,0.0,February,0
Sat-Fi,COMMUNICATION,3.6,97.0,13.0,5000.0,Free,0.0,Everyone,Communication,"August 31, 2017",Varies with device,Varies with device,0.0,August,0
Wi-Fi settings shortcut,TOOLS,4.1,479.0,0.0283203125,50000.0,Free,0.0,Everyone,Tools,"December 13, 2013",1.4,1.6 and up,0.0,December,0
Wi-Fi Master,TOOLS,4.5,3673.0,5.8,500000.0,Free,0.0,Everyone,Tools,"July 24, 2018",1.2.1,4.1 and up,0.0,July,0
Micro Fi,FAMILY,3.7,39.0,2.8,5000.0,Free,0.0,Everyone,Education,"February 12, 2014",2.4,2.3.3 and up,0.0,February,0
Portable Wi-Fi hotspot Free,COMMUNICATION,4.0,1711.0,2.1,100000.0,Free,0.0,Everyone,Communication,"January 11, 2018",1.2.5.4-11,2.3 and up,0.0,January,0
Wi-Fi Networks,PRODUCTIVITY,4.2,115.0,1.4,10000.0,Free,0.0,Everyone,Productivity,"October 5, 2015",1.4,4.1 and up,0.0,October,0
FI CFL,FINANCE,3.7,112.0,3.9,10000.0,Free,0.0,Everyone,Finance,"July 5, 2018",1.1.1,5.0 and up,0.0,July,0
Tassa.fi Finland,LIFESTYLE,3.6,346.0,7.5,50000.0,Free,0.0,Everyone,Lifestyle,"May 22, 2018",5.5,4.0 and up,0.0,May,0
Xposed Wi-Fi-Pwd,PERSONALIZATION,3.5,1042.0,0.39453125,100000.0,Free,0.0,Everyone,Personalization,"August 5, 2014",3.0.0,4.0.3 and up,0.0,August,0
Wi-Fi Visualizer,TOOLS,3.9,132.0,2.6,50000.0,Free,0.0,Everyone,Tools,"May 17, 2017",0.0.9,2.3 and up,0.0,May,0
Sci-Fi Sounds and Ringtones,PERSONALIZATION,3.6,128.0,11.0,10000.0,Free,0.0,Everyone,Personalization,"September 27, 2017",4.0,4.0 and up,0.0,September,0
Free Wi-fi HotspoT,COMMUNICATION,4.1,382.0,2.3,50000.0,Free,0.0,Everyone,Communication,"July 20, 2018",2.5,4.0 and up,0.0,July,0
FJ 4x4 Cruiser Offroad Driving,FAMILY,4.1,3543.0,49.0,500000.0,Free,0.0,Everyone,Simulation,"January 4, 2017",1.1,2.3 and up,0.0,January,0
FJ 4x4 Cruiser Snow Driving,FAMILY,4.2,1619.0,43.0,500000.0,Free,0.0,Everyone,Simulation,"June 4, 2018",1.3,4.0 and up,0.0,June,0
Wallpapers Toyota FJ Cruiser,PERSONALIZATION,4.2,78.0,10.0,10000.0,Free,0.0,Everyone,Personalization,"June 20, 2016",1.0,2.3.3 and up,0.0,June,0
New Wallpapers Toyota FJ Cruiser Theme,PERSONALIZATION,4.3,1.0,16.0,100.0,Free,0.0,Teen,Personalization,"February 23, 2018",1.0,4.1 and up,0.0,February,0
"FJ Final Join , Circles Game",GAME,4.7,32.0,24.0,1000.0,Free,0.0,Teen,Arcade,"July 11, 2018",0.24,4.3 and up,0.0,July,0
HD Wallpaper - Toyota FJ Cruiser,TOOLS,4.3,2.0,6.2,100.0,Free,0.0,Everyone,Tools,"November 10, 2017",1.0,4.0 and up,0.0,November,0
FJ Drive: Mercedes-Benz Lease,AUTO_AND_VEHICLES,4.6,107.0,27.0,10000.0,Free,0.0,Everyone,Auto & Vehicles,"November 6, 2017",2.0.0,4.1 and up,0.0,November,0
Driving n Parking School 2017,FAMILY,4.5,15.0,46.0,1000.0,Free,0.0,Everyone,Simulation,"May 31, 2017",1.0,2.3 and up,0.0,May,0
FJ WiFi HDD,TOOLS,4.3,40.0,2.4,5000.0,Free,0.0,Everyone,Tools,"October 31, 2017",1.0.5,2.1 and up,0.0,October,0
Offroad Cruiser,FAMILY,4.3,42432.0,36.0,1000000.0,Free,0.0,Everyone,Simulation,"July 13, 2016",1.3,2.3.3 and up,0.0,July,0
HD Themes Toyota Cruiser 70,PERSONALIZATION,4.5,86.0,17.0,10000.0,Free,0.0,Teen,Personalization,"October 2, 2016",1.0,2.3.3 and up,0.0,October,0
Toyota Cruisers & Trucks Mag,TRAVEL_AND_LOCAL,4.5,10.0,8.0,500.0,Free,0.0,Everyone,Travel & Local,"March 14, 2018",3.0.0,4.4 and up,0.0,March,0
4 x4 Offroad SUV 3D Truck Simulator Driving 2017,FAMILY,4.4,32.0,37.0,1000.0,Free,0.0,Everyone,Simulation,"December 6, 2017",1.0,2.3 and up,0.0,December,0
HD Themes Toyota Cruiser 60,PERSONALIZATION,4.3,0.0,15.0,100.0,Free,0.0,Teen,Personalization,"October 2, 2016",1.0,2.3.3 and up,0.0,October,0
HD Themes Toyota Cruiser70,PERSONALIZATION,4.3,0.0,15.0,100.0,Free,0.0,Teen,Personalization,"October 3, 2016",1.0,2.3.3 and up,0.0,October,0
HD Themes Toyota Cruiser 80,PERSONALIZATION,4.3,2.0,13.0,100.0,Free,0.0,Teen,Personalization,"October 3, 2016",1.0,2.3.3 and up,0.0,October,0
HD Themes Toyota Cruiser 50,PERSONALIZATION,4.3,1.0,11.0,50.0,Free,0.0,Teen,Personalization,"October 2, 2016",1.0,2.3.3 and up,0.0,October,0
OFF-ROAD SIMULATOR 4x4 : REAL,FAMILY,4.2,109.0,25.0,10000.0,Free,0.0,Everyone,Simulation,"April 15, 2017",1.4,2.3 and up,0.0,April,0
HD Themes Toyota Cruiser 100VX,PERSONALIZATION,4.3,2.0,16.0,100.0,Free,0.0,Teen,Personalization,"September 30, 2016",1.0,2.3.3 and up,0.0,September,0
HD Themes Toyota Cruiser 200,PERSONALIZATION,3.7,3.0,15.0,100.0,Free,0.0,Teen,Personalization,"October 1, 2016",1.0,2.3.3 and up,0.0,October,0
HD Themes Toyota Cruiser 40,PERSONALIZATION,4.3,2.0,15.0,100.0,Free,0.0,Teen,Personalization,"October 2, 2016",1.0,2.3.3 and up,0.0,October,0
Offroad 4x4 Car Driving,FAMILY,4.3,26224.0,43.0,1000000.0,Free,0.0,Everyone,Simulation,"April 29, 2017",1.0.4,2.3 and up,0.0,April,0
Offroad drive : 4x4 driving game,GAME,3.5,2071.0,36.0,100000.0,Free,0.0,Everyone,Racing,"June 29, 2018",1.0.3,4.1 and up,0.0,June,0
Drive 4x4 Luxury SUV Jeep,GAME,4.2,2183.0,46.0,500000.0,Free,0.0,Everyone,Racing,"July 10, 2018",1.12,2.3 and up,0.0,July,0
FJ-link,TOOLS,4.3,1.0,20.0,10.0,Free,0.0,Everyone,Tools,"January 3, 2018",1.1.2,4.1 and up,0.0,January,0
Motocross Mayhem,GAME,3.8,35171.0,45.0,1000000.0,Free,0.0,Everyone,Racing,"February 11, 2014",1.2,2.3 and up,0.0,February,0
Funny Jokes,FAMILY,3.9,2505.0,2.9,100000.0,Free,0.0,Mature 17+,Entertainment,"June 18, 2018",1.2,4.1 and up,0.0,June,0
Motocross Fun Simulator,FAMILY,3.8,22570.0,35.0,1000000.0,Free,0.0,Everyone,Simulation,"January 9, 2017",1.2,2.3.3 and up,0.0,January,0
Dino Defends king 3 – Dinosaur T rex Hunter Games,GAME,3.6,182.0,41.0,50000.0,Free,0.0,Teen,Adventure,"March 1, 2018",2.1,4.1 and up,0.0,March,0
Fast Notes FJ,PRODUCTIVITY,4.2,12.0,2.2,500.0,Free,0.0,Everyone,Productivity,"August 12, 2014",8.0.0,2.2 and up,0.0,August,0
Block Gun 3D: Haunted Hollow,GAME,3.8,16282.0,35.0,1000000.0,Free,0.0,Teen,Action,"October 9, 2017",1.1.4,2.3 and up,0.0,October,0
Art of F J Taylor,VIDEO_PLAYERS,4.3,2.0,1.5,10.0,Free,0.0,Everyone,Video Players & Editors,"June 23, 2015",1.0.2,4.3 and up,0.0,June,0
Drift Legends,GAME,4.2,33788.0,27.0,1000000.0,Free,0.0,Everyone,Racing,"March 29, 2018",1.8.5,4.1 and up,0.0,March,0
FK,MEDICAL,4.4,1517.0,8.5,100000.0,Free,0.0,Everyone,Medical,"July 13, 2018",2.5.9,2.3 and up,0.0,July,0
FK (FlightKid),GAME,4.3,2.0,22.0,10.0,Free,0.0,Everyone,Action,"March 3, 2016",1.0,4.0 and up,0.0,March,0
FK Sūduva Marijampolė,SPORTS,4.3,2.0,26.0,10.0,Free,0.0,Everyone,Sports,"February 21, 2018",1.0,4.1 and up,0.0,February,0
FK Željezničar,SPORTS,4.9,1420.0,20.0,10000.0,Free,0.0,Everyone,Sports,"July 12, 2018",2.5.0,4.2 and up,0.0,July,0
FK Oleksandria,SPORTS,4.3,0.0,26.0,10.0,Free,0.0,Everyone,Sports,"February 14, 2018",1.0,4.1 and up,0.0,February,0
FK CLASSIC FOR YOU,BUSINESS,5.0,1.0,3.5,10.0,Free,0.0,Everyone,Business,"February 20, 2018",1.1.0,4.0 and up,0.0,February,0
FK Sileks,SPORTS,4.3,0.0,26.0,1.0,Free,0.0,Everyone,Sports,"March 18, 2018",1.0,4.1 and up,0.0,March,0
Qarabağ FK,SPORTS,4.3,9.0,5.5,100.0,Free,0.0,Everyone,Sports,"August 1, 2018",1.14,4.2 and up,0.0,August,0
FK Sloboda Tuzla,SPORTS,4.3,0.0,26.0,10.0,Free,0.0,Everyone,Sports,"February 20, 2018",1.0,4.1 and up,0.0,February,0
FK Jelgava,SPORTS,4.3,0.0,26.0,5.0,Free,0.0,Everyone,Sports,"February 22, 2018",1.0,4.1 and up,0.0,February,0
FK Vojvodina,SPORTS,4.3,5.0,26.0,50.0,Free,0.0,Everyone,Sports,"February 19, 2018",1.0,4.1 and up,0.0,February,0
FK Liepaja,SPORTS,4.3,4.0,26.0,100.0,Free,0.0,Everyone,Sports,"March 17, 2018",1.0,4.1 and up,0.0,March,0
FK Teplice,SPORTS,4.3,2.0,26.0,50.0,Free,0.0,Everyone,Sports,"March 1, 2018",1.0,4.1 and up,0.0,March,0
FK Sarajevo,SPORTS,4.3,6.0,26.0,100.0,Free,0.0,Everyone,Sports,"March 2, 2018",1.0,4.1 and up,0.0,March,0
FK Vardar,SPORTS,4.3,2.0,26.0,10.0,Free,0.0,Everyone,Sports,"February 20, 2018",1.0,4.1 and up,0.0,February,0
FK Bregalnica Štip,SPORTS,4.3,0.0,26.0,1.0,Free,0.0,Everyone,Sports,"February 24, 2018",1.0,4.1 and up,0.0,February,0
FK Mladost Lucani,SPORTS,4.3,0.0,26.0,5.0,Free,0.0,Everyone,Sports,"February 19, 2018",1.0,4.1 and up,0.0,February,0
FK Radnicki Nis,SPORTS,4.3,1.0,26.0,50.0,Free,0.0,Everyone,Sports,"February 19, 2018",1.0,4.1 and up,0.0,February,0
FK Dukla Prague,SPORTS,4.3,0.0,26.0,10.0,Free,0.0,Everyone,Sports,"February 28, 2018",1.0,4.1 and up,0.0,February,0
FK Rad,SPORTS,4.3,1.0,26.0,10.0,Free,0.0,Everyone,Sports,"February 19, 2018",1.0,4.1 and up,0.0,February,0
FK Jablonec,SPORTS,4.3,2.0,26.0,50.0,Free,0.0,Everyone,Sports,"February 27, 2018",1.0,4.1 and up,0.0,February,0
FK Senica,SPORTS,4.3,0.0,13.0,10.0,Free,0.0,Everyone,Sports,"August 24, 2017",14,4.1 and up,0.0,August,0
FK Vozdovac,SPORTS,4.3,1.0,26.0,10.0,Free,0.0,Everyone,Sports,"February 19, 2018",1.0,4.1 and up,0.0,February,0
FK Mladá Boleslav,SPORTS,4.3,0.0,26.0,10.0,Free,0.0,Everyone,Sports,"March 18, 2018",2.0,4.1 and up,0.0,March,0
FK Macva Sabac,SPORTS,4.3,3.0,26.0,10.0,Free,0.0,Everyone,Sports,"February 19, 2018",1.0,4.1 and up,0.0,February,0
FK Crvena zvezda,SPORTS,4.9,1211.0,15.0,10000.0,Free,0.0,Everyone,Sports,"January 22, 2018",1.0.1,4.4 and up,0.0,January,0
FK Events,PRODUCTIVITY,4.3,0.0,18.0,5.0,Free,0.0,Teen,Productivity,"June 27, 2018",7.17.2.1,5.0 and up,0.0,June,0
FK Jonava,SPORTS,4.3,1.0,26.0,5.0,Free,0.0,Everyone,Sports,"February 21, 2018",1.0,4.1 and up,0.0,February,0
FK Željezničar Izzy,FAMILY,4.9,119.0,17.0,1000.0,Free,0.0,Everyone,Entertainment,"November 18, 2016",1.0,4.4 and up,0.0,November,0
FK Čukarički,SPORTS,4.3,0.0,26.0,10.0,Free,0.0,Everyone,Sports,"February 19, 2018",1.0,4.1 and up,0.0,February,0
Austria Wien FK - Fussball - Inoffizielle App,SPORTS,4.3,2.0,12.0,100.0,Free,0.0,Everyone,Sports,"July 27, 2018",1.0.4,4.1 and up,0.0,July,0
FK Železiarne Podbrezová,SPORTS,4.3,0.0,26.0,5.0,Free,0.0,Everyone,Sports,"April 23, 2018",1.0,4.1 and up,0.0,April,0
FK Viktoria Žižkov,SPORTS,4.3,0.0,26.0,10.0,Free,0.0,Everyone,Sports,"February 27, 2018",1.0,4.1 and up,0.0,February,0
FK Zemun,SPORTS,4.3,3.0,26.0,10.0,Free,0.0,Everyone,Sports,"February 19, 2018",1.0,4.1 and up,0.0,February,0
FK Spartak Subotica,SPORTS,4.3,0.0,26.0,10.0,Free,0.0,Everyone,Sports,"February 19, 2018",1.0,4.1 and up,0.0,February,0
FK Dedinje BGD,SPORTS,5.0,36.0,2.6,100.0,Free,0.0,Everyone,Sports,"February 11, 2017",1.1,4.0 and up,0.0,February,0
FK Fotbal Třinec,SPORTS,4.3,0.0,27.0,10.0,Free,0.0,Everyone,Sports,"March 18, 2018",1.0,4.1 and up,0.0,March,0
FK Crvena Zvezda Izzy,TOOLS,4.8,1456.0,15.0,50000.0,Free,0.0,Everyone,Tools,"November 14, 2016",1.2,4.4 and up,0.0,November,0
FK Utenis Utena,SPORTS,4.3,0.0,26.0,5.0,Free,0.0,Everyone,Sports,"February 21, 2018",1.0,4.1 and up,0.0,February,0
FL State Parks Guide,TRAVEL_AND_LOCAL,3.7,871.0,45.0,100000.0,Free,0.0,Everyone,Travel & Local,"October 27, 2017",5.29.23 Domain 253,4.4 and up,0.0,October,0
Permit Test FL Florida DHSMV,FAMILY,4.7,246.0,11.0,10000.0,Free,0.0,Everyone,Education,"October 12, 2017",2.9.0,4.1 and up,0.0,October,0
FL Lottery Results,FAMILY,4.6,1481.0,3.1,50000.0,Free,0.0,Teen,Entertainment,"March 31, 2018",3.7,4.1 and up,0.0,March,0
Florida DMV Permit Test -Fl,FAMILY,4.3,87.0,30.0,10000.0,Free,0.0,Everyone,Education,"February 15, 2018",6.0.3,4.4 and up,0.0,February,0
Lottery Results: Florida,FAMILY,4.2,582.0,3.2,100000.0,Free,0.0,Teen,Entertainment,"January 22, 2018",4.0,4.0 and up,0.0,January,0
Scratch-Off Guide for FL Lotto,FAMILY,4.6,25.0,5.6,5000.0,Free,0.0,Everyone,Entertainment,"July 4, 2018",1.11,4.0.3 and up,0.0,July,0
"Charlotte County, FL",PRODUCTIVITY,4.7,10.0,7.1,1000.0,Free,0.0,Everyone,Productivity,"February 23, 2017",3.9.4,4.0.3 and up,0.0,February,0
Results for FL Lottery,NEWS_AND_MAGAZINES,4.6,146.0,7.1,10000.0,Free,0.0,Everyone,News & Magazines,"February 28, 2017",3.0,4.1 and up,0.0,February,0
Fish|Hunt FL,LIFESTYLE,3.6,853.0,34.0,100000.0,Free,0.0,Everyone,Lifestyle,"March 22, 2018",3.2.0,4.1 and up,0.0,March,0
Florida Storms,WEATHER,3.8,116.0,36.0,10000.0,Free,0.0,Everyone,Weather,"December 26, 2017",2.0.11,4.4 and up,0.0,December,0
FL Racing Manager 2018 Lite,SPORTS,4.0,1338.0,15.0,100000.0,Free,0.0,Everyone,Sports,"March 17, 2018",1.18,3.0 and up,0.0,March,0
FL Tax-Verify,BUSINESS,3.8,17.0,6.1,5000.0,Free,0.0,Everyone,Business,"November 9, 2016",1.1.3,4.0 and up,0.0,November,0
FL House,PRODUCTIVITY,4.4,29.0,13.0,1000.0,Free,0.0,Everyone,Productivity,"November 22, 2016",1.6.7,Varies with device,0.0,November,0
Lottery Driver- Florida Result,FAMILY,4.4,70.0,4.4,5000.0,Free,0.0,Teen,Entertainment,"April 16, 2017",2.5,4.1 and up,0.0,April,0
The Florida Trail Guide,TRAVEL_AND_LOCAL,4.3,100.0,13.0,5000.0,Free,0.0,Everyone,Travel & Local,"April 1, 2017",6.0.18,4.1 and up,0.0,April,0
Florida - Pocket Brainbook,BOOKS_AND_REFERENCE,4.6,7.0,12.0,1000.0,Free,0.0,Everyone,Books & Reference,"March 19, 2018",1.0.9,4.4 and up,0.0,March,0
Discovery Church Florida,LIFESTYLE,4.7,40.0,8.0,1000.0,Free,0.0,Teen,Lifestyle,"June 25, 2018",3.8.0,4.1 and up,0.0,June,0
Florida Driver License Test,FAMILY,4.5,65.0,0.458984375,5000.0,Free,0.0,Everyone,Education,"January 30, 2016",2.0,2.1 and up,0.0,January,0
Free Florida DMV Test 2018,FAMILY,4.1,665.0,5.3,50000.0,Free,0.0,Everyone,Education,"May 24, 2018",8.1,4.0.3 and up,0.0,May,0
Canvas FL,FAMILY,4.9,36.0,9.4,1000.0,Free,0.0,Teen,Education,"June 25, 2018",3.8.0,4.1 and up,0.0,June,0
Florida Lottery Results,NEWS_AND_MAGAZINES,4.1,763.0,2.2,100000.0,Free,0.0,Everyone,News & Magazines,"December 18, 2015",2.0,2.3.3 and up,0.0,December,0
Florida Cooling Supply HVAC,PRODUCTIVITY,4.2,6.0,43.0,500.0,Free,0.0,Everyone,Productivity,"July 27, 2018",8.1.10.41,4.4 and up,0.0,July,0
Restaurant Inspections - FL,HEALTH_AND_FITNESS,3.5,143.0,0.220703125,10000.0,Free,0.0,Everyone,Health & Fitness,"June 12, 2013",1.1,2.2 and up,0.0,June,0
Florida Keys,TRAVEL_AND_LOCAL,4.2,92.0,20.0,10000.0,Free,0.0,Everyone,Travel & Local,"April 6, 2017",4.1,4.0.3 and up,0.0,April,0
South Florida AA Meetings,LIFESTYLE,5.0,10.0,21.0,1000.0,Free,0.0,Everyone,Lifestyle,"May 24, 2018",2.18,4.1 and up,0.0,May,0
Florida Travel Guide - TOURIAS,TRAVEL_AND_LOCAL,3.8,80.0,37.0,10000.0,Free,0.0,Everyone,Travel & Local,"July 30, 2018",3.21,4.0 and up,0.0,July,0
Florida State Gameday,SPORTS,4.7,1566.0,26.0,50000.0,Free,0.0,Everyone,Sports,"July 13, 2018",9.19.2,4.1 and up,0.0,July,0
FL Bankers,EVENTS,4.3,0.0,3.4,10.0,Free,0.0,Everyone,Events,"June 5, 2018",1.0.1,4.2 and up,0.0,June,0
Fort Myers FL,PRODUCTIVITY,4.3,0.0,22.0,100.0,Free,0.0,Everyone,Productivity,"September 17, 2015",2.4.0,4.1 and up,0.0,September,0
"News-Journal-Daytona Beach, FL",NEWS_AND_MAGAZINES,4.5,76.0,7.8,5000.0,Free,0.0,Everyone,News & Magazines,"July 3, 2018",5.0,4.4 and up,0.0,July,0
Florida map,TRAVEL_AND_LOCAL,4.3,11.0,3.4,5000.0,Free,0.0,Everyone,Travel & Local,"May 15, 2016",0.0.7,4.0 and up,0.0,May,0
"Trinity Church Deltona, FL",LIFESTYLE,5.0,33.0,28.0,500.0,Free,0.0,Everyone,Lifestyle,"May 7, 2018",1.9.0.0,2.3.3 and up,0.0,May,0
"Beacon Baptist Jupiter, FL",LIFESTYLE,5.0,14.0,2.6,100.0,Free,0.0,Everyone,Lifestyle,"October 13, 2017",2.4,4.0.3 and up,0.0,October,0
"Clearwater, FL - weather and more",WEATHER,4.3,0.0,3.9,10.0,Free,0.0,Everyone,Weather,"April 12, 2018",1.0,5.0 and up,0.0,April,0
University of Florida,FAMILY,4.0,168.0,7.6,10000.0,Free,0.0,Everyone,Education,"October 2, 2017",2.0,4.1 and up,0.0,October,0
"Ocala Star Banner, FL",NEWS_AND_MAGAZINES,4.5,75.0,8.1,5000.0,Free,0.0,Everyone,News & Magazines,"July 25, 2018",5.1,4.4 and up,0.0,July,0
Lotto Results - Mega Millions Powerball Lottery US,NEWS_AND_MAGAZINES,4.5,14221.0,1.8,1000000.0,Free,0.0,Teen,News & Magazines,"December 11, 2015",2.0.3,2.3.3 and up,0.0,December,0
Jax Sheriff (FL),LIFESTYLE,4.2,53.0,16.0,5000.0,Free,0.0,Everyone,Lifestyle,"June 25, 2018",2.0.1,4.1 and up,0.0,June,0
Results for FL Lottery (Florida),FAMILY,4.3,1.0,3.2,100.0,Free,0.0,Mature 17+,Entertainment,"November 2, 2017",2.27,4.0.3 and up,0.0,November,0
Hidden Object Florida Vacation Adventure Fun Game,FAMILY,3.7,126.0,45.0,10000.0,Free,0.0,Everyone,Casual,"June 18, 2018",1.4,4.0.3 and up,0.0,June,0
WFLA News Channel 8 - Tampa FL,NEWS_AND_MAGAZINES,3.8,133.0,14.0,10000.0,Free,0.0,Everyone,News & Magazines,"July 18, 2018",v4.30.0.8,5.0 and up,0.0,July,0
Florida Beach Wallpapers HD,TRAVEL_AND_LOCAL,5.0,3.0,12.0,100.0,Free,0.0,Everyone,Travel & Local,"December 30, 2015",1.8.1,4.1 and up,0.0,December,0
MY GULFPORT FL,PRODUCTIVITY,4.3,0.0,49.0,50.0,Free,0.0,Everyone,Productivity,"May 18, 2018",17.4,4.1 and up,0.0,May,0
My MLS App,LIFESTYLE,4.1,1213.0,13.0,100000.0,Free,0.0,Everyone,Lifestyle,"June 4, 2018",2.8.4,4.0.3 and up,0.0,June,0
"St. Petersburg, FL - weather and more",WEATHER,4.3,0.0,3.9,10.0,Free,0.0,Everyone,Weather,"April 13, 2018",1.0,5.0 and up,0.0,April,0
LifePoint Church - FL,LIFESTYLE,4.3,1.0,7.6,50.0,Free,0.0,Everyone,Lifestyle,"December 9, 2015",1.1,4.0.3 and up,0.0,December,0
WSVN • South Florida's Source for Weather,WEATHER,4.3,7.0,28.0,1000.0,Free,0.0,Everyone,Weather,"June 21, 2018",4.6.1404,4.4 and up,0.0,June,0
PriorityONE Credit Union of Fl,FINANCE,4.7,178.0,12.0,1000.0,Free,0.0,Everyone,Finance,"June 12, 2018",5.9.1.0,5.0 and up,0.0,June,0
ORLANDO FLORIDA MAP,TRAVEL_AND_LOCAL,4.3,3.0,9.2,1000.0,Free,0.0,Everyone,Travel & Local,"January 24, 2017",1.3.0,4.0 and up,0.0,January,0
Florida Tech Mobile,FAMILY,3.8,87.0,5.4,5000.0,Free,0.0,Everyone,Education,"September 13, 2016",5.2,4.1 and up,0.0,September,0
Florida Offline Road Map,TRAVEL_AND_LOCAL,3.8,144.0,8.7,10000.0,Free,0.0,Everyone,Travel & Local,"October 2, 2014",5.0,2.3.3 and up,0.0,October,0
Florida Map offline,TRAVEL_AND_LOCAL,4.6,8.0,18.0,1000.0,Free,0.0,Everyone,Travel & Local,"June 22, 2018",1.73,4.3 and up,0.0,June,0
"The Ledger - Lakeland, Florida",NEWS_AND_MAGAZINES,4.6,89.0,5.7,5000.0,Free,0.0,Everyone,News & Magazines,"February 17, 2018",5.0,4.4 and up,0.0,February,0
Gainesville Florida Police Department,LIFESTYLE,4.8,4.0,15.0,500.0,Free,0.0,Everyone,Lifestyle,"November 22, 2017",1.1,4.1 and up,0.0,November,0
Gainesville Bus Tracker,MAPS_AND_NAVIGATION,4.2,63.0,1.6,10000.0,Free,0.0,Everyone,Maps & Navigation,"August 25, 2015",1.0.6,4.0 and up,0.0,August,0
Florida HSMV Driver License,FAMILY,3.9,14.0,11.0,1000.0,Free,0.0,Everyone,Education,"January 13, 2015",1.3,4.0 and up,0.0,January,0
WSVN - 7 News Miami,NEWS_AND_MAGAZINES,4.5,3320.0,14.0,100000.0,Free,0.0,Everyone,News & Magazines,"August 3, 2018",v4.30.0.9,5.0 and up,0.0,August,0
WICShopper,SHOPPING,3.9,3023.0,13.0,500000.0,Free,0.0,Everyone,Shopping,"July 26, 2018",Varies with device,Varies with device,0.0,July,0
First Federal Bank of Florida,FINANCE,4.3,133.0,30.0,10000.0,Free,0.0,Everyone,Finance,"May 23, 2018",18.1.79,5.0 and up,0.0,May,0
South Florida MLS,LIFESTYLE,4.4,133.0,13.0,10000.0,Free,0.0,Everyone,Lifestyle,"June 2, 2018",2.8.4,4.0.3 and up,0.0,June,0
Podcast App: Free & Offline Podcasts by Player FM,NEWS_AND_MAGAZINES,4.6,66407.0,19.0,1000000.0,Free,0.0,Teen,News & Magazines,"July 25, 2018",4.1.0.72,4.0 and up,0.0,July,0
How it Works: FN SCAR assault rifle,FAMILY,4.6,44.0,45.0,10000.0,Free,0.0,Everyone,Casual,"January 9, 2018",2.1.9f7,4.0.3 and up,0.0,January,0
FutureNet your social app,SOCIAL,4.2,2093.0,7.0,100000.0,Free,0.0,Teen,Social,"March 8, 2018",3.36,4.2 and up,0.0,March,0
Jigsaw Puzzles FN FAL Light Automatic Rifle,FAMILY,4.3,0.0,5.6,50.0,Free,0.0,Teen,Puzzle,"May 7, 2018",1.0,4.0.3 and up,0.0,May,0
Wallpapers FN Herstal FNP 9,PERSONALIZATION,4.3,0.0,11.0,1.0,Free,0.0,Teen,Personalization,"April 12, 2018",1.0,4.1 and up,0.0,April,0
Ninja FN Button,FAMILY,4.8,12.0,12.0,1000.0,Free,0.0,Teen,Entertainment,"July 4, 2018",1.1,4.0 and up,0.0,July,0
Wallpapers FN SCAR H,PERSONALIZATION,5.0,4.0,9.2,100.0,Free,0.0,Teen,Personalization,"April 12, 2018",1.0,4.1 and up,0.0,April,0
Wallpapers FN F2000,PERSONALIZATION,4.3,0.0,11.0,5.0,Free,0.0,Teen,Personalization,"April 16, 2018",1.0,4.1 and up,0.0,April,0
Wallpapers FN Five seven,PERSONALIZATION,4.3,0.0,13.0,10.0,Free,0.0,Teen,Personalization,"April 18, 2018",1.0,4.1 and up,0.0,April,0
FN,BUSINESS,5.0,14.0,3.3,50.0,Free,0.0,Everyone,Business,"February 1, 2018",1.0,4.0 and up,0.0,February,0
Wallpapers FN FAL Light Automatic Rifle,PERSONALIZATION,4.3,0.0,14.0,10.0,Free,0.0,Teen,Personalization,"April 17, 2018",1.0,4.1 and up,0.0,April,0
F N Bail Bonds,LIFESTYLE,3.8,4.0,14.0,500.0,Free,0.0,Everyone,Lifestyle,"January 6, 2017",1.4,4.0.3 and up,0.0,January,0
PIP-Camera FN Photo Effect,PHOTOGRAPHY,4.6,8.0,9.0,1000.0,Free,0.0,Everyone,Photography,"December 4, 2016",1.0,2.3 and up,0.0,December,0
Bullet - FN Theme,PERSONALIZATION,3.8,143.0,0.234375,5000.0,Free,0.0,Everyone,Personalization,"July 31, 2013",1.0,2.2 and up,0.0,July,0
FN Web Radio,COMMUNICATION,4.3,0.0,1.6,10.0,Free,0.0,Everyone,Communication,"May 18, 2018",1.1,2.3 and up,0.0,May,0
Gun Builder ELITE,GAME,4.1,88941.0,34.0,1000000.0,Free,0.0,Teen,Action,"July 26, 2016",3.1.7,4.0 and up,0.0,July,0
FNH Payment Info,COMMUNICATION,4.3,0.0,2.1,10.0,Free,0.0,Everyone,Communication,"March 17, 2018",1.3,4.0.3 and up,0.0,March,0
Calculator Fn,TOOLS,4.3,9.0,3.6,500.0,Free,0.0,Everyone,Tools,"November 12, 2015",1.4,4.0 and up,0.0,November,0
HAL-9000 - FN Theme,PERSONALIZATION,3.5,159.0,0.2509765625,10000.0,Free,0.0,Everyone,Personalization,"August 16, 2013",1.0,2.2 and up,0.0,August,0
Fresh News,NEWS_AND_MAGAZINES,4.4,2207.0,9.8,100000.0,Free,0.0,Everyone,News & Magazines,"July 26, 2018",41.0,4.1 and up,0.0,July,0
Future Cloud,PRODUCTIVITY,4.6,1075.0,13.0,100000.0,Free,0.0,Everyone,Productivity,"January 22, 2018",Varies with device,4.4 and up,0.0,January,0
Gun Club Armory,GAME,4.2,55014.0,28.0,1000000.0,Free,0.0,Teen,Action,"December 4, 2017",1.2.6,4.1 and up,0.0,December,0
Ethical Hacking,FAMILY,4.1,128.0,3.2,10000.0,Free,0.0,Everyone,Education,"July 9, 2018",1.3,4.0.3 and up,0.0,July,0
Armed Cam Gun Pack,GAME,4.2,1012.0,50.0,10000.0,Free,0.0,Teen,Action,"January 18, 2015",1.0.2,3.0 and up,0.0,January,0
Fo File Manager,TOOLS,4.5,1916.0,0.35546875,100000.0,Free,0.0,Everyone,Tools,"December 31, 2015",1.8.8,2.1 and up,0.0,December,0
Alarm.fo – choose your info,SOCIAL,4.4,19.0,3.1,1000.0,Free,0.0,Everyone,Social,"May 29, 2018",1.4.8,4.1 and up,0.0,May,0
Pin-fo,FAMILY,4.6,19.0,1.6,500.0,Free,0.0,Everyone,Entertainment,"August 15, 2016",3rd Release Aug 2016,2.2 and up,0.0,August,0
MARKET FO,COMMUNICATION,4.3,0.0,15.0,100.0,Free,0.0,Everyone,Communication,"November 30, 2017",1.0,4.1 and up,0.0,November,0
FO OP St-Nazaire,COMMUNICATION,4.3,1.0,17.0,100.0,Free,0.0,Everyone,Communication,"December 19, 2017",1.0,4.1 and up,0.0,December,0
FO SODEXO,COMMUNICATION,4.3,0.0,16.0,100.0,Free,0.0,Everyone,Communication,"March 13, 2018",1.0,4.1 and up,0.0,March,0
FO RCBT,COMMUNICATION,4.3,5.0,15.0,100.0,Free,0.0,Everyone,Communication,"November 15, 2017",1.0,4.1 and up,0.0,November,0
FO Interim,COMMUNICATION,4.3,1.0,11.0,100.0,Free,0.0,Everyone,Communication,"March 14, 2017",1.0,4.1 and up,0.0,March,0
FO PSA Sept-Fons,COMMUNICATION,4.3,2.0,15.0,100.0,Free,0.0,Everyone,Communication,"March 22, 2018",1.0,4.1 and up,0.0,March,0
FO BOULANGER,FINANCE,4.3,10.0,19.0,50.0,Free,0.0,Everyone,Finance,"May 15, 2018",1.0,4.4 and up,0.0,May,0
FO AIRBUS TLSE,COMMUNICATION,4.3,4.0,16.0,1000.0,Free,0.0,Everyone,Communication,"January 25, 2018",1.1,4.1 and up,0.0,January,0
F-O-Meter,FAMILY,4.3,0.0,2.8,1.0,Free,0.0,Mature 17+,Entertainment,"August 2, 2018",1.0.1,4.0 and up,0.0,August,0
Theme fo Oppo A30 Wallpaper & Icon,BUSINESS,4.3,7.0,1.3,500.0,Free,0.0,Everyone,Business,"August 18, 2017",1.0.0,2.3.3 and up,0.0,August,0
FO STELIA Méaulte,COMMUNICATION,4.3,2.0,18.0,100.0,Free,0.0,Everyone,Communication,"December 19, 2017",1.1,4.1 and up,0.0,December,0
RRIMS FO,BUSINESS,4.3,2.0,5.2,100.0,Free,0.0,Everyone,Business,"July 27, 2018",4.2,5.0 and up,0.0,July,0
Neon Blue Gaming Wallpaper&Theme fo Lenovo K8 Note,BUSINESS,4.6,7.0,2.0,500.0,Free,0.0,Everyone,Business,"August 24, 2017",1.0.0,2.3.3 and up,0.0,August,0
Custos F.O.,BUSINESS,4.3,0.0,9.7,1.0,Free,0.0,Everyone,Business,"June 20, 2018",4.1.0,4.1 and up,0.0,June,0
FO AIRBUS Nantes,COMMUNICATION,4.3,0.0,17.0,100.0,Free,0.0,Everyone,Communication,"December 14, 2017",1.0,4.1 and up,0.0,December,0
Lalafo Pulsuz Elanlar,SHOPPING,4.4,61392.0,13.0,1000000.0,Free,0.0,Everyone,Shopping,"August 8, 2018",Varies with device,Varies with device,0.0,August,0
My Earthquake Alerts - US & Worldwide Earthquakes,WEATHER,4.4,3471.0,13.0,100000.0,Free,0.0,Everyone,Weather,"July 24, 2018",Varies with device,Varies with device,0.0,July,0
Frontline Terrorist Battle Shoot: Free FPS Shooter,GAME,4.2,9183.0,49.0,1000000.0,Free,0.0,Mature 17+,Action,"June 22, 2018",1.1,4.4 and up,0.0,June,0
BankNordik,FINANCE,3.9,28.0,15.0,5000.0,Free,0.0,Everyone,Finance,"August 8, 2018",7.3.2,5.0 and up,0.0,August,0
Sona - Nær við allastaðni,LIFESTYLE,4.2,31.0,25.0,1000.0,Free,0.0,Everyone,Lifestyle,"August 2, 2018",1.6.3,4.4 and up,0.0,August,0
Firefox Focus: The privacy browser,COMMUNICATION,4.4,36981.0,4.0,1000000.0,Free,0.0,Everyone,Communication,"July 6, 2018",5.2,5.0 and up,0.0,July,0
Mad Dash Fo' Cash,GAME,5.0,14.0,16.0,100.0,Free,0.0,Everyone,Arcade,"June 19, 2017",2.5a,4.1 and up,0.0,June,0
Launcher Theme for LG K10 2018,PERSONALIZATION,4.0,649.0,11.0,100000.0,Free,0.0,Everyone,Personalization,"March 30, 2017",1.0,2.3.3 and up,0.0,March,0
English To Shona Dictionary,BOOKS_AND_REFERENCE,4.6,60.0,3.7,10000.0,Free,0.0,Everyone,Books & Reference,"July 10, 2016",1.4,3.0 and up,0.0,July,0
Posta App,MAPS_AND_NAVIGATION,3.6,8.0,13.0,1000.0,Free,0.0,Everyone,Maps & Navigation,"September 27, 2017",Varies with device,4.4 and up,0.0,September,0
Thumbnail Maker,PHOTOGRAPHY,4.4,26252.0,24.0,1000000.0,Free,0.0,Everyone,Photography,"May 26, 2018",1.7,4.2 and up,0.0,May,0
Fon WiFi App – WiFi Connect,TOOLS,4.1,222.0,16.0,50000.0,Free,0.0,Everyone,Tools,"July 26, 2018",2.2.4,4.4 and up,0.0,July,0
Draw with FP sDraw,TOOLS,4.3,3268.0,0.4560546875,100000.0,Free,0.0,Everyone,Tools,"December 16, 2017",6.6,2.0 and up,0.0,December,0
FP Click sound changer,PERSONALIZATION,3.5,178.0,1.4,10000.0,Free,0.0,Everyone,Personalization,"December 26, 2015",1.0,1.6 and up,0.0,December,0
FP Connect,COMMUNICATION,4.3,0.0,22.0,100.0,Free,0.0,Teen,Communication,"December 15, 2017",3.15.1,4.1 and up,0.0,December,0
FP-safe,BUSINESS,4.3,0.0,2.6,100.0,Free,0.0,Everyone,Business,"May 8, 2018",1.0,4.0.3 and up,0.0,May,0
FP Legacy,MAPS_AND_NAVIGATION,4.0,3.0,44.0,1000.0,Free,0.0,Everyone,Maps & Navigation,"July 2, 2018",3.4.0,4.0 and up,0.0,July,0
Race Manager FP,GAME,3.8,196.0,11.0,5000.0,Free,0.0,Everyone,Racing,"November 3, 2014",2.1,2.2 and up,0.0,November,0
FreedomPop Messaging Phone/SIM,COMMUNICATION,3.6,9894.0,39.0,500000.0,Free,0.0,Everyone,Communication,"July 26, 2018",23.01.1265.0712,4.1 and up,0.0,July,0
Fingerprint Quick Action,TOOLS,4.2,8484.0,1.7,1000000.0,Free,0.0,Everyone,Tools,"July 22, 2018",0.15.2,6.0 and up,0.0,July,0
GKPB FP Online Church,LIFESTYLE,5.0,32.0,7.9,1000.0,Free,0.0,Everyone,Lifestyle,"December 31, 2017",0.7.1,4.4 and up,0.0,December,0
FP Markets,FINANCE,4.3,1.0,2.0,100.0,Free,0.0,Everyone,Finance,"January 30, 2018",1.0.0.0,4.3 and up,0.0,January,0
FP Boss,FINANCE,4.3,1.0,5.8,1.0,Free,0.0,Everyone,Finance,"July 27, 2018",1.0.2,5.0 and up,0.0,July,0
FP Charging Daydream,PERSONALIZATION,3.5,96.0,3.8,5000.0,Free,0.0,Everyone,Personalization,"November 23, 2015",2.0,4.2 and up,0.0,November,0
FP Live,COMMUNICATION,4.3,0.0,3.3,10.0,Free,0.0,Teen,Communication,"November 3, 2017",1.2.4,4.2 and up,0.0,November,0
FP Runner,GAME,3.7,38.0,29.0,1000.0,Free,0.0,Everyone,Arcade,"June 29, 2016",1.12,3.1 and up,0.0,June,0
Finger Scanner Gestures,TOOLS,4.2,2531.0,3.3,100000.0,Free,0.0,Everyone,Tools,"July 30, 2017",1.2.4,6.0 and up,0.0,July,0
FP Market,FAMILY,4.3,24.0,0.04296875,1000.0,Free,0.0,Everyone,Education,"June 17, 2012",1.0,1.6 and up,0.0,June,0
FP FCU,FINANCE,3.6,48.0,26.0,5000.0,Free,0.0,Everyone,Finance,"April 5, 2018",4.6.71,4.0.3 and up,0.0,April,0
Slickdeals: Coupons & Shopping,SHOPPING,4.5,33599.0,12.0,1000000.0,Free,0.0,Everyone,Shopping,"July 30, 2018",3.9,4.4 and up,0.0,July,0
SCM FPS Status,BUSINESS,4.2,123.0,3.3,10000.0,Free,0.0,Everyone,Business,"April 28, 2018",3.5,2.3 and up,0.0,April,0
Hondata Mobile,MAPS_AND_NAVIGATION,4.3,334.0,0.66015625,10000.0,Free,0.0,Everyone,Maps & Navigation,"August 23, 2016",1.3,2.3.3 and up,0.0,August,0
FreedomPop Friends for Free Data,TOOLS,4.4,58.0,2.5,5000.0,Free,0.0,Everyone,Tools,"July 24, 2018",2017.07.24,4.1 and up,0.0,July,0
Fingerprint Lock Screen Prank,TOOLS,4.1,10786.0,4.3,1000000.0,Free,0.0,Everyone,Tools,"December 9, 2017",5.0,4.0 and up,0.0,December,0
FP NFC Rewrite,TOOLS,4.3,17.0,0.0654296875,1000.0,Free,0.0,Everyone,Tools,"January 29, 2016",1.1,4.0 and up,0.0,January,0
Greek Bible FP (Audio),BOOKS_AND_REFERENCE,4.3,5.0,8.0,1000.0,Free,0.0,Everyone,Books & Reference,"August 29, 2016",1.0.0,4.0.3 and up,0.0,August,0
The FP Shield,NEWS_AND_MAGAZINES,4.3,0.0,11.0,10.0,Free,0.0,Everyone,News & Magazines,"February 1, 2018",1.1.0,4.4 and up,0.0,February,0
FP Разбитый дисплей,FAMILY,4.5,922.0,0.5390625,50000.0,Free,0.0,Everyone,Entertainment,"September 20, 2014",1.1,1.6 and up,0.0,September,0
FP Transportation,AUTO_AND_VEHICLES,4.3,1.0,0.8642578125,1.0,Free,0.0,Everyone,Auto & Vehicles,"March 9, 2018",10.0.0,4.0 and up,0.0,March,0
NFP 2018,EVENTS,4.8,8.0,16.0,500.0,Free,0.0,Everyone,Events,"January 9, 2018",1.0.3,4.2 and up,0.0,January,0
FQ Magazine,LIFESTYLE,4.3,1.0,12.0,100.0,Free,0.0,Everyone,Lifestyle,"December 12, 2016",1.0,4.1 and up,0.0,December,0
Modern Counter Terrorist FPS Shoot,GAME,4.0,795.0,41.0,100000.0,Free,0.0,Teen,Action,"August 29, 2017",1.2,2.3 and up,0.0,August,0
FQ METER,PRODUCTIVITY,3.9,17.0,2.4,1000.0,Free,0.0,Everyone,Productivity,"April 23, 2017",1.1,4.0 and up,0.0,April,0
FQ Load Board for Transporters,BUSINESS,4.3,0.0,3.9,100.0,Free,0.0,Everyone,Business,"February 16, 2018",1.1.3,5.0 and up,0.0,February,0
FQ India,LIFESTYLE,4.3,0.0,8.9,10.0,Free,0.0,Everyone,Lifestyle,"July 31, 2018",7.2.2,4.1 and up,0.0,July,0
Miss FQ,NEWS_AND_MAGAZINES,4.3,0.0,36.0,10.0,Free,0.0,Everyone,News & Magazines,"April 5, 2018",3.8,4.4 and up,0.0,April,0
FQ - Football Quiz,SPORTS,4.3,1.0,9.0,1.0,Free,0.0,Everyone,Sports,"May 29, 2018",1.0,5.0 and up,0.0,May,0
Monster Ride Pro,GAME,5.0,1.0,24.0,10.0,Free,0.0,Everyone,Racing,"March 5, 2018",2.0,2.3 and up,0.0,March,0
BEBONCOOL GAMEPAD V1.0,GAME,3.9,404.0,2.2,100000.0,Free,0.0,Everyone,Arcade,"August 30, 2017",1.2,4.0 and up,0.0,August,0
Union League,FAMILY,4.0,939.0,38.0,10000.0,Free,0.0,Everyone,Role Playing,"June 8, 2018",1.0.0.96,4.1 and up,0.0,June,0
Modern Counter 3: FPS Multiplayers battlegro 3,FAMILY,4.1,17.0,50.0,1000.0,Free,0.0,Everyone,Strategy,"March 16, 2018",15,4.1 and up,0.0,March,0
ChopAssistant,TOOLS,4.2,455.0,2.8,50000.0,Free,0.0,Everyone,Tools,"February 28, 2017",1.6,6.0 and up,0.0,February,0
Modern Counter Global Strike 3D,GAME,4.1,297.0,48.0,50000.0,Free,0.0,Teen,Action,"March 28, 2018",1.2,4.1 and up,0.0,March,0
Fountain Live Wallpaper HD – Dubai Wallpaper 3D,PERSONALIZATION,4.3,1.0,20.0,500.0,Free,0.0,Everyone,Personalization,"April 13, 2018",1.0,4.1 and up,0.0,April,0
Modern Counter Global Strike 3D V2,GAME,4.0,368.0,48.0,50000.0,Free,0.0,Everyone 10+,Action,"March 28, 2018",1.7,4.1 and up,0.0,March,0
HipChat - beta version,COMMUNICATION,4.1,1035.0,20.0,50000.0,Free,0.0,Everyone,Communication,"August 7, 2018",3.20.001,4.1 and up,0.0,August,0
Winter Wonderland,GAME,4.0,1287.0,38.0,50000.0,Free,0.0,Everyone,Word,"December 18, 2013",1.0,2.2 and up,0.0,December,0
Soccer Clubs Logo Quiz,GAME,4.2,21661.0,16.0,1000000.0,Free,0.0,Everyone,Trivia,"May 24, 2018",1.3.81,4.0 and up,0.0,May,0
PopStar,FAMILY,4.3,13.0,5.7,1000.0,Free,0.0,Everyone,Casual,"January 3, 2018",1.6,4.3 and up,0.0,January,0
Reindeer VPN - Proxy VPN,TOOLS,4.2,7339.0,4.0,100000.0,Free,0.0,Everyone,Tools,"May 10, 2018",1.74,4.1 and up,0.0,May,0
Inf VPN - Global Proxy & Unlimited Free WIFI VPN,TOOLS,4.7,61445.0,7.8,1000000.0,Free,0.0,Everyone,Tools,"July 26, 2018",1.9.734,4.1 and up,0.0,July,0
Fuel Rewards® program,LIFESTYLE,4.6,32433.0,46.0,1000000.0,Free,0.0,Everyone,Lifestyle,"June 26, 2018",2.9.1,5.0 and up,0.0,June,0
Fr Daoud Lamei,SOCIAL,4.7,2036.0,6.8,100000.0,Free,0.0,Everyone,Social,"May 20, 2018",1.72,4.0.3 and up,0.0,May,0
FR Roster,TOOLS,4.1,174.0,12.0,5000.0,Free,0.0,Everyone,Tools,"July 30, 2018",6.04,4.4 and up,0.0,July,0
Fr Ignacio Outreach,FAMILY,4.9,52.0,19.0,1000.0,Free,0.0,Everyone,Education,"January 19, 2018",1.0,4.4 and up,0.0,January,0
FR: My Famous Lover,FAMILY,4.0,185.0,28.0,10000.0,Free,0.0,Teen,Entertainment,"August 6, 2015",1.3.0,3.0 and up,0.0,August,0
Poker Pro.Fr,GAME,4.2,5442.0,17.0,100000.0,Free,0.0,Teen,Card,"May 22, 2018",4.1.3,2.3 and up,0.0,May,0
Scoreboard FR,LIFESTYLE,4.3,3.0,15.0,100.0,Free,0.0,Everyone,Lifestyle,"August 7, 2018",2.1,4.2 and up,0.0,August,0
SnakeBite911 FR,MEDICAL,4.3,1.0,42.0,500.0,Free,0.0,Everyone,Medical,"October 9, 2017",1.2,4.1 and up,0.0,October,0
My FR App,TOOLS,4.3,2.0,4.2,100.0,Free,0.0,Everyone,Tools,"April 9, 2018",1.283.0037,2.3.3 and up,0.0,April,0
lesparticuliers.fr,LIFESTYLE,4.3,96.0,1.0,50000.0,Free,0.0,Everyone,Lifestyle,"November 25, 2014",1.5,2.3 and up,0.0,November,0
Fr Lupupa Sermons,BUSINESS,4.8,19.0,21.0,100.0,Free,0.0,Everyone,Business,"June 12, 2018",1.0,4.4 and up,0.0,June,0
FR Plus 1.6,AUTO_AND_VEHICLES,4.3,4.0,3.9,100.0,Free,0.0,Everyone,Auto & Vehicles,"July 24, 2018",1.3.6,4.4W and up,0.0,July,0
Fr Agnel Pune,FAMILY,4.1,80.0,13.0,1000.0,Free,0.0,Everyone,Education,"June 13, 2018",2.0.20,4.0.3 and up,0.0,June,0
DICT.fr Mobile,BUSINESS,4.3,20.0,2.7,10000.0,Free,0.0,Everyone,Business,"July 17, 2018",2.1.10,4.1 and up,0.0,July,0
FR: My Secret Pets! ,FAMILY,4.0,785.0,31.0,50000.0,Free,0.0,Teen,Entertainment,"June 3, 2015",1.3.1,3.0 and up,0.0,June,0
Golden Dictionary (FR-AR),BOOKS_AND_REFERENCE,4.2,5775.0,4.9,500000.0,Free,0.0,Everyone,Books & Reference,"July 19, 2018",7.0.4.6,4.2 and up,0.0,July,0
FieldBi FR Offline,BUSINESS,4.3,2.0,6.8,100.0,Free,0.0,Everyone,Business,"August 6, 2018",2.1.8,4.1 and up,0.0,August,0
HTC Sense Input - FR,TOOLS,4.0,885.0,8.0,100000.0,Free,0.0,Everyone,Tools,"October 30, 2015",1.0.612928,5.0 and up,0.0,October,0
Gold Quote - Gold.fr,FINANCE,4.3,96.0,1.5,10000.0,Free,0.0,Everyone,Finance,"May 19, 2016",2.3,2.2 and up,0.0,May,0
Fr. Daoud Lamei,FAMILY,5.0,22.0,8.6,1000.0,Free,0.0,Teen,Education,"June 27, 2018",3.8.0,4.1 and up,0.0,June,0
Poop FR,FAMILY,4.3,6.0,2.5,50.0,Free,0.0,Everyone,Entertainment,"May 29, 2018",1.0,4.0.3 and up,0.0,May,0
PLMGSS FR,PRODUCTIVITY,4.3,0.0,3.1,10.0,Free,0.0,Everyone,Productivity,"December 1, 2017",1,4.4 and up,0.0,December,0
List iptv FR,VIDEO_PLAYERS,4.3,1.0,2.9,100.0,Free,0.0,Everyone,Video Players & Editors,"April 22, 2018",1.0,4.0.3 and up,0.0,April,0
Naruto & Boruto FR,SOCIAL,4.3,7.0,7.7,100.0,Free,0.0,Teen,Social,"February 2, 2018",1.0,4.0 and up,0.0,February,0
Fr Agnel Ambarnath,FAMILY,4.2,117.0,13.0,5000.0,Free,0.0,Everyone,Education,"June 13, 2018",2.0.20,4.0.3 and up,0.0,June,0
Bulgarian French Dictionary Fr,BOOKS_AND_REFERENCE,4.6,603.0,7.4,10000.0,Free,0.0,Everyone,Books & Reference,"June 19, 2016",2.96,4.1 and up,0.0,June,0
News Minecraft.fr,NEWS_AND_MAGAZINES,3.8,881.0,2.3,100000.0,Free,0.0,Everyone,News & Magazines,"January 20, 2014",1.5,1.6 and up,0.0,January,0
payermonstationnement.fr,MAPS_AND_NAVIGATION,4.3,38.0,9.8,5000.0,Free,0.0,Everyone,Maps & Navigation,"June 13, 2018",2.0.148.0,4.0 and up,0.0,June,0
FR Tides,WEATHER,3.8,1195.0,0.568359375,100000.0,Free,0.0,Everyone,Weather,"February 16, 2014",6.0,2.1 and up,0.0,February,0
Chemin (fr),BOOKS_AND_REFERENCE,4.8,44.0,0.6044921875,1000.0,Free,0.0,Everyone,Books & Reference,"March 23, 2014",0.8,2.2 and up,0.0,March,0
FR Calculator,FAMILY,4.0,7.0,2.6,500.0,Free,0.0,Everyone,Education,"June 18, 2017",1.0.0,4.1 and up,0.0,June,0
FR Forms,BUSINESS,4.3,0.0,9.6,10.0,Free,0.0,Everyone,Business,"September 29, 2016",1.1.5,4.0 and up,0.0,September,0
Sya9a Maroc - FR,FAMILY,4.5,38.0,53.0,5000.0,Free,0.0,Everyone,Education,"July 25, 2017",1.48,4.1 and up,0.0,July,0
Fr. Mike Schmitz Audio Teachings,FAMILY,5.0,4.0,3.6,100.0,Free,0.0,Everyone,Education,"July 6, 2018",1.0,4.1 and up,0.0,July,0
Parkinson Exercices FR,MEDICAL,4.3,3.0,9.5,1000.0,Free,0.0,Everyone,Medical,"January 20, 2017",1.0,2.2 and up,0.0,January,0
The SCP Foundation DB fr nn5n,BOOKS_AND_REFERENCE,4.5,114.0,13.0,1000.0,Free,0.0,Mature 17+,Books & Reference,"January 19, 2015",Varies with device,Varies with device,0.0,January,0
