App,Category,Rating,Reviews,Size,Installs,Type,Price,Content Rating,Genres,Last Updated,Current Ver,Android Ver
Photo Editor & Candy Camera & Grid & ScrapBook,ART_AND_DESIGN,4.1,159.0,19.0,10000.0,Free,0.0,Everyone,Art & Design,"January 7, 2018",1.0.0,4.0.3 and up
Coloring book moana,ART_AND_DESIGN,3.9,967.0,14.0,500000.0,Free,0.0,Everyone,Art & Design;Pretend Play,"January 15, 2018",2.0.0,4.0.3 and up
Pixel Draw - Number Art Coloring Book,ART_AND_DESIGN,4.3,967.0,2.8,100000.0,Free,0.0,Everyone,Art & Design;Creativity,"June 20, 2018",1.1,4.4 and up
Paper flowers instructions,ART_AND_DESIGN,4.4,167.0,5.6,50000.0,Free,0.0,Everyone,Art & Design,"March 26, 2017",1.0,2.3 and up
Smoke Effect Photo Maker - Smoke Editor,ART_AND_DESIGN,3.8,178.0,19.0,50000.0,Free,0.0,Everyone,Art & Design,"April 26, 2018",1.1,4.0.3 and up
Infinite Painter,ART_AND_DESIGN,4.1,36815.0,29.0,1000000.0,Free,0.0,Everyone,Art & Design,"June 14, 2018",6.1.61.1,4.2 and up
Garden Coloring Book,ART_AND_DESIGN,4.4,13791.0,33.0,1000000.0,Free,0.0,Everyone,Art & Design,"September 20, 2017",2.9.2,3.0 and up
Kids Paint Free - Drawing Fun,ART_AND_DESIGN,4.7,121.0,3.1,10000.0,Free,0.0,Everyone,Art & Design;Creativity,"July 3, 2018",2.8,4.0.3 and up
Text on Photo - Fonteee,ART_AND_DESIGN,4.4,13880.0,28.0,1000000.0,Free,0.0,Everyone,Art & Design,"October 27, 2017",1.0.4,4.1 and up
Name Art Photo Editor - Focus n Filters,ART_AND_DESIGN,4.4,8788.0,12.0,1000000.0,Free,0.0,Everyone,Art & Design,"July 31, 2018",1.0.15,4.0 and up
Mandala Coloring Book,ART_AND_DESIGN,4.6,4326.0,21.0,100000.0,Free,0.0,Everyone,Art & Design,"June 26, 2018",1.0.4,4.4 and up
3D Color Pixel by Number - Sandbox Art Coloring,ART_AND_DESIGN,4.4,1518.0,37.0,100000.0,Free,0.0,Everyone,Art & Design,"August 3, 2018",1.2.3,2.3 and up
Photo Designer - Write your name with shapes,ART_AND_DESIGN,4.7,3632.0,5.5,500000.0,Free,0.0,Everyone,Art & Design,"July 31, 2018",3.1,4.1 and up
350 Diy Room Decor Ideas,ART_AND_DESIGN,4.5,27.0,17.0,10000.0,Free,0.0,Everyone,Art & Design,"November 7, 2017",1.0,2.3 and up
Logo Maker - Small Business,ART_AND_DESIGN,4.0,450.0,14.0,100000.0,Free,0.0,Everyone,Art & Design,"April 20, 2018",4.0,4.1 and up
Boys Photo Editor - Six Pack & Men's Suit,ART_AND_DESIGN,4.1,654.0,12.0,100000.0,Free,0.0,Everyone,Art & Design,"March 20, 2018",1.1,4.0.3 and up
Superheroes Wallpapers | 4K Backgrounds,ART_AND_DESIGN,4.7,7699.0,4.2,500000.0,Free,0.0,Everyone 10+,Art & Design,"July 12, 2018",2.2.6.2,4.0.3 and up
Mcqueen Coloring pages,ART_AND_DESIGN,4.3,61.0,7.0,100000.0,Free,0.0,Everyone,Art & Design;Action & Adventure,"March 7, 2018",1.0.0,4.1 and up
HD Mickey Minnie Wallpapers,ART_AND_DESIGN,4.7,118.0,23.0,50000.0,Free,0.0,Everyone,Art & Design,"July 7, 2018",1.1.3,4.1 and up
Harley Quinn wallpapers HD,ART_AND_DESIGN,4.8,192.0,6.0,10000.0,Free,0.0,Everyone,Art & Design,"April 25, 2018",1.5,3.0 and up
Colorfit - Drawing & Coloring,ART_AND_DESIGN,4.7,20260.0,25.0,500000.0,Free,0.0,Everyone,Art & Design;Creativity,"October 11, 2017",1.0.8,4.0.3 and up
Animated Photo Editor,ART_AND_DESIGN,4.1,203.0,6.1,100000.0,Free,0.0,Everyone,Art & Design,"March 21, 2018",1.03,4.0.3 and up
Pencil Sketch Drawing,ART_AND_DESIGN,3.9,136.0,4.6,10000.0,Free,0.0,Everyone,Art & Design,"July 12, 2018",6.0,2.3 and up
Easy Realistic Drawing Tutorial,ART_AND_DESIGN,4.1,223.0,4.2,100000.0,Free,0.0,Everyone,Art & Design,"August 22, 2017",1.0,2.3 and up
Pink Silver Bow Keyboard Theme,ART_AND_DESIGN,4.2,1120.0,9.2,100000.0,Free,0.0,Everyone,Art & Design,"July 12, 2018",6.7.12.2018,4.0.3 and up
Art Drawing Ideas,ART_AND_DESIGN,4.1,227.0,5.2,50000.0,Free,0.0,Everyone,Art & Design,"May 31, 2018",1.2,2.3 and up
Anime Manga Coloring Book,ART_AND_DESIGN,4.5,5035.0,11.0,100000.0,Free,0.0,Everyone,Art & Design,"July 19, 2018",2.20,4.0 and up
Easy Origami Ideas,ART_AND_DESIGN,4.2,1015.0,11.0,100000.0,Free,0.0,Everyone,Art & Design,"January 6, 2018",1.1.0,4.1 and up
I Creative Idea,ART_AND_DESIGN,4.7,353.0,4.2,10000.0,Free,0.0,Teen,Art & Design,"April 27, 2018",1.6,4.1 and up
How to draw Ladybug and Cat Noir,ART_AND_DESIGN,3.8,564.0,9.2,100000.0,Free,0.0,Everyone,Art & Design,"July 11, 2018",2.1,4.1 and up
UNICORN - Color By Number & Pixel Art Coloring,ART_AND_DESIGN,4.7,8145.0,24.0,500000.0,Free,0.0,Everyone,Art & Design;Creativity,"August 2, 2018",1.0.9,4.4 and up
PIP Camera - PIP Collage Maker,ART_AND_DESIGN,4.7,158.0,11.0,10000.0,Free,0.0,Everyone,Art & Design,"November 29, 2017",1.3,4.0.3 and up
How To Color Disney Princess - Coloring Pages,ART_AND_DESIGN,4.0,591.0,9.4,500000.0,Free,0.0,Everyone,Art & Design,"March 31, 2018",1,4.0 and up
Drawing Clothes Fashion Ideas,ART_AND_DESIGN,4.2,117.0,15.0,10000.0,Free,0.0,Everyone,Art & Design,"July 20, 2018",2.0.1,4.0.3 and up
Sad Poetry Photo Frames 2018,ART_AND_DESIGN,4.5,176.0,10.0,100000.0,Free,0.0,Everyone,Art & Design,"April 2, 2018",1.0,4.0.3 and up
Paint Splash!,ART_AND_DESIGN,3.8,2206.0,1.2,100000.0,Free,0.0,Everyone,Art & Design;Creativity,"April 15, 2018",1.46,4.1 and up
Popsicle Sticks and Similar DIY Craft Ideas,ART_AND_DESIGN,4.2,26.0,12.0,10000.0,Free,0.0,Everyone,Art & Design,"January 3, 2018",1.0.0,4.1 and up
Install images with music to make video without Net - 2018,ART_AND_DESIGN,4.6,1070.0,26.0,100000.0,Free,0.0,Everyone,Art & Design,"November 14, 2017",1.6,4.1 and up
Little Teddy Bear Colouring Book Game,ART_AND_DESIGN,4.2,85.0,8.0,100000.0,Free,0.0,Everyone,Art & Design,"December 17, 2017",2.0.0,4.1 and up
How To Draw Food,ART_AND_DESIGN,4.3,845.0,7.9,100000.0,Free,0.0,Everyone,Art & Design,"May 28, 2018",1.0,2.3 and up
Monster Truck Stunt 3D 2019,AUTO_AND_VEHICLES,4.2,367.0,25.0,100000.0,Free,0.0,Everyone,Auto & Vehicles,"May 10, 2018",1.0,4.0.3 and up
Used Cars and Trucks for Sale,AUTO_AND_VEHICLES,4.6,17057.0,13.0,1000000.0,Free,0.0,Everyone,Auto & Vehicles,"July 30, 2018",Varies with device,Varies with device
American Muscle Car Race,AUTO_AND_VEHICLES,3.9,129.0,35.0,100000.0,Free,0.0,Everyone,Auto & Vehicles,"July 26, 2018",3.0,4.1 and up
Offroad Oil Tanker Driver Transport Truck 2019,AUTO_AND_VEHICLES,4.3,542.0,33.0,100000.0,Free,0.0,Everyone,Auto & Vehicles,"July 31, 2018",4.0,4.1 and up
Tickets SDA 2018 and Exam from the State Traffic Safety Inspectorate with Drom.ru,AUTO_AND_VEHICLES,4.9,10479.0,33.0,100000.0,Free,0.0,Everyone,Auto & Vehicles,"July 18, 2018",1.7.1,4.0 and up
Gas Prices (Germany only),AUTO_AND_VEHICLES,4.4,805.0,5.6,50000.0,Free,0.0,Everyone,Auto & Vehicles,"July 29, 2018",2.5.1,4.4 and up
Restart Navigator,AUTO_AND_VEHICLES,4.0,1403.0,0.1962890625,100000.0,Free,0.0,Everyone,Auto & Vehicles,"August 26, 2014",1.0.1,2.2 and up
"REG - Check the regnumber, find information about Swedish vehicles",AUTO_AND_VEHICLES,3.9,3971.0,3.6,100000.0,Free,0.0,Everyone,Auto & Vehicles,"July 30, 2018",2.493,4.4 and up
CityBus Lviv,AUTO_AND_VEHICLES,4.6,534.0,5.7,10000.0,Free,0.0,Everyone,Auto & Vehicles,"July 8, 2018",1.9.1,4.0.3 and up
CDL Practice Test 2018 Edition,AUTO_AND_VEHICLES,4.9,7774.0,17.0,100000.0,Free,0.0,Everyone,Auto & Vehicles,"July 3, 2018",1.7,4.2 and up
"ezETC (ETC balance inquiry, meter trial, real-time traffic)",AUTO_AND_VEHICLES,4.3,38846.0,8.6,1000000.0,Free,0.0,Everyone,Auto & Vehicles,"July 28, 2018",2.20 Build 02,4.1 and up
Free VIN Report for Used Cars,AUTO_AND_VEHICLES,4.6,2431.0,2.4,100000.0,Free,0.0,Everyone,Auto & Vehicles,"June 12, 2018",1.37,4.0 and up
DMV Permit Practice Test 2018 Edition,AUTO_AND_VEHICLES,4.9,6090.0,27.0,100000.0,Free,0.0,Everyone,Auto & Vehicles,"July 3, 2018",1.7,4.2 and up
Check Vehicle Tax,AUTO_AND_VEHICLES,3.9,295.0,2.7,10000.0,Free,0.0,Everyone,Auto & Vehicles,"July 30, 2018",0.2.1,4.4 and up
Used Cars Mexico,AUTO_AND_VEHICLES,4.0,190.0,2.5,50000.0,Free,0.0,Everyone,Auto & Vehicles,"October 14, 2016",1.0,2.3 and up
REPUVE,AUTO_AND_VEHICLES,3.9,356.0,13.0,100000.0,Free,0.0,Everyone,Auto & Vehicles,"May 25, 2018",Varies with device,Varies with device
SK Enca Direct Malls - Used Cars Search,AUTO_AND_VEHICLES,3.6,1379.0,16.0,500000.0,Free,0.0,Everyone,Auto & Vehicles,"August 2, 2018",2.2.21,4.2 and up
PDD-UA,AUTO_AND_VEHICLES,4.8,736.0,13.0,100000.0,Free,0.0,Everyone,Auto & Vehicles,"July 29, 2018",2.9,2.3.3 and up
Tickets SDA 2019 + Exam RF,AUTO_AND_VEHICLES,4.8,7021.0,17.0,500000.0,Free,0.0,Everyone,Auto & Vehicles,"July 27, 2018",1.79,4.0 and up
Super Cars Wallpapers And Backgrounds,AUTO_AND_VEHICLES,4.6,197.0,3.4,50000.0,Free,0.0,Everyone,Auto & Vehicles,"June 14, 2018",1.3,4.0 and up
"Police Lights, Sirens & Follow Me",AUTO_AND_VEHICLES,4.5,737.0,8.9,100000.0,Free,0.0,Everyone,Auto & Vehicles,"June 8, 2018",2.3.5.1,4.1 and up
Police Detector (Speed Camera Radar),AUTO_AND_VEHICLES,4.3,3574.0,3.9,1000000.0,Free,0.0,Everyone 10+,Auto & Vehicles,"July 4, 2018",1.6,4.0 and up
Best Car Wallpapers,AUTO_AND_VEHICLES,4.5,994.0,2.9,100000.0,Free,0.0,Everyone,Auto & Vehicles,"March 27, 2018",1.6,4.1 and up
Pick Your Part Garage,AUTO_AND_VEHICLES,3.9,142.0,32.0,50000.0,Free,0.0,Everyone,Auto & Vehicles,"July 24, 2018",1.1.5.0,6.0 and up
PakWheels: Buy & Sell Cars,AUTO_AND_VEHICLES,4.4,15168.0,37.0,1000000.0,Free,0.0,Everyone,Auto & Vehicles,"July 27, 2018",10.0.2,4.2 and up
Supervision service,AUTO_AND_VEHICLES,4.0,2155.0,15.0,500000.0,Free,0.0,Everyone,Auto & Vehicles,"July 30, 2018",1.10.3,5.0 and up
Speed Camera Detector - Traffic & Speed Alert,AUTO_AND_VEHICLES,4.3,138.0,5.4,100000.0,Free,0.0,Everyone,Auto & Vehicles,"July 23, 2018",1.0,4.0.3 and up
Used car search Goo net whole car Go to net,AUTO_AND_VEHICLES,3.7,5414.0,18.0,1000000.0,Free,0.0,Everyone,Auto & Vehicles,"July 23, 2018",3.20.1,4.4 and up
CarMax – Cars for Sale: Search Used Car Inventory,AUTO_AND_VEHICLES,4.4,21777.0,13.0,1000000.0,Free,0.0,Everyone,Auto & Vehicles,"August 4, 2018",Varies with device,Varies with device
BEST CAR SOUNDS,AUTO_AND_VEHICLES,4.3,348.0,38.0,100000.0,Free,0.0,Everyone,Auto & Vehicles,"July 29, 2018",1.0.3,2.3 and up
AutoScout24 Switzerland – Find your new car,AUTO_AND_VEHICLES,4.6,13372.0,13.0,1000000.0,Free,0.0,Everyone,Auto & Vehicles,"August 3, 2018",Varies with device,Varies with device
Zona Azul Digital Fácil SP CET - OFFICIAL São Paulo,AUTO_AND_VEHICLES,4.6,7880.0,13.0,100000.0,Free,0.0,Everyone,Auto & Vehicles,"May 10, 2018",4.6.5,Varies with device
SMS Park,AUTO_AND_VEHICLES,4.5,3617.0,7.9,100000.0,Free,0.0,Everyone,Auto & Vehicles,"May 16, 2018",2.8.2,4.1 and up
SKencar,AUTO_AND_VEHICLES,3.7,4806.0,35.0,1000000.0,Free,0.0,Everyone,Auto & Vehicles,"July 31, 2018",4.0.3,4.0.3 and up
Fuelio: Gas log & costs,AUTO_AND_VEHICLES,4.6,65786.0,13.0,1000000.0,Free,0.0,Everyone,Auto & Vehicles,"August 2, 2018",Varies with device,4.0.3 and up
auto fines,AUTO_AND_VEHICLES,4.6,31433.0,17.0,1000000.0,Free,0.0,Everyone,Auto & Vehicles,"August 2, 2018",1.40,4.0.3 and up
"Used car is the first car - used car purchase, used car quotation, dealer information to",AUTO_AND_VEHICLES,4.6,5097.0,19.0,1000000.0,Free,0.0,Everyone,Auto & Vehicles,"July 23, 2018",1.5.18,4.0.3 and up
All of the parking lot - National Park application (parking lot search / parking sharing / discount payment),AUTO_AND_VEHICLES,4.0,1754.0,14.0,500000.0,Free,0.0,Everyone,Auto & Vehicles,"June 2, 2018",2.3.4,4.0 and up
Inquiry Fines and Debits of Vehicles,AUTO_AND_VEHICLES,4.4,2680.0,2.2,500000.0,Free,0.0,Everyone,Auto & Vehicles,"March 20, 2018",1.03,4.0.3 and up
Gas Station,AUTO_AND_VEHICLES,4.0,1288.0,4.5,100000.0,Free,0.0,Everyone,Auto & Vehicles,"April 21, 2018",2.17,4.0 and up
Hush - Beauty for Everyone,BEAUTY,4.7,18900.0,17.0,500000.0,Free,0.0,Everyone,Beauty,"August 2, 2018",6.10.1,5.0 and up
"ipsy: Makeup, Beauty, and Tips",BEAUTY,4.9,49790.0,14.0,1000000.0,Free,0.0,Everyone,Beauty,"November 9, 2017",2.3.0,4.1 and up
Natural recipes for your beauty,BEAUTY,4.7,1150.0,9.8,100000.0,Free,0.0,Everyone,Beauty,"May 15, 2018",4.0,4.1 and up
"BestCam Selfie-selfie, beauty camera, photo editor",BEAUTY,3.9,1739.0,21.0,500000.0,Free,0.0,Everyone,Beauty,"July 12, 2018",1.0.6,4.0.3 and up
Mirror - Zoom & Exposure -,BEAUTY,3.9,32090.0,13.0,1000000.0,Free,0.0,Everyone,Beauty,"October 24, 2016",Varies with device,Varies with device
Beauty Selfie Camera,BEAUTY,4.2,2225.0,52.0,500000.0,Free,0.0,Everyone,Beauty,"February 28, 2018",1.6,4.1 and up
Hairstyles step by step,BEAUTY,4.6,4369.0,14.0,100000.0,Free,0.0,Everyone,Beauty,"July 25, 2018",1.9,4.0.3 and up
Filters for Selfie,BEAUTY,4.3,8572.0,25.0,1000000.0,Free,0.0,Everyone,Beauty,"May 10, 2018",1.1.0,4.0 and up
Tie - Always be happy,BEAUTY,4.7,964.0,9.0,50000.0,Free,0.0,Everyone,Beauty,"June 21, 2018",4.0,4.2 and up
Ulta Beauty,BEAUTY,4.7,42050.0,13.0,1000000.0,Free,0.0,Everyone,Beauty,"June 5, 2018",5.4,5.0 and up
Prom MakeUp Tutorial,BEAUTY,4.8,104.0,12.0,10000.0,Free,0.0,Everyone,Beauty,"June 26, 2018",1.3,4.0.3 and up
Selfie Camera,BEAUTY,4.2,17934.0,13.0,1000000.0,Free,0.0,Everyone,Beauty,"September 12, 2017",Varies with device,Varies with device
Sweet Selfie Beauty Camera,BEAUTY,4.3,601.0,35.0,100000.0,Free,0.0,Everyone,Beauty,"June 2, 2018",2.0.0,4.0 and up
Colors of white in Urdu,BEAUTY,4.5,36.0,6.7,10000.0,Free,0.0,Everyone,Beauty,"July 26, 2018",6.0,4.0 and up
Selfie Camera Photo Editor & Filter & Sticker,BEAUTY,4.1,187.0,30.0,50000.0,Free,0.0,Teen,Beauty,"July 24, 2018",3.0.1,4.0.3 and up
Wrinkles and rejuvenation,BEAUTY,4.3,182.0,5.7,100000.0,Free,0.0,Everyone 10+,Beauty,"September 20, 2017",8.0,3.0 and up
Eyes Makeup Beauty Tips,BEAUTY,4.2,30.0,2.9,10000.0,Free,0.0,Everyone,Beauty,"April 9, 2018",3.3.9,4.0.3 and up
Photo Editor 2018,BEAUTY,4.5,134.0,17.0,10000.0,Free,0.0,Everyone,Beauty,"March 1, 2018",1.20,4.0.3 and up
Step By Step Eyes Makeup Tutorial,BEAUTY,4.4,74.0,2.9,10000.0,Free,0.0,Everyone,Beauty,"April 5, 2018",2.3.09,4.0.3 and up
Girls Hairstyles,BEAUTY,4.1,3595.0,13.0,500000.0,Free,0.0,Everyone,Beauty,"May 24, 2018",Varies with device,4.0 and up
Mirror Camera (Mirror + Selfie Camera),BEAUTY,4.1,9315.0,2.6,1000000.0,Free,0.0,Everyone,Beauty,"November 21, 2017",1.4.2,4.0 and up
Beauty Tips - Beauty Tips in Sinhala,BEAUTY,4.4,75.0,4.2,50000.0,Free,0.0,Everyone,Beauty,"October 18, 2017",1.0.0,4.0.3 and up
Haircut Tutorials/Haircut Videos,BEAUTY,4.6,38.0,7.1,10000.0,Free,0.0,Everyone,Beauty,"May 29, 2018",1.0,4.0 and up
Manicure - nail design,BEAUTY,4.3,119.0,3.7,50000.0,Free,0.0,Everyone,Beauty,"July 23, 2018",1.3,4.1 and up
"Sticker Camera - Selfie Filters, Beauty Camera",BEAUTY,3.9,2277.0,22.0,500000.0,Free,0.0,Everyone,Beauty,"July 12, 2018",1.1.0,4.0.3 and up
Filters for B Live,BEAUTY,4.4,2280.0,24.0,500000.0,Free,0.0,Everyone,Beauty,"May 14, 2018",1.1.0,4.0 and up
Skin Care and Natural Beauty,BEAUTY,4.3,654.0,7.4,100000.0,Free,0.0,Teen,Beauty,"July 17, 2018",1.15,4.1 and up
Facial Wrinkle Reduction,BEAUTY,4.6,184.0,21.0,10000.0,Free,0.0,Everyone,Beauty,"July 2, 2018",1.5,4.1 and up
Makeup Videos,BEAUTY,3.8,9.0,3.4,5000.0,Free,0.0,Everyone,Beauty,"June 7, 2018",1.0,4.0 and up
"Secrets of beauty, youth and health",BEAUTY,4.3,77.0,2.9,10000.0,Free,0.0,Mature 17+,Beauty,"August 8, 2017",2.0,2.3 and up
Recipes and tips for losing weight,BEAUTY,4.3,35.0,3.1,10000.0,Free,0.0,Everyone 10+,Beauty,"December 11, 2017",2.0,3.0 and up
Discover Color,BEAUTY,4.0,364.0,6.4,100000.0,Free,0.0,Everyone,Beauty,"May 24, 2018",1.1,4.0.3 and up
Eyeliner step by step 2018,BEAUTY,4.3,18.0,3.2,5000.0,Free,0.0,Everyone,Beauty,"June 1, 2018",1.2.13,4.0.3 and up
Dresses Ideas & Fashions +3000,BEAUTY,4.5,473.0,8.2,100000.0,Free,0.0,Mature 17+,Beauty,"March 1, 2017",1.0.2.0,1.6 and up
"Lady adviser (beauty, health)",BEAUTY,4.3,30.0,9.9,10000.0,Free,0.0,Mature 17+,Beauty,"January 24, 2018",3.0,3.0 and up
Step By Step Hairstyles For Women,BEAUTY,4.1,66.0,2.9,10000.0,Free,0.0,Everyone,Beauty,"April 5, 2018",3.1.89,4.0.3 and up
Rainbow Camera,BEAUTY,3.7,3871.0,23.0,1000000.0,Free,0.0,Everyone,Beauty,"July 30, 2018",2.2.0,4.0 and up
Methods of teeth whitening,BEAUTY,4.7,257.0,4.6,50000.0,Free,0.0,Everyone,Beauty,"August 7, 2017",1.0,4.0.3 and up
Girls hairstyles 2018,BEAUTY,4.2,62.0,3.1,10000.0,Free,0.0,Everyone,Beauty,"May 28, 2018",1.9.2,4.0.3 and up
E-Book Read - Read Book for free,BOOKS_AND_REFERENCE,4.5,1857.0,4.9,50000.0,Free,0.0,Everyone,Books & Reference,"August 3, 2018",1.3.2,4.4 and up
Download free book with green book,BOOKS_AND_REFERENCE,4.6,4478.0,9.5,100000.0,Free,0.0,Everyone 10+,Books & Reference,"July 31, 2017",1.1,4.0 and up
Free Panda Radio Music,BOOKS_AND_REFERENCE,4.5,418.0,4.2,100000.0,Free,0.0,Everyone,Books & Reference,"March 27, 2018",2.1,4.1 and up
Book store,BOOKS_AND_REFERENCE,4.4,22486.0,5.4,1000000.0,Free,0.0,Teen,Books & Reference,"June 6, 2018",3.2.1,4.0 and up
English Grammar Complete Handbook,BOOKS_AND_REFERENCE,4.6,1435.0,2.8,500000.0,Free,0.0,Everyone,Books & Reference,"January 21, 2018",1.0,4.0 and up
Free Books - Spirit Fanfiction and Stories,BOOKS_AND_REFERENCE,4.8,116507.0,5.0,1000000.0,Free,0.0,Teen,Books & Reference,"August 1, 2018",2.0.075,4.0.3 and up
Offline English Dictionary,BOOKS_AND_REFERENCE,4.2,860.0,13.0,100000.0,Free,0.0,Everyone,Books & Reference,"July 17, 2018",1.0,4.0.3 and up
Offline: English to Tagalog Dictionary,BOOKS_AND_REFERENCE,4.7,967.0,6.7,500000.0,Free,0.0,Everyone,Books & Reference,"August 4, 2018",1.1.6,4.0.3 and up
FamilySearch Tree,BOOKS_AND_REFERENCE,4.3,17506.0,17.0,1000000.0,Free,0.0,Everyone,Books & Reference,"July 20, 2018",2.3.18,4.1 and up
Recipes of Prophetic Medicine for free,BOOKS_AND_REFERENCE,4.6,2084.0,6.7,500000.0,Free,0.0,Everyone,Books & Reference,"May 17, 2018",15.0,2.3 and up
ReadEra – free ebook reader,BOOKS_AND_REFERENCE,4.8,47303.0,21.0,1000000.0,Free,0.0,Everyone,Books & Reference,"June 2, 2018",18.05.31+530,4.1 and up
NOOK App for NOOK Devices,BOOKS_AND_REFERENCE,4.7,19080.0,13.0,500000.0,Free,0.0,Everyone,Books & Reference,"April 25, 2018",Varies with device,Varies with device
Anonymous caller detection,BOOKS_AND_REFERENCE,4.3,161.0,2.7,10000.0,Free,0.0,Everyone,Books & Reference,"July 13, 2018",1.0,2.3 and up
Litnet - E-books,BOOKS_AND_REFERENCE,4.6,7831.0,15.0,100000.0,Free,0.0,Teen,Books & Reference,"July 4, 2018",1.2.3,4.0 and up
English to Urdu Dictionary,BOOKS_AND_REFERENCE,4.6,4620.0,19.0,500000.0,Free,0.0,Everyone,Books & Reference,"November 23, 2017",2.0,4.0.3 and up
eBoox: book reader fb2 epub zip,BOOKS_AND_REFERENCE,4.7,21336.0,23.0,1000000.0,Free,0.0,Everyone,Books & Reference,"June 20, 2018",1.28,3.0 and up
Flybook,BOOKS_AND_REFERENCE,3.9,1778.0,4.9,500000.0,Free,0.0,Mature 17+,Books & Reference,"October 16, 2014",1.0.3,2.1 and up
All Maths Formulas,BOOKS_AND_REFERENCE,4.4,2709.0,6.8,1000000.0,Free,0.0,Everyone,Books & Reference,"July 11, 2018",1.9,4.4 and up
English translation from Bengali,BOOKS_AND_REFERENCE,4.5,527.0,2.9,100000.0,Free,0.0,Everyone,Books & Reference,"March 31, 2018",14.0,4.0 and up
Pdf Book Download - Read Pdf Book,BOOKS_AND_REFERENCE,4.4,1322.0,3.5,100000.0,Free,0.0,Everyone,Books & Reference,"May 28, 2018",6.0,4.0.3 and up
eBoox new: Reader for fb2 epub zip books,BOOKS_AND_REFERENCE,4.9,2739.0,21.0,50000.0,Free,0.0,Everyone,Books & Reference,"July 17, 2018",2.0,3.0 and up
"Only 30 days in English, the guideline is guaranteed",BOOKS_AND_REFERENCE,4.6,1065.0,2.3,500000.0,Free,0.0,Everyone,Books & Reference,"June 16, 2018",1.5,3.0 and up
SH-02J Owner's Manual (Android 8.0),BOOKS_AND_REFERENCE,4.3,2.0,7.2,50000.0,Free,0.0,Everyone,Books & Reference,"June 15, 2018",3.0,6.0 and up
English-Myanmar Dictionary,BOOKS_AND_REFERENCE,4.4,8788.0,10.0,1000000.0,Free,0.0,Everyone,Books & Reference,"July 28, 2018",2.5.3,4.0 and up
Golden Dictionary (EN-AR),BOOKS_AND_REFERENCE,4.4,51269.0,6.1,1000000.0,Free,0.0,Everyone,Books & Reference,"July 19, 2018",7.0.4.6,4.2 and up
All Language Translator Free,BOOKS_AND_REFERENCE,4.4,30105.0,2.1,1000000.0,Free,0.0,Everyone,Books & Reference,"July 29, 2018",1.15,4.0.3 and up
Azpen eReader,BOOKS_AND_REFERENCE,3.5,156.0,42.0,500000.0,Free,0.0,Everyone,Books & Reference,"February 15, 2018",3.1.7.9,2.2 and up
URBANO V 02 instruction manual,BOOKS_AND_REFERENCE,4.3,114.0,7.3,100000.0,Free,0.0,Everyone,Books & Reference,"August 7, 2015",1.1,5.1 and up
Snag - Jobs Hiring Now,BUSINESS,4.3,32584.0,13.0,1000000.0,Free,0.0,Everyone,Business,"May 4, 2018",Varies with device,Varies with device
USPS MOBILE®,BUSINESS,3.9,16589.0,9.1,1000000.0,Free,0.0,Everyone,Business,"June 14, 2018",4.9.10,4.0.3 and up
Curriculum vitae App CV Builder Free Resume Maker,BUSINESS,4.5,4458.0,3.9,500000.0,Free,0.0,Everyone,Business,"July 8, 2018",3.3,4.1 and up
SuperLivePro,BUSINESS,4.3,46353.0,21.0,1000000.0,Free,0.0,Everyone,Business,"April 13, 2016",2.8,1.5 and up
My Space - Employment Center,BUSINESS,4.5,67000.0,13.0,1000000.0,Free,0.0,Everyone,Business,"July 17, 2018",Varies with device,4.3 and up
Kariyer.net,BUSINESS,3.9,45964.0,16.0,1000000.0,Free,0.0,Everyone,Business,"July 18, 2018",5.1.5,4.1 and up
SEEK Job Search,BUSINESS,4.3,14955.0,13.0,1000000.0,Free,0.0,Everyone,Business,"July 30, 2018",Varies with device,Varies with device
Become a Job - Find a job or advertise,BUSINESS,4.1,6903.0,14.0,1000000.0,Free,0.0,Everyone,Business,"July 10, 2018",2.3.6,4.1 and up
Facebook Ads Manager,BUSINESS,4.1,19023.0,13.0,1000000.0,Free,0.0,Everyone,Business,"August 1, 2018",99.0.0.35.75,4.1 and up
ViettelPost express delivery,BUSINESS,4.4,1225.0,25.0,100000.0,Free,0.0,Everyone,Business,"August 1, 2018",1.0.6.8,4.1 and up
Job Korea - Career Jobs,BUSINESS,4.3,10600.0,6.5,1000000.0,Free,0.0,Everyone,Business,"August 1, 2018",2.5.6,4.0 and up
"104 Looking for a job - looking for a job, looking for a job, looking for a part-time job, health checkup, resume, treatment room",BUSINESS,4.4,74359.0,25.0,1000000.0,Free,0.0,Everyone,Business,"July 27, 2018",1.12.5,4.0 and up
Myanmar 2D/3D,BUSINESS,4.6,822.0,3.1,100000.0,Free,0.0,Everyone,Business,"June 8, 2018",1.5,4.0.3 and up
sABN,BUSINESS,4.4,2287.0,1.5,1000000.0,Free,0.0,Everyone,Business,"March 26, 2018",4.9,2.2 and up
ATI Cargoes and Transportation,BUSINESS,4.7,4162.0,7.5,100000.0,Free,0.0,Everyone,Business,"July 24, 2018",0.9.4,4.0.3 and up
Y! Mobile menu,BUSINESS,4.3,9.0,1.2,100000.0,Free,0.0,Everyone,Business,"April 9, 2018",1.0.5,6.0 and up
SignEasy | Sign and Fill PDF and other Documents,BUSINESS,4.3,8978.0,13.0,1000000.0,Free,0.0,Everyone,Business,"July 25, 2018",Varies with device,Varies with device
Genius Scan - PDF Scanner,BUSINESS,4.4,42492.0,13.0,1000000.0,Free,0.0,Everyone,Business,"July 11, 2018",Varies with device,Varies with device
Mobile Doc Scanner (MDScan) Lite,BUSINESS,4.2,46505.0,19.0,1000000.0,Free,0.0,Everyone,Business,"August 2, 2018",3.4.49,4.1 and up
Zenefits,BUSINESS,4.2,296.0,14.0,50000.0,Free,0.0,Everyone,Business,"June 15, 2018",3.2.1,4.1 and up
FreshBooks Classic,BUSINESS,4.1,1802.0,26.0,100000.0,Free,0.0,Everyone,Business,"April 18, 2018",1.7.14,4.2 and up
Insightly CRM,BUSINESS,3.8,1383.0,51.0,100000.0,Free,0.0,Everyone,Business,"July 12, 2018",3.24.1,5.0 and up
QuickBooks Accounting: Invoicing & Expenses,BUSINESS,4.3,23175.0,41.0,1000000.0,Free,0.0,Everyone,Business,"July 13, 2018",18.7,4.1 and up
HipChat - Chat Built for Teams,BUSINESS,3.8,5868.0,20.0,500000.0,Free,0.0,Everyone,Business,"July 3, 2018",3.19.005,4.1 and up
Xero Accounting Software,BUSINESS,3.5,2111.0,13.0,100000.0,Free,0.0,Everyone,Business,"July 30, 2018",Varies with device,Varies with device
"MailChimp - Email, Marketing Automation",BUSINESS,4.1,5448.0,12.0,500000.0,Free,0.0,Everyone,Business,"July 25, 2018",4.9.1,5.0 and up
Crew - Free Messaging and Scheduling,BUSINESS,4.6,4159.0,48.0,500000.0,Free,0.0,Everyone,Business,"July 20, 2018",6.1.2,4.0.3 and up
Asana: organize team projects,BUSINESS,4.3,20815.0,10.0,1000000.0,Free,0.0,Everyone,Business,"July 26, 2018",6.4.4,5.0 and up
Google Analytics,BUSINESS,4.5,78662.0,22.0,1000000.0,Free,0.0,Everyone,Business,"February 13, 2018",3.7.5,4.4 and up
AdWords Express,BUSINESS,4.1,7149.0,11.0,1000000.0,Free,0.0,Everyone,Business,"July 31, 2018",2.6.158,4.0 and up
Accounting App - Zoho Books,BUSINESS,4.5,3079.0,8.5,100000.0,Free,0.0,Everyone,Business,"August 2, 2018",5.20.7,4.1 and up
Invoice & Time Tracking - Zoho,BUSINESS,4.6,5800.0,8.6,100000.0,Free,0.0,Everyone,Business,"August 2, 2018",5.20.7,4.1 and up
join.me - Simple Meetings,BUSINESS,4.0,6989.0,13.0,1000000.0,Free,0.0,Everyone,Business,"July 16, 2018",4.3.0.508,4.4 and up
Invoice 2go — Professional Invoices and Estimates,BUSINESS,4.2,16422.0,28.0,1000000.0,Free,0.0,Everyone,Business,"August 1, 2018",10.46.2,4.1 and up
ScreenMeet. Easy Phone Meeting,BUSINESS,4.0,624.0,9.0,100000.0,Free,0.0,Everyone,Business,"March 22, 2018",1.2.287,5.0 and up
Cisco Webex Teams,BUSINESS,4.2,1661.0,46.0,100000.0,Free,0.0,Everyone,Business,"August 2, 2018",3.0.4651,4.4 and up
Start Meeting,BUSINESS,4.1,308.0,14.0,50000.0,Free,0.0,Everyone,Business,"May 29, 2018",3.1.4.0,4.0.3 and up
ClickMeeting Webinars,BUSINESS,3.8,5211.0,26.0,1000000.0,Free,0.0,Everyone,Business,"July 30, 2018",3.3.0,4.0 and up
BlueJeans for Android,BUSINESS,3.9,1058.0,23.0,500000.0,Free,0.0,Everyone,Business,"June 29, 2018",2.22.397,5.0 and up
Verify - Receipts & Expenses,BUSINESS,4.5,413.0,29.0,10000.0,Free,0.0,Everyone,Business,"July 25, 2018",2.0.19,5.0 and up
Manga Master - Best manga & comic reader,COMICS,4.6,24005.0,4.9,500000.0,Free,0.0,Adults only 18+,Comics,"July 4, 2018",1.1.7.0,4.1 and up
GANMA! - All original stories free of charge for all original comics,COMICS,4.7,57106.0,27.0,1000000.0,Free,0.0,Teen,Comics,"July 23, 2018",2.11.3,4.1 and up
Röhrich Werner Soundboard,COMICS,4.7,2249.0,32.0,500000.0,Free,0.0,Everyone,Comics,"November 16, 2017",1.08,4.0.3 and up
Unicorn Pokez - Color By Number,COMICS,4.8,516.0,12.0,50000.0,Free,0.0,Everyone,Comics;Creativity,"August 3, 2018",1.0.6,4.4 and up
MangaToon - Comics updated Daily,COMICS,3.9,834.0,15.0,50000.0,Free,0.0,Mature 17+,Comics,"August 1, 2018",1.0.8,4.1 and up
Manga Net – Best Online Manga Reader,COMICS,4.1,1010.0,11.0,50000.0,Free,0.0,Mature 17+,Comics,"July 7, 2018",1.5,4.1 and up
Manga - read Thai translation,COMICS,4.6,302.0,2.2,10000.0,Free,0.0,Teen,Comics,"July 3, 2018",1.0,4.0 and up
The Vietnam Story - Fun Stories,COMICS,4.5,438.0,3.4,10000.0,Free,0.0,Everyone,Comics,"December 27, 2017",1.0,2.3 and up
Dragon Ball Wallpaper - Ringtones,COMICS,4.7,73.0,8.3,10000.0,Free,0.0,Everyone,Comics,"July 23, 2018",1.9,4.0.3 and up
Funny Jokes Photos,COMICS,4.4,39.0,4.3,10000.0,Free,0.0,Everyone 10+,Comics,"July 3, 2018",1.1,4.2 and up
Truyện Vui Tý Quậy,COMICS,4.5,144.0,4.7,10000.0,Free,0.0,Everyone,Comics,"July 19, 2018",3.0,4.0.3 and up
Comic Es - Shojo manga / love comics free of charge ♪ ♪,COMICS,3.9,2181.0,10.0,100000.0,Free,0.0,Teen,Comics,"March 5, 2018",1.2.12,4.0.3 and up
"漫咖 Comics - Manga,Novel and Stories",COMICS,4.1,12088.0,21.0,1000000.0,Free,0.0,Mature 17+,Comics,"July 6, 2018",2.3.1,4.0.3 and up
Emmanuella Funny Videos 2018,COMICS,4.5,314.0,6.1,100000.0,Free,0.0,Everyone,Comics,"May 23, 2018",3.1.0,4.1 and up
DC Comics,COMICS,4.2,25671.0,13.0,1000000.0,Free,0.0,Teen,Comics,"June 5, 2018",Varies with device,Varies with device
Manga Zero - Japanese cartoon and comic reader,COMICS,4.2,15194.0,15.0,1000000.0,Free,0.0,Teen,Comics,"July 19, 2018",4.7.3,4.2 and up
Marvel Unlimited,COMICS,3.7,22551.0,11.0,1000000.0,Free,0.0,Teen,Comics,"July 24, 2018",3.16.0,4.4 and up
"Tapas – Comics, Novels, and Stories",COMICS,4.5,29839.0,29.0,1000000.0,Free,0.0,Teen,Comics,"July 31, 2018",4.1.0,4.4 and up
Children's cartoons (Mithu-Mina-Raju),COMICS,4.6,279.0,3.3,100000.0,Free,0.0,Everyone,Comics,"December 18, 2017",1.6,4.0 and up
【Ranobbe complete free】 Novelba - Free app that you can read and write novels,COMICS,4.3,1330.0,22.0,50000.0,Free,0.0,Everyone,Comics,"July 3, 2018",6.1.1,4.2 and up
Faustop Sounds,COMICS,4.7,1677.0,40.0,100000.0,Free,0.0,Everyone,Comics,"May 26, 2018",1.7.7,4.1 and up
Manga Mania - Best online manga reader,COMICS,4.4,757.0,10.0,10000.0,Free,0.0,Teen,Comics,"May 24, 2018",1.0,4.1 and up
- Free Comics - Comic Apps,COMICS,3.5,115.0,9.1,10000.0,Free,0.0,Mature 17+,Comics,"July 13, 2018",5.0.12,5.0 and up
Buff Thun - Daily Free Webtoon / Comics / Web Fiction / Mini Game,COMICS,4.5,9952.0,38.0,500000.0,Free,0.0,Everyone 10+,Comics,"July 31, 2018",4.3.0,4.1 and up
pixiv comic - everyone's manga app,COMICS,4.4,18814.0,13.0,1000000.0,Free,0.0,Mature 17+,Comics,"July 30, 2018",Varies with device,Varies with device
Funny Jokes and Stories 2018,COMICS,4.2,21.0,6.7,5000.0,Free,0.0,Everyone,Comics,"March 31, 2018",1.3,4.0 and up
Hojiboy Tojiboyev Life Hacks,COMICS,5.0,15.0,37.0,1000.0,Free,0.0,Everyone,Comics,"June 26, 2018",2.0,4.0.3 and up
"Best Wallpapers Backgrounds(100,000+ 4K HD)",COMICS,4.7,3596.0,7.8,10000.0,Free,0.0,Teen,Comics,"June 16, 2018",1.01,4.0.3 and up
think Comics,COMICS,4.4,1006.0,19.0,50000.0,Free,0.0,Everyone,Comics,"August 3, 2018",2.3.3,4.0.3 and up
Memes Button,COMICS,4.4,5968.0,5.7,1000000.0,Free,0.0,Everyone,Comics,"May 28, 2018",1.4,4.0 and up
"Laftel - Watching and Announcing Snooping, Streaming",COMICS,4.6,4895.0,35.0,100000.0,Free,0.0,Everyone,Comics,"August 2, 2018",2.4.25,4.4 and up
TracFone My Account,COMMUNICATION,3.6,20769.0,18.0,1000000.0,Free,0.0,Everyone,Communication,"July 11, 2018",R6.0.3,4.1 and up
Firefox Focus: The privacy browser,COMMUNICATION,4.4,36880.0,4.0,1000000.0,Free,0.0,Everyone,Communication,"July 6, 2018",5.2,5.0 and up
My magenta,COMMUNICATION,3.9,42370.0,37.0,1000000.0,Free,0.0,Everyone,Communication,"June 25, 2018",7.5.1,5.0 and up
Seznam.cz,COMMUNICATION,4.3,46702.0,13.0,1000000.0,Free,0.0,Everyone,Communication,"July 4, 2018",Varies with device,Varies with device
Antillean Gold Telegram (original version),COMMUNICATION,4.4,2939.0,17.0,100000.0,Free,0.0,Everyone,Communication,"July 16, 2018",2.1,4.1 and up
"Messaging+ SMS, MMS Free",COMMUNICATION,4.1,28238.0,17.0,1000000.0,Free,0.0,Everyone,Communication,"August 2, 2018",4.98,2.3 and up
mysms SMS Text Messaging Sync,COMMUNICATION,4.3,37320.0,8.4,1000000.0,Free,0.0,Everyone,Communication,"July 30, 2018",6.5.1,4.0.3 and up
Firefox Focus: The privacy browser,COMMUNICATION,4.4,36893.0,4.0,1000000.0,Free,0.0,Everyone,Communication,"July 6, 2018",5.2,5.0 and up
2ndLine - Second Phone Number,COMMUNICATION,4.2,15880.0,32.0,1000000.0,Free,0.0,Everyone,Communication,"August 3, 2018",5.65.0,4.0 and up
Ninesky Browser,COMMUNICATION,4.2,42925.0,2.8,1000000.0,Free,0.0,Everyone,Communication,"August 27, 2017",6.1,2.3 and up
Ghostery Privacy Browser,COMMUNICATION,4.1,13100.0,2.2,1000000.0,Free,0.0,Everyone,Communication,"March 20, 2018",1.4.1.0,4.0.3 and up
InBrowser - Incognito Browsing,COMMUNICATION,4.2,27156.0,13.0,1000000.0,Free,0.0,Everyone,Communication,"May 31, 2018",Varies with device,Varies with device
Web Browser for Android,COMMUNICATION,4.1,55098.0,4.3,1000000.0,Free,0.0,Everyone,Communication,"June 20, 2018",2.2,4.0 and up
Lightning Web Browser,COMMUNICATION,4.1,12578.0,2.3,500000.0,Free,0.0,Everyone,Communication,"July 10, 2017",4.5.1,4.0 and up
Web Browser,COMMUNICATION,4.2,10965.0,2.3,500000.0,Free,0.0,Everyone,Communication,"February 2, 2015",2.0,3.0 and up
PHONE for Google Voice & GTalk,COMMUNICATION,4.3,72065.0,13.0,1000000.0,Free,0.0,Everyone,Communication,"April 18, 2018",3.0.7,4.0 and up
Safest Call Blocker,COMMUNICATION,4.4,27540.0,3.7,1000000.0,Free,0.0,Everyone,Communication,"January 5, 2018",1.26.001,4.0 and up
Call Blocker,COMMUNICATION,4.1,17529.0,10.0,1000000.0,Free,0.0,Everyone,Communication,"July 26, 2018",5.86,4.0.3 and up
RocketDial Dialer & Contacts,COMMUNICATION,4.4,32254.0,5.5,1000000.0,Free,0.0,Everyone,Communication,"December 4, 2017",3.9.7,2.1 and up
True Contact - Real Caller ID,COMMUNICATION,4.1,32283.0,13.0,1000000.0,Free,0.0,Everyone,Communication,"July 26, 2018",Varies with device,Varies with device
Video Caller Id,COMMUNICATION,4.2,15287.0,17.0,1000000.0,Free,0.0,Everyone,Communication,"January 24, 2018",2.2.245,4.0.3 and up
Burner - Free Phone Number,COMMUNICATION,4.3,14873.0,13.0,1000000.0,Free,0.0,Everyone,Communication,"July 12, 2018",Varies with device,Varies with device
Caller ID +,COMMUNICATION,4.0,9498.0,0.115234375,1000000.0,Free,0.0,Everyone,Communication,"June 7, 2016",5.28.0,2.3 and up
All Email Providers,COMMUNICATION,4.1,20901.0,7.3,1000000.0,Free,0.0,Everyone,Communication,"April 3, 2018",5.0.9,4.1 and up
"Newton Mail - Email App for Gmail, Outlook, IMAP",COMMUNICATION,4.0,122595.0,30.0,1000000.0,Free,0.0,Everyone,Communication,"July 19, 2018",9.8.376,5.0 and up
Mail1Click - Secure Mail,COMMUNICATION,4.1,255.0,1.6,10000.0,Free,0.0,Everyone,Communication,"April 11, 2017",2.3,2.2 and up
mail.com mail,COMMUNICATION,4.2,44706.0,13.0,1000000.0,Free,0.0,Everyone,Communication,"July 25, 2018",Varies with device,Varies with device
SolMail - All-in-One email app,COMMUNICATION,4.3,23707.0,13.0,500000.0,Free,0.0,Everyone,Communication,"August 9, 2017",2.3.17,Varies with device
Vonage Mobile® Call Video Text,COMMUNICATION,4.1,29208.0,23.0,1000000.0,Free,0.0,Everyone,Communication,"September 28, 2016",2.9.8,2.3.3 and up
Hinge: Dating & Relationships,DATING,4.2,7779.0,12.0,500000.0,Free,0.0,Mature 17+,Dating,"August 3, 2018",6.1.3,5.0 and up
BBW Dating & Plus Size Chat,DATING,4.4,12632.0,29.0,1000000.0,Free,0.0,Mature 17+,Dating,"July 27, 2018",3.5.0.1,4.1 and up
CMB Free Dating App,DATING,4.0,48845.0,40.0,1000000.0,Free,0.0,Mature 17+,Dating,"August 1, 2018",4.19.0.2320,4.4 and up
"Chispa, the Dating App for Latino, Latina Singles",DATING,4.2,4195.0,24.0,100000.0,Free,0.0,Mature 17+,Dating,"July 25, 2018",1.6.1,4.4 and up
Clover Dating App,DATING,4.1,11633.0,23.0,500000.0,Free,0.0,Mature 17+,Dating,"July 24, 2018",2.5.1,4.1 and up
Black People Meet Singles Date,DATING,3.9,10212.0,5.0,1000000.0,Free,0.0,Mature 17+,Dating,"July 25, 2018",1.9.7,4.4 and up
Mingle2 - Free Online Dating & Singles Chat Rooms,DATING,4.3,37053.0,44.0,1000000.0,Free,0.0,Mature 17+,Dating,"August 3, 2018",4.4B,4.1 and up
Free Dating App & Flirt Chat - Cheers,DATING,4.4,667.0,27.0,10000.0,Free,0.0,Mature 17+,Dating,"August 3, 2018",1.308.us,4.1 and up
stranger chat - anonymous chat,DATING,3.5,13202.0,6.1,1000000.0,Free,0.0,Mature 17+,Dating,"July 7, 2018",2.4.1,4.1 and up
"Blendr - Chat, Flirt & Meet",DATING,4.0,28671.0,13.0,1000000.0,Free,0.0,Mature 17+,Dating,"August 1, 2018",Varies with device,Varies with device
BLK - Swipe. Match. Chat.,DATING,4.1,2067.0,24.0,100000.0,Free,0.0,Mature 17+,Dating,"July 25, 2018",1.6.1,4.4 and up
Cougar Dating Life : Date Older Women Sugar Mummy,DATING,3.9,1643.0,31.0,500000.0,Free,0.0,Mature 17+,Dating,"July 3, 2018",4.5.5,4.1 and up
Howlr,DATING,3.9,105.0,27.0,5000.0,Free,0.0,Mature 17+,Dating,"June 19, 2018",1.0.4,4.4 and up
Stranger Chat & Date,DATING,3.6,3414.0,6.2,500000.0,Free,0.0,Mature 17+,Dating,"June 6, 2018",1.2.1,4.1 and up
RandoChat - Chat roulette,DATING,3.6,11806.0,12.0,1000000.0,Free,0.0,Mature 17+,Dating,"June 26, 2018",4.0.18,4.0.3 and up
"FastMeet: Chat, Dating, Love",DATING,4.2,22544.0,5.9,1000000.0,Free,0.0,Mature 17+,Dating,"July 27, 2018",1.31.4,4.0.3 and up
"Free Dating App - YoCutie - Flirt, Chat & Meet",DATING,4.1,97684.0,7.9,1000000.0,Free,0.0,Mature 17+,Dating,"July 10, 2018",1.230,4.0.3 and up
Dating for 50 plus Mature Singles – FINALLY,DATING,4.6,13046.0,13.0,500000.0,Free,0.0,Mature 17+,Dating,"July 31, 2018",4.17.2,4.1 and up
Sudy – Meet Elite & Rich Single,DATING,4.1,17268.0,40.0,500000.0,Free,0.0,Mature 17+,Dating,"June 25, 2018",4.1.2,4.0.3 and up
Christian Dating For Free App,DATING,3.9,8722.0,13.0,500000.0,Free,0.0,Mature 17+,Dating,"June 20, 2018",15.8,4.1 and up
Single Parent Meet #1 Dating,DATING,3.5,2593.0,5.0,500000.0,Free,0.0,Mature 17+,Dating,"July 25, 2018",1.9.7,4.4 and up
Millionaire Match: Rich Singles Dating App,DATING,3.9,852.0,27.0,100000.0,Free,0.0,Mature 17+,Dating,"July 30, 2018",6.4.6,4.1 and up
Sugar Mommas Dating And Single Search,DATING,3.5,1972.0,13.0,1000000.0,Free,0.0,Mature 17+,Dating,"May 12, 2018",4.3,4.1 and up
"Hide App, Private Dating, Safe Chat - PrivacyHider",DATING,4.4,35206.0,7.2,1000000.0,Free,0.0,Everyone,Dating,"May 21, 2018",2.9.6,4.0 and up
"muzmatch: Muslim & Arab Singles, Marriage & Dating",DATING,3.8,5164.0,25.0,100000.0,Free,0.0,Mature 17+,Dating,"July 24, 2018",3.8.75a,4.0.3 and up
NoBuffDating - Free Dating App,DATING,4.2,1939.0,13.0,100000.0,Free,0.0,Mature 17+,Dating,"January 8, 2017",1.0.0,4.0 and up
Free Dating App - Meet Local Singles - Flirt Chat,DATING,4.1,825.0,13.0,100000.0,Free,0.0,Mature 17+,Dating,"December 28, 2017",1.0.5,4.0 and up
"Meet4U - Chat, Love, Singles!",DATING,4.2,40035.0,6.5,1000000.0,Free,0.0,Mature 17+,Dating,"July 27, 2018",1.31.3,4.0.3 and up
SnpCupid Dating,DATING,3.5,1093.0,5.8,100000.0,Free,0.0,Mature 17+,Dating,"January 28, 2017",1.6.6,4.2 and up
Gay Sugar Daddy Dating & Hookup – Sudy Gay,DATING,4.1,2212.0,41.0,100000.0,Free,0.0,Mature 17+,Dating,"June 20, 2018",2.0.5,4.0.3 and up
"Meet24 - Love, Chat, Singles",DATING,4.2,57081.0,7.9,1000000.0,Free,0.0,Mature 17+,Dating,"July 27, 2018",1.31.3,4.0.3 and up
BBWCupid - BBW Dating App,DATING,3.5,241.0,2.8,50000.0,Free,0.0,Mature 17+,Dating,"June 1, 2018",2.2.0.1748,5.0 and up
"TryDate - Free Online Dating App, Chat Meet Adults",DATING,4.4,7888.0,15.0,500000.0,Free,0.0,Mature 17+,Dating,"April 29, 2018",2.4.0,4.1 and up
Black White Interracial Dating - Interracial Match,DATING,4.1,535.0,28.0,100000.0,Free,0.0,Mature 17+,Dating,"March 29, 2018",2.0.0,4.1 and up
"USA Singles Meet, Match and Date Free - Date",DATING,4.2,5084.0,9.6,100000.0,Free,0.0,Mature 17+,Dating,"August 3, 2018",1.55,4.1 and up
FlirtChat - ♥Free Dating/Flirting App♥,DATING,4.3,2430.0,13.0,500000.0,Free,0.0,Mature 17+,Dating,"July 26, 2018",12.0.4,4.1 and up
"Herpes Dating: 1,000K+ Singles",DATING,4.0,738.0,27.0,10000.0,Free,0.0,Mature 17+,Dating,"August 1, 2018",6.4.1,4.1 and up
95Live -SG#1 Live Streaming App,DATING,4.1,4953.0,15.0,1000000.0,Free,0.0,Teen,Dating,"August 1, 2018",8.7.2,4.2 and up
Mutual - LDS Dating,DATING,3.7,1439.0,38.0,50000.0,Free,0.0,Mature 17+,Dating,"July 30, 2018",1.1.46,4.2 and up
Cougar Dating Life : Date Older Women Sugar Mummy,DATING,3.9,1645.0,31.0,500000.0,Free,0.0,Mature 17+,Dating,"July 3, 2018",4.5.5,4.1 and up
stranger chat - anonymous chat,DATING,3.5,13204.0,6.1,1000000.0,Free,0.0,Mature 17+,Dating,"July 7, 2018",2.4.1,4.1 and up
Millionaire Match: Rich Singles Dating App,DATING,3.9,853.0,27.0,100000.0,Free,0.0,Mature 17+,Dating,"July 30, 2018",6.4.6,4.1 and up
2RedBeans,DATING,4.0,337.0,32.0,10000.0,Free,0.0,Mature 17+,Dating,"July 31, 2018",2.8.0,4.3 and up
Dating for 50 plus Mature Singles – FINALLY,DATING,4.6,13049.0,13.0,500000.0,Free,0.0,Mature 17+,Dating,"July 31, 2018",4.17.2,4.1 and up
"BiggerCity: Chat for gay bears, chubs & chasers",DATING,4.1,923.0,44.0,100000.0,Free,0.0,Mature 17+,Dating,"August 2, 2018",3.4.1.1,4.1 and up
Herpes Positive Singles Dating,DATING,4.4,198.0,28.0,10000.0,Free,0.0,Mature 17+,Dating,"May 18, 2018",5.5.7,4.1 and up
"FastMeet: Chat, Dating, Love",DATING,4.2,22545.0,5.9,1000000.0,Free,0.0,Mature 17+,Dating,"July 27, 2018",1.31.4,4.0.3 and up
Christian Dating For Free App,DATING,3.9,8723.0,13.0,500000.0,Free,0.0,Mature 17+,Dating,"June 20, 2018",15.8,4.1 and up
Glam - Premium Dating App,DATING,4.3,23170.0,9.0,500000.0,Free,0.0,Mature 17+,Dating,"July 25, 2018",1.5.4.0,4.1 and up
"Meet24 - Love, Chat, Singles",DATING,4.2,57083.0,7.9,1000000.0,Free,0.0,Mature 17+,Dating,"July 27, 2018",1.31.3,4.0.3 and up
Black White Interracial Dating - Interracial Match,DATING,4.1,537.0,28.0,100000.0,Free,0.0,Mature 17+,Dating,"March 29, 2018",2.0.0,4.1 and up
JustDating,DATING,4.0,13440.0,49.0,500000.0,Free,0.0,Mature 17+,Dating,"August 3, 2018",3.10.5,4.0.3 and up
Interracial Match Dating App,DATING,3.6,143.0,27.0,10000.0,Free,0.0,Mature 17+,Dating,"July 23, 2018",2.2.7,4.1 and up
Russian Dating & Chat for Russian speaking RusDate,DATING,4.2,1059.0,18.0,100000.0,Free,0.0,Mature 17+,Dating,"July 26, 2018",1.17,4.2 and up
Sky People (SPI): A secure blind date through authentication by Seoul National University,DATING,3.5,894.0,14.0,100000.0,Free,0.0,Mature 17+,Dating,"July 17, 2018",3.1.3,4.1 and up
Sweet mi - unlimited hunnam hunting blind date,DATING,4.0,6191.0,27.0,500000.0,Free,0.0,Mature 17+,Dating,"July 12, 2018",0.0.73,4.1 and up
Mingle - Online Dating App to Chat & Meet People,DATING,4.1,15081.0,38.0,1000000.0,Free,0.0,Mature 17+,Dating,"July 26, 2018",4.7.6,4.1 and up
BBW Dating & Curvy Singles Chat- LargeFriends,DATING,4.4,218.0,27.0,10000.0,Free,0.0,Mature 17+,Dating,"July 23, 2018",5.2.9,4.1 and up
"Hide App, Private Dating, Safe Chat - PrivacyHider",DATING,4.4,35205.0,7.2,1000000.0,Free,0.0,Everyone,Dating,"May 21, 2018",2.9.6,4.0 and up
A hundred,DATING,4.1,236.0,8.8,10000.0,Free,0.0,Mature 17+,Dating,"March 29, 2018",3.9.2,4.0.3 and up
JustSayHi- Dating App. Chat & Meet Singles Nearby,DATING,4.2,5152.0,38.0,100000.0,Free,0.0,Mature 17+,Dating,"July 26, 2018",3.6.3,4.1 and up
FERZU - Furries Social Network,DATING,3.9,1576.0,13.0,10000.0,Free,0.0,Mature 17+,Dating,"February 16, 2018",4.4.1,4.1 and up
WannaMeet – Dating & Chat App,DATING,4.1,6701.0,11.0,1000000.0,Free,0.0,Mature 17+,Dating,"June 29, 2018",5.16.2,4.0.3 and up
"Meet4U - Chat, Love, Singles!",DATING,4.2,40039.0,6.5,1000000.0,Free,0.0,Mature 17+,Dating,"July 27, 2018",1.31.3,4.0.3 and up
Luxy Pro- Elite Dating Single,DATING,3.9,742.0,26.0,50000.0,Free,0.0,Mature 17+,Dating,"April 7, 2018",5.3.3.13289,4.0.3 and up
Dating Network,DATING,4.0,187.0,19.0,10000.0,Free,0.0,Mature 17+,Dating,"July 26, 2018",1.17,4.2 and up
"Chatting - Free chat, random chat, boyfriend, girlfriend",DATING,4.2,2506.0,6.1,500000.0,Free,0.0,Mature 17+,Dating,"June 15, 2017",3.0.0,4.0 and up
"Meet, chat & date. Free dating app - Chocolate app",DATING,3.9,8661.0,9.5,1000000.0,Free,0.0,Mature 17+,Dating,"April 3, 2018",0.1.11,4.0 and up
Transenger – Ts Dating and Chat for Free,DATING,3.6,8.0,14.0,1000.0,Free,0.0,Mature 17+,Dating,"July 29, 2018",1.4.0,4.4 and up
O-Star,DATING,4.4,59.0,38.0,5000.0,Free,0.0,Everyone,Dating,"July 19, 2018",1.0.1,4.3 and up
Free Cam Girls - Live Webcam,DATING,3.5,35.0,16.0,1000.0,Free,0.0,Mature 17+,Dating,"July 16, 2018",2.4,4.0.3 and up
Cardi B Live Stream Video Chat - Prank,DATING,4.4,28.0,3.4,500.0,Free,0.0,Everyone,Dating,"July 16, 2018",2.5,4.0.3 and up
Live Girls Talk - Free Video Chat,DATING,4.8,125.0,4.7,5000.0,Free,0.0,Mature 17+,Dating,"July 8, 2018",8.2,4.0.3 and up
Live Talk - Free Text and Video Chat,DATING,4.6,185.0,5.0,10000.0,Free,0.0,Mature 17+,Dating,"July 16, 2018",8.2,4.0.3 and up
Chat Kids - Chat Room For Kids,DATING,4.7,6.0,4.9,100.0,Free,0.0,Mature 17+,Dating,"July 24, 2018",1.0,4.0.3 and up
Girls Live Chat - Free Text & Video Chat,DATING,4.8,110.0,4.9,10000.0,Free,0.0,Mature 17+,Dating,"July 9, 2018",8.2,4.0.3 and up
Random Video Chat,DATING,4.3,3.0,16.0,1000.0,Free,0.0,Mature 17+,Dating,"July 15, 2018",4.20,4.0.3 and up
American Girls Mobile Numbers,DATING,5.0,5.0,4.4,1000.0,Free,0.0,Mature 17+,Dating,"July 17, 2018",3.0,4.0.3 and up
Random Video Chat App With Strangers,DATING,4.3,3.0,4.8,1000.0,Free,0.0,Mature 17+,Dating,"July 17, 2018",1.,4.0 and up
FREE VIDEO CHAT - LIVE VIDEO AND TEXT CHAT,DATING,4.8,84.0,4.5,1000.0,Free,0.0,Mature 17+,Dating,"July 6, 2018",8.2,4.0.3 and up
Live Chat - Free Video Chat Rooms,DATING,4.8,20.0,4.9,500.0,Free,0.0,Mature 17+,Dating,"July 15, 2018",8.2,4.0.3 and up
Meet With Strangers: Video Chat & Dating,DATING,4.3,2.0,3.7,500.0,Free,0.0,Mature 17+,Dating,"July 16, 2018",1.,4.0 and up
FREE LIVE TALK,DATING,4.9,776.0,4.9,5000.0,Free,0.0,Mature 17+,Dating,"July 14, 2018",8.2,4.0.3 and up
Ost. Zombies Cast - New Music and Lyrics,DATING,4.3,1.0,4.6,100.0,Free,0.0,Teen,Dating,"July 20, 2018",1.0,4.0.3 and up
Dating White Girls,DATING,4.3,0.0,3.6,50.0,Free,0.0,Mature 17+,Dating,"July 20, 2018",1.0,4.0 and up
Live Chat - Free Video Talk,DATING,4.7,14.0,21.0,5000.0,Free,0.0,Mature 17+,Dating,"August 3, 2018",1.3,4.1 and up
Geeks Dating,DATING,4.3,0.0,13.0,50.0,Free,0.0,Mature 17+,Dating,"July 10, 2018",1.0,4.1 and up
Live chat - free video chat,DATING,4.3,1.0,8.7,500.0,Free,0.0,Mature 17+,Dating,"July 23, 2018",3.52,4.0.3 and up
Fishing Brain & Boating Maps Marine,DATING,4.3,3.0,6.9,500.0,Free,0.0,Everyone,Dating,"July 23, 2018",1.0,4.0.3 and up
CAM5678 Video Chat,DATING,4.3,0.0,39.0,500.0,Free,0.0,Mature 17+,Dating,"July 13, 2018",5.5.8,4.0.3 and up
Video chat live advices,DATING,4.3,0.0,8.0,100.0,Free,0.0,Everyone,Dating,"July 10, 2018",1.0,3.0 and up
chat live chat,DATING,4.3,24.0,3.9,1000.0,Free,0.0,Mature 17+,Dating,"July 26, 2018",1.0,4.0 and up
Pet Lovers Dating,DATING,4.3,0.0,14.0,10.0,Free,0.0,Mature 17+,Dating,"July 9, 2018",1.0,4.1 and up
Friend Find: free chat + flirt dating app,DATING,4.3,23.0,11.0,100.0,Free,0.0,Mature 17+,Dating,"July 31, 2018",1.0,4.4 and up
Latin Dating,DATING,4.3,0.0,13.0,10.0,Free,0.0,Mature 17+,Dating,"July 9, 2018",1.0,4.1 and up
Spine- The dating app,DATING,5.0,5.0,9.3,500.0,Free,0.0,Teen,Dating,"July 14, 2018",4.0,4.0.3 and up
Online Chat Girls Meet,DATING,4.7,18.0,5.0,500.0,Free,0.0,Mature 17+,Dating,"July 25, 2018",8.2,4.0.3 and up
Wifi Mingle,DATING,4.3,0.0,10.0,10.0,Free,0.0,Everyone,Dating,"July 27, 2018",1.3,4.4 and up
Girls Live Talk - Free Text and Video Chat,DATING,5.0,6.0,5.0,100.0,Free,0.0,Mature 17+,Dating,"August 1, 2018",8.2,4.0.3 and up
Soy Luna - Top Music And Lyrics,DATING,4.3,1.0,5.0,100.0,Free,0.0,Teen,Dating,"July 24, 2018",1.0,4.0.3 and up
When Will You Get Married,DATING,4.3,2.0,3.6,10.0,Free,0.0,Everyone,Dating,"July 14, 2018",1.0,4.0.3 and up
HOW TO ASK A GIRL OUT,DATING,4.3,0.0,19.0,10.0,Free,0.0,Everyone,Dating,"July 16, 2018",1.0,4.0.3 and up
Online Girls Chat Group,DATING,5.0,5.0,5.0,100.0,Free,0.0,Mature 17+,Dating,"August 2, 2018",8.2,4.0.3 and up
The DJ - Match with People,DATING,4.3,0.0,9.8,50.0,Free,0.0,Mature 17+,Dating,"August 2, 2018",1.2,4.1 and up
Toronto Dating,DATING,4.3,0.0,14.0,100.0,Free,0.0,Mature 17+,Dating,"July 12, 2018",1.0,4.1 and up
i miss you quotes and photos,DATING,4.3,0.0,5.0,100.0,Free,0.0,Everyone,Dating,"July 22, 2018",1.0.7,4.0 and up
JoJo Siwa Top Hits Music,DATING,4.3,0.0,4.9,10.0,Free,0.0,Teen,Dating,"July 26, 2018",1.0,4.0.3 and up
chat saudi arabia,DATING,4.1,11.0,11.0,1000.0,Free,0.0,Mature 17+,Dating,"July 14, 2018",1.1,4.0 and up
Chat Click - Dating Search,DATING,4.3,4.0,3.8,500.0,Free,0.0,Mature 17+,Dating,"July 11, 2018",1.0,3.0 and up
Iraq love chat,DATING,4.3,14.0,5.0,50.0,Free,0.0,Teen,Dating,"August 3, 2018",8.2,4.0.3 and up
Healthy Relationships Guide,DATING,4.3,0.0,8.2,1.0,Free,0.0,Everyone,Dating,"July 31, 2018",2.0,4.0.3 and up
following,DATING,4.3,1.0,21.0,10.0,Free,0.0,Mature 17+,Dating,"July 24, 2018",1.0.3,4.2 and up
Gods by Night,DATING,4.3,104.0,12.0,1000.0,Free,0.0,Mature 17+,Dating,"July 22, 2018",3.5.4.2.3,4.1 and up
PlusOne,DATING,4.3,0.0,10.0,1.0,Free,0.0,Mature 17+,Dating,"July 17, 2018",1.1.1,4.2 and up
Love Calendar - Couple Sharing Calendar & CoupleDay,DATING,4.3,14.0,3.3,50.0,Free,0.0,Everyone,Dating,"July 30, 2018",1.6,4.1 and up
Speeding Joyride & Car Meet App,DATING,5.0,3.0,25.0,100.0,Free,0.0,Mature 17+,Dating,"July 20, 2018",1.2.9,4.1 and up
LOBSTR - go on a lunch date,DATING,3.7,101.0,15.0,10000.0,Free,0.0,Mature 17+,Dating,"July 24, 2018",2,4.1 and up
Titanic App - Feminist Dating Application,DATING,4.5,120.0,10.0,500.0,Free,0.0,Mature 17+,Dating,"August 4, 2018",1.5-beta,5.0 and up
French Chat Room,DATING,4.2,24.0,4.9,1000.0,Free,0.0,Mature 17+,Dating,"July 11, 2018",1.0,4.0.3 and up
Soul Mate,DATING,4.3,0.0,4.4,10.0,Free,0.0,Mature 17+,Dating,"July 19, 2018",4.5.0,4.0.3 and up
Diamond Engagement Rings,DATING,4.3,0.0,3.5,5.0,Free,0.0,Everyone,Dating,"July 12, 2018",6.1,4.0 and up
Dating Tips For Men,DATING,4.3,0.0,7.8,10.0,Free,0.0,Everyone,Dating,"July 9, 2018",3.0,4.0.3 and up
Halalguur,DATING,4.3,6.0,9.0,100.0,Free,0.0,Mature 17+,Dating,"July 26, 2018",3.7,4.0.3 and up
95Live -SG#1 Live Streaming App,DATING,4.1,4954.0,15.0,1000000.0,Free,0.0,Teen,Dating,"August 1, 2018",8.7.2,4.2 and up
Find Lover,DATING,4.3,21.0,4.7,1000.0,Free,0.0,Mature 17+,Dating,"July 27, 2018",1.0.2,4.0.3 and up
"muzmatch: Muslim & Arab Singles, Marriage & Dating",DATING,3.8,5168.0,25.0,100000.0,Free,0.0,Mature 17+,Dating,"July 24, 2018",3.8.75a,4.0.3 and up
BBW Dating & Plus Size Chat,DATING,4.4,12633.0,29.0,1000000.0,Free,0.0,Mature 17+,Dating,"July 27, 2018",3.5.0.1,4.1 and up
"2Date Dating App, Love and matching",DATING,4.4,41605.0,8.1,500000.0,Free,0.0,Mature 17+,Dating,"July 26, 2018",4.813,4.0.3 and up
FlirtChat - ♥Free Dating/Flirting App♥,DATING,4.3,2433.0,13.0,500000.0,Free,0.0,Mature 17+,Dating,"July 26, 2018",12.0.4,4.1 and up
Girls Online Talk - Free Text and Video Chat,DATING,4.7,791.0,3.7,10000.0,Free,0.0,Mature 17+,Dating,"May 15, 2018",8.2,4.0.3 and up
Online Girls Chat,DATING,4.8,5323.0,3.5,50000.0,Free,0.0,Mature 17+,Dating,"April 21, 2018",8.2,4.0.3 and up
LIVE VIDEO TALK,DATING,4.7,478.0,4.5,10000.0,Free,0.0,Mature 17+,Dating,"June 28, 2018",8.2,4.0.3 and up
SkyLove – Dating and chat,DATING,3.5,69.0,36.0,5000.0,Free,0.0,Mature 17+,Dating,"August 4, 2018",1.0.82,4.4 and up
Free Live Talk-Video Call,DATING,4.7,158.0,4.5,10000.0,Free,0.0,Mature 17+,Dating,"July 5, 2018",8.2,4.0.3 and up
FindLoving,DATING,3.8,24.0,19.0,1000.0,Free,0.0,Mature 17+,Dating,"August 2, 2018",1.0.5,4.0 and up
"Free Dating App - YoCutie - Flirt, Chat & Meet",DATING,4.1,97699.0,7.9,1000000.0,Free,0.0,Mature 17+,Dating,"July 10, 2018",1.230,4.0.3 and up
"Chat Mexico: meet people, flirt and friendship",DATING,4.3,8.0,9.3,5000.0,Free,0.0,Mature 17+,Dating,"July 2, 2018",3.7,4.0.3 and up
English Communication - Learn English for Chinese (Learn English for Chinese),EDUCATION,4.7,2544.0,18.0,100000.0,Free,0.0,Everyone,Education,"December 29, 2017",3.1,4.0 and up
Ai La Trieu Phu - ALTP Free,EDUCATION,4.3,776.0,24.0,100000.0,Free,0.0,Everyone,Education,"July 23, 2018",1.5,4.0 and up
Learn Spanish - Español,EDUCATION,4.7,32346.0,3.2,1000000.0,Free,0.0,Everyone,Education,"December 18, 2017",1.3.8,4.0 and up
English Grammar Test,EDUCATION,4.8,4075.0,5.1,500000.0,Free,0.0,Everyone,Education,"June 22, 2018",2.1.8,4.0.3 and up
Speed Reading,EDUCATION,4.6,10611.0,11.0,500000.0,Free,0.0,Everyone,Education,"May 27, 2018",2.3.7,4.0 and up
English for beginners,EDUCATION,4.6,9321.0,27.0,1000000.0,Free,0.0,Everyone,Education,"July 18, 2018",2.9.0,4.0 and up
Flame - درب عقلك يوميا,EDUCATION,4.6,56065.0,37.0,1000000.0,Free,0.0,Everyone,Education,"July 26, 2018",3.3,4.1 and up
"Learn Japanese, Korean, Chinese Offline & Free",EDUCATION,4.9,133136.0,26.0,1000000.0,Free,0.0,Everyone,Education;Education,"July 20, 2018",2.16.11.10,4.2 and up
Kids Mode,EDUCATION,3.8,2469.0,11.0,500000.0,Free,0.0,Everyone,Education,"March 23, 2018",Varies with device,Varies with device
Dinosaurs Coloring Pages,EDUCATION,4.4,390.0,41.0,500000.0,Free,0.0,Everyone,Education;Education,"February 3, 2018",1.1.6,4.0 and up
Cars Coloring Pages,EDUCATION,4.4,1090.0,49.0,1000000.0,Free,0.0,Everyone,Education;Creativity,"February 3, 2018",1.2.0,4.0 and up
Monster Truck Driver & Racing,EDUCATION,4.4,748.0,51.0,1000000.0,Free,0.0,Everyone,Education;Action & Adventure,"January 19, 2017",1.0.9,2.3 and up
Japanese / English one-shop search dictionary - Free Japanese - English - Japanese dictionary application,EDUCATION,3.9,61.0,18.0,50000.0,Free,0.0,Mature 17+,Education,"May 28, 2018",1.4.2,5.0 and up
English speaking texts,EDUCATION,4.4,1619.0,3.0,1000000.0,Free,0.0,Everyone,Education,"July 20, 2018",1.2,1.6 and up
Thai Handwriting,EDUCATION,4.3,3168.0,19.0,1000000.0,Free,0.0,Everyone,Education,"October 26, 2017",3.1,4.4 and up
THAI DICT 2018,EDUCATION,4.4,29855.0,13.0,1000000.0,Free,0.0,Mature 17+,Education,"July 29, 2018",Varies with device,Varies with device
Kanji test · Han search Kanji training (free version),EDUCATION,4.2,6736.0,22.0,1000000.0,Free,0.0,Mature 17+,Education,"October 17, 2017",2.51.0,4.0.3 and up
Game for KIDS: KIDS match'em,EDUCATION,4.4,7005.0,6.9,1000000.0,Free,0.0,Everyone,Education,"October 23, 2016",1.17,2.3 and up
Flippy Campus - Buy & sell on campus at a discount,EDUCATION,4.0,889.0,7.4,500000.0,Free,0.0,Everyone,Education,"March 9, 2018",2.2.4,4.2 and up
PINKFONG Baby Shark,EDUCATION,4.5,10852.0,18.0,1000000.0,Free,0.0,Everyone,Education,"November 28, 2017",10,4.1 and up
English words application mikan,EDUCATION,4.7,9888.0,13.0,500000.0,Free,0.0,Everyone,Education,"July 30, 2018",Varies with device,4.1 and up
Learn English for beginners,EDUCATION,4.5,1929.0,2.5,500000.0,Free,0.0,Everyone,Education,"September 28, 2017",1.1,2.3 and up
Listen and learn English in seven days,EDUCATION,4.3,1516.0,3.9,100000.0,Free,0.0,Everyone,Education,"July 28, 2018",3.1,4.1 and up
Learn English from Persian: Persian to English,EDUCATION,4.3,423.0,21.0,100000.0,Free,0.0,Everyone,Education,"April 3, 2018",6.0,4.0.3 and up
Udemy - Online Courses,EDUCATION,4.5,99020.0,18.0,1000000.0,Free,0.0,Everyone,Education,"August 2, 2018",5.0.4,5.0 and up
"edX - Online Courses by Harvard, MIT & more",EDUCATION,4.6,32381.0,10.0,1000000.0,Free,0.0,Everyone 10+,Education,"July 15, 2018",2.15.1,4.1 and up
Lynda - Online Training Videos,EDUCATION,4.2,8599.0,17.0,1000000.0,Free,0.0,Everyone,Education,"July 11, 2018",4.9.10,4.1 and up
Brilliant,EDUCATION,4.5,41185.0,13.0,1000000.0,Free,0.0,Everyone,Education,"August 3, 2018",Varies with device,Varies with device
CppDroid - C/C++ IDE,EDUCATION,4.1,29980.0,13.0,1000000.0,Free,0.0,Everyone,Education,"August 17, 2017",Varies with device,Varies with device
Quiz&Learn Python,EDUCATION,4.0,304.0,2.0,10000.0,Free,0.0,Everyone,Education,"July 4, 2016",1.3.0,4.0 and up
C++ Tutorials,EDUCATION,4.1,358.0,1.9,50000.0,Free,0.0,Everyone,Education,"August 21, 2014",1.1,2.3 and up
C++ Programming,EDUCATION,4.3,11904.0,1.8,1000000.0,Free,0.0,Everyone,Education,"August 22, 2015",2.0,2.3 and up
C Programming,EDUCATION,4.3,22251.0,1.8,1000000.0,Free,0.0,Everyone,Education,"June 28, 2015",3.0,2.3 and up
Udacity - Lifelong Learning,EDUCATION,4.3,22384.0,17.0,1000000.0,Free,0.0,Everyone,Education,"July 31, 2018",4.7.0,5.0 and up
Learn C++,EDUCATION,4.6,73404.0,5.3,1000000.0,Free,0.0,Everyone,Education,"December 25, 2017",4.5.2,4.0 and up
Learn programming,EDUCATION,4.1,12733.0,13.0,1000000.0,Free,0.0,Everyone,Education,"May 20, 2018",Varies with device,Varies with device
Learn JavaScript,EDUCATION,4.6,25183.0,5.4,1000000.0,Free,0.0,Everyone,Education,"December 25, 2017",5.7.2,4.0 and up
Learn Java,EDUCATION,4.7,52743.0,5.4,1000000.0,Free,0.0,Everyone,Education,"December 25, 2017",3.5.2,4.0 and up
Learn HTML,EDUCATION,4.7,61749.0,5.4,1000000.0,Free,0.0,Everyone,Education,"December 25, 2017",5.5.2,4.0 and up
"Programming Hub, Learn to code",EDUCATION,4.3,55704.0,15.0,1000000.0,Free,0.0,Everyone,Education,"August 4, 2018",4.2.8,4.1 and up
Learn SQL,EDUCATION,4.7,19277.0,5.3,1000000.0,Free,0.0,Everyone,Education,"December 25, 2017",3.4.2,4.0 and up
Ready4 SAT (Prep4 SAT),EDUCATION,4.6,13612.0,48.0,100000.0,Free,0.0,Everyone,Education,"May 10, 2018",7.2.3633,4.4 and up
Socratic - Math Answers & Homework Help,EDUCATION,4.6,37862.0,5.4,1000000.0,Free,0.0,Everyone,Education,"June 7, 2018",1.8.1,4.1 and up
Ready4 GMAT (Prep4 GMAT),EDUCATION,4.6,18372.0,47.0,100000.0,Free,0.0,Everyone,Education,"May 21, 2018",7.2.3634,4.4 and up
Pocket GMAT Math,EDUCATION,4.3,656.0,0.54296875,10000.0,Free,0.0,Everyone,Education,"July 11, 2014",1.1,2.2 and up
GMAT Question Bank,EDUCATION,4.2,240.0,29.0,10000.0,Free,0.0,Everyone,Education,"April 29, 2015",1.2.0,2.3.3 and up
GRE Tutor,EDUCATION,4.0,275.0,2.3,50000.0,Free,0.0,Everyone,Education,"December 2, 2013",2.9,2.1 and up
GRE Flashcards,EDUCATION,4.5,13791.0,13.0,500000.0,Free,0.0,Everyone,Education,"June 6, 2018",Varies with device,Varies with device
"play2prep: ACT, SAT prep",EDUCATION,4.2,3692.0,4.4,100000.0,Free,0.0,Everyone,Education,"July 23, 2015",4.1.3,2.3.3 and up
SAT Test,EDUCATION,4.1,2363.0,6.6,100000.0,Free,0.0,Everyone,Education,"November 17, 2016",2.48,4.0 and up
GMAT Math Flashcards,EDUCATION,4.4,1769.0,13.0,100000.0,Free,0.0,Everyone,Education,"July 11, 2018",Varies with device,Varies with device
Pocket SAT Math,EDUCATION,4.0,430.0,0.513671875,10000.0,Free,0.0,Everyone,Education,"July 11, 2014",1.2,2.1 and up
TOEFL Prep & Practice from Magoosh,EDUCATION,4.5,756.0,12.0,100000.0,Free,0.0,Everyone,Education,"June 18, 2018",3.2.0,4.1 and up
GRE Prep & Practice by Magoosh,EDUCATION,4.4,3963.0,13.0,100000.0,Free,0.0,Everyone,Education,"June 6, 2018",Varies with device,Varies with device
GRE® Flashcards by Kaplan,EDUCATION,4.0,316.0,29.0,50000.0,Free,0.0,Everyone,Education,"February 15, 2017",1.4,4.0 and up
SAT Vocabulary,EDUCATION,4.2,642.0,13.0,50000.0,Free,0.0,Everyone,Education,"June 5, 2018",Varies with device,Varies with device
Magoosh GMAT Prep & Practice,EDUCATION,4.3,1058.0,13.0,100000.0,Free,0.0,Everyone,Education,"June 18, 2018",Varies with device,Varies with device
SAT Flashcards: Prep & Vocabulary,EDUCATION,4.2,2277.0,13.0,100000.0,Free,0.0,Everyone,Education,"November 7, 2017",Varies with device,Varies with device
"edX - Online Courses by Harvard, MIT & more",EDUCATION,4.6,32380.0,10.0,1000000.0,Free,0.0,Everyone 10+,Education,"July 15, 2018",2.15.1,4.1 and up
LinkedIn Learning: Online Courses to Learn Skills,EDUCATION,4.6,7973.0,18.0,1000000.0,Free,0.0,Everyone,Education,"July 27, 2018",0.29.74,4.4 and up
Learn English with Phrases,EDUCATION,4.2,5695.0,13.0,1000000.0,Free,0.0,Everyone,Education,"September 28, 2017",Varies with device,Varies with device
Babbel – Learn Spanish,EDUCATION,4.4,54798.0,11.0,1000000.0,Free,0.0,Everyone,Education,"July 30, 2018",20.7.2,4.4 and up
Mango Languages: Lovable Language Courses,EDUCATION,4.0,4815.0,19.0,500000.0,Free,0.0,Everyone,Education,"July 17, 2018",4.2.3,4.2 and up
Learn English with Aco,EDUCATION,4.6,75112.0,6.5,1000000.0,Free,0.0,Everyone,Education,"November 11, 2017",2.09,4.1 and up
Learn to Speak English,EDUCATION,4.4,33646.0,7.0,1000000.0,Free,0.0,Everyone,Education,"July 15, 2018",2.3.9,4.0 and up
My Class Schedule: Timetable,EDUCATION,4.1,9348.0,13.0,1000000.0,Free,0.0,Everyone,Education,"June 1, 2016",Varies with device,Varies with device
Study Checker,EDUCATION,4.2,3816.0,2.6,500000.0,Free,0.0,Everyone,Education,"May 4, 2016",3.6.0.115_FN,2.3 and up
My Study Life - School Planner,EDUCATION,4.3,47847.0,21.0,1000000.0,Free,0.0,Everyone,Education,"June 13, 2017",6.1.3,4.0.3 and up
HomeWork,EDUCATION,4.3,16195.0,5.2,1000000.0,Free,0.0,Everyone,Education,"September 20, 2016",8.5.2,4.0 and up
Next Gen Science Standards,EDUCATION,4.3,206.0,18.0,50000.0,Free,0.0,Everyone,Education,"December 20, 2016",1.12.1,2.3 and up
myHomework Student Planner,EDUCATION,4.0,28392.0,13.0,1000000.0,Free,0.0,Everyone,Education,"March 7, 2018",Varies with device,Varies with device
Teacher's Gradebook - Additio,EDUCATION,4.2,3241.0,16.0,100000.0,Free,0.0,Everyone,Education,"August 1, 2018",4.8.2,4.0.3 and up
Common Core,EDUCATION,4.0,835.0,15.0,100000.0,Free,0.0,Everyone,Education,"December 20, 2016",2.3.1,2.3 and up
Homework Planner,EDUCATION,4.0,2525.0,1.2,100000.0,Free,0.0,Everyone,Education,"January 11, 2015",15.9.4,4.0 and up
TeachersPayTeachers,EDUCATION,3.8,828.0,13.0,100000.0,Free,0.0,Everyone,Education,"October 1, 2017",Varies with device,Varies with device
Socrative Teacher,EDUCATION,3.9,1239.0,1.8,100000.0,Free,0.0,Everyone,Education,"July 29, 2016",4.4.1,3.2 and up
Training schedule - AllUniver,EDUCATION,4.1,702.0,7.6,10000.0,Free,0.0,Everyone,Education,"October 16, 2017",5.0,4.4 and up
Lerni. Learn languages.,EDUCATION,4.0,3847.0,6.9,500000.0,Free,0.0,Everyone,Education,"October 25, 2017",3.1.3,3.0 and up
Innovative: Learn 34 Languages,EDUCATION,4.5,14206.0,21.0,500000.0,Free,0.0,Everyone,Education,"July 26, 2018",1.16,3.0 and up
Chegg Study - Homework Help,EDUCATION,4.3,14700.0,21.0,1000000.0,Free,0.0,Everyone,Education,"July 30, 2018",5.7.0,4.4 and up
Canvas Student,EDUCATION,4.5,42828.0,13.0,1000000.0,Free,0.0,Everyone,Education,"July 20, 2018",Varies with device,Varies with device
Timetable,EDUCATION,4.2,40209.0,13.0,1000000.0,Free,0.0,Everyone,Education,"May 24, 2018",Varies with device,Varies with device
EasyBib: Citation Generator,EDUCATION,3.5,1405.0,7.3,100000.0,Free,0.0,Everyone,Education,"March 29, 2018",2.4.4,4.0 and up
Kids Learn Languages by Mondly,EDUCATION,4.4,2078.0,13.0,100000.0,Free,0.0,Everyone,Education;Education,"December 24, 2017",1.0.2,4.1 and up
Blinkist - Nonfiction Books,EDUCATION,4.1,16103.0,13.0,1000000.0,Free,0.0,Everyone,Education,"July 31, 2018",5.7.1,4.1 and up
Complete Spanish Movies,ENTERTAINMENT,4.0,11656.0,4.5,1000000.0,Free,0.0,Everyone,Entertainment,"January 20, 2018",1.02,4.0.3 and up
Pluto TV - It’s Free TV,ENTERTAINMENT,4.2,28948.0,13.0,1000000.0,Free,0.0,Teen,Entertainment,"August 4, 2018",Varies with device,Varies with device
The green alien dance,ENTERTAINMENT,3.8,6979.0,12.0,1000000.0,Free,0.0,Everyone,Entertainment,"July 5, 2018",1.03,4.0 and up
StarTimes - Live International Champions Cup,ENTERTAINMENT,4.4,17682.0,9.7,1000000.0,Free,0.0,Everyone,Entertainment,"August 3, 2018",5.2,4.0.3 and up
Cinematic Cinematic,ENTERTAINMENT,4.4,37000.0,15.0,1000000.0,Free,0.0,Mature 17+,Entertainment,"June 21, 2018",4.0.5,4.1 and up
Radio Javan,ENTERTAINMENT,4.4,46916.0,4.5,1000000.0,Free,0.0,Everyone,Entertainment,"July 18, 2018",7.3,4.2 and up
🔥 Football Wallpapers 4K | Full HD Backgrounds 😍,ENTERTAINMENT,4.7,11661.0,4.0,1000000.0,Free,0.0,Everyone,Entertainment,"July 14, 2018",1.1.3.2,4.0.3 and up
Low Poly – Puzzle art game,ENTERTAINMENT,4.5,23063.0,17.0,1000000.0,Free,0.0,Everyone,Entertainment;Brain Games,"August 3, 2018",1.0.9,4.1 and up
Adult Glitter Color by Number Book - Sandbox Pages,ENTERTAINMENT,4.3,8918.0,13.0,1000000.0,Free,0.0,Everyone,Entertainment;Creativity,"July 21, 2018",1.7,4.4 and up
"Red Bull TV: Live Sports, Music & Entertainment",ENTERTAINMENT,4.4,42050.0,13.0,1000000.0,Free,0.0,Teen,Entertainment,"August 3, 2018",Varies with device,Varies with device
Trailer Addict Movie Trailers,ENTERTAINMENT,3.9,2646.0,9.1,100000.0,Free,0.0,Teen,Entertainment,"February 14, 2018",2.2.0,4.2 and up
Cinemark Theatres,ENTERTAINMENT,4.1,21867.0,39.0,1000000.0,Free,0.0,Teen,Entertainment,"July 12, 2018",2.19.0,5.0 and up
Regal Cinemas,ENTERTAINMENT,4.3,32732.0,13.0,1000000.0,Free,0.0,Everyone,Entertainment,"July 19, 2018",Varies with device,Varies with device
Marcus Theatres,ENTERTAINMENT,3.6,2639.0,8.5,100000.0,Free,0.0,Everyone,Entertainment,"February 7, 2018",2.9.43,6.0 and up
Harkins Theatres,ENTERTAINMENT,4.3,1511.0,12.0,100000.0,Free,0.0,Everyone,Entertainment,"June 11, 2018",2.1.1,4.1 and up
Food Network,ENTERTAINMENT,4.1,7813.0,13.0,500000.0,Free,0.0,Teen,Entertainment,"July 27, 2018",Varies with device,Varies with device
Cooking Channel,ENTERTAINMENT,4.1,1033.0,16.0,100000.0,Free,0.0,Teen,Entertainment,"July 27, 2018",Varies with device,Varies with device
Animal Planet GO,ENTERTAINMENT,4.2,2442.0,9.6,100000.0,Free,0.0,Teen,Entertainment,"July 24, 2018",2.9.4,4.1 and up
"VRV: Anime, game videos & more",ENTERTAINMENT,3.9,15254.0,13.0,1000000.0,Free,0.0,Teen,Entertainment,"June 19, 2018",Varies with device,Varies with device
Investigation Discovery GO,ENTERTAINMENT,4.5,12216.0,13.0,1000000.0,Free,0.0,Teen,Entertainment,"July 24, 2018",2.9.4,4.1 and up
HISTORY: Watch TV Show Full Episodes & Specials,ENTERTAINMENT,4.1,33387.0,20.0,1000000.0,Free,0.0,Teen,Entertainment,"July 16, 2018",3.1.4,4.4 and up
VH1,ENTERTAINMENT,4.1,27424.0,17.0,1000000.0,Free,0.0,Teen,Entertainment,"July 8, 2018",11.45.0,4.4 and up
A&E - Watch Full Episodes of TV Shows,ENTERTAINMENT,4.0,29706.0,19.0,1000000.0,Free,0.0,Teen,Entertainment,"July 16, 2018",3.1.4,4.4 and up
BET NOW - Watch Shows,ENTERTAINMENT,4.2,14807.0,19.0,1000000.0,Free,0.0,Teen,Entertainment,"July 8, 2018",11.45.0,4.4 and up
Univision NOW - Live TV and On Demand,ENTERTAINMENT,4.0,22998.0,13.0,1000000.0,Free,0.0,Teen,Entertainment,"June 27, 2018",8.0626,Varies with device
SHOWTIME,ENTERTAINMENT,4.2,12398.0,13.0,1000000.0,Free,0.0,Teen,Entertainment,"July 2, 2018",Varies with device,Varies with device
Lifetime - Watch Full Episodes & Original Movies,ENTERTAINMENT,4.0,35928.0,19.0,1000000.0,Free,0.0,Teen,Entertainment,"July 16, 2018",3.1.4,4.4 and up
SeriesGuide – Show & Movie Manager,ENTERTAINMENT,4.3,64448.0,4.4,1000000.0,Free,0.0,Mature 17+,Entertainment,"July 21, 2018",43,4.0.3 and up
Comedy Central,ENTERTAINMENT,3.9,22378.0,19.0,1000000.0,Free,0.0,Teen,Entertainment,"July 8, 2018",11.45.0,4.4 and up
CW Seed,ENTERTAINMENT,4.5,16372.0,13.0,500000.0,Free,0.0,Teen,Entertainment,"July 18, 2018",1.16,4.4 and up
Universal Kids,ENTERTAINMENT,3.6,1968.0,21.0,500000.0,Free,0.0,Everyone,Entertainment;Music & Video,"May 24, 2018",3.3.1.41,4.4 and up
MTV,ENTERTAINMENT,3.8,35279.0,15.0,1000000.0,Free,0.0,Teen,Entertainment,"July 8, 2018",11.45.0,4.4 and up
Lifetime - Watch Full Episodes & Original Movies,ENTERTAINMENT,4.0,35931.0,19.0,1000000.0,Free,0.0,Teen,Entertainment,"July 16, 2018",3.1.4,4.4 and up
LEGO® TV,ENTERTAINMENT,3.7,17247.0,7.2,1000000.0,Free,0.0,Everyone 10+,Entertainment;Music & Video,"August 4, 2018",4.0.2,5.0 and up
Showtime Anytime,ENTERTAINMENT,3.7,18523.0,13.0,1000000.0,Free,0.0,Teen,Entertainment,"July 2, 2018",Varies with device,Varies with device
Telemundo Now,ENTERTAINMENT,3.9,8674.0,19.0,1000000.0,Free,0.0,Teen,Entertainment,"May 25, 2018",3.3.1.42,4.4 and up
Yidio: TV Show & Movie Guide,ENTERTAINMENT,3.9,27424.0,13.0,1000000.0,Free,0.0,Teen,Entertainment,"July 31, 2018",Varies with device,Varies with device
Univision NOW - Live TV and On Demand,ENTERTAINMENT,4.0,22997.0,13.0,1000000.0,Free,0.0,Teen,Entertainment,"June 27, 2018",8.0626,Varies with device
Nick Jr. - Shows & Games,ENTERTAINMENT,4.2,8968.0,35.0,1000000.0,Free,0.0,Everyone,Entertainment;Music & Video,"January 23, 2018",1.0.20,4.4 and up
Sticker Market: Emoji keyboard,ENTERTAINMENT,4.3,303.0,44.0,10000.0,Free,0.0,Teen,Entertainment,"December 14, 2017",1.2.3,4.2 and up
Kidjo TV Kids Have Fun & Learn,ENTERTAINMENT,4.6,732.0,13.0,100000.0,Free,0.0,Everyone,Entertainment;Music & Video,"August 1, 2018",Varies with device,Varies with device
Laugh Out Loud by Kevin Hart,ENTERTAINMENT,4.3,1856.0,20.0,100000.0,Free,0.0,Teen,Entertainment,"August 1, 2018",1.6.1,6.0 and up
Hamilton — The Official App,ENTERTAINMENT,4.5,1575.0,43.0,100000.0,Free,0.0,Everyone,Entertainment,"July 13, 2018",2.3.2,5.0 and up
Funny Pics,ENTERTAINMENT,3.9,9941.0,13.0,1000000.0,Free,0.0,Teen,Entertainment,"July 7, 2017",Varies with device,Varies with device
Funny Quotes Free,ENTERTAINMENT,4.2,23666.0,3.6,1000000.0,Free,0.0,Teen,Entertainment,"May 4, 2018",8.1,4.0 and up
LOL Pics (Funny Pictures),ENTERTAINMENT,4.4,67554.0,7.7,1000000.0,Free,0.0,Teen,Entertainment,"September 15, 2015",4.0,2.3.3 and up
Meme Creator,ENTERTAINMENT,4.2,38769.0,44.0,1000000.0,Free,0.0,Mature 17+,Entertainment,"September 22, 2015",7.2.3,2.3 and up
All Events in City,EVENTS,4.0,3782.0,9.5,100000.0,Free,0.0,Everyone,Events,"June 12, 2018",8.4,4.0.3 and up
Reminder,EVENTS,4.5,7074.0,6.3,500000.0,Free,0.0,Everyone,Events,"June 25, 2018",1.57,4.1 and up
Birdays - Birthday reminder,EVENTS,4.5,2153.0,5.9,50000.0,Free,0.0,Everyone,Events,"December 14, 2017",1.5.0,4.1 and up
Fever,EVENTS,4.0,20611.0,12.0,1000000.0,Free,0.0,Teen,Events,"July 18, 2018",4.3.6,4.1 and up
DroidAdmin for Android - Advice,EVENTS,4.2,811.0,2.8,10000.0,Free,0.0,Everyone,Events,"May 29, 2018",3.8,4.0 and up
"SeatGeek – Tickets to Sports, Concerts, Broadway",EVENTS,4.4,15558.0,26.0,1000000.0,Free,0.0,Everyone,Events,"August 3, 2018",2018.07.31229,5.0 and up
my4D,EVENTS,4.6,573.0,8.7,100000.0,Free,0.0,Everyone,Events,"July 12, 2018",1.40,4.2 and up
VAN NIAN 2018 - Vietnamese Calendar,EVENTS,4.3,37.0,16.0,10000.0,Free,0.0,Everyone,Events,"November 27, 2017",1.0,4.0 and up
Vivid Seats – Event Tickets,EVENTS,4.6,8232.0,53.0,1000000.0,Free,0.0,Everyone,Events,"July 31, 2018",Varies with device,5.0 and up
Name days,EVENTS,4.1,3089.0,13.0,100000.0,Free,0.0,Everyone,Events,"July 12, 2018",Varies with device,Varies with device
LBB - Find New & Unique Things To Do Around You,EVENTS,4.6,3874.0,14.0,100000.0,Free,0.0,Everyone,Events,"July 27, 2018",4.0.19,4.2 and up
Happy Birthday Songs Offline,EVENTS,4.4,464.0,8.9,100000.0,Free,0.0,Everyone,Events,"December 4, 2017",1.3,4.1 and up
Series Valley of the Wolves full of part,EVENTS,4.6,731.0,11.0,50000.0,Free,0.0,Everyone,Events,"December 24, 2017",2.0,4.0 and up
Mummatikabalkuragi,EVENTS,4.9,69.0,0.326171875,1000.0,Free,0.0,Teen,Events,"July 22, 2018",1.0,4.0 and up
"Gametime - Tickets to Sports, Concerts, Theater",EVENTS,4.5,8800.0,24.0,1000000.0,Free,0.0,Everyone,Events,"July 17, 2018",11.1.1,5.0 and up
"PTI Flex Maker, Photo Frame Editor & Songs 2018",EVENTS,4.6,99.0,13.0,10000.0,Free,0.0,Everyone,Events,"July 6, 2018",1.1,4.2 and up
Wipe out,EVENTS,4.7,30.0,13.0,500.0,Free,0.0,Teen,Events,"May 23, 2018",Varies with device,Varies with device
Birthdays & Other Events,EVENTS,4.3,456.0,2.8,50000.0,Free,0.0,Everyone,Events,"June 21, 2018",1.75,2.3.3 and up
Sarajevo Film Festival - Official,EVENTS,4.3,6.0,9.7,100.0,Free,0.0,Everyone 10+,Events,"July 31, 2018",2.0.1,4.4W and up
Summer Madness,EVENTS,4.3,4.0,1.4,100.0,Free,0.0,Everyone,Events,"July 26, 2018",1.107,4.0 and up
Events High - Meet Your City!,EVENTS,4.2,3200.0,13.0,100000.0,Free,0.0,Everyone 10+,Events,"June 23, 2018",Varies with device,Varies with device
vide-greniers.org,EVENTS,4.3,5839.0,3.5,100000.0,Free,0.0,Everyone,Events,"November 8, 2016",16.11.8,2.3.3 and up
Quake & Volcanoes: 3D Globe of Volcanic Eruptions,EVENTS,4.4,663.0,6.0,100000.0,Free,0.0,Everyone,Events,"October 14, 2017",1.1.3,4.1 and up
Prosperity,EVENTS,5.0,16.0,2.3,100.0,Free,0.0,Everyone,Events,"July 9, 2018",1.14,2.0 and up
Picktrainer: India's largest photo contest app,EVENTS,4.5,1065.0,9.0,100000.0,Free,0.0,Everyone,Events,"May 31, 2018",1.3.2,4.1 and up
AAS-IN-ASIA 2018,EVENTS,4.3,3.0,11.0,100.0,Free,0.0,Everyone,Events,"July 4, 2018",1.1.9,4.1 and up
Moot Peru 2018,EVENTS,4.3,13.0,27.0,1000.0,Free,0.0,Everyone,Events,"June 28, 2018",1.0,3.0 and up
FM News,EVENTS,4.3,46.0,3.6,5000.0,Free,0.0,Everyone,Events,"July 4, 2018",1.4,4.2 and up
Goldstar: Live Event Tickets,EVENTS,4.5,1953.0,13.0,100000.0,Free,0.0,Teen,Events,"August 1, 2018",Varies with device,Varies with device
Emmabodafestivalen,EVENTS,4.8,12.0,29.0,1000.0,Free,0.0,Everyone 10+,Events,"June 28, 2018",42.0,4.2 and up
KudaGo - things to do in NY,EVENTS,4.4,4298.0,4.4,100000.0,Free,0.0,Everyone,Events,"April 27, 2017",2.2.2,4.0 and up
Mindvalley U Tallinn 2018,EVENTS,5.0,1.0,21.0,100.0,Free,0.0,Everyone,Events,"July 3, 2018",1.0.5,4.4 and up
Rockmaraton Info,EVENTS,4.3,49.0,13.0,1000.0,Free,0.0,Everyone,Events,"July 8, 2018",18.4,4.4 and up
Freitas Auctioneer Official,EVENTS,3.7,100.0,27.0,50000.0,Free,0.0,Everyone,Events,"December 15, 2017",1.0.11,4.0.3 and up
mobLee Events,EVENTS,4.3,11.0,11.0,5000.0,Free,0.0,Everyone,Events,"May 30, 2018",3.05.30.16,4.1 and up
"Xceed - Clubs, DJs, Festivals & Tickets",EVENTS,4.1,399.0,24.0,100000.0,Free,0.0,Everyone,Events,"August 3, 2018",Cannonau 3.11.11,5.0 and up
AMM Events & CPD,EVENTS,4.3,5.0,6.1,100.0,Free,0.0,Everyone,Events,"August 4, 2018",1.0.5,4.3 and up
Arab Halls - For Wedding & Events,EVENTS,4.8,28.0,6.3,1000.0,Free,0.0,Everyone,Events,"May 20, 2018",8.0bld14,4.1 and up
MeAuDote - An act of love that saves a life,EVENTS,4.3,250.0,23.0,1000.0,Free,0.0,Everyone,Events,"June 22, 2018",1.0.11,4.1 and up
TCF National Conference,EVENTS,4.3,1.0,34.0,100.0,Free,0.0,Everyone,Events,"July 11, 2018",1.0,4.1 and up
Endurance Lifestyle,EVENTS,4.6,7.0,3.8,500.0,Free,0.0,Teen,Events,"July 10, 2017",2.1,4.2 and up
ING Banking,FINANCE,4.4,39041.0,13.0,1000000.0,Free,0.0,Everyone,Finance,"August 3, 2018",Varies with device,Varies with device
Nedbank Money,FINANCE,4.2,6076.0,32.0,500000.0,Free,0.0,Everyone,Finance,"July 28, 2018",4.1.1-0-prod,4.2 and up
Capitec Remote Banking,FINANCE,4.3,20672.0,13.0,1000000.0,Free,0.0,Everyone,Finance,"May 8, 2018",Varies with device,Varies with device
The Societe Generale App,FINANCE,4.1,31218.0,13.0,1000000.0,Free,0.0,Everyone,Finance,"July 31, 2018",Varies with device,Varies with device
Standard Bank / Stanbic Bank,FINANCE,3.6,15247.0,28.0,1000000.0,Free,0.0,Everyone,Finance,"July 13, 2018",3.0.5,4.0.3 and up
Intesa Sanpaolo Mobile,FINANCE,3.6,35518.0,13.0,1000000.0,Free,0.0,Everyone,Finance,"July 2, 2018",Varies with device,Varies with device
UBA Mobile Banking,FINANCE,4.3,12185.0,13.0,1000000.0,Free,0.0,Everyone,Finance,"June 8, 2018",Varies with device,Varies with device
MyMo by GSB,FINANCE,4.2,21996.0,14.0,1000000.0,Free,0.0,Everyone,Finance,"July 19, 2018",1.17.2,4.0.3 and up
Ecobank Mobile Banking,FINANCE,4.0,12073.0,42.0,1000000.0,Free,0.0,Everyone,Finance,"May 25, 2018",3.3,4.2 and up
BZWBK24 mobile,FINANCE,4.5,64959.0,39.0,1000000.0,Free,0.0,Everyone,Finance,"June 18, 2018",5.0.1,4.1 and up
Zenith Bank Mobile App,FINANCE,4.3,7215.0,18.0,1000000.0,Free,0.0,Everyone,Finance,"July 23, 2018",2.7.4,4.0 and up
"GCash - Buy Load, Pay Bills, Send Money",FINANCE,4.0,25508.0,13.0,1000000.0,Free,0.0,Everyone,Finance,"July 31, 2018",Varies with device,4.2 and up
People's Bank,FINANCE,3.6,10697.0,46.0,1000000.0,Free,0.0,Everyone,Finance,"July 18, 2018",3.22.1,4.1 and up
T-Mobile in,FINANCE,3.5,3856.0,8.2,1000000.0,Free,0.0,Everyone,Finance,"July 31, 2018",3.2.1,4.4 and up
Alfa-Bank (Alfa-Bank),FINANCE,4.0,44545.0,13.0,1000000.0,Free,0.0,Everyone,Finance,"July 31, 2018",Varies with device,Varies with device
WiseBanyan - Invest For Free,FINANCE,4.2,257.0,44.0,10000.0,Free,0.0,Everyone,Finance,"July 31, 2018",2.2.12,4.4W and up
"Robinhood - Investing, No Fees",FINANCE,4.6,57493.0,13.0,1000000.0,Free,0.0,Everyone,Finance,"July 31, 2018",Varies with device,Varies with device
Wells Fargo Daily Change,FINANCE,4.2,283.0,5.0,100000.0,Free,0.0,Everyone,Finance,"April 26, 2018",2.5.0.26,5.0 and up
"Even - organize your money, get paid early",FINANCE,4.8,12304.0,21.0,100000.0,Free,0.0,Everyone,Finance,"August 2, 2018",6.0.16,5.0 and up
Digit Save Money Automatically,FINANCE,4.5,8188.0,22.0,100000.0,Free,0.0,Everyone,Finance,"July 31, 2018",2.29.01,4.1 and up
Stash: Invest. Learn. Save.,FINANCE,4.2,11919.0,23.0,1000000.0,Free,0.0,Everyone,Finance,"July 27, 2018",1.13.2.11,4.4 and up
Acorns - Invest Spare Change,FINANCE,4.3,45957.0,13.0,1000000.0,Free,0.0,Everyone,Finance,"July 31, 2018",Varies with device,Varies with device
"Money Lover: Expense Tracker, Budget Planner",FINANCE,4.4,126431.0,13.0,1000000.0,Free,0.0,Everyone,Finance,"August 1, 2018",Varies with device,Varies with device
Expense IQ Money Manager,FINANCE,4.4,21570.0,27.0,1000000.0,Free,0.0,Everyone,Finance,"June 19, 2018",2.0.4,4.0 and up
"Prism Pay Bills, Track Money, Personal Finance",FINANCE,4.6,16961.0,32.0,500000.0,Free,0.0,Everyone,Finance,"August 4, 2018",2.12.100,4.1 and up
Monefy - Money Manager,FINANCE,4.6,111254.0,7.4,1000000.0,Free,0.0,Everyone,Finance,"July 3, 2018",1.8.9,4.0 and up
Simple - Better Banking,FINANCE,4.4,7731.0,24.0,100000.0,Free,0.0,Everyone,Finance,"August 2, 2018",2.53.2,5.0 and up
Chime - Mobile Banking,FINANCE,4.3,5928.0,22.0,500000.0,Free,0.0,Everyone,Finance,"July 22, 2018",5.1.1,5.0 and up
Bluebird by American Express,FINANCE,4.2,15703.0,13.0,1000000.0,Free,0.0,Everyone,Finance,"July 25, 2018",Varies with device,Varies with device
Walmart MoneyCard,FINANCE,4.2,6148.0,10.0,1000000.0,Free,0.0,Everyone,Finance,"June 1, 2018",1.14.1,4.1 and up
Moven - Smart Finances,FINANCE,3.8,861.0,17.0,100000.0,Free,0.0,Everyone,Finance,"May 29, 2018",3.3.9,4.4 and up
Qapital - Save Small. Live Large,FINANCE,4.5,8662.0,38.0,100000.0,Free,0.0,Everyone,Finance,"July 20, 2018",2.5.7,4.4 and up
Experian - Free Credit Report,FINANCE,4.6,23130.0,46.0,1000000.0,Free,0.0,Everyone,Finance,"July 12, 2018",2.1.4,4.2 and up
Branch,FINANCE,4.6,69973.0,3.8,1000000.0,Free,0.0,Everyone,Finance,"July 23, 2018",1.17.1,4.0 and up
"WalletHub - Free Credit Score, Report & Monitoring",FINANCE,4.7,1311.0,9.3,50000.0,Free,0.0,Everyone,Finance,"June 19, 2018",1.4.11,4.4 and up
CreditWise from Capital One,FINANCE,4.6,26587.0,8.4,1000000.0,Free,0.0,Everyone,Finance,"July 19, 2018",1.18.0,4.4 and up
"NerdWallet: Personal Finance, Credit Score & Cash",FINANCE,4.6,2417.0,28.0,100000.0,Free,0.0,Everyone,Finance,"August 3, 2018",3.5.0,4.4 and up
my face,FINANCE,3.8,1054.0,9.7,100000.0,Free,0.0,Everyone,Finance,"July 10, 2018",2.3.0,5.0 and up
Credit Sesame,FINANCE,4.3,25166.0,11.0,1000000.0,Free,0.0,Everyone,Finance,"July 25, 2018",3.1.16,4.1 and up
Fresh EBT - Food Stamp Balance,FINANCE,4.5,19870.0,7.4,1000000.0,Free,0.0,Everyone,Finance,"July 24, 2018",2.9.5,4.0.3 and up
"Hurdlr: Track Mileage, Expenses, and Log Receipts",FINANCE,4.6,3596.0,19.0,100000.0,Free,0.0,Everyone,Finance,"July 20, 2018",16.6,6.0 and up
Everlance: Free Mileage Log,FINANCE,4.7,7514.0,14.0,100000.0,Free,0.0,Everyone,Finance,"July 31, 2018",1.9.9.9.3,4.4 and up
MileIQ - Free Mileage Tracker for Business,FINANCE,4.5,46106.0,22.0,1000000.0,Free,0.0,Everyone,Finance,"July 31, 2018",1.28.0.5402,4.4 and up
QuickBooks Self-Employed:Mileage Tracker and Taxes,FINANCE,4.4,15141.0,25.0,1000000.0,Free,0.0,Everyone,Finance,"July 24, 2018",4.63,5.0 and up
FREE Stock Market Trading Tips,FINANCE,3.9,714.0,3.6,50000.0,Free,0.0,Everyone,Finance,"June 7, 2017",2.10.3,2.3.3 and up
MetaTrader 5,FINANCE,4.5,42410.0,13.0,1000000.0,Free,0.0,Everyone,Finance,"August 3, 2018",Varies with device,Varies with device
Stock Quote,FINANCE,4.1,4344.0,4.5,500000.0,Free,0.0,Everyone,Finance,"July 30, 2018",3.6.2,4.0 and up
Seeking Alpha,FINANCE,4.5,22808.0,13.0,1000000.0,Free,0.0,Everyone,Finance,"August 3, 2018",Varies with device,Varies with device
Stock Trainer: Virtual Trading (Stock Markets),FINANCE,4.4,42809.0,23.0,1000000.0,Free,0.0,Everyone,Finance,"July 27, 2018",3.04 - Beta,4.1 and up
Stocks: Realtime Quotes Charts,FINANCE,4.5,16808.0,13.0,1000000.0,Free,0.0,Everyone,Finance,"May 1, 2018",Varies with device,Varies with device
CNBC: Breaking Business News & Live Market Data,FINANCE,4.2,24647.0,13.0,1000000.0,Free,0.0,Everyone,Finance,"July 13, 2018",Varies with device,Varies with device
US Stock Market,FINANCE,4.4,1922.0,4.2,100000.0,Free,0.0,Everyone,Finance,"August 1, 2018",1.28,2.3 and up
Bloomberg Professional,FINANCE,4.1,3334.0,13.0,500000.0,Free,0.0,Everyone,Finance,"July 23, 2018",Varies with device,Varies with device
MSN Money- Stock Quotes & News,FINANCE,4.5,78361.0,22.0,1000000.0,Free,0.0,Everyone,Finance,"July 5, 2018",1.2.0,4.2 and up
Fox Business,FINANCE,3.7,2594.0,13.0,500000.0,Free,0.0,Everyone,Finance,"March 13, 2018",Varies with device,Varies with device
NSE Mobile Trading,FINANCE,4.1,13868.0,1.4,1000000.0,Free,0.0,Everyone,Finance,"August 3, 2017",1.1.16,2.1 and up
"JStock - Stock Market, Portfolio & News",FINANCE,4.6,11066.0,9.1,500000.0,Free,0.0,Everyone,Finance,"July 18, 2018",1.1.39,4.0 and up
Acorns - Invest Spare Change,FINANCE,4.3,45962.0,13.0,1000000.0,Free,0.0,Everyone,Finance,"July 31, 2018",Varies with device,Varies with device
Webull - Stock Quotes & Free Stock Trading,FINANCE,4.3,34861.0,13.0,1000000.0,Free,0.0,Everyone,Finance,"August 3, 2018",Varies with device,Varies with device
Current debit card and app made for teens,FINANCE,4.3,685.0,21.0,50000.0,Free,0.0,Everyone,Finance,"August 3, 2018",3.0.22,4.4 and up
"Money Lover: Expense Tracker, Budget Planner",FINANCE,4.4,126447.0,13.0,1000000.0,Free,0.0,Everyone,Finance,"August 1, 2018",Varies with device,Varies with device
Betterment,FINANCE,4.4,3780.0,11.0,100000.0,Free,0.0,Everyone,Finance,"August 3, 2018",6.0.6,5.0 and up
Citizens Bank Mobile Banking,FINANCE,4.1,15192.0,38.0,1000000.0,Free,0.0,Everyone,Finance,"May 23, 2018",4.2.1,4.1 and up
GoBank,FINANCE,4.4,5950.0,12.0,500000.0,Free,0.0,Everyone,Finance,"June 1, 2018",2.131,4.1 and up
NetSpend Prepaid,FINANCE,4.2,15993.0,45.0,1000000.0,Free,0.0,Everyone,Finance,"May 9, 2018",4.10.0,4.4 and up
BBVA Compass Banking,FINANCE,4.3,5905.0,50.0,500000.0,Free,0.0,Everyone,Finance,"July 27, 2018",6.0.2,4.4 and up
BankMobile Vibe App,FINANCE,4.3,14627.0,23.0,1000000.0,Free,0.0,Everyone,Finance,"July 9, 2018",5.1,4.1 and up
Netspend Skylight ONE,FINANCE,3.9,1098.0,46.0,100000.0,Free,0.0,Everyone,Finance,"May 9, 2018",4.10.0,4.4 and up
ACE Elite,FINANCE,4.1,2898.0,45.0,100000.0,Free,0.0,Everyone,Finance,"May 9, 2018",4.10.0,4.4 and up
U.S. Bank,FINANCE,4.1,70782.0,50.0,1000000.0,Free,0.0,Everyone,Finance,"July 25, 2018",2.34.29,4.0.3 and up
Huntington Mobile,FINANCE,4.2,11264.0,24.0,1000000.0,Free,0.0,Everyone,Finance,"June 26, 2018",5.2.203,4.2 and up
Associated Credit Union Mobile,FINANCE,4.7,3290.0,12.0,50000.0,Free,0.0,Everyone,Finance,"May 30, 2018",5.9.1.0,5.0 and up
USE Credit Union Mobile,FINANCE,4.6,964.0,14.0,10000.0,Free,0.0,Everyone,Finance,"June 12, 2018",5.9.1.0,5.0 and up
Amex Mobile,FINANCE,4.3,24729.0,32.0,1000000.0,Free,0.0,Everyone,Finance,"August 3, 2018",6.7.0,5.0 and up
Navy Federal Credit Union,FINANCE,4.4,43313.0,40.0,1000000.0,Free,0.0,Everyone,Finance,"July 9, 2018",5.16.2,4.1 and up
Barclays US for Android,FINANCE,4.1,6998.0,24.0,1000000.0,Free,0.0,Everyone,Finance,"August 1, 2018",6.29.37589,5.0 and up
Easy and Fast Recipes,FOOD_AND_DRINK,4.3,95.0,12.0,50000.0,Free,0.0,Everyone,Food & Drink,"January 6, 2018",3.0.1,2.3 and up
DELISH KITCHEN - FREE recipe movies make food fun and easy!,FOOD_AND_DRINK,4.6,32997.0,13.0,1000000.0,Free,0.0,Everyone,Food & Drink,"August 4, 2018",2.2.7,4.1 and up
Sumine side dish - dish recipe side dish,FOOD_AND_DRINK,4.3,82.0,4.9,10000.0,Free,0.0,Everyone,Food & Drink,"June 23, 2018",1.1,4.1 and up
Easy Recipes,FOOD_AND_DRINK,4.7,2707.0,8.9,100000.0,Free,0.0,Everyone,Food & Drink,"May 15, 2018",2.12,4.0.3 and up
Delicious Recipes,FOOD_AND_DRINK,4.7,129737.0,13.0,1000000.0,Free,0.0,Teen,Food & Drink,"August 3, 2018",Varies with device,Varies with device
Pastry & Cooking (Without Net),FOOD_AND_DRINK,4.7,6118.0,13.0,1000000.0,Free,0.0,Everyone,Food & Drink,"July 7, 2018",Varies with device,Varies with device
Frigo Magic: Easy recipe idea and anti-waste,FOOD_AND_DRINK,4.1,2473.0,14.0,500000.0,Free,0.0,Everyone,Food & Drink,"July 28, 2018",3.1.5,4.4 and up
Debonairs Pizza,FOOD_AND_DRINK,3.8,3320.0,8.4,500000.0,Free,0.0,Everyone,Food & Drink,"August 4, 2018",1.9.117,4.0.3 and up
Popeyes® App,FOOD_AND_DRINK,3.7,61.0,11.0,50000.0,Free,0.0,Everyone,Food & Drink,"July 23, 2018",1.0.2,4.1 and up
Refreshing app Free application that can use deal coupons,FOOD_AND_DRINK,3.5,10741.0,41.0,1000000.0,Free,0.0,Everyone,Food & Drink,"July 23, 2018",5.2.2,4.2 and up
Simple Recipes,FOOD_AND_DRINK,4.7,3803.0,15.0,500000.0,Free,0.0,Everyone,Food & Drink,"February 22, 2018",1.6,4.0 and up
Panera Bread,FOOD_AND_DRINK,4.2,10159.0,36.0,1000000.0,Free,0.0,Everyone,Food & Drink,"July 17, 2018",4.3.3,5.0 and up
hellofood - Food Delivery,FOOD_AND_DRINK,4.0,43614.0,25.0,1000000.0,Free,0.0,Everyone,Food & Drink,"October 12, 2016",2.14.36,4.0.3 and up
Easy and quick desserts,FOOD_AND_DRINK,4.6,1398.0,10.0,100000.0,Free,0.0,Everyone 10+,Food & Drink,"June 14, 2018",1.0,4.0.3 and up
HungerStation,FOOD_AND_DRINK,3.8,22513.0,11.0,1000000.0,Free,0.0,Everyone,Food & Drink,"May 21, 2018",5.3.8,4.0.3 and up
Dr. Oetker recipe ideas,FOOD_AND_DRINK,4.2,8509.0,17.0,1000000.0,Free,0.0,Everyone,Food & Drink,"July 12, 2018",3.5.5,4.0.3 and up
SONIC Drive-In,FOOD_AND_DRINK,4.3,19314.0,43.0,1000000.0,Free,0.0,Everyone,Food & Drink,"July 31, 2018",3.3.6,4.4 and up
SUBWAY®,FOOD_AND_DRINK,3.8,21314.0,41.0,1000000.0,Free,0.0,Everyone,Food & Drink,"July 24, 2018",7.9.0.0,4.4 and up
GialloZafferano: Recipes,FOOD_AND_DRINK,4.3,30224.0,13.0,1000000.0,Free,0.0,Everyone,Food & Drink,"May 28, 2018",Varies with device,Varies with device
Dairy Queen,FOOD_AND_DRINK,3.7,731.0,43.0,100000.0,Free,0.0,Everyone,Food & Drink,"July 25, 2018",2.1.0,4.1 and up
9th stage,FOOD_AND_DRINK,4.5,454.0,16.0,100000.0,Free,0.0,Everyone,Food & Drink,"March 28, 2018",2.0.0,4.0.3 and up
OpenRice,FOOD_AND_DRINK,3.6,14952.0,39.0,1000000.0,Free,0.0,Everyone,Food & Drink,"June 8, 2018",5.8.5,4.1 and up
SarashpazPapion (Cooking with Chef Bowls),FOOD_AND_DRINK,4.8,1250.0,13.0,50000.0,Free,0.0,Everyone,Food & Drink,"July 28, 2018",3.2.7,4.1 and up
Recipes Pastries and homemade pies More than 500 recipes for pastries,FOOD_AND_DRINK,4.7,14065.0,7.1,500000.0,Free,0.0,Everyone,Food & Drink,"June 12, 2018",1.2.2,4.1 and up
Om Waleed Sweets,FOOD_AND_DRINK,4.6,556.0,23.0,100000.0,Free,0.0,Teen,Food & Drink,"January 25, 2018",2.0,4.0 and up
"Eat Fast Prepare ""Without Internet""",FOOD_AND_DRINK,4.6,4925.0,17.0,1000000.0,Free,0.0,Everyone,Food & Drink,"June 10, 2018",3.6.6,4.0.3 and up
My Recipes Cookbook : RecetteTek,FOOD_AND_DRINK,4.6,11707.0,13.0,100000.0,Free,0.0,Everyone,Food & Drink,"June 24, 2018",Varies with device,Varies with device
Healthy Recipes Free,FOOD_AND_DRINK,4.0,1077.0,17.0,100000.0,Free,0.0,Everyone,Food & Drink,"October 18, 2017",3.2.0,4.0.3 and up
ChefTap Recipes & Grocery List,FOOD_AND_DRINK,4.5,9066.0,15.0,500000.0,Free,0.0,Everyone,Food & Drink,"April 25, 2018",4.0.0.427,5.1 and up
Recipe Keeper,FOOD_AND_DRINK,4.4,1962.0,22.0,100000.0,Free,0.0,Everyone,Food & Drink,"June 27, 2018",3.17.1.0,4.1 and up
My CookBook (Recipe Manager),FOOD_AND_DRINK,4.5,22071.0,13.0,1000000.0,Free,0.0,Everyone,Food & Drink,"June 29, 2018",Varies with device,Varies with device
50 Healthy Slow Cooker Recipes,FOOD_AND_DRINK,4.0,196.0,9.0,10000.0,Free,0.0,Everyone 10+,Food & Drink,"February 17, 2017",1.2,2.3.3 and up
Easy Healthy Recipes,FOOD_AND_DRINK,4.1,278.0,7.2,50000.0,Free,0.0,Everyone,Food & Drink,"July 20, 2018",24.5.0,4.0 and up
Yummly Recipes & Shopping List,FOOD_AND_DRINK,4.5,91359.0,27.0,1000000.0,Free,0.0,Everyone,Food & Drink,"July 5, 2018",2.0.3,4.4 and up
Kitchen Stories - Recipes & Cooking,FOOD_AND_DRINK,4.6,22015.0,13.0,1000000.0,Free,0.0,Everyone,Food & Drink,"July 6, 2018",Varies with device,5.0 and up
Postmates Food Delivery: Order Eats & Alcohol,FOOD_AND_DRINK,3.6,22875.0,22.0,1000000.0,Free,0.0,Everyone,Food & Drink,"July 27, 2018",4.2.6,5.0 and up
Instacart: Grocery Delivery,FOOD_AND_DRINK,4.4,17071.0,13.0,1000000.0,Free,0.0,Everyone,Food & Drink,"August 2, 2018",Varies with device,5.0 and up
Munchery: Chef Crafted Fresh Food Delivered,FOOD_AND_DRINK,3.9,464.0,28.0,50000.0,Free,0.0,Everyone,Food & Drink,"May 22, 2018",2.6.15,4.4 and up
"delivery.com: Order Food, Alcohol & Laundry",FOOD_AND_DRINK,4.1,1920.0,13.0,100000.0,Free,0.0,Everyone,Food & Drink,"July 31, 2018",Varies with device,Varies with device
Eat24 Food Delivery & Takeout,FOOD_AND_DRINK,4.3,40116.0,13.0,1000000.0,Free,0.0,Everyone,Food & Drink,"August 2, 2018",Varies with device,Varies with device
BeyondMenu Food Delivery,FOOD_AND_DRINK,4.7,51517.0,13.0,1000000.0,Free,0.0,Everyone,Food & Drink,"August 1, 2018",Varies with device,Varies with device
EatStreet Food Delivery App,FOOD_AND_DRINK,4.6,7690.0,25.0,100000.0,Free,0.0,Everyone,Food & Drink,"July 3, 2018",3.1.14,5.0 and up
Caviar - Food Delivery,FOOD_AND_DRINK,4.2,3755.0,8.5,100000.0,Free,0.0,Everyone,Food & Drink,"July 20, 2018",2.4.11,6.0 and up
DoorDash - Food Delivery,FOOD_AND_DRINK,4.5,104504.0,13.0,1000000.0,Free,0.0,Everyone,Food & Drink,"July 31, 2018",Varies with device,Varies with device
Seamless Food Delivery/Takeout,FOOD_AND_DRINK,4.5,35218.0,34.0,1000000.0,Free,0.0,Everyone,Food & Drink,"August 2, 2018",7.12,5.0 and up
Step Counter - Calorie Counter,HEALTH_AND_FITNESS,4.0,1577.0,2.2,500000.0,Free,0.0,Everyone,Health & Fitness,"August 12, 2017",1.0.7,4.4 and up
Pedometer - Step Counter Free & Calorie Burner,HEALTH_AND_FITNESS,4.8,31139.0,6.9,1000000.0,Free,0.0,Everyone,Health & Fitness,"July 24, 2018",1.0.11,4.1 and up
Sportractive GPS Running Cycling Distance Tracker,HEALTH_AND_FITNESS,4.8,48276.0,7.5,1000000.0,Free,0.0,Everyone,Health & Fitness,"August 4, 2018",3.0.6,4.4 and up
Home Workout for Men - Bodybuilding,HEALTH_AND_FITNESS,4.8,12705.0,15.0,1000000.0,Free,0.0,Everyone,Health & Fitness,"July 10, 2018",1.0.2,4.0 and up
Fat Burning Workout - Home Weight lose,HEALTH_AND_FITNESS,4.5,706.0,9.4,100000.0,Free,0.0,Everyone,Health & Fitness,"July 24, 2018",1.0.5,4.1 and up
Buttocks and Abdomen,HEALTH_AND_FITNESS,4.4,465.0,6.4,500000.0,Free,0.0,Everyone,Health & Fitness,"June 7, 2018",1.08,4.0.3 and up
Walking for Weight Loss - Walk Tracker,HEALTH_AND_FITNESS,4.5,644.0,5.5,100000.0,Free,0.0,Everyone,Health & Fitness,"July 25, 2018",1.0.4,4.1 and up
Running & Jogging,HEALTH_AND_FITNESS,4.5,6238.0,3.9,500000.0,Free,0.0,Everyone,Health & Fitness,"July 30, 2018",1.1.22,4.1 and up
Sleep Sounds,HEALTH_AND_FITNESS,4.8,51227.0,28.0,1000000.0,Free,0.0,Everyone,Health & Fitness,"July 13, 2018",4.0.1,4.0.3 and up
Lose Belly Fat-Home Abs Fitness Workout,HEALTH_AND_FITNESS,4.6,199.0,8.8,50000.0,Free,0.0,Everyone,Health & Fitness,"July 24, 2018",1.0.7,4.1 and up
Cycling - Bike Tracker,HEALTH_AND_FITNESS,4.5,9116.0,4.0,500000.0,Free,0.0,Everyone,Health & Fitness,"July 30, 2018",1.1.22,4.1 and up
Abs Training-Burn belly fat,HEALTH_AND_FITNESS,4.7,2071.0,6.9,100000.0,Free,0.0,Everyone,Health & Fitness,"July 24, 2018",1.0.12,4.1 and up
Calorie Counter - EasyFit free,HEALTH_AND_FITNESS,4.7,50294.0,11.0,1000000.0,Free,0.0,Everyone,Health & Fitness,"July 9, 2018",3.0.7,4.1 and up
Aunjai i lert u,HEALTH_AND_FITNESS,4.2,1140.0,5.5,500000.0,Free,0.0,Teen,Health & Fitness,"January 10, 2017",1.5,3.0 and up
Bike Computer - GPS Cycling Tracker,HEALTH_AND_FITNESS,4.4,12029.0,4.3,1000000.0,Free,0.0,Everyone,Health & Fitness,"August 4, 2018",2.6,4.2 and up
Six Packs for Man–Body Building with No Equipment,HEALTH_AND_FITNESS,4.6,2880.0,7.1,100000.0,Free,0.0,Everyone,Health & Fitness,"July 24, 2018",1.0.8,4.1 and up
Running Distance Tracker +,HEALTH_AND_FITNESS,4.7,77777.0,13.0,1000000.0,Free,0.0,Everyone,Health & Fitness,"June 29, 2018",3.401,5.0 and up
The TK-App - everything under control,HEALTH_AND_FITNESS,4.5,8642.0,18.0,100000.0,Free,0.0,Everyone,Health & Fitness,"August 2, 2018",1.20,4.4 and up
Walking: Pedometer diet,HEALTH_AND_FITNESS,3.7,1861.0,1.5,1000000.0,Free,0.0,Everyone,Health & Fitness,"June 18, 2018",1.5,2.3 and up
Recipes for hair and face tried,HEALTH_AND_FITNESS,4.5,1203.0,6.5,500000.0,Free,0.0,Everyone,Health & Fitness,"October 16, 2016",1.2,2.3.3 and up
Abs Workout - 30 Days Fitness App for Six Pack Abs,HEALTH_AND_FITNESS,4.6,299.0,11.0,100000.0,Free,0.0,Everyone,Health & Fitness,"August 3, 2018",1.3.8,4.4 and up
Keep Trainer - Workout Trainer & Fitness Coach,HEALTH_AND_FITNESS,4.7,14810.0,13.0,1000000.0,Free,0.0,Everyone,Health & Fitness,"July 24, 2018",Varies with device,Varies with device
Couch to 10K Running Trainer,HEALTH_AND_FITNESS,4.6,10445.0,48.0,500000.0,Free,0.0,Everyone,Health & Fitness,"July 2, 2018",112.0,4.4 and up
"Home workouts - fat burning, abs, legs, arms,chest",HEALTH_AND_FITNESS,4.3,4848.0,13.0,1000000.0,Free,0.0,Everyone,Health & Fitness,"July 18, 2018",2.6,4.1 and up
Running Weight Loss Walking Jogging Hiking FITAPP,HEALTH_AND_FITNESS,4.4,20812.0,13.0,1000000.0,Free,0.0,Teen,Health & Fitness,"July 27, 2018",Varies with device,Varies with device
StrongLifts 5x5 Workout Gym Log & Personal Trainer,HEALTH_AND_FITNESS,4.9,66791.0,10.0,1000000.0,Free,0.0,Everyone,Health & Fitness,"July 30, 2018",Varies with device,Varies with device
Workout Tracker & Gym Trainer - Fitness Log Book,HEALTH_AND_FITNESS,4.6,5420.0,21.0,500000.0,Free,0.0,Everyone,Health & Fitness,"June 5, 2018",2.48.3,4.1 and up
Seven - 7 Minute Workout Training Challenge,HEALTH_AND_FITNESS,4.5,75571.0,13.0,1000000.0,Free,0.0,Everyone,Health & Fitness,"August 3, 2018",7.2.5,Varies with device
Relax Meditation: Sleep with Sleep Sounds,HEALTH_AND_FITNESS,4.4,26540.0,43.0,1000000.0,Free,0.0,Everyone,Health & Fitness,"February 9, 2017",2.5.1,4.0.3 and up
Free Meditation - Take a Break,HEALTH_AND_FITNESS,4.2,1608.0,39.0,100000.0,Free,0.0,Everyone,Health & Fitness,"July 28, 2016",6.7,2.3.3 and up
Meditate OM,HEALTH_AND_FITNESS,4.5,19074.0,4.2,1000000.0,Free,0.0,Everyone,Health & Fitness,"January 17, 2018",16.0,4.0 and up
Yoga - Track Yoga,HEALTH_AND_FITNESS,4.5,7976.0,44.0,500000.0,Free,0.0,Everyone,Health & Fitness,"July 9, 2018",7.0,4.0.3 and up
My Chakra Meditation,HEALTH_AND_FITNESS,4.4,7586.0,45.0,500000.0,Free,0.0,Everyone,Health & Fitness,"April 10, 2018",1.0.6,2.3.3 and up
Relax with Andrew Johnson Lite,HEALTH_AND_FITNESS,4.3,2885.0,13.0,100000.0,Free,0.0,Everyone,Health & Fitness,"June 19, 2012",Varies with device,Varies with device
"Meditation Music - Relax, Yoga",HEALTH_AND_FITNESS,4.6,48226.0,28.0,1000000.0,Free,0.0,Everyone,Health & Fitness,"March 5, 2018",3.1.9,4.0.3 and up
Down Dog: Great Yoga Anywhere,HEALTH_AND_FITNESS,4.9,28945.0,12.0,500000.0,Free,0.0,Teen,Health & Fitness,"May 17, 2018",2.6.1,4.2 and up
21-Day Meditation Experience,HEALTH_AND_FITNESS,4.4,11506.0,15.0,100000.0,Free,0.0,Everyone,Health & Fitness,"August 2, 2018",3.0.0,4.1 and up
My Chakra Meditation 2,HEALTH_AND_FITNESS,4.3,1288.0,31.0,100000.0,Free,0.0,Everyone,Health & Fitness,"April 10, 2018",2.0.4,2.3.3 and up
Simply Yoga - Fitness Trainer for Workouts & Poses,HEALTH_AND_FITNESS,4.1,6826.0,13.0,1000000.0,Free,0.0,Everyone,Health & Fitness,"June 14, 2018",Varies with device,Varies with device
Simple Habit Meditation,HEALTH_AND_FITNESS,4.7,11689.0,20.0,500000.0,Free,0.0,Everyone,Health & Fitness,"July 27, 2018",1.29.15,4.4 and up
Pregnancy & Baby Tracker,HEALTH_AND_FITNESS,4.6,48286.0,13.0,1000000.0,Free,0.0,Everyone,Health & Fitness,"July 27, 2018",Varies with device,Varies with device
My Cycles Period and Ovulation,HEALTH_AND_FITNESS,4.3,26652.0,41.0,1000000.0,Free,0.0,Everyone,Health & Fitness,"May 4, 2018",2.3.3,4.0.3 and up
I’m Expecting - Pregnancy App,HEALTH_AND_FITNESS,4.6,71269.0,49.0,1000000.0,Free,0.0,Everyone,Health & Fitness,"March 30, 2018",2.3.2,4.0.3 and up
The Bump Pregnancy Tracker,HEALTH_AND_FITNESS,4.6,20301.0,22.0,1000000.0,Free,0.0,Everyone,Health & Fitness,"May 16, 2018",3.22,4.3 and up
Best Ovulation Tracker Fertility Calendar App Glow,HEALTH_AND_FITNESS,4.6,56145.0,23.0,1000000.0,Free,0.0,Everyone,Health & Fitness,"August 1, 2018",7.3.4-play,5.0 and up
"Eve Period Tracker - Love, Sex & Relationships App",HEALTH_AND_FITNESS,4.6,20326.0,28.0,1000000.0,Free,0.0,Teen,Health & Fitness,"August 4, 2018",2.9.18,4.1 and up
Fertility Friend Ovulation App,HEALTH_AND_FITNESS,4.5,12955.0,7.2,1000000.0,Free,0.0,Teen,Health & Fitness,"June 27, 2018",10.24,4.4 and up
Pregnancy Tracker,HEALTH_AND_FITNESS,4.1,2681.0,6.5,500000.0,Free,0.0,Everyone,Health & Fitness,"February 10, 2018",37,4.0.3 and up
"Spot On Period, Birth Control, & Cycle Tracker",HEALTH_AND_FITNESS,4.6,4102.0,24.0,500000.0,Free,0.0,Everyone 10+,Health & Fitness,"July 19, 2018",2.6.1,4.2 and up
OvuView: Ovulation and Fertility,HEALTH_AND_FITNESS,4.5,40296.0,13.0,1000000.0,Free,0.0,Everyone,Health & Fitness,"June 15, 2018",Varies with device,Varies with device
"ViewRanger - Hike, Ride or Walk",HEALTH_AND_FITNESS,4.2,34356.0,13.0,1000000.0,Free,0.0,Everyone,Health & Fitness,"July 31, 2018",Varies with device,Varies with device
Runtastic Mountain Bike GPS Tracker,HEALTH_AND_FITNESS,4.5,50679.0,38.0,1000000.0,Free,0.0,Everyone,Health & Fitness,"August 1, 2018",3.6.2,4.4 and up
"AllTrails: Hiking, Running & Mountain Bike Trails",HEALTH_AND_FITNESS,4.3,16943.0,32.0,1000000.0,Free,0.0,Everyone,Health & Fitness,"July 30, 2018",8.8.14,4.4 and up
"Zombies, Run! 5k Training (Free)",HEALTH_AND_FITNESS,4.0,267.0,13.0,50000.0,Free,0.0,Teen,Health & Fitness,"August 1, 2018",Varies with device,Varies with device
Tracks,HEALTH_AND_FITNESS,4.6,623.0,40.0,50000.0,Free,0.0,Everyone 10+,Health & Fitness,"July 17, 2017",1.2.3,4.0.3 and up
Couch to 5K by RunDouble,HEALTH_AND_FITNESS,4.7,15674.0,6.1,1000000.0,Free,0.0,Everyone,Health & Fitness,"July 31, 2018",4.5.4,4.1 and up
Fooducate Healthy Weight Loss & Calorie Counter,HEALTH_AND_FITNESS,4.4,14402.0,13.0,1000000.0,Free,0.0,Everyone,Health & Fitness,"August 3, 2018",Varies with device,Varies with device
Calorie Counter - MyNetDiary,HEALTH_AND_FITNESS,4.5,27439.0,19.0,1000000.0,Free,0.0,Everyone,Health & Fitness,"July 16, 2018",6.5.1,5.0 and up
10 Best Foods for You,HEALTH_AND_FITNESS,4.0,2490.0,3.8,500000.0,Free,0.0,Everyone 10+,Health & Fitness,"February 17, 2017",1.9,2.3.3 and up
MyPlate Calorie Tracker,HEALTH_AND_FITNESS,4.6,24094.0,18.0,1000000.0,Free,0.0,Everyone,Health & Fitness,"July 9, 2018",3.3.0(1),4.1 and up
Calorie Counter - Macros,HEALTH_AND_FITNESS,4.0,3061.0,5.5,100000.0,Free,0.0,Everyone,Health & Fitness,"August 27, 2016",2.3.4,5.0 and up
Weight Loss Tracker - RecStyle,HEALTH_AND_FITNESS,4.4,20547.0,5.7,1000000.0,Free,0.0,Everyone,Health & Fitness,"November 29, 2017",3.2.7,4.1 and up
Lark - 24/7 Health Coach,HEALTH_AND_FITNESS,4.1,3405.0,51.0,100000.0,Free,0.0,Everyone,Health & Fitness,"July 25, 2018",4.5.1.123,4.4 and up
MealLogger-Photo Food Journal,HEALTH_AND_FITNESS,3.5,217.0,9.4,50000.0,Free,0.0,Teen,Health & Fitness,"August 23, 2017",4.6.2,4.0.3 and up
Health and Nutrition Guide,HEALTH_AND_FITNESS,4.3,7895.0,3.3,500000.0,Free,0.0,Everyone,Health & Fitness,"July 15, 2018",3.3,4.0 and up
Calorie Counter & Diet Tracker,HEALTH_AND_FITNESS,4.5,32606.0,13.0,1000000.0,Free,0.0,Everyone,Health & Fitness,"March 22, 2018",Varies with device,Varies with device
Food Calorie Calculator,HEALTH_AND_FITNESS,4.2,1324.0,4.0,100000.0,Free,0.0,Everyone,Health & Fitness,"January 29, 2018",10.2.0,4.0 and up
Eat Fit - Diet and Health Free,HEALTH_AND_FITNESS,4.1,2469.0,3.6,100000.0,Free,0.0,Everyone,Health & Fitness,"July 23, 2014",1.0.9,2.3 and up
Self Healing,HEALTH_AND_FITNESS,4.5,14394.0,9.9,500000.0,Free,0.0,Everyone,Health & Fitness,"July 16, 2017",Public.Heal,4.0.3 and up
Happify,HEALTH_AND_FITNESS,3.7,1812.0,37.0,100000.0,Free,0.0,Everyone,Health & Fitness,"July 24, 2018",1.31.0-15160.950adac99,4.4 and up
Binaural Beats Therapy,HEALTH_AND_FITNESS,4.3,13724.0,13.0,1000000.0,Free,0.0,Everyone,Health & Fitness,"August 17, 2017",Varies with device,Varies with device
Pacifica - Stress & Anxiety,HEALTH_AND_FITNESS,4.5,10253.0,13.0,500000.0,Free,0.0,Teen,Health & Fitness,"July 9, 2018",6.3.1,Varies with device
Relaxing Sounds,HEALTH_AND_FITNESS,4.6,4642.0,40.0,100000.0,Free,0.0,Everyone,Health & Fitness,"March 11, 2017",1.92,4.1 and up
Insight Timer - Free Meditation App,HEALTH_AND_FITNESS,4.6,20161.0,13.0,1000000.0,Free,0.0,Everyone,Health & Fitness,"August 1, 2018",Varies with device,Varies with device
Self-help Anxiety Management,HEALTH_AND_FITNESS,4.0,2894.0,23.0,500000.0,Free,0.0,Everyone 10+,Health & Fitness,"February 22, 2017",1.2.6,4.0.3 and up
Brain Waves - Binaural Beats,HEALTH_AND_FITNESS,4.4,5038.0,10.0,500000.0,Free,0.0,Everyone,Health & Fitness,"July 15, 2018",5.2,4.4 and up
Prana Breath: Calm & Meditate,HEALTH_AND_FITNESS,4.8,31665.0,8.4,1000000.0,Free,0.0,Everyone,Health & Fitness,"July 19, 2018",8.2.0_8,4.0 and up
7 Cups: Anxiety & Stress Chat,HEALTH_AND_FITNESS,4.2,13799.0,13.0,500000.0,Free,0.0,Teen,Health & Fitness,"July 31, 2018",Varies with device,Varies with device
White Noise Lite,HEALTH_AND_FITNESS,4.4,57634.0,41.0,1000000.0,Free,0.0,Everyone,Health & Fitness,"June 25, 2018",7.4,4.1 and up
"Stop, Breathe & Think: Meditation & Mindfulness",HEALTH_AND_FITNESS,4.3,8576.0,13.0,1000000.0,Free,0.0,Everyone,Health & Fitness,"July 28, 2018",Varies with device,Varies with device
"Viva Decora - Decoration, Photos, Architecture, House",HOUSE_AND_HOME,4.8,3167.0,7.5,100000.0,Free,0.0,Everyone,House & Home,"August 3, 2018",2.0.0,5.0 and up
Apartments & Rentals - Zillow,HOUSE_AND_HOME,4.2,27386.0,13.0,1000000.0,Free,0.0,Everyone,House & Home,"June 21, 2018",Varies with device,Varies with device
"591 housing transactions - renting houses, middle-class houses, new cases, real-time registration, villas through the sky, apartment suites, MRT, buying a house selling prices, housing mortgages",HOUSE_AND_HOME,4.1,24977.0,21.0,1000000.0,Free,0.0,Everyone,House & Home,"August 1, 2018",3.5.9,4.0.3 and up
"Homes.com 🏠 For Sale, Rent",HOUSE_AND_HOME,4.0,6000.0,18.0,1000000.0,Free,0.0,Everyone,House & Home,"July 28, 2018",9.6.8,4.1 and up
"CYANOGEN. Rent, buy an apartment, a room, a cottage 3+",HOUSE_AND_HOME,4.3,37711.0,40.0,1000000.0,Free,0.0,Everyone,House & Home,"July 31, 2018",2.51.0,4.4 and up
Latest 2018 Home Designs,HOUSE_AND_HOME,4.3,174.0,8.7,10000.0,Free,0.0,Everyone,House & Home,"July 26, 2018",1.1,2.3 and up
Good room network fast rent,HOUSE_AND_HOME,3.7,2758.0,8.6,500000.0,Free,0.0,Everyone,House & Home,"June 25, 2018",4.2.3,4.0 and up
Yongqing fast search,HOUSE_AND_HOME,3.7,1437.0,13.0,100000.0,Free,0.0,Everyone,House & Home,"August 2, 2018",Varies with device,Varies with device
LIFULL HOME'S,HOUSE_AND_HOME,4.2,7573.0,18.0,1000000.0,Free,0.0,Everyone,House & Home,"July 25, 2018",8.2.1,4.2 and up
"Apartment List: Housing, Apt, and Property Rentals",HOUSE_AND_HOME,4.5,8481.0,7.5,1000000.0,Free,0.0,Everyone,House & Home,"August 3, 2018",2.1.0,5.0 and up
Gold Butterfly Keyboard Theme,HOUSE_AND_HOME,4.3,10054.0,9.1,1000000.0,Free,0.0,Everyone,House & Home,"July 12, 2018",6.7.12.2018,4.0.3 and up
"Apartment, Home Rental Search: Realtor.com Rentals",HOUSE_AND_HOME,3.9,10117.0,13.0,1000000.0,Free,0.0,Everyone,House & Home,"June 29, 2018",3.6,4.0.3 and up
Living Smart Home,HOUSE_AND_HOME,4.6,39189.0,13.0,1000000.0,Free,0.0,Everyone,House & Home,"July 30, 2018",Varies with device,Varies with device
591 Housing Trading - Hong Kong,HOUSE_AND_HOME,4.3,3522.0,15.0,100000.0,Free,0.0,Everyone,House & Home,"August 2, 2018",3.10.8,4.0 and up
Redfin Real Estate,HOUSE_AND_HOME,4.6,36857.0,19.0,1000000.0,Free,0.0,Everyone,House & Home,"July 25, 2018",220.0,5.0 and up
"Domofond Real Estate. Buy, rent an apartment.",HOUSE_AND_HOME,4.5,39123.0,13.0,1000000.0,Free,0.0,Everyone,House & Home,"August 3, 2018",Varies with device,Varies with device
"realestate.com.au - Buy, Rent & Sell Property",HOUSE_AND_HOME,3.8,14653.0,13.0,1000000.0,Free,0.0,Everyone,House & Home,"July 16, 2018",Varies with device,Varies with device
Yes319 real price login query,HOUSE_AND_HOME,4.3,12.0,5.1,5000.0,Free,0.0,Everyone,House & Home,"July 12, 2018",1.04,4.0.3 and up
DIY On A Budget,HOUSE_AND_HOME,4.7,114.0,8.3,10000.0,Free,0.0,Teen,House & Home,"February 18, 2018",2.1,4.1 and up
Mortgage by Zillow: Calculator & Rates,HOUSE_AND_HOME,4.3,4435.0,7.9,500000.0,Free,0.0,Everyone,House & Home,"March 2, 2016",2.6.0.287,4.0 and up
Home Security Camera WardenCam - reuse old phones,HOUSE_AND_HOME,4.3,43800.0,13.0,1000000.0,Free,0.0,Everyone,House & Home,"July 6, 2018",Varies with device,Varies with device
Room planner: Interior & Floorplan Design for IKEA,HOUSE_AND_HOME,4.0,4281.0,27.0,100000.0,Free,0.0,Everyone,House & Home,"August 5, 2018",858,4.0.3 and up
Rent.com Apartment Homes,HOUSE_AND_HOME,4.0,7508.0,5.1,1000000.0,Free,0.0,Everyone,House & Home,"July 9, 2018",7.9.0,5.0 and up
Good house to buy a house,HOUSE_AND_HOME,3.8,491.0,15.0,100000.0,Free,0.0,Everyone,House & Home,"July 25, 2018",2.6.0,4.0.3 and up
LH Housing Promotion Notice,HOUSE_AND_HOME,4.3,160.0,3.1,100000.0,Free,0.0,Everyone,House & Home,"September 19, 2017",1.2.0,4.0 and up
Apartments.com Rental Search,HOUSE_AND_HOME,4.3,22584.0,16.0,1000000.0,Free,0.0,Everyone,House & Home,"July 16, 2018",4.7.13,4.4 and up
Hemnet,HOUSE_AND_HOME,3.6,4087.0,9.2,500000.0,Free,0.0,Everyone,House & Home,"July 16, 2018",4.3.0,4.1 and up
At home - rental · real estate · room finding application such as apartment · apartment,HOUSE_AND_HOME,3.8,2496.0,13.0,500000.0,Free,0.0,Everyone,House & Home,"July 5, 2018",Varies with device,Varies with device
House app: beautiful everyday ~,HOUSE_AND_HOME,4.6,2669.0,10.0,500000.0,Free,0.0,Teen,House & Home,"August 3, 2018",2.0.6.9,4.1 and up
Home tips and advice,HOUSE_AND_HOME,4.3,10.0,2.6,5000.0,Free,0.0,Everyone,House & Home,"December 28, 2017",2.0,4.0.3 and up
"N1.RU - Real estate: apartments, new buildings, lodging",HOUSE_AND_HOME,4.5,7619.0,13.0,100000.0,Free,0.0,Everyone,House & Home,"July 12, 2018",1.22.0,4.0.3 and up
Ruler,HOUSE_AND_HOME,4.7,126.0,1.9,10000.0,Free,0.0,Everyone,House & Home,"August 21, 2017",1.0,4.0 and up
Home Decor Showpiece Art making: Medium Difficulty,HOUSE_AND_HOME,4.3,273.0,7.0,50000.0,Free,0.0,Everyone,House & Home,"May 30, 2018",1.2,4.0.3 and up
"乐屋网: Buying a house, selling a house, renting a house",HOUSE_AND_HOME,3.7,2248.0,15.0,100000.0,Free,0.0,Everyone,House & Home,"August 3, 2018",v3.1.1,4.0 and up
Real estate court auction information site - Hyundai court auction,HOUSE_AND_HOME,4.3,10.0,4.2,10000.0,Free,0.0,Everyone,House & Home,"August 2, 2018",1.2,4.3 and up
iProperty Malaysia,HOUSE_AND_HOME,4.2,809.0,7.8,100000.0,Free,0.0,Everyone,House & Home,"July 25, 2018",1.6.1.2,4.0 and up
Apartment Decorating Ideas,HOUSE_AND_HOME,3.9,1478.0,5.7,100000.0,Free,0.0,Everyone,House & Home,"March 13, 2015",1.2,3.0 and up
Bedroom Decorating Ideas,HOUSE_AND_HOME,4.0,2382.0,5.9,500000.0,Free,0.0,Everyone,House & Home,"April 7, 2015",1.7,3.0 and up
Room Painting Ideas,HOUSE_AND_HOME,4.0,4450.0,7.6,1000000.0,Free,0.0,Everyone,House & Home,"March 17, 2015",1.7,3.0 and up
Kitchen Island Ideas,HOUSE_AND_HOME,4.0,515.0,5.8,50000.0,Free,0.0,Everyone,House & Home,"May 30, 2015",1.5,3.0 and up
Living Room Decorating Ideas,HOUSE_AND_HOME,4.0,4465.0,5.8,1000000.0,Free,0.0,Everyone,House & Home,"March 6, 2015",1.7,3.0 and up
Bathroom Decorating Ideas,HOUSE_AND_HOME,4.1,2427.0,5.3,500000.0,Free,0.0,Everyone,House & Home,"March 12, 2015",1.4,3.0 and up
Wall Decorating Ideas,HOUSE_AND_HOME,3.9,6631.0,5.5,1000000.0,Free,0.0,Everyone,House & Home,"March 11, 2015",1.5,3.0 and up
Zumper - Apartment Rental Finder,HOUSE_AND_HOME,4.4,11200.0,25.0,1000000.0,Free,0.0,Everyone,House & Home,"July 16, 2018",4.5.15,5.0 and up
RadPad: Apartment Finder App,HOUSE_AND_HOME,4.4,6896.0,35.0,500000.0,Free,0.0,Everyone,House & Home,"August 30, 2017",1.7.3,4.1 and up
Homesnap Real Estate & Rentals,HOUSE_AND_HOME,4.3,3834.0,30.0,500000.0,Free,0.0,Everyone,House & Home,"July 31, 2018",5.20.38,4.2 and up
Apartments & Rentals - Zillow,HOUSE_AND_HOME,4.2,27387.0,13.0,1000000.0,Free,0.0,Everyone,House & Home,"June 21, 2018",Varies with device,Varies with device
Trulia Mortgage Calculators,HOUSE_AND_HOME,4.1,81.0,16.0,50000.0,Free,0.0,Everyone,House & Home,"February 16, 2018",2.1.0,4.4 and up
Public Digital Library,LIBRARIES_AND_DEMO,3.9,2087.0,13.0,50000.0,Free,0.0,Everyone,Libraries & Demo,"July 30, 2018",Varies with device,Varies with device
Quotes,LIBRARIES_AND_DEMO,4.4,58.0,15.0,10000.0,Free,0.0,Everyone,Libraries & Demo,"July 6, 2018",1.0,4.0.3 and up
Best New Ringtones 2018 Free 🔥 For Android™,LIBRARIES_AND_DEMO,4.6,3014.0,21.0,100000.0,Free,0.0,Everyone,Libraries & Demo,"June 27, 2018",1.1,5.0 and up
Lamp detector,LIBRARIES_AND_DEMO,4.3,5.0,1.8,1000.0,Free,0.0,Everyone,Libraries & Demo,"April 23, 2018",4.4.2,2.3.3 and up
SUDOKU,LIBRARIES_AND_DEMO,4.1,923.0,4.3,100000.0,Free,0.0,Everyone,Libraries & Demo,"October 15, 2015",3.1,2.3 and up
General culture,LIBRARIES_AND_DEMO,4.3,26.0,10.0,10000.0,Free,0.0,Everyone,Libraries & Demo,"February 20, 2018",1.2,4.0 and up
Luffs,LIBRARIES_AND_DEMO,4.3,487.0,3.7,100000.0,Free,0.0,Everyone,Libraries & Demo,"January 16, 2018",1.0,4.0.3 and up
Call Recorder,LIBRARIES_AND_DEMO,4.7,48.0,6.9,1000.0,Free,0.0,Everyone,Libraries & Demo,"May 25, 2018",1.7.2.10,4.0 and up
Pink Water Sakura Keyboard Theme,LIBRARIES_AND_DEMO,4.3,1465.0,7.0,100000.0,Free,0.0,Everyone,Libraries & Demo,"July 9, 2018",6.7.5,4.0.3 and up
auto Call Recorder 2018,LIBRARIES_AND_DEMO,4.5,929.0,7.0,50000.0,Free,0.0,Everyone,Libraries & Demo,"February 16, 2018",1.02.2018.11,4.0 and up
converter video to mp3,LIBRARIES_AND_DEMO,4.4,783.0,6.4,100000.0,Free,0.0,Everyone,Libraries & Demo,"June 10, 2017",1.6,2.2 and up
chicken song,LIBRARIES_AND_DEMO,4.3,434.0,16.0,100000.0,Free,0.0,Everyone,Libraries & Demo,"June 6, 2018",6.0.0,2.3 and up
Words (188 Category),LIBRARIES_AND_DEMO,4.3,54.0,5.9,10000.0,Free,0.0,Everyone,Libraries & Demo,"July 4, 2018",1.0,4.0.3 and up
Essential Resources,LIBRARIES_AND_DEMO,4.6,237.0,0.00830078125,50000.0,Free,0.0,Everyone,Libraries & Demo,"September 27, 2017",1.02,7.1 and up
MOMOLAND BBoom BBoom,LIBRARIES_AND_DEMO,4.6,2580.0,20.0,100000.0,Free,0.0,Everyone,Libraries & Demo,"March 8, 2018",2.0,2.3 and up
Cold Spirits,LIBRARIES_AND_DEMO,4.3,363.0,2.5,100000.0,Free,0.0,Everyone,Libraries & Demo,"January 2, 2017",1.2,2.3 and up
How to sew & make the easiest pattern,LIBRARIES_AND_DEMO,4.3,110.0,10.0,10000.0,Free,0.0,Everyone,Libraries & Demo,"November 5, 2017",1.0,4.0 and up
I will return his eggs,LIBRARIES_AND_DEMO,4.3,91.0,18.0,100000.0,Free,0.0,Everyone,Libraries & Demo,"November 16, 2017",6.0,2.3 and up
Bird Sounds & Bird Ringtones for Free 2018,LIBRARIES_AND_DEMO,4.6,130.0,12.0,10000.0,Free,0.0,Everyone,Libraries & Demo,"February 23, 2018",1.0,4.0.3 and up
Benefits of olive oil with garlic,LIBRARIES_AND_DEMO,4.3,25.0,2.5,10000.0,Free,0.0,Everyone,Libraries & Demo,"June 23, 2018",1.0,4.0.3 and up
Sad hair without net,LIBRARIES_AND_DEMO,4.3,20.0,2.1,5000.0,Free,0.0,Everyone,Libraries & Demo,"March 26, 2018",1.0,2.3 and up
Top Popular Ringtones 2018 Free 🔥,LIBRARIES_AND_DEMO,4.4,7396.0,22.0,500000.0,Free,0.0,Everyone,Libraries & Demo,"July 6, 2018",5.28,4.0.3 and up
Super Funny Ringtones 2018 🔔,LIBRARIES_AND_DEMO,4.5,1703.0,22.0,100000.0,Free,0.0,Everyone,Libraries & Demo,"March 1, 2018",3.1,4.0.3 and up
Apk Installer,LIBRARIES_AND_DEMO,3.8,7750.0,0.28515625,1000000.0,Free,0.0,Everyone,Libraries & Demo,"June 29, 2011",1.0,1.6 and up
SAMSUNG RETAILMODE 2018,LIBRARIES_AND_DEMO,4.3,6.0,5.5,10000.0,Free,0.0,Everyone,Libraries & Demo,"August 3, 2018",8.0.20180212,4.2 and up
OpenCV Manager,LIBRARIES_AND_DEMO,3.7,12657.0,13.0,1000000.0,Free,0.0,Everyone,Libraries & Demo,"September 21, 2015",3.00,Varies with device
Eternal life,LIBRARIES_AND_DEMO,5.0,26.0,2.5,1000.0,Free,0.0,Everyone,Libraries & Demo,"May 24, 2018",1.0,1.6 and up
Cool Popular Ringtones 2018 🔥,LIBRARIES_AND_DEMO,4.5,60170.0,28.0,1000000.0,Free,0.0,Everyone,Libraries & Demo,"July 13, 2018",2.4,5.0 and up
Blackpink as if it's your last,LIBRARIES_AND_DEMO,4.7,831.0,24.0,100000.0,Free,0.0,Everyone,Libraries & Demo,"February 20, 2018",8.0,2.3 and up
Wifi Test,LIBRARIES_AND_DEMO,4.0,8671.0,3.1,1000000.0,Free,0.0,Everyone,Libraries & Demo,"July 3, 2018",3.6,4.0 and up
Patience Words,LIBRARIES_AND_DEMO,4.3,31.0,3.4,10000.0,Free,0.0,Everyone,Libraries & Demo,"December 14, 2017",1.0,4.0.3 and up
Market Update Helper,LIBRARIES_AND_DEMO,4.1,20145.0,0.0107421875,1000000.0,Free,0.0,Everyone,Libraries & Demo,"February 12, 2013",Varies with device,1.5 and up
Ayyush wih wih new without Net,LIBRARIES_AND_DEMO,3.8,912.0,13.0,500000.0,Free,0.0,Everyone,Libraries & Demo,"January 9, 2018",2.0.0,2.3 and up
Girls Nancy Ajram Without Net,LIBRARIES_AND_DEMO,4.7,2639.0,19.0,500000.0,Free,0.0,Everyone,Libraries & Demo,"December 11, 2017",6.0,2.3 and up
R M Lock Screen,LIBRARIES_AND_DEMO,4.5,399.0,9.5,100000.0,Free,0.0,Everyone,Libraries & Demo,"May 22, 2018",1.1,4.0.3 and up
Mama Lala 's song,LIBRARIES_AND_DEMO,4.3,102.0,21.0,50000.0,Free,0.0,Everyone,Libraries & Demo,"July 1, 2018",6.0.0,2.3 and up
Barcode Scanner,LIBRARIES_AND_DEMO,4.2,3945.0,9.4,500000.0,Free,0.0,Everyone,Libraries & Demo,"January 9, 2018",4.2.2,3.2 and up
Young Speeches,LIBRARIES_AND_DEMO,4.3,2221.0,2.4,500000.0,Free,0.0,Everyone,Libraries & Demo,"January 8, 2017",1.1,2.3 and up
New Ringtones 2018,LIBRARIES_AND_DEMO,4.1,3781.0,36.0,1000000.0,Free,0.0,Everyone,Libraries & Demo,"April 15, 2018",1.8,4.0 and up
Easy Hair Style Design,LIFESTYLE,4.3,601.0,5.1,100000.0,Free,0.0,Everyone,Lifestyle,"December 20, 2017",1.0,2.3 and up
Girly Wallpapers Backgrounds,LIFESTYLE,4.4,13565.0,3.3,1000000.0,Free,0.0,Everyone,Lifestyle,"August 5, 2018",2.5,4.0 and up
Easy Makeup Tutorials,LIFESTYLE,4.3,7287.0,5.0,1000000.0,Free,0.0,Everyone,Lifestyle,"November 3, 2016",1.0,2.3 and up
ZenUI Safeguard,LIFESTYLE,4.5,100.0,7.1,1000000.0,Free,0.0,Everyone,Lifestyle,"May 9, 2018",1.0.0.21_180410,7.0 - 7.1.1
FOSSIL Q: DESIGN YOUR DIAL,LIFESTYLE,4.3,985.0,16.0,500000.0,Free,0.0,Everyone,Lifestyle,"May 31, 2018",3.7,7.0 and up
Van Nien 2018 - Lich Van su & Lich Am,LIFESTYLE,4.4,3829.0,23.0,1000000.0,Free,0.0,Everyone,Lifestyle,"June 1, 2018",3.9.3,4.1 and up
Safeway,LIFESTYLE,4.3,33572.0,37.0,1000000.0,Free,0.0,Everyone,Lifestyle,"August 2, 2018",6.2.0,4.4 and up
Tattoodo - Find your next tattoo,LIFESTYLE,4.5,7457.0,13.0,1000000.0,Free,0.0,Teen,Lifestyle,"August 3, 2018",2.4.12-r244,4.1 and up
Anime Avatar Creator: Make Your Own Avatar,LIFESTYLE,4.2,10944.0,36.0,1000000.0,Free,0.0,Everyone,Lifestyle,"June 15, 2018",2.0,4.1 and up
Beautiful Design Birthday Cake,LIFESTYLE,4.3,665.0,3.0,500000.0,Free,0.0,Everyone,Lifestyle,"August 4, 2018",2.0,2.3 and up
Pronunciation and know the name of the caller from his number,LIFESTYLE,4.6,2167.0,1.4,500000.0,Free,0.0,Everyone,Lifestyle,"January 7, 2018",1.0,2.3 and up
Super Slime Simulator - Satisfying Slime App,LIFESTYLE,4.5,53652.0,39.0,1000000.0,Free,0.0,Everyone,Lifestyle,"August 5, 2018",2.15,5.0 and up
H Pack,LIFESTYLE,4.3,9412.0,1.7,1000000.0,Free,0.0,Everyone,Lifestyle,"December 17, 2016",1.5.1,4.0.3 and up
သိင်္ Astrology - Min Thein Kha BayDin,LIFESTYLE,4.7,2225.0,15.0,100000.0,Free,0.0,Everyone,Lifestyle,"July 26, 2018",4.2.1,4.0.3 and up
w UN map,LIFESTYLE,4.2,23164.0,10.0,1000000.0,Free,0.0,Mature 17+,Lifestyle,"July 24, 2018",2.6,5.0 and up
PASS by KT (formerly KT certified),LIFESTYLE,3.5,7869.0,21.0,1000000.0,Free,0.0,Everyone,Lifestyle,"August 1, 2018",02.00.06,4.4 and up
Safety stepping stone,LIFESTYLE,3.7,4212.0,20.0,1000000.0,Free,0.0,Everyone,Lifestyle,"July 25, 2018",3.4.5,2.3 and up
JOANN - Crafts & Coupons,LIFESTYLE,4.6,34782.0,12.0,1000000.0,Free,0.0,Everyone,Lifestyle,"June 22, 2018",5.2.2,4.3 and up
MK eCatalog,LIFESTYLE,4.0,6676.0,6.2,1000000.0,Free,0.0,Everyone,Lifestyle,"February 21, 2018",3.0,4.2 and up
Vaniday - Beauty Booking App,LIFESTYLE,3.6,1067.0,13.0,100000.0,Free,0.0,Everyone,Lifestyle,"March 20, 2018",3.8.15,4.1 and up
Fashion in Vogue,LIFESTYLE,3.8,1797.0,6.8,100000.0,Free,0.0,Everyone,Lifestyle,"September 27, 2016",2.0,4.3 and up
StyleSeat,LIFESTYLE,4.7,20304.0,24.0,500000.0,Free,0.0,Everyone,Lifestyle,"July 31, 2018",4.35,4.0.3 and up
Wedding Countdown Widget,LIFESTYLE,3.9,7376.0,19.0,1000000.0,Free,0.0,Everyone,Lifestyle,"January 11, 2018",5.2.2018010801-1,4.1 and up
My Day - Countdown Calendar 🗓️,LIFESTYLE,4.1,49147.0,13.0,1000000.0,Free,0.0,Everyone,Lifestyle,"May 7, 2018",2.9.5,4.1 and up
justWink Greeting Cards,LIFESTYLE,4.6,69177.0,15.0,1000000.0,Free,0.0,Teen,Lifestyle,"August 2, 2017",2.7.3,4.4 and up
Wedding LookBook by The Knot,LIFESTYLE,4.2,3448.0,13.0,100000.0,Free,0.0,Everyone,Lifestyle,"July 9, 2018",3.9.5,4.0.3 and up
Big Days - Events Countdown,LIFESTYLE,4.6,39724.0,13.0,1000000.0,Free,0.0,Everyone,Lifestyle,"June 29, 2018",Varies with device,Varies with device
"Wedding Planner by WeddingWire - Venues, Checklist",LIFESTYLE,4.2,3788.0,44.0,1000000.0,Free,0.0,Everyone,Lifestyle,"July 24, 2018",8.5.1,5.0 and up
WedMeGood - Wedding Planner,LIFESTYLE,4.6,1658.0,9.7,100000.0,Free,0.0,Everyone,Lifestyle,"July 31, 2018",2.0.9,4.4 and up
DIY Garden Ideas,LIFESTYLE,4.1,3309.0,13.0,500000.0,Free,0.0,Everyone,Lifestyle,"August 5, 2018",10.0,4.0 and up
Brit + Co,LIFESTYLE,3.9,987.0,4.5,10000.0,Free,0.0,Everyone,Lifestyle,"August 29, 2017",2.0.4,4.0 and up
Creative Ideas - DIY & Craft,LIFESTYLE,4.0,5208.0,4.5,100000.0,Free,0.0,Teen,Lifestyle,"November 23, 2017",1.37,4.0 and up
JOANN - Crafts & Coupons,LIFESTYLE,4.6,34802.0,12.0,1000000.0,Free,0.0,Everyone,Lifestyle,"June 22, 2018",5.2.2,4.3 and up
Wheretoget: Shop in style,LIFESTYLE,4.1,6808.0,12.0,500000.0,Free,0.0,Teen,Lifestyle,"June 5, 2017",3.2.0,4.1 and up
My Dressing - Fashion closet,LIFESTYLE,4.1,12452.0,13.0,500000.0,Free,0.0,Everyone,Lifestyle,"January 26, 2017",Varies with device,Varies with device
Chictopia,LIFESTYLE,4.1,360.0,4.6,10000.0,Free,0.0,Everyone,Lifestyle,"April 30, 2014",1.6.2,2.2 and up
Scarf Fashion Designer,LIFESTYLE,4.4,16637.0,10.0,1000000.0,Free,0.0,Everyone,Lifestyle,"June 18, 2017",1.8,2.3 and up
Real Estate by Movoto,LIFESTYLE,4.4,3114.0,13.0,100000.0,Free,0.0,Everyone,Lifestyle,"February 20, 2018",6.1,4.0.3 and up
Etta Homes,LIFESTYLE,4.2,220.0,15.0,50000.0,Free,0.0,Everyone,Lifestyle,"July 26, 2018",9.1.0,5.0 and up
Houlihan Lawrence,LIFESTYLE,4.4,33.0,23.0,5000.0,Free,0.0,Everyone,Lifestyle,"October 12, 2017",3.9.5,4.2 and up
Home Scouting® MLS Mobile,LIFESTYLE,4.3,1533.0,7.7,100000.0,Free,0.0,Everyone,Lifestyle,"September 27, 2016",2.2.6,2.2 and up
Housing-Real Estate & Property,LIFESTYLE,4.1,28301.0,13.0,1000000.0,Free,0.0,Everyone,Lifestyle,"July 13, 2018",12.1.0,4.1 and up
ZipRealty Real Estate & Homes,LIFESTYLE,4.0,3937.0,15.0,100000.0,Free,0.0,Everyone,Lifestyle,"July 27, 2018",8.3.3,4.4 and up
Sotheby's International Realty,LIFESTYLE,4.2,894.0,25.0,50000.0,Free,0.0,Everyone,Lifestyle,"April 9, 2018",5.600.42,4.0.3 and up
Zoopla Property Search UK - Home to buy & rent,LIFESTYLE,4.1,21195.0,13.0,1000000.0,Free,0.0,Everyone,Lifestyle,"June 22, 2018",Varies with device,Varies with device
Neighborhoods & Apartments,LIFESTYLE,3.9,2042.0,3.0,100000.0,Free,0.0,Everyone,Lifestyle,"August 28, 2015",3.1.6,4.0 and up
Keller Williams Real Estate,LIFESTYLE,4.4,13213.0,22.0,1000000.0,Free,0.0,Everyone,Lifestyle,"March 28, 2018",5.800.04,4.0.3 and up
Relax Ocean ~ Nature Sounds,LIFESTYLE,4.5,9464.0,13.0,500000.0,Free,0.0,Everyone,Lifestyle,"July 18, 2017",Varies with device,Varies with device
Bed Time Fan - White Noise Sleep Sounds,LIFESTYLE,4.5,10097.0,7.5,500000.0,Free,0.0,Everyone,Lifestyle,"April 26, 2018",1.2,4.0 and up
Nature Sounds,LIFESTYLE,4.8,28588.0,24.0,1000000.0,Free,0.0,Everyone,Lifestyle,"March 1, 2018",3.1.8,4.0.3 and up
SleepyTime: Bedtime Calculator,LIFESTYLE,4.4,19621.0,13.0,500000.0,Free,0.0,Everyone,Lifestyle,"February 27, 2016",Varies with device,Varies with device
White Noise Baby,LIFESTYLE,4.5,10544.0,44.0,1000000.0,Free,0.0,Everyone,Lifestyle,"June 18, 2018",5.3,4.1 and up
White Noise ~ Sleeping Sounds,LIFESTYLE,4.5,4427.0,13.0,100000.0,Free,0.0,Everyone,Lifestyle,"June 23, 2017",Varies with device,Varies with device
"Journey - Diary, Journal",LIFESTYLE,4.6,50338.0,13.0,1000000.0,Free,0.0,Everyone,Lifestyle,"July 23, 2018",Varies with device,Varies with device
7 Day Food Journal Challenge,LIFESTYLE,4.5,3346.0,14.0,100000.0,Free,0.0,Teen,Lifestyle,"March 8, 2017",3.6.3,4.0.3 and up
Zombie Hunter King,GAME,4.3,10306.0,50.0,1000000.0,Free,0.0,Mature 17+,Action,"August 1, 2018",1.0.8,2.3 and up
Super Jim Jump - pixel 3d,GAME,4.5,10393.0,18.0,1000000.0,Free,0.0,Everyone,Arcade,"July 11, 2018",2.2.3181,4.0 and up
Zombie Hunter King,GAME,4.3,10354.0,50.0,1000000.0,Free,0.0,Mature 17+,Action,"August 1, 2018",1.0.8,2.3 and up
Super Jim Jump - pixel 3d,GAME,4.5,10434.0,18.0,1000000.0,Free,0.0,Everyone,Arcade,"July 11, 2018",2.2.3181,4.0 and up
Farm Fruit Pop: Party Time,GAME,4.4,9305.0,14.0,1000000.0,Free,0.0,Everyone,Casual,"August 2, 2018",1.9.2,4.0.3 and up
Woody Puzzle,GAME,4.7,21262.0,29.0,1000000.0,Free,0.0,Everyone,Puzzle,"August 3, 2018",1.0.9,4.4 and up
Bricks n Balls,GAME,4.4,30253.0,13.0,1000000.0,Free,0.0,Everyone,Casual,"August 5, 2018",1.0.1.049,4.1 and up
PLANK!,GAME,4.7,7196.0,38.0,500000.0,Free,0.0,Everyone,Arcade,"July 17, 2018",1.0.2,4.3 and up
Offroad Outlaws,GAME,4.4,29168.0,13.0,1000000.0,Free,0.0,Everyone,Racing,"May 29, 2018",2.0.1,4.1 and up
Ice Crush 2018 - A new Puzzle Matching Adventure,GAME,4.6,15403.0,25.0,1000000.0,Free,0.0,Everyone,Casual,"August 2, 2018",1.8.1,4.1 and up
TerraGenesis - Space Colony,GAME,4.3,38957.0,13.0,1000000.0,Free,0.0,Everyone,Simulation,"August 2, 2018",4.9.31,Varies with device
SHADOWGUN LEGENDS,GAME,4.6,100609.0,52.0,1000000.0,Free,0.0,Teen,Action,"July 16, 2018",0.5.4,6.0 and up
Might & Magic: Elemental Guardians,GAME,4.3,32551.0,35.0,500000.0,Free,0.0,Mature 17+,Role Playing,"July 12, 2018",1.93,4.4 and up
Dungeon Hunter Champions: Epic Online Action RPG,GAME,4.2,26247.0,13.0,1000000.0,Free,0.0,Teen,Role Playing,"July 26, 2018",1.1.40,4.0.3 and up
Zombie Hunter King,GAME,4.3,10493.0,50.0,1000000.0,Free,0.0,Mature 17+,Action,"August 1, 2018",1.0.8,2.3 and up
Super Jim Jump - pixel 3d,GAME,4.5,10460.0,18.0,1000000.0,Free,0.0,Everyone,Arcade,"July 11, 2018",2.2.3181,4.0 and up
Jewels Star: OZ adventure,GAME,4.5,21892.0,14.0,1000000.0,Free,0.0,Everyone,Puzzle,"December 29, 2017",1.3,4.0 and up
Extreme Match,GAME,4.5,696.0,13.0,100000.0,Free,0.0,Everyone,Action,"July 5, 2018",1.1.7,4.1 and up
Zombie Hunter King,GAME,4.3,10538.0,50.0,1000000.0,Free,0.0,Mature 17+,Action,"August 1, 2018",1.0.8,2.3 and up
Once Upon a Tower,GAME,4.7,37139.0,49.0,1000000.0,Free,0.0,Everyone 10+,Action,"January 24, 2018",8,4.1 and up
Runner 3d like,GAME,4.5,559.0,32.0,100000.0,Free,0.0,Everyone 10+,Action,"August 3, 2018",1.0.7,4.0 and up
Bubble Shooter Space,GAME,4.2,4355.0,13.0,1000000.0,Free,0.0,Everyone,Casual,"July 17, 2017",1.6,2.3 and up
Jewels Crush- Match 3 Puzzle,FAMILY,4.4,14774.0,19.0,1000000.0,Free,0.0,Everyone,Casual;Brain Games,"July 23, 2018",1.9.3901,4.0.3 and up
Super ABC! Learning games for kids! Preschool apps,FAMILY,4.6,20267.0,46.0,1000000.0,Free,0.0,Everyone,Educational;Education,"July 16, 2018",1.1.6.7,4.1 and up
Toy Pop Cubes,FAMILY,4.5,5761.0,21.0,1000000.0,Free,0.0,Everyone,Casual;Brain Games,"July 4, 2018",1.8.3181,4.0.3 and up
Candy Pop Story,FAMILY,4.7,12948.0,23.0,1000000.0,Free,0.0,Everyone,Casual;Brain Games,"May 24, 2018",2.0.3165,2.3 and up
Solitaire,FAMILY,4.4,685.0,26.0,100000.0,Free,0.0,Everyone,Card;Brain Games,"July 16, 2018",1.7.101,4.1 and up
Candy Smash,FAMILY,4.5,11436.0,15.0,1000000.0,Free,0.0,Everyone,Casual;Brain Games,"April 17, 2018",2.2.3169,4.0.3 and up
Happy Fruits Bomb - Cube Blast,FAMILY,4.5,2150.0,20.0,500000.0,Free,0.0,Everyone,Casual;Brain Games,"February 1, 2018",1.0.3122,4.0.3 and up
Princess Adventures Puzzles,FAMILY,4.4,382.0,44.0,500000.0,Free,0.0,Everyone,Education;Creativity,"August 1, 2018",1.1.0,2.3 and up
Puzzle Kids - Animals Shapes and Jigsaw Puzzles,FAMILY,4.6,1109.0,52.0,1000000.0,Free,0.0,Everyone,Educational;Brain Games,"July 18, 2018",1.0.6,4.1 and up
Coloring book moana,FAMILY,3.9,974.0,14.0,500000.0,Free,0.0,Everyone,Art & Design;Pretend Play,"January 15, 2018",2.0.0,4.0.3 and up
Kids Educational :All in One,FAMILY,4.5,1455.0,8.9,500000.0,Free,0.0,Everyone,Education;Education,"February 1, 2018",2.7,2.3 and up
Number Counting games for toddler preschool kids,FAMILY,4.3,1024.0,13.0,1000000.0,Free,0.0,Everyone,Educational;Education,"May 28, 2018",Varies with device,Varies with device
Learn To Draw Glow Flower,FAMILY,4.4,7320.0,10.0,1000000.0,Free,0.0,Everyone,Entertainment;Education,"July 7, 2017",1.0.1,4.0.3 and up
Draw.ly - Color by Number Pixel Art Coloring,FAMILY,4.4,18616.0,10.0,1000000.0,Free,0.0,Everyone,Casual;Education,"August 5, 2018",1.0.9,4.0.3 and up
Garden Fruit Legend,FAMILY,4.6,4289.0,33.0,500000.0,Free,0.0,Everyone,Casual;Brain Games,"July 31, 2018",3.5.3183,4.0.3 and up
Candy Day,FAMILY,4.5,11716.0,48.0,1000000.0,Free,0.0,Everyone,Casual;Brain Games,"August 3, 2018",8.4.3180,4.0 and up
Learn To Draw Glow Princess,FAMILY,4.5,3323.0,9.6,1000000.0,Free,0.0,Everyone,Casual;Pretend Play,"July 14, 2017",1.0.1,4.0.3 and up
Educational Games for Kids,FAMILY,4.5,7050.0,24.0,1000000.0,Free,0.0,Everyone,Educational;Education,"May 27, 2018",2.0,4.0 and up
Fruit Boom,FAMILY,4.4,17753.0,16.0,1000000.0,Free,0.0,Everyone,Casual;Brain Games,"May 25, 2018",2.2.3172,4.0.3 and up
Rhythm Patrol,FAMILY,4.3,4207.0,26.0,100000.0,Free,0.0,Everyone,Music;Music & Video,"July 23, 2018",2.180723,4.1 and up
Drawing for Kids Learning Games for Toddlers age 3,FAMILY,4.6,29436.0,43.0,1000000.0,Free,0.0,Everyone,Educational;Education,"March 21, 2018",2.0.5.0,4.1 and up
Baby ABC in box! Kids alphabet games for toddlers!,FAMILY,4.6,9652.0,53.0,1000000.0,Free,0.0,Everyone,Educational;Education,"July 16, 2018",2.0.7.4,4.1 and up
Henry Danger Crime Warp,FAMILY,4.6,9626.0,28.0,1000000.0,Free,0.0,Everyone,Action;Action & Adventure,"February 7, 2018",1.1,4.4 and up
Happy Street,FAMILY,4.5,110877.0,13.0,1000000.0,Free,0.0,Everyone 10+,Casual;Action & Adventure,"March 28, 2018",Varies with device,Varies with device
Leo and Tig,FAMILY,4.5,47644.0,27.0,1000000.0,Free,0.0,Everyone,Adventure;Action & Adventure,"May 31, 2018",10.180530,4.0.3 and up
Montessori Preschool,FAMILY,3.9,237.0,26.0,100000.0,Free,0.0,Everyone,Education;Education,"July 12, 2018",1.7.2,4.1 and up
Kids Corner: Interactive Tales and Games for kids,FAMILY,4.5,6404.0,46.0,500000.0,Free,0.0,Everyone,Educational;Brain Games,"July 16, 2018",1.8.3,4.1 and up
Basketball FRVR - Shoot the Hoop and Slam Dunk!,FAMILY,4.5,4076.0,13.0,100000.0,Free,0.0,Everyone,Sports;Action & Adventure,"August 1, 2018",1.3.3,4.1 and up
Little Panda Run,FAMILY,4.2,3235.0,32.0,1000000.0,Free,0.0,Everyone,Educational;Action & Adventure,"June 20, 2018",8.25.10.00,4.0.3 and up
Car Racing game for Kids - Beepzz Dogs 🐕,FAMILY,4.4,131.0,48.0,100000.0,Free,0.0,Everyone,Racing;Action & Adventure,"June 13, 2018",1.1.1,4.2 and up
Transformers Rescue Bots: Disaster Dash,FAMILY,4.4,19245.0,25.0,1000000.0,Free,0.0,Everyone,Casual;Action & Adventure,"March 28, 2018",1.3,4.1 and up
Mcqueen Coloring pages,FAMILY,4.3,65.0,7.0,100000.0,Free,0.0,Everyone,Art & Design;Action & Adventure,"March 7, 2018",1.0.0,4.1 and up
Monster Truck Driver & Racing,FAMILY,4.4,765.0,51.0,1000000.0,Free,0.0,Everyone,Education;Action & Adventure,"January 19, 2017",1.0.9,2.3 and up
L.O.L. Surprise Ball Pop,FAMILY,4.3,10088.0,13.0,1000000.0,Free,0.0,Everyone,Casual;Action & Adventure,"March 8, 2018",Varies with device,4.1 and up
Little Fire Station,FAMILY,4.2,3762.0,44.0,1000000.0,Free,0.0,Everyone,Education;Action & Adventure,"July 2, 2018",1.47,4.3 and up
Robots Vs Zombies: Transform To Race And Fight,FAMILY,4.5,278.0,13.0,100000.0,Free,0.0,Everyone,Racing;Action & Adventure,"July 11, 2018",3.49,4.2 and up
Doctor Pets,FAMILY,4.2,23060.0,21.0,1000000.0,Free,0.0,Everyone,Educational;Education,"July 26, 2018",1.19,4.1 and up
Cute Pet Puppies,FAMILY,4.0,10447.0,36.0,1000000.0,Free,0.0,Everyone,Simulation;Action & Adventure,"February 18, 2016",1.0.4,2.3 and up
Monica Toy TV,FAMILY,4.7,6188.0,49.0,500000.0,Free,0.0,Everyone 10+,Entertainment;Music & Video,"April 3, 2018",1.6.4,4.1 and up
Toy Guitar with songs for kids,FAMILY,4.3,1369.0,9.8,500000.0,Free,0.0,Everyone,Music & Audio;Music & Video,"March 5, 2016",1.0.3,2.3 and up
Endless Numbers,FAMILY,4.4,2952.0,37.0,500000.0,Free,0.0,Everyone,Education;Education,"June 19, 2018",1.2.0,5.1 and up
Toddler Learning Games - Little Kids Games,FAMILY,4.2,731.0,13.0,100000.0,Free,0.0,Everyone,Educational;Education,"July 28, 2018",3.7.2.7,4.2 and up
Nancy Drew Codes and Clues,FAMILY,4.1,154.0,16.0,10000.0,Free,0.0,Everyone,Educational;Education,"January 13, 2017",2.0.0,4.1 and up
Tic Tac Toe,FAMILY,4.1,6007.0,18.0,1000000.0,Free,0.0,Everyone,Board;Action & Adventure,"July 3, 2017",1.6.3028.0,2.3 and up
Dominos Game ✔️,FAMILY,4.1,2903.0,16.0,1000000.0,Free,0.0,Everyone,Board;Brain Games,"July 5, 2018",5.2,4.1 and up
Checkers ✔️,FAMILY,4.1,3617.0,19.0,1000000.0,Free,0.0,Everyone,Board;Brain Games,"July 24, 2018",4.0.2,4.1 and up
Crazy Colors: Bubbles Matching,FAMILY,4.6,3063.0,1.6,100000.0,Free,0.0,Everyone,Board;Brain Games,"May 24, 2018",2.9.7,3.0 and up
Chess for Kids - Play & Learn,FAMILY,4.1,3234.0,47.0,100000.0,Free,0.0,Everyone,Puzzle;Brain Games,"May 15, 2018",2.2.3,4.1 and up
Block Puzzle : Night in Egypt,FAMILY,4.4,276.0,16.0,50000.0,Free,0.0,Everyone,Puzzle;Brain Games,"September 12, 2017",1.2.16,2.3 and up
Mosaic puzzles,FAMILY,4.4,1595.0,14.0,500000.0,Free,0.0,Everyone,Puzzle;Brain Games,"July 4, 2018",2.8,4.0.3 and up
Chess School for Beginners,FAMILY,4.3,879.0,13.0,100000.0,Free,0.0,Everyone,Board;Brain Games,"May 22, 2018",1.1.0,4.1 and up
Pino chess,FAMILY,4.8,61.0,25.0,1000.0,Free,0.0,Everyone,Casual;Brain Games,"January 26, 2017",0.1.0,4.0 and up
Chess PRO Free,FAMILY,3.8,1123.0,5.7,100000.0,Free,0.0,Everyone,Board;Brain Games,"September 8, 2016",4.2,2.3 and up
All-in-One Mahjong 3 FREE,FAMILY,4.5,566.0,17.0,50000.0,Free,0.0,Everyone,Board;Brain Games,"June 13, 2018",20180609,4.0 and up
Sounds for Toddlers FREE,FAMILY,4.4,6190.0,23.0,1000000.0,Free,0.0,Everyone,Educational;Education,"August 24, 2015",1.7.1,4.0 and up
Elmo Calls by Sesame Street,FAMILY,3.9,6903.0,25.0,1000000.0,Free,0.0,Everyone,Educational;Pretend Play,"January 31, 2018",2.0.7,2.3 and up
Bita and the Animals - Pelos Ares,FAMILY,4.4,1160.0,37.0,100000.0,Free,0.0,Everyone,Education;Music & Video,"May 22, 2013",1.0,2.2 and up
DreamWorks Friends,FAMILY,3.6,1042.0,48.0,100000.0,Free,0.0,Everyone,Role Playing;Pretend Play,"August 4, 2017",2.5,4.3 and up
My Little Pony Celebration,FAMILY,4.3,63160.0,17.0,1000000.0,Free,0.0,Everyone,Simulation;Pretend Play,"July 22, 2016",1.0.0,2.3 and up
Thomas & Friends: Delivery,FAMILY,4.2,28737.0,17.0,1000000.0,Free,0.0,Everyone,Casual;Action & Adventure,"February 5, 2016",1.0,2.3 and up
Starfall Free & Member,FAMILY,4.2,19720.0,41.0,1000000.0,Free,0.0,Everyone,Education;Education,"November 7, 2017",1.35.23,4.0 and up
GoodRx Drug Prices and Coupons,MEDICAL,4.8,59158.0,11.0,1000000.0,Free,0.0,Everyone,Medical,"July 26, 2018",5.4.8,4.1 and up
MyChart,MEDICAL,4.2,19473.0,13.0,1000000.0,Free,0.0,Everyone,Medical,"July 24, 2018",Varies with device,Varies with device
FollowMyHealth®,MEDICAL,4.6,73118.0,37.0,1000000.0,Free,0.0,Everyone,Medical,"May 10, 2018",3.3,4.4 and up
CareZone,MEDICAL,4.4,27524.0,13.0,1000000.0,Free,0.0,Everyone,Medical,"July 30, 2018",Varies with device,Varies with device
Ovia Pregnancy Tracker & Baby Countdown Calendar,MEDICAL,4.8,102858.0,9.8,1000000.0,Free,0.0,Everyone,Medical,"August 3, 2018",2.2.4,4.3 and up
Teladoc Member,MEDICAL,4.0,2094.0,23.0,500000.0,Free,0.0,Everyone,Medical,"July 26, 2018",3.19,4.3 and up
myAir™ for Air10™ by ResMed,MEDICAL,3.7,236.0,18.0,50000.0,Free,0.0,Everyone,Medical,"July 25, 2018",1.1.0.0.1487,5.0 and up
Pregnancy Week By Week,MEDICAL,4.8,78825.0,11.0,1000000.0,Free,0.0,Everyone,Medical,"August 2, 2018",1.2.16,4.1 and up
Doctor On Demand,MEDICAL,4.7,18674.0,13.0,1000000.0,Free,0.0,Everyone,Medical,"July 27, 2018",3.25.0,4.4 and up
BioLife Plasma Services,MEDICAL,3.5,250.0,23.0,100000.0,Free,0.0,Everyone,Medical,"July 9, 2018",1.2.0,4.4 and up
OneTouch Reveal,MEDICAL,3.9,6266.0,34.0,500000.0,Free,0.0,Everyone,Medical,"May 22, 2018",3.5,5.1 and up
To,MEDICAL,4.2,22.0,15.0,10000.0,Free,0.0,Everyone,Medical,"May 30, 2018",Varies with device,Varies with device
Ovia Fertility Tracker & Ovulation Calculator,MEDICAL,4.8,53743.0,13.0,1000000.0,Free,0.0,Everyone,Medical,"July 27, 2018",Varies with device,4.3 and up
Blood Donor,MEDICAL,4.2,4476.0,20.0,500000.0,Free,0.0,Everyone,Medical,"July 31, 2018",1.6.2,4.1 and up
Zocdoc: Find Doctors & Book Appointments,MEDICAL,4.5,6099.0,38.0,500000.0,Free,0.0,Everyone,Medical,"July 31, 2018",3.18.2,4.3 and up
1800 Contacts - Lens Store,MEDICAL,4.7,23160.0,26.0,1000000.0,Free,0.0,Everyone,Medical,"July 27, 2018",7.4.1,5.0 and up
Blood Pressure Log - MyDiary,MEDICAL,4.7,8348.0,2.6,500000.0,Free,0.0,Everyone,Medical,"April 13, 2018",1.4.6,4.0 and up
PulsePoint Respond,MEDICAL,4.5,7837.0,21.0,100000.0,Free,0.0,Everyone,Medical,"July 31, 2018",2.4,4.1 and up
Ovia Parenting & Baby Development Tracker,MEDICAL,4.7,6185.0,38.0,100000.0,Free,0.0,Everyone,Medical,"August 3, 2018",1.2.0,4.3 and up
MyQuest for Patients,MEDICAL,4.0,3803.0,16.0,100000.0,Free,0.0,Everyone,Medical,"March 13, 2018",2.17,4.0 and up
CVS Caremark,MEDICAL,3.5,3707.0,10.0,500000.0,Free,0.0,Everyone,Medical,"July 28, 2018",4.36,4.4 and up
Ada - Your Health Guide,MEDICAL,4.7,87418.0,14.0,1000000.0,Free,0.0,Everyone,Medical,"July 16, 2018",2.25.0,4.4 and up
mySugr: the blood sugar tracker made just for you,MEDICAL,4.6,21189.0,36.0,1000000.0,Free,0.0,Everyone,Medical,"August 6, 2018",3.52.1,5.0 and up
ClearCareGo Caregiver,MEDICAL,4.2,1746.0,16.0,50000.0,Free,0.0,Everyone,Medical,"July 25, 2018",2.1.3,4.1 and up
All Mental disorders,MEDICAL,4.5,453.0,11.0,100000.0,Free,0.0,Everyone,Medical,"July 7, 2017",1.1,4.0.3 and up
DreamMapper,MEDICAL,4.2,10710.0,8.5,100000.0,Free,0.0,Everyone,Medical,"July 3, 2018",2.15,5.0 and up
ScriptSave WellRx Rx Discounts,MEDICAL,3.8,700.0,37.0,100000.0,Free,0.0,Everyone,Medical,"June 21, 2018",3.3.0,4.4 and up
Drugs.com Medication Guide,MEDICAL,4.4,15875.0,13.0,1000000.0,Free,0.0,Everyone,Medical,"May 22, 2018",Varies with device,4.4 and up
MoodSpace,MEDICAL,4.5,503.0,22.0,50000.0,Free,0.0,Everyone,Medical,"June 10, 2018",3.2.4,5.0 and up
Pill Identifier and Drug list,MEDICAL,4.0,488.0,17.0,100000.0,Free,0.0,Everyone,Medical,"August 1, 2018",3.8,4.1 and up
HealtheLife,MEDICAL,3.6,190.0,7.7,100000.0,Free,0.0,Everyone,Medical,"January 2, 2018",2.4.0,4.4 and up
SonicCloud: Hearing App,MEDICAL,4.4,15.0,39.0,1000.0,Free,0.0,Everyone,Medical,"July 19, 2018",1.16.0,4.1 and up
Migraine Buddy - The Migraine and Headache tracker,MEDICAL,4.7,26862.0,30.0,500000.0,Free,0.0,Everyone,Medical,"June 25, 2018",25.3.1,4.0.3 and up
Period Tracker,MEDICAL,4.9,100082.0,3.7,1000000.0,Free,0.0,Everyone,Medical,"July 9, 2018",1.2.2,4.1 and up
LabCorp | Patient,MEDICAL,3.6,27.0,28.0,10000.0,Free,0.0,Everyone,Medical,"April 19, 2018",1.0.0,4.1 and up
Anatomy Learning - 3D Atlas,MEDICAL,4.5,72167.0,16.0,1000000.0,Free,0.0,Everyone,Medical,"July 18, 2018",2.0,4.1 and up
Super Hearing Super Ear Amplifier,MEDICAL,4.1,21.0,20.0,1000.0,Free,0.0,Everyone,Medical,"June 11, 2018",1.1,4.1 and up
Moodpath - Depression & Anxiety Test,MEDICAL,4.6,6035.0,8.9,100000.0,Free,0.0,Everyone,Medical,"July 5, 2018",1.2.0,4.4 and up
Baritastic - Bariatric Tracker,MEDICAL,4.7,4318.0,12.0,100000.0,Free,0.0,Everyone,Medical,"July 26, 2018",1.3.185,4.1 and up
Mayo Clinic,MEDICAL,4.3,2218.0,13.0,500000.0,Free,0.0,Everyone,Medical,"August 1, 2018",Varies with device,Varies with device
98point6,MEDICAL,4.6,47.0,21.0,10000.0,Free,0.0,Everyone,Medical,"August 2, 2018",1.7.1 (946),5.0 and up
Epocrates Plus,MEDICAL,4.3,23889.0,13.0,1000000.0,Free,0.0,Everyone,Medical,"July 10, 2018",Varies with device,4.0 and up
Free Blood Pressure,MEDICAL,4.3,7.0,5.7,5000.0,Free,0.0,Everyone,Medical,"October 13, 2016",3.0.0,4.0.3 and up
Super Ear,MEDICAL,4.0,3498.0,6.6,100000.0,Free,0.0,Everyone,Medical,"May 1, 2018",1.7.2,4.0 and up
VitusVet: Pet Health Care App,MEDICAL,4.8,3052.0,12.0,100000.0,Free,0.0,Everyone,Medical,"July 31, 2018",3.8.0,4.1 and up
Banfield Pet Health Tracker,MEDICAL,4.2,1747.0,5.9,100000.0,Free,0.0,Everyone,Medical,"October 17, 2016",1.2.2,4.0 and up
Nurse Grid,MEDICAL,4.5,1686.0,15.0,100000.0,Free,0.0,Everyone,Medical,"July 30, 2018",2.9,4.4 and up
Castlight Mobile,MEDICAL,3.7,529.0,26.0,100000.0,Free,0.0,Everyone,Medical,"July 30, 2018",4.4.7,5.0 and up
Sanford Guide:Antimicrobial Rx,MEDICAL,4.5,1388.0,3.3,100000.0,Free,0.0,Everyone,Medical,"July 3, 2018",2.1.11,4.1 and up
Davis's Drug Guide for Nurses,MEDICAL,4.5,572.0,44.0,50000.0,Free,0.0,Everyone,Medical,"July 13, 2018",4.3.2.315,4.4 and up
live Point,MEDICAL,3.6,54.0,17.0,5000.0,Free,0.0,Mature 17+,Medical,"July 3, 2018",2.6.5,4.1 and up
Tarascon Pharmacopoeia,MEDICAL,4.4,275.0,5.8,10000.0,Free,0.0,Everyone 10+,Medical,"March 16, 2018",3.16.4.1669,4.4 and up
Official NBSTSA CST Exam Prep,MEDICAL,4.4,2159.0,11.0,10000.0,Free,0.0,Everyone,Medical,"May 17, 2018",4.5.1,4.4 and up
EMT-B Pocket Prep,MEDICAL,4.5,2951.0,16.0,50000.0,Free,0.0,Everyone,Medical,"July 11, 2018",4.5.2,4.4 and up
5-Minute Clinical Consult,MEDICAL,4.1,84.0,6.1,10000.0,Free,0.0,Everyone,Medical,"December 11, 2017",2.7.36,4.1 and up
Diabetes:M,MEDICAL,4.6,15545.0,13.0,100000.0,Free,0.0,Everyone,Medical,"August 1, 2018",6.1.3,Varies with device
"Pzizz - Sleep, Nap, Focus",MEDICAL,4.3,5521.0,22.0,100000.0,Free,0.0,Everyone,Medical,"July 1, 2018",4.9.6,4.1 and up
HESI A2 Pocket Prep,MEDICAL,4.3,2108.0,28.0,50000.0,Free,0.0,Everyone,Medical,"May 2, 2018",4.5.1,4.4 and up
Johns Hopkins Guides ABX...,MEDICAL,4.7,73.0,6.3,10000.0,Free,0.0,Everyone,Medical,"December 8, 2017",2.7.36,4.1 and up
5 Minute Clinical Consult 2019 - #1 for 25 years,MEDICAL,4.2,33.0,8.0,10000.0,Free,0.0,Everyone,Medical,"May 2, 2018",2.6.2,4.2 and up
Open Sesame - Touch Free Control,MEDICAL,4.4,197.0,20.0,10000.0,Free,0.0,Everyone,Medical,"August 2, 2018",3.5.7,7.0 and up
Davis's Drug Guide,MEDICAL,3.9,272.0,6.4,50000.0,Free,0.0,Everyone,Medical,"December 11, 2017",2.7.36,4.1 and up
Deep Sleep and Relax Hypnosis,MEDICAL,4.2,4852.0,34.0,100000.0,Free,0.0,Everyone,Medical,"October 22, 2013",1.3,2.2 and up
Complete Anatomy for Android,MEDICAL,4.1,90.0,21.0,1000.0,Free,0.0,Everyone,Medical,"July 11, 2018",1.0.0,7.0 and up
GlassesOff,MEDICAL,3.5,1288.0,38.0,100000.0,Free,0.0,Everyone,Medical,"July 10, 2018",1.0.0.10,3.0 and up
Free Hypnosis,MEDICAL,4.2,4303.0,13.0,100000.0,Free,0.0,Everyone,Medical,"September 6, 2016",Varies with device,Varies with device
Registered Dietitian Pocket Prep,MEDICAL,4.3,283.0,12.0,5000.0,Free,0.0,Everyone,Medical,"July 12, 2018",4.5.3,4.4 and up
Paramedic Pocket Prep,MEDICAL,4.3,460.0,13.0,10000.0,Free,0.0,Everyone,Medical,"July 12, 2018",4.5.2,4.4 and up
Wide address pocket prep,MEDICAL,4.5,513.0,12.0,5000.0,Free,0.0,Everyone,Medical,"July 11, 2018",4.5.2,4.4 and up
Nursing Central,MEDICAL,4.3,168.0,5.8,10000.0,Free,0.0,Everyone,Medical,"January 29, 2018",2.7.38,4.1 and up
PMHNP-BC Pocket Prep,MEDICAL,4.4,112.0,13.0,1000.0,Free,0.0,Everyone,Medical,"July 12, 2018",4.5.2,4.4 and up
Saunders Comprehensive Review NCLEX-PN Examination,MEDICAL,3.7,3.0,7.7,5000.0,Free,0.0,Everyone,Medical,"July 16, 2018",2.7.6,5.0 and up
Lippincott Nursing Advisor,MEDICAL,3.8,343.0,26.0,50000.0,Free,0.0,Everyone,Medical,"May 1, 2018",3.3.1,4.1 and up
Official NBSTSA CSFA Exam Prep,MEDICAL,4.4,137.0,11.0,1000.0,Free,0.0,Everyone,Medical,"May 17, 2018",4.5.1,4.4 and up
Dosecast - Medication Reminder,MEDICAL,4.3,4107.0,13.0,100000.0,Free,0.0,Everyone,Medical,"April 17, 2018",Varies with device,Varies with device
JH Blood Pressure Monitor,MEDICAL,3.7,9.0,2.9,500.0,Free,0.0,Everyone,Medical,"July 21, 2018",1.1,4.0.3 and up
Sway Medical,MEDICAL,5.0,3.0,22.0,100.0,Free,0.0,Everyone,Medical,"July 25, 2018",3.0.0,5.0 and up
Nucleus Smart,MEDICAL,3.7,20.0,19.0,1000.0,Free,0.0,Everyone,Medical,"June 27, 2018",1.830.0.564-(e405bb2),5.0 and up
Penn State Health OnDemand,MEDICAL,4.3,0.0,40.0,50.0,Free,0.0,Everyone,Medical,"July 24, 2018",10.4.1.018_06,4.0.3 and up
Breastfeeding Tracker Baby Log,MEDICAL,4.3,6.0,23.0,100.0,Free,0.0,Everyone,Medical,"July 20, 2018",1.3.5,5.0 and up
Lego Ninjago Wallpaper,MEDICAL,4.3,2.0,15.0,100.0,Free,0.0,Everyone,Medical,"August 2, 2018",1.2,3.0 and up
RT 516 VET,MEDICAL,4.3,0.0,29.0,10.0,Free,0.0,Everyone,Medical,"July 13, 2018",300000.1.11,4.0.3 and up
EXOGEN Connects (US),MEDICAL,4.3,0.0,16.0,10.0,Free,0.0,Everyone,Medical,"August 1, 2018",1.0.1,4.1 and up
Maricopa AH,MEDICAL,4.3,0.0,29.0,100.0,Free,0.0,Everyone,Medical,"July 16, 2018",300000.1.11,4.0.3 and up
Dare EMS Protocols,MEDICAL,4.3,0.0,20.0,10.0,Free,0.0,Everyone 10+,Medical,"July 26, 2018",1.8.3,4.1 and up
Pediatric Emergency Guide,MEDICAL,4.3,0.0,3.8,100.0,Free,0.0,Everyone,Medical,"July 9, 2018",3.1.1,4.4 and up
Weill Cornell Medicine,MEDICAL,4.3,0.0,19.0,50.0,Free,0.0,Everyone,Medical,"July 16, 2018",1.0.10,5.0 and up
Doctors Care,MEDICAL,4.3,0.0,25.0,10.0,Free,0.0,Everyone,Medical,"July 24, 2018",2.0.0 (35717),4.4 and up
PCOS Guide - Fight PCOS naturally,MEDICAL,4.3,0.0,5.1,100.0,Free,0.0,Everyone,Medical,"August 4, 2018",1.0,5.0 and up
EVA - Menstrual calendar and fertility,MEDICAL,4.3,25.0,16.0,1000.0,Free,0.0,Everyone,Medical,"August 2, 2018",1.1,4.1 and up
Hello Face,MEDICAL,4.3,0.0,1.5,10.0,Free,0.0,Everyone,Medical,"July 31, 2018",1.0,4.4 and up
Cochrane Library,MEDICAL,3.7,3.0,10.0,100.0,Free,0.0,Everyone,Medical,"July 17, 2018",1.5.0,4.1 and up
Labs on Demand,MEDICAL,5.0,1.0,22.0,10.0,Free,0.0,Everyone,Medical,"August 3, 2018",1.2,4.2 and up
Diabetes Testing,MEDICAL,4.3,1.0,3.6,500.0,Free,0.0,Mature 17+,Medical,"July 26, 2018",1.0,4.0.3 and up
GGDE: Prevent & Beat Depression Symptoms,MEDICAL,4.3,2.0,20.0,50.0,Free,0.0,Everyone,Medical,"July 24, 2018",2.01.12,4.0 and up
Dermatology Atlas (Colored & Illustrative),MEDICAL,5.0,3.0,20.0,100.0,Free,0.0,Everyone,Medical,"July 19, 2018",1.0,4.1 and up
Jaylex,MEDICAL,4.3,0.0,13.0,10.0,Free,0.0,Everyone,Medical,"July 30, 2018",1.2.3-DEBUG,4.2 and up
Tablet Reminder,MEDICAL,5.0,4.0,2.5,5.0,Free,0.0,Everyone,Medical,"August 3, 2018",1.0,4.1 and up
Clinical Pharmacology,MEDICAL,4.3,0.0,3.6,10.0,Free,0.0,Everyone,Medical,"August 1, 2018",1.0,4.1 and up
Galaxies of Hope,MEDICAL,5.0,2.0,24.0,50.0,Free,0.0,Everyone,Medical,"July 27, 2018",1.0,4.1 and up
Smartshading AI,MEDICAL,4.3,0.0,10.0,10.0,Free,0.0,Everyone,Medical,"June 21, 2018",1.0,4.1 and up
KBA-EZ Health Guide,MEDICAL,5.0,4.0,25.0,1.0,Free,0.0,Everyone,Medical,"August 2, 2018",1.0.72,4.0.3 and up
FoothillsVet,MEDICAL,5.0,2.0,29.0,50.0,Free,0.0,Everyone,Medical,"July 11, 2018",300000.1.11,4.0.3 and up
Eversense,MEDICAL,4.3,3.0,17.0,100.0,Free,0.0,Everyone,Medical,"July 18, 2018",2.0.101,4.4 and up
PrimeDelivery,MEDICAL,5.0,3.0,53.0,10.0,Free,0.0,Everyone,Medical,"July 13, 2018",0.1,4.1 and up
Anatomy & Physiology Vocabulary Exam Review App,MEDICAL,5.0,1.0,4.6,5.0,Free,0.0,Everyone,Medical,"August 2, 2018",2.0,4.0 and up
Drug Calculator,MEDICAL,4.3,0.0,4.6,10.0,Free,0.0,Everyone,Medical,"July 27, 2018",1.0,4.4 and up
HACH Cares,MEDICAL,4.3,0.0,28.0,10.0,Free,0.0,Everyone,Medical,"July 25, 2018",300000.1.11,4.0.3 and up
WAH 247,MEDICAL,4.3,0.0,29.0,1.0,Free,0.0,Everyone,Medical,"July 20, 2018",300000.1.11,4.0.3 and up
CT Scan Cross Sectional Anatomy,MEDICAL,4.3,10.0,46.0,100.0,Free,0.0,Everyone,Medical,"July 19, 2018",5.0.16,4.1 and up
VetCode,MEDICAL,4.9,28.0,5.7,5000.0,Free,0.0,Everyone,Medical,"July 7, 2018",1.0,4.4 and up
ear super hearing,MEDICAL,4.3,0.0,1.4,5.0,Free,0.0,Everyone,Medical,"July 31, 2018",1.0 Super Ear Hearing,4.0 and up
Traditional Chinese Medicine Fangfang Liangfang Daquan - Practical and ancient Chinese medicine and old prescriptions for the treatment of various incurable diseases,MEDICAL,4.3,1.0,12.0,10.0,Free,0.0,Everyone,Medical,"July 21, 2018",1.0.0,4.0 and up
COPD GOLD 2017,MEDICAL,4.3,5.0,2.2,10.0,Free,0.0,Everyone,Medical,"July 13, 2018",1.0,4.0 and up
Summit Medical Video Visits,MEDICAL,4.3,0.0,27.0,10.0,Free,0.0,Everyone,Medical,"July 12, 2018",1.1.1,4.1 and up
ExtendedCare Virtual Care Room,MEDICAL,4.3,0.0,18.0,5.0,Free,0.0,Everyone,Medical,"July 30, 2018",1.0,5.1 and up
Lord Fairfax EMS Council,MEDICAL,4.3,0.0,30.0,50.0,Free,0.0,Everyone,Medical,"July 17, 2018",1,4.0.3 and up
MyWoundDoctor - Provider,MEDICAL,4.3,0.0,3.5,1.0,Free,0.0,Everyone,Medical,"July 27, 2018",1.2.1,5.0 and up
NCLEX Multi-topic Nursing Exam Review-Quiz & notes,MEDICAL,5.0,1.0,4.2,10.0,Free,0.0,Everyone,Medical,"July 24, 2018",1.0,4.0.3 and up
Warfarin Dose Calculator,MEDICAL,4.3,0.0,6.9,50.0,Free,0.0,Everyone,Medical,"July 15, 2018",3.0.0,4.1 and up
Renesas PMA,MEDICAL,4.3,0.0,6.6,5.0,Free,0.0,Everyone,Medical,"July 18, 2018",1.2.9,4.4 and up
Pediatric Nursing,MEDICAL,4.9,14.0,7.0,100.0,Free,0.0,Everyone,Medical,"July 13, 2018",PN.1.0,4.0.3 and up
Interpret Chest X-Ray With 100 Cases,MEDICAL,4.6,5.0,11.0,100.0,Free,0.0,Everyone,Medical,"August 3, 2018",1.0,4.1 and up
Basics of Orthopaedics,MEDICAL,5.0,1.0,5.6,10.0,Free,0.0,Everyone,Medical,"July 27, 2018",1.0,4.1 and up
4 Paws PH,MEDICAL,4.3,1.0,29.0,5.0,Free,0.0,Everyone,Medical,"July 25, 2018",300000.1.11,4.0.3 and up
high cholesterol levels,MEDICAL,4.3,0.0,3.3,100.0,Free,0.0,Everyone,Medical,"July 23, 2018",1.0,4.1 and up
Thyroid Nodules,MEDICAL,4.3,0.0,20.0,10.0,Free,0.0,Everyone,Medical,"July 14, 2018",1.0,4.3 and up
Training course: Learn Nursing,MEDICAL,4.3,0.0,7.0,100.0,Free,0.0,Everyone,Medical,"July 8, 2018",1.0.0,4.1 and up
Familyfirst Messenger,MEDICAL,4.0,1.0,3.3,10.0,Free,0.0,Everyone,Medical,"July 12, 2018",0.1.2,4.4 and up
14thStreetVet,MEDICAL,4.3,0.0,29.0,5.0,Free,0.0,Everyone,Medical,"July 16, 2018",300000.1.11,4.0.3 and up
Clinic Doctor EHr,MEDICAL,5.0,2.0,7.1,5.0,Free,0.0,Everyone,Medical,"August 3, 2018",1.0.51.0.3,8.0 and up
OMD Protocols,MEDICAL,4.3,0.0,13.0,10.0,Free,0.0,Everyone,Medical,"July 27, 2018",1.0,Varies with device
Ovia Fertility Tracker & Ovulation Calculator,MEDICAL,4.8,53747.0,13.0,1000000.0,Free,0.0,Everyone,Medical,"July 27, 2018",Varies with device,4.3 and up
My Cancer Coach,MEDICAL,4.3,44.0,34.0,10000.0,Free,0.0,Everyone,Medical,"April 12, 2018",3.4.0.10,4.0.3 and up
IHSS Help,MEDICAL,4.7,10.0,4.3,1000.0,Free,0.0,Everyone,Medical,"June 5, 2018",1.0,5.0 and up
BURST Professionals,MEDICAL,4.5,11.0,25.0,1000.0,Free,0.0,Everyone,Medical,"January 17, 2018",1.0.7,4.2 and up
LactMed,MEDICAL,4.3,573.0,2.0,100000.0,Free,0.0,Everyone,Medical,"June 1, 2017",3.1,3.0 and up
Blue CareOnDemand,MEDICAL,4.4,163.0,40.0,10000.0,Free,0.0,Everyone,Medical,"June 29, 2018",10.4.1.015_05,4.0.3 and up
HHS,MEDICAL,4.3,0.0,4.3,500.0,Free,0.0,Everyone,Medical,"May 30, 2017",Initial,4.0 and up
Every disease has a drug without internet,MEDICAL,4.3,44.0,4.0,10000.0,Free,0.0,Everyone,Medical,"April 24, 2018",1.0,4.1 and up
PulsePoint AED,MEDICAL,4.5,330.0,17.0,50000.0,Free,0.0,Everyone,Medical,"July 31, 2018",1.12,4.0.3 and up
Deaf Interpreter,MEDICAL,3.8,24.0,4.4,1000.0,Free,0.0,Everyone,Medical,"September 26, 2017",5.51,3.0 and up
High Blood Pressure Symptoms,MEDICAL,4.0,531.0,2.3,100000.0,Free,0.0,Everyone,Medical,"January 18, 2015",1.0,3.0 and up
MedStar eVisit,MEDICAL,4.5,20.0,40.0,5000.0,Free,0.0,Everyone,Medical,"April 10, 2018",10.4.1.000_00,4.0.3 and up
Blood Pressure(BP) Diary,MEDICAL,3.7,3596.0,8.4,1000000.0,Free,0.0,Everyone,Medical,"July 18, 2018",4.0.9,4.0.3 and up
REDCap Mobile App,MEDICAL,4.3,56.0,11.0,10000.0,Free,0.0,Everyone,Medical,"July 31, 2018",3.0.8,4.3 and up
Blood Pressure,MEDICAL,4.3,10.0,2.4,1000.0,Free,0.0,Everyone,Medical,"March 14, 2015",1.0,2.3 and up
VITAS Hospice Referral App for Healthcare Pros,MEDICAL,4.4,27.0,15.0,5000.0,Free,0.0,Everyone,Medical,"July 20, 2018",2.5.0 b665,5.0 and up
AAFP,MEDICAL,3.8,63.0,24.0,10000.0,Free,0.0,Everyone,Medical,"June 22, 2018",2.3.1,5.0 and up
myvi by,MEDICAL,3.8,122.0,13.0,10000.0,Free,0.0,Everyone,Medical,"August 3, 2018",Varies with device,Varies with device
420 BZ Budeze Delivery,MEDICAL,5.0,2.0,11.0,100.0,Free,0.0,Mature 17+,Medical,"June 6, 2018",1.0.1,4.1 and up
Fever Meter,MEDICAL,3.6,26.0,0.9521484375,5000.0,Free,0.0,Everyone,Medical,"May 10, 2015",1.1,2.2 and up
Super Ear Super Hearing,MEDICAL,4.0,122.0,0.95703125,10000.0,Free,0.0,Everyone,Medical,"July 13, 2018",1.4,4.0 and up
Blood Pressure Monitor,MEDICAL,4.3,17.0,6.0,10000.0,Free,0.0,Everyone,Medical,"February 25, 2017",1.0.1,4.4 and up
BELONG Beating Cancer Together,MEDICAL,4.7,623.0,20.0,50000.0,Free,0.0,Teen,Medical,"July 29, 2018",4.0.5,4.3 and up
BP Journal - Blood Pressure Diary,MEDICAL,5.0,6.0,26.0,1000.0,Free,0.0,Everyone,Medical,"May 25, 2018",1.0.32,4.4 and up
TelaDoc,MEDICAL,4.7,6.0,13.0,1000.0,Free,0.0,Everyone,Medical,"March 31, 2018",1.3.0,5.0 and up
Blood Pressure - Stay Healthy,MEDICAL,4.6,7.0,2.7,1000.0,Free,0.0,Everyone,Medical,"April 16, 2018",43.0,4.0.3 and up
Club,MEDICAL,4.4,3786.0,28.0,50000.0,Free,0.0,Everyone,Medical,"July 16, 2018",4.4.3,4.0.3 and up
Zen Leaf,MEDICAL,5.0,1.0,6.1,100.0,Free,0.0,Mature 17+,Medical,"March 8, 2018",2.3.5,4.1 and up
Homeopathic Medicine Finder,MEDICAL,3.6,10.0,15.0,1000.0,Free,0.0,Everyone,Medical,"November 20, 2017",0.0.1,4.0 and up
Nemours CareConnect,MEDICAL,4.4,65.0,37.0,10000.0,Free,0.0,Everyone,Medical,"April 5, 2018",10.4.1.000_00,4.0.3 and up
tökr,MEDICAL,4.6,17.0,14.0,1000.0,Free,0.0,Everyone,Medical,"July 11, 2018",1.9.0.0,4.1 and up
Low Blood Pressure Symptoms,MEDICAL,4.2,28.0,2.3,10000.0,Free,0.0,Everyone,Medical,"January 20, 2015",1.0,3.0 and up
PatientPORTAL by InteliChart,MEDICAL,4.3,1.0,32.0,500.0,Free,0.0,Everyone,Medical,"May 24, 2018",1.0.1,5.0 and up
Hypertension High blood pressure,MEDICAL,3.8,292.0,2.7,100000.0,Free,0.0,Everyone,Medical,"April 16, 2018",43.0,4.0.3 and up
Fever Care,MEDICAL,3.5,19.0,2.2,5000.0,Free,0.0,Everyone,Medical,"May 12, 2018",1.4.15-free,4.0.3 and up
All Social Networks,SOCIAL,4.2,22492.0,1.5,1000000.0,Free,0.0,Everyone,Social,"May 21, 2018",2.4.12,4.0 and up
Social network all in one 2018,SOCIAL,4.3,1403.0,3.7,100000.0,Free,0.0,Everyone,Social,"January 30, 2018",1.0,4.0 and up
The Messenger App,SOCIAL,4.4,4919.0,2.8,1000000.0,Free,0.0,Everyone,Social,"August 3, 2018",0.1.1,4.1 and up
Messenger Pro,SOCIAL,4.4,13762.0,3.9,1000000.0,Free,0.0,Everyone,Social,"May 9, 2018",1.0.2,4.1 and up
"Free Messages, Video, Chat,Text for Messenger Plus",SOCIAL,4.3,6086.0,3.1,1000000.0,Free,0.0,Teen,Social,"June 14, 2018",1.0.9,4.3 and up
The Video Messenger App,SOCIAL,4.4,1200.0,2.8,100000.0,Free,0.0,Everyone,Social,"August 2, 2018",0.1.1,4.1 and up
Jodel - The Hyperlocal App,SOCIAL,4.5,76480.0,20.0,1000000.0,Free,0.0,Mature 17+,Social,"August 6, 2018",4.95.4,5.0 and up
Love Sticker,SOCIAL,4.6,33177.0,10.0,1000000.0,Free,0.0,Everyone,Social,"June 12, 2018",2.1.6,4.0 and up
Love Images,SOCIAL,4.3,16404.0,2.3,1000000.0,Free,0.0,Everyone,Social,"June 24, 2018",1.6,2.3 and up
Web Browser ( Fast & Secure Web Explorer),SOCIAL,4.4,2508.0,6.0,500000.0,Free,0.0,Everyone,Social,"November 20, 2017",2.0.1,4.0.3 and up
Golden telegram,SOCIAL,4.3,374.0,20.0,50000.0,Free,0.0,Everyone,Social,"July 30, 2018",T4.6.5-tl2.0.1,4.1 and up
Facebook Local,SOCIAL,4.2,4751.0,13.0,1000000.0,Free,0.0,Teen,Social,"June 30, 2018",13.0,4.1 and up
MobilePatrol Public Safety App,SOCIAL,4.0,22695.0,13.0,1000000.0,Free,0.0,Everyone 10+,Social,"June 21, 2018",Varies with device,Varies with device
"💘 WhatsLov: Smileys of love, stickers and GIF",SOCIAL,4.6,22098.0,18.0,1000000.0,Free,0.0,Everyone,Social,"July 24, 2018",4.2.4,4.0.3 and up
Family GPS tracker KidControl + GPS by SMS Locator,SOCIAL,4.5,57146.0,13.0,1000000.0,Free,0.0,Everyone,Social,"July 27, 2018",Varies with device,4.0.3 and up
Moment,SOCIAL,4.5,19583.0,37.0,1000000.0,Free,0.0,Teen,Social,"August 1, 2018",5.2.1,4.4 and up
Bloglovin',SOCIAL,3.9,8936.0,13.0,500000.0,Free,0.0,Everyone,Social,"May 18, 2017",Varies with device,Varies with device
Blogaway for Android (Blogger),SOCIAL,3.7,4253.0,4.1,100000.0,Free,0.0,Teen,Social,"May 31, 2018",7.0.7,4.0.3 and up
TwitCasting Live,SOCIAL,3.6,14835.0,13.0,1000000.0,Free,0.0,Teen,Social,"August 2, 2018",Varies with device,Varies with device
Stream - Live Video Community,SOCIAL,4.1,6388.0,13.0,500000.0,Free,0.0,Teen,Social,"December 5, 2017",Varies with device,Varies with device
Banjo,SOCIAL,4.2,58341.0,9.3,1000000.0,Free,0.0,Everyone,Social,"July 25, 2015",4.6.2.0,2.3 and up
Frontback - Social Photos,SOCIAL,3.8,19446.0,13.0,1000000.0,Free,0.0,Mature 17+,Social,"December 1, 2017",3.4.5,4.0.3 and up
Couple - Relationship App,SOCIAL,4.0,33249.0,8.4,1000000.0,Free,0.0,Everyone,Social,"March 5, 2015",1.8.0,2.3 and up
Patook - make platonic friends,SOCIAL,4.0,3677.0,50.0,100000.0,Free,0.0,Mature 17+,Social,"June 21, 2018",10.6.3,5.0 and up
uCiC- Videos and Photos on demand,SOCIAL,4.0,2052.0,7.0,100000.0,Free,0.0,Teen,Social,"September 27, 2017",2.16,4.4 and up
The wall,SHOPPING,4.4,35563.0,4.2,1000000.0,Free,0.0,Everyone,Shopping,"July 23, 2018",10.2.1,4.1 and up
"Horn, free country requirements",SHOPPING,4.5,37186.0,7.9,1000000.0,Free,0.0,Everyone,Shopping,"June 30, 2018",3.4.5,4.0 and up
Jiji.ng,SHOPPING,4.4,25714.0,12.0,1000000.0,Free,0.0,Everyone,Shopping,"July 24, 2018",3.8.2.2,4.0.3 and up
EHS Dongsen Shopping,SHOPPING,3.6,3656.0,9.0,1000000.0,Free,0.0,Teen,Shopping,"August 3, 2018",4.16.2,4.1 and up
Life market,SHOPPING,4.5,30834.0,13.0,1000000.0,Free,0.0,Everyone,Shopping,"July 17, 2018",3.2.6,4.0.3 and up
Family Dollar,SHOPPING,4.3,2588.0,21.0,1000000.0,Free,0.0,Everyone,Shopping,"July 23, 2018",2.4.0,4.1 and up
Chilindo,SHOPPING,3.8,18364.0,29.0,1000000.0,Free,0.0,Everyone,Shopping,"August 4, 2018",29.14,4.2 and up
CheckPoints 🏆 Rewards App,SHOPPING,4.1,23187.0,25.0,1000000.0,Free,0.0,Everyone,Shopping,"June 21, 2018",4.89,4.3 and up
Extreme Coupon Finder,SHOPPING,4.1,11798.0,13.0,1000000.0,Free,0.0,Everyone,Shopping,"May 10, 2018",Varies with device,Varies with device
SnipSnap Coupon App,SHOPPING,4.2,9975.0,18.0,1000000.0,Free,0.0,Everyone,Shopping,"January 22, 2018",1.4,4.3 and up
Coupon Sherpa,SHOPPING,4.4,7793.0,6.1,500000.0,Free,0.0,Everyone,Shopping,"February 6, 2018",3.0.3,4.0.3 and up
Gyft - Mobile Gift Card Wallet,SHOPPING,4.1,9701.0,14.0,500000.0,Free,0.0,Everyone,Shopping,"July 25, 2018",2.4.0,4.4 and up
SavingStar - Grocery Coupons,SHOPPING,4.2,31519.0,21.0,1000000.0,Free,0.0,Everyone,Shopping,"June 12, 2018",4.9.1,4.0 and up
Key Ring: Cards Coupon & Sales,SHOPPING,4.1,42871.0,23.0,1000000.0,Free,0.0,Everyone,Shopping,"July 27, 2018",8.9.1,4.1 and up
Nike,SHOPPING,4.7,67071.0,40.0,1000000.0,Free,0.0,Everyone,Shopping,"August 1, 2018",2.24.0,4.4 and up
Blidz - Hunt Free Deals On Trending Items!,SHOPPING,4.4,1659.0,33.0,50000.0,Free,0.0,Everyone,Shopping,"June 29, 2018",2.4.0,4.4 and up
"Shopular: Coupons, Weekly Ads & Shopping Deals",SHOPPING,4.7,57920.0,13.0,1000000.0,Free,0.0,Everyone,Shopping,"May 31, 2018",Varies with device,Varies with device
Coupons.com – Grocery Coupons & Cash Back Savings,SHOPPING,4.2,24953.0,13.0,1000000.0,Free,0.0,Everyone,Shopping,"June 21, 2018",Varies with device,Varies with device
"Ebates: Cash Back, Coupons, Rewards & Savings",SHOPPING,4.5,37253.0,31.0,1000000.0,Free,0.0,Everyone,Shopping,"August 3, 2018",4.31.2,4.4 and up
FidMe Loyalty Cards & Deals at Grocery Supermarket,SHOPPING,4.2,33758.0,13.0,1000000.0,Free,0.0,Everyone,Shopping,"August 6, 2018",Varies with device,Varies with device
Ratings by Consumer Reports,SHOPPING,4.3,3420.0,13.0,100000.0,Free,0.0,Everyone,Shopping,"February 27, 2018",2.3.2,4.1 and up
HauteLook,SHOPPING,4.1,7193.0,7.3,500000.0,Free,0.0,Everyone,Shopping,"July 13, 2018",5.0.2,4.4 and up
Nordstrom,SHOPPING,4.6,2278.0,12.0,500000.0,Free,0.0,Everyone,Shopping,"July 15, 2018",3.28.1.3.1359,4.4 and up
Modcloth – Unique Indie Women's Fashion & Style,SHOPPING,4.2,5121.0,8.8,500000.0,Free,0.0,Everyone,Shopping,"July 13, 2018",9.0.30,4.1 and up
"Twice: Buy, Sell Clothing",SHOPPING,4.2,1558.0,21.0,100000.0,Free,0.0,Everyone,Shopping,"July 29, 2015",1.2.12,2.3 and up
Slice: Package Tracker,SHOPPING,4.2,16966.0,34.0,1000000.0,Free,0.0,Everyone,Shopping,"July 12, 2018",6.10.0,4.0.3 and up
JackThreads: Men's Shopping,SHOPPING,4.0,13085.0,2.7,1000000.0,Free,0.0,Teen,Shopping,"November 8, 2017",5.1,4.0.3 and up
zulily - Shop Daily Deals in Fashion and Home,SHOPPING,4.5,28560.0,13.0,1000000.0,Free,0.0,Everyone,Shopping,"July 23, 2018",Varies with device,Varies with device
MiniInTheBox Online Shopping,SHOPPING,3.9,34171.0,13.0,1000000.0,Free,0.0,Everyone,Shopping,"July 24, 2018",Varies with device,Varies with device
Urban Outfitters,SHOPPING,4.2,4158.0,23.0,500000.0,Free,0.0,Teen,Shopping,"July 2, 2018",2.8,4.0.3 and up
Slickdeals: Coupons & Shopping,SHOPPING,4.5,33583.0,12.0,1000000.0,Free,0.0,Everyone,Shopping,"July 30, 2018",3.9,4.4 and up
Wanelo Shopping,SHOPPING,4.6,94205.0,6.5,1000000.0,Free,0.0,Everyone,Shopping,"June 13, 2018",5.6.8,4.4 and up
"Overstock – Home Decor, Furniture Shopping",SHOPPING,4.4,25719.0,13.0,1000000.0,Free,0.0,Teen,Shopping,"August 6, 2018",Varies with device,Varies with device
Find&Save - Local Shopping,SHOPPING,4.0,4602.0,6.2,500000.0,Free,0.0,Everyone,Shopping,"December 22, 2017",3.0.0,4.1 and up
Receipt Hog - Receipts to Cash,SHOPPING,4.5,72596.0,19.0,1000000.0,Free,0.0,Teen,Shopping,"August 3, 2018",4.2.2,4.1 and up
"Savory - Deals,Freebies,Sales",SHOPPING,4.4,2375.0,1.1,100000.0,Free,0.0,Everyone,Shopping,"November 2, 2016",3.1,2.3.3 and up
Newegg Mobile,SHOPPING,4.5,35497.0,16.0,1000000.0,Free,0.0,Everyone,Shopping,"July 11, 2018",4.16.0,4.4 and up
REI – Shop Outdoor Gear,SHOPPING,4.4,3878.0,8.8,100000.0,Free,0.0,Everyone,Shopping,"May 8, 2018",5.6.8,4.1 and up
Boxed Wholesale,SHOPPING,3.8,6380.0,13.0,1000000.0,Free,0.0,Everyone,Shopping,"August 2, 2018",Varies with device,Varies with device
La La-Shop Designer Brands Street,SHOPPING,4.5,5123.0,14.0,500000.0,Free,0.0,Everyone,Shopping,"July 28, 2018",4.4.4,5.0 and up
TouchNote: Cards & Gifts,PHOTOGRAPHY,4.1,19232.0,28.0,1000000.0,Free,0.0,Everyone,Photography,"August 6, 2018",7.4.2,4.4 and up
FreePrints – Free Photos Delivered,PHOTOGRAPHY,4.8,109500.0,37.0,1000000.0,Free,0.0,Everyone,Photography,"August 2, 2018",2.18.2,4.1 and up
Groovebook Photo Books & Gifts,PHOTOGRAPHY,4.0,21159.0,36.0,500000.0,Free,0.0,Everyone,Photography,"January 31, 2018",2.1.9,4.0.3 and up
"Moony Lab - Print Photos, Books & Magnets ™",PHOTOGRAPHY,4.7,1320.0,9.5,50000.0,Free,0.0,Everyone,Photography,"June 27, 2018",2.1.9,4.1 and up
Snapfish,PHOTOGRAPHY,4.1,32398.0,28.0,1000000.0,Free,0.0,Everyone,Photography,"August 1, 2018",9.6.4,4.4 and up
HD Camera - Quick Snap Photo & Video,PHOTOGRAPHY,4.5,21841.0,7.7,1000000.0,Free,0.0,Everyone,Photography,"July 24, 2018",1.6.4,4.2 and up
Waterfall Photo Frames,PHOTOGRAPHY,4.5,10349.0,11.0,1000000.0,Free,0.0,Everyone,Photography,"July 29, 2017",1.6.0,2.3 and up
Photo frame,PHOTOGRAPHY,4.5,859.0,21.0,100000.0,Free,0.0,Everyone,Photography,"July 18, 2018",1.5.1,4.0.3 and up
Unicorn Photo,PHOTOGRAPHY,3.7,3362.0,13.0,1000000.0,Free,0.0,Everyone,Photography,"May 22, 2018",Varies with device,4.0 and up
Makeup Editor -Beauty Photo Editor & Selfie Camera,PHOTOGRAPHY,4.5,3378.0,30.0,1000000.0,Free,0.0,Mature 17+,Photography,"July 25, 2018",1.7,4.1 and up
Makeup Photo Editor: Makeup Camera & Makeup Editor,PHOTOGRAPHY,4.4,10525.0,25.0,1000000.0,Free,0.0,Everyone,Photography,"July 27, 2018",8.9.9,4.0 and up
Garden Photo Frames - Garden Photo Editor,PHOTOGRAPHY,4.4,1864.0,13.0,500000.0,Free,0.0,Everyone,Photography,"May 3, 2018",22.0,4.0.3 and up
"Sweet Snap Lite - live filter, Selfie photo editor",PHOTOGRAPHY,4.5,3116.0,22.0,500000.0,Free,0.0,Everyone,Photography,"August 3, 2018",2.15.180,4.0.3 and up
"Selfie Camera: Beauty Camera, Photo Editor,Collage",PHOTOGRAPHY,4.7,31985.0,9.1,1000000.0,Free,0.0,Everyone,Photography,"August 6, 2018",1.7.14,4.2 and up
Night Photo Frame,PHOTOGRAPHY,4.5,4400.0,8.3,1000000.0,Free,0.0,Everyone,Photography,"July 28, 2018",2.0.1,4.0.3 and up
Selfie Photo Editor,PHOTOGRAPHY,4.6,11677.0,19.0,1000000.0,Free,0.0,Everyone,Photography,"July 5, 2018",1.0.3,4.4 and up
Kids Photo Frames,PHOTOGRAPHY,4.6,15700.0,10.0,1000000.0,Free,0.0,Everyone,Photography,"July 7, 2018",2.3,4.0.3 and up
Pencil Photo Sketch-Sketching Drawing Photo Editor,PHOTOGRAPHY,4.4,16523.0,13.0,1000000.0,Free,0.0,Everyone,Photography,"July 30, 2018",1.2.31,4.1 and up
DSLR Camera Hd Ultra Professional,PHOTOGRAPHY,4.2,4410.0,4.5,1000000.0,Free,0.0,Everyone,Photography,"June 27, 2018",4.1,4.0.3 and up
Snap Cat Face Camera,PHOTOGRAPHY,4.0,5855.0,4.9,1000000.0,Free,0.0,Everyone,Photography,"July 12, 2018",1.6,2.3 and up
Beauty Makeup – Photo Makeover,PHOTOGRAPHY,4.3,21730.0,19.0,1000000.0,Free,0.0,Everyone,Photography,"May 23, 2018",1.6.0,4.0 and up
love,PHOTOGRAPHY,4.3,42677.0,22.0,1000000.0,Free,0.0,Everyone,Photography,"June 15, 2018",1.28,4.0.3 and up
"KVAD Camera +: Selfie, Photo Filter, Grids",PHOTOGRAPHY,4.1,23440.0,30.0,1000000.0,Free,0.0,Everyone,Photography,"July 11, 2018",1.8.2,4.0 and up
Photo Editor,PHOTOGRAPHY,4.3,42079.0,17.0,1000000.0,Free,0.0,Everyone,Photography,"September 24, 2015",Varies with device,4.0.3 and up
Camera51 - a smarter camera,PHOTOGRAPHY,4.0,29707.0,18.0,1000000.0,Free,0.0,Everyone,Photography,"February 10, 2015",1.1.6,4.0 and up
InstaCam - Camera for Selfie,PHOTOGRAPHY,4.0,15098.0,10.0,1000000.0,Free,0.0,Everyone,Photography,"March 3, 2017",1.43,2.3 and up
"Phogy, 3D Camera",PHOTOGRAPHY,4.0,35724.0,9.9,1000000.0,Free,0.0,Everyone,Photography,"February 11, 2015",1.40,4.0 and up
Mega Photo,PHOTOGRAPHY,4.2,44941.0,16.0,1000000.0,Free,0.0,Everyone,Photography,"October 19, 2016",1.6.2,3.0 and up
HD Camera Pro for Android,PHOTOGRAPHY,4.1,49211.0,1.9,1000000.0,Free,0.0,Everyone,Photography,"January 19, 2017",1.5.5,2.1 and up
Samsung SMART CAMERA App,PHOTOGRAPHY,4.0,34753.0,22.0,1000000.0,Free,0.0,Everyone,Photography,"July 3, 2018",1.4.0_180703,4.2 and up
FilterGrid - Cam&Photo Editor,PHOTOGRAPHY,4.6,126337.0,9.6,1000000.0,Free,0.0,Everyone,Photography,"March 15, 2017",2.0.5,4.0 and up
Pic Stitch - #1 Collage Maker,PHOTOGRAPHY,4.2,15426.0,50.0,1000000.0,Free,0.0,Everyone,Photography,"July 24, 2018",3.8.3,5.1 and up
Add Text To Photo,PHOTOGRAPHY,4.1,21578.0,1.6,1000000.0,Free,0.0,Everyone,Photography,"September 8, 2017",1.1.3,2.3 and up
Free Sports TV,SPORTS,4.3,1802.0,9.8,100000.0,Free,0.0,Everyone,Sports,"June 21, 2018",1.4,4.0.3 and up
Cristiano Ronaldo Wallpaper,SPORTS,4.6,1733.0,19.0,500000.0,Free,0.0,Everyone,Sports,"July 17, 2018",2.1,4.1 and up
Futbol24,SPORTS,4.3,31908.0,13.0,1000000.0,Free,0.0,Everyone,Sports,"September 27, 2017",Varies with device,Varies with device
Sport.pl LIVE,SPORTS,4.4,21733.0,13.0,1000000.0,Free,0.0,Mature 17+,Sports,"June 29, 2018",Varies with device,Varies with device
BBC Sport,SPORTS,4.2,18678.0,13.0,1000000.0,Free,0.0,Everyone,Sports,"April 25, 2018",Varies with device,Varies with device
"Foot Mercato: transfers, results, news, live",SPORTS,4.3,39878.0,6.1,1000000.0,Free,0.0,Everyone,Sports,"July 28, 2018",3.6.7,4.1 and up
"All Football GO- Live Score, Games",SPORTS,4.6,1981.0,10.0,100000.0,Free,0.0,Everyone,Sports,"June 21, 2018",2.9.9go,4.1 and up
Top Mercato: football news,SPORTS,4.3,16016.0,6.9,1000000.0,Free,0.0,Everyone,Sports,"January 7, 2016",2.7.0,4.2 and up
GollerCepte Live Score,SPORTS,4.2,9992.0,31.0,1000000.0,Free,0.0,Everyone,Sports,"May 23, 2018",6.5,4.1 and up
Championat,SPORTS,4.3,36490.0,13.0,1000000.0,Free,0.0,Everyone,Sports,"July 25, 2018",Varies with device,Varies with device
Hovercraft Racer,SPORTS,4.0,218.0,28.0,100000.0,Free,0.0,Everyone,Sports,"July 19, 2018",5.0,4.1 and up
World Cup 2018,SPORTS,4.6,4011.0,2.6,500000.0,Free,0.0,Teen,Sports,"July 1, 2018",1.0.16,2.3 and up
GollerCepte 1903,SPORTS,4.7,25172.0,30.0,500000.0,Free,0.0,Everyone,Sports,"May 23, 2018",5.5,4.1 and up
League18,SPORTS,4.3,14123.0,13.0,500000.0,Free,0.0,Everyone,Sports,"August 1, 2018",4.0.0,4.0 and up
Speed Boat Racing,SPORTS,4.0,2487.0,27.0,1000000.0,Free,0.0,Everyone,Sports,"August 3, 2018",12.0,4.0.3 and up
Lionel Messi Wallpapers,SPORTS,4.7,950.0,18.0,100000.0,Free,0.0,Everyone,Sports,"July 17, 2018",2.6,4.1 and up
The 5th Stand,SPORTS,4.8,1664.0,17.0,100000.0,Free,0.0,Everyone,Sports,"July 31, 2018",1.2.677,4.4 and up
U + professional baseball,SPORTS,4.3,2486.0,18.0,500000.0,Free,0.0,Everyone,Sports,"July 30, 2018",06.11.00,4.4 and up
Mercato foot by Maxifoot,SPORTS,4.4,697.0,3.0,100000.0,Free,0.0,Everyone,Sports,"March 16, 2017",1.1,4.1 and up
MLB Ballpark,SPORTS,3.9,5510.0,32.0,1000000.0,Free,0.0,Everyone,Sports,"July 16, 2018",7.3.0,4.2 and up
MUTV - Manchester United TV,SPORTS,4.4,4549.0,24.0,500000.0,Free,0.0,Everyone,Sports,"August 1, 2018",2.4.0,4.1 and up
"Hole19: Golf GPS App, Rangefinder & Scorecard",SPORTS,4.4,6106.0,13.0,100000.0,Free,0.0,Everyone,Sports,"August 1, 2018",Varies with device,Varies with device
CBS Sports Fantasy,SPORTS,4.0,43611.0,27.0,1000000.0,Free,0.0,Everyone,Sports,"June 27, 2018",3.17.0+3,5.0 and up
UFC,SPORTS,4.0,30840.0,13.0,1000000.0,Free,0.0,Teen,Sports,"May 22, 2018",Varies with device,Varies with device
Telemundo Deportes - Live,SPORTS,4.5,36255.0,25.0,1000000.0,Free,0.0,Everyone,Sports,"August 1, 2018",5.10.5,4.1 and up
SwingAid - Level up Golf,SPORTS,4.3,752.0,33.0,100000.0,Free,0.0,Everyone,Sports,"July 10, 2018",2.6.3,4.1 and up
The Rules of Golf,SPORTS,4.3,926.0,9.3,100000.0,Free,0.0,Everyone,Sports,"January 17, 2018",5.9,4.1 and up
"GolfNow: Tee Time Deals at Golf Courses, Golf GPS",SPORTS,4.5,26102.0,13.0,1000000.0,Free,0.0,Everyone,Sports,"May 3, 2018",Varies with device,Varies with device
Golf GPS by SwingxSwing,SPORTS,4.6,37167.0,13.0,1000000.0,Free,0.0,Everyone,Sports,"July 30, 2018",Varies with device,4.4 and up
Live Golf Scores - US & European Golf,SPORTS,4.2,798.0,4.7,50000.0,Free,0.0,Everyone 10+,Sports,"August 1, 2018",3.5,4.0 and up
Golfshot: Golf GPS + Tee Times,SPORTS,4.3,7543.0,25.0,500000.0,Free,0.0,Everyone,Sports,"July 11, 2018",1.31.0,4.1 and up
Golf GPS Rangefinder: Golf Pad,SPORTS,4.6,13098.0,13.0,1000000.0,Free,0.0,Everyone,Sports,"July 28, 2018",Varies with device,Varies with device
Mobitee GPS Golf Free,SPORTS,4.2,1904.0,9.9,100000.0,Free,0.0,Everyone,Sports,"June 11, 2018",2.0.22,2.3 and up
PGA TOUR,SPORTS,4.0,11151.0,52.0,1000000.0,Free,0.0,Everyone,Sports,"June 27, 2018",2018.6,5.0 and up
DraftKings - Daily Fantasy Sports,SPORTS,4.5,50017.0,41.0,1000000.0,Free,0.0,Adults only 18+,Sports,"July 24, 2018",3.21.324,4.4 and up
Fantasy Football Manager (FPL),SPORTS,4.4,63650.0,4.6,1000000.0,Free,0.0,Everyone,Sports,"August 3, 2018",7.0.2,4.1 and up
Fantasy Football,SPORTS,3.5,50179.0,23.0,1000000.0,Free,0.0,Everyone,Sports,"August 2, 2018",2.5.7.1,5.0 and up
US Open Tennis Championships 2018,SPORTS,4.0,9971.0,33.0,1000000.0,Free,0.0,Everyone,Sports,"June 5, 2018",7.1,5.0 and up
Live Tennis Rankings / LTR,SPORTS,4.8,1660.0,4.7,10000.0,Free,0.0,Everyone,Sports,"June 5, 2018",3.9,4.0.3 and up
Tennis Livescore Widget,SPORTS,4.1,361.0,2.2,50000.0,Free,0.0,Everyone,Sports,"October 13, 2016",1.0,2.3 and up
Tennis Temple - Live Scores,SPORTS,4.6,5305.0,13.0,100000.0,Free,0.0,Everyone,Sports,"May 18, 2018",Varies with device,Varies with device
Tennis 24 - tennis live scores,SPORTS,4.6,990.0,9.4,100000.0,Free,0.0,Everyone,Sports,"July 18, 2018",2.28.1,4.1 and up
"Yahoo Sports - scores, stats, news, & highlights",SPORTS,4.5,32386.0,19.0,1000000.0,Free,0.0,Everyone,Sports,"August 1, 2018",7.8.0,5.1 and up
Tennis News and Scores,SPORTS,4.3,101.0,3.9,10000.0,Free,0.0,Everyone,Sports,"July 15, 2018",5.4,4.1 and up
MSN Sports - Scores & Schedule,SPORTS,4.5,35394.0,21.0,500000.0,Free,0.0,Everyone,Sports,"July 5, 2018",1.2.0,4.2 and up
Sports Alerts - NFL edition,SPORTS,4.6,11549.0,13.0,100000.0,Free,0.0,Everyone,Sports,"July 7, 2018",Varies with device,Varies with device
SportsManias Fantasy Team News,SPORTS,3.5,4057.0,26.0,500000.0,Free,0.0,Everyone,Sports,"May 10, 2018",3.2.12,4.0.3 and up
Thuuz Sports,SPORTS,4.5,5517.0,5.2,500000.0,Free,0.0,Everyone,Sports,"April 3, 2018",6.9.12,2.3 and up
NCAA Sports,SPORTS,3.9,4272.0,16.0,500000.0,Free,0.0,Everyone,Sports,"April 23, 2018",3.0.13,4.1 and up
850 Sports News Digest,SPORTS,4.6,539.0,13.0,10000.0,Free,0.0,Everyone,Sports,"August 23, 2016",Varies with device,Varies with device
Fantasy Football & NFL News,SPORTS,4.5,2943.0,8.1,100000.0,Free,0.0,Everyone,Sports,"May 15, 2018",6.1.3,2.3.3 and up
BBC Sport,SPORTS,4.2,18679.0,13.0,1000000.0,Free,0.0,Everyone,Sports,"April 25, 2018",Varies with device,Varies with device
NASCAR MOBILE,SPORTS,4.2,80900.0,21.0,1000000.0,Free,0.0,Everyone,Sports,"July 25, 2018",7.1.7.4,4.4 and up
MLB Ballpark,SPORTS,3.9,5511.0,32.0,1000000.0,Free,0.0,Everyone,Sports,"July 16, 2018",7.3.0,4.2 and up
TripIt: Travel Organizer,TRAVEL_AND_LOCAL,4.4,49190.0,25.0,1000000.0,Free,0.0,Everyone,Travel & Local,"June 15, 2018",7.5.0,5.0 and up
Trip by Skyscanner - City & Travel Guide,TRAVEL_AND_LOCAL,4.1,5150.0,13.0,500000.0,Free,0.0,Everyone,Travel & Local,"May 29, 2018",Varies with device,Varies with device
Hostelworld: Hostels & Cheap Hotels Travel App,TRAVEL_AND_LOCAL,4.4,17878.0,28.0,1000000.0,Free,0.0,Everyone,Travel & Local,"July 16, 2018",6.7.1,4.1 and up
Amtrak,TRAVEL_AND_LOCAL,3.7,16815.0,28.0,1000000.0,Free,0.0,Everyone,Travel & Local,"July 15, 2018",3.1.3,5.0 and up
VZ Navigator for Tablets,TRAVEL_AND_LOCAL,3.6,285.0,39.0,500000.0,Free,0.0,Everyone,Travel & Local,"January 22, 2018",10.7.8.111,4.2 and up
MAIN,TRAVEL_AND_LOCAL,3.6,7081.0,51.0,1000000.0,Free,0.0,Everyone,Travel & Local,"August 6, 2018",4.1.21,4.4 and up
Navigation Plus,TRAVEL_AND_LOCAL,4.1,928.0,14.0,1000000.0,Free,0.0,Everyone,Travel & Local,"January 9, 2018",11.0.269 (m),4.1 and up
TravelPirates,TRAVEL_AND_LOCAL,4.8,43054.0,13.0,1000000.0,Free,0.0,Everyone,Travel & Local,"August 6, 2018",Varies with device,Varies with device
Free Radar Detector,TRAVEL_AND_LOCAL,4.3,15680.0,11.0,1000000.0,Free,0.0,Everyone,Travel & Local,"July 6, 2018",6.2.3,4.1 and up
Restaurant Finder,TRAVEL_AND_LOCAL,4.1,12564.0,13.0,1000000.0,Free,0.0,Everyone,Travel & Local,"July 5, 2018",Varies with device,Varies with device
Gormey: Find Best Restaurants,TRAVEL_AND_LOCAL,4.3,34.0,7.6,1000.0,Free,0.0,Everyone,Travel & Local,"August 29, 2017",2.3,4.0.3 and up
Find Dining Restaurant Finder,TRAVEL_AND_LOCAL,4.1,427.0,26.0,100000.0,Free,0.0,Everyone,Travel & Local,"March 21, 2016",1.2.1,4.1 and up
Hipmunk Hotels & Flights,TRAVEL_AND_LOCAL,4.3,16734.0,10.0,1000000.0,Free,0.0,Everyone,Travel & Local,"July 31, 2018",8.8.2,5.0 and up
Skiplagged — Exclusive Flights & Hotels,TRAVEL_AND_LOCAL,4.6,10035.0,13.0,1000000.0,Free,0.0,Everyone,Travel & Local,"May 4, 2018",Varies with device,Varies with device
British Airways,TRAVEL_AND_LOCAL,4.2,25740.0,51.0,1000000.0,Free,0.0,Everyone,Travel & Local,"July 24, 2018",4.20,4.4 and up
"CheapTickets – Hotels, Flights & Travel Deals",TRAVEL_AND_LOCAL,4.4,6925.0,13.0,1000000.0,Free,0.0,Everyone,Travel & Local,"July 25, 2018",Varies with device,Varies with device
JetBlue,TRAVEL_AND_LOCAL,4.4,24281.0,29.0,1000000.0,Free,0.0,Everyone,Travel & Local,"July 25, 2018",4.4.2,4.4 and up
Flights,TRAVEL_AND_LOCAL,4.4,18039.0,3.1,1000000.0,Free,0.0,Everyone,Travel & Local,"July 26, 2018",3.6.6,4.1 and up
KLM - Royal Dutch Airlines,TRAVEL_AND_LOCAL,3.7,7705.0,40.0,1000000.0,Free,0.0,Everyone,Travel & Local,"August 6, 2018",9.7.1,4.1 and up
"Orbitz - Hotels, Flights & Package Deals",TRAVEL_AND_LOCAL,4.4,33256.0,13.0,1000000.0,Free,0.0,Everyone,Travel & Local,"July 31, 2018",Varies with device,Varies with device
Lufthansa,TRAVEL_AND_LOCAL,3.6,14544.0,43.0,1000000.0,Free,0.0,Everyone,Travel & Local,"July 27, 2018",7.2.5,4.1 and up
LateRooms: Find Hotel Deals,TRAVEL_AND_LOCAL,4.1,2419.0,13.0,1000000.0,Free,0.0,Everyone,Travel & Local,"May 29, 2018",1.24.5,4.1 and up
Choice Hotels,TRAVEL_AND_LOCAL,4.4,17915.0,13.0,1000000.0,Free,0.0,Everyone,Travel & Local,"July 18, 2018",Varies with device,Varies with device
Couchsurfing Travel App,TRAVEL_AND_LOCAL,4.4,61776.0,13.0,1000000.0,Free,0.0,Teen,Travel & Local,"July 10, 2018",Varies with device,Varies with device
Hotwire Hotel & Car Rental App,TRAVEL_AND_LOCAL,4.3,10323.0,13.0,1000000.0,Free,0.0,Everyone,Travel & Local,"July 19, 2018",Varies with device,Varies with device
HOTEL DEALS,TRAVEL_AND_LOCAL,4.2,1609.0,4.0,100000.0,Free,0.0,Everyone,Travel & Local,"April 26, 2018",53.89.55,4.1 and up
IHG®: Hotel Deals & Rewards,TRAVEL_AND_LOCAL,4.3,18622.0,44.0,1000000.0,Free,0.0,Everyone,Travel & Local,"August 3, 2018",4.15.1,4.4 and up
SPG: Starwood Hotels & Resorts,TRAVEL_AND_LOCAL,4.2,8258.0,22.0,1000000.0,Free,0.0,Everyone,Travel & Local,"July 3, 2018",v5.4.3,4.4 and up
Turo - Better Than Car Rental,TRAVEL_AND_LOCAL,4.4,14114.0,46.0,1000000.0,Free,0.0,Everyone,Travel & Local,"August 4, 2018",18.21.0,5.0 and up
Ascape VR: 360° Virtual Travel,TRAVEL_AND_LOCAL,4.1,890.0,7.6,100000.0,Free,0.0,Everyone,Travel & Local;Action & Adventure,"August 9, 2017",4.0.38,4.4 and up
Cheap hotel deals and discounts — Hotellook,TRAVEL_AND_LOCAL,4.5,7153.0,13.0,1000000.0,Free,0.0,Everyone,Travel & Local,"July 30, 2018",Varies with device,Varies with device
Airport + Flight Tracker Radar,TRAVEL_AND_LOCAL,4.2,6762.0,8.5,1000000.0,Free,0.0,Everyone,Travel & Local,"July 14, 2015",8.0,4.0 and up
Street Panorama View,TRAVEL_AND_LOCAL,4.2,40225.0,4.1,1000000.0,Free,0.0,Everyone,Travel & Local,"July 18, 2018",4.0.3,4.1 and up
Geo Tracker - GPS tracker,TRAVEL_AND_LOCAL,4.5,42849.0,13.0,1000000.0,Free,0.0,Everyone,Travel & Local,"August 10, 2016",Varies with device,Varies with device
DreamTrips,TRAVEL_AND_LOCAL,4.7,9971.0,22.0,500000.0,Free,0.0,Teen,Travel & Local,"August 6, 2018",1.28.1,5.0 and up
Navmii GPS USA (Navfree),TRAVEL_AND_LOCAL,4.0,5960.0,13.0,500000.0,Free,0.0,Everyone,Travel & Local,"May 23, 2018",Varies with device,Varies with device
Sygic Truck GPS Navigation,TRAVEL_AND_LOCAL,4.2,18294.0,28.0,1000000.0,Free,0.0,Everyone,Travel & Local,"August 2, 2018",13.8.3,4.0 and up
Moto Suggestions ™,TOOLS,4.6,308.0,4.3,1000000.0,Free,0.0,Everyone,Tools,"June 8, 2018",0.2.32,8.0 and up
Android TV Remote Service,TOOLS,4.3,1.0,3.7,1000000.0,Free,0.0,Everyone,Tools,"January 17, 2018",2.1.02.4477839,7.0 and up
"Calculator - free calculator ,multi calculator app",TOOLS,4.4,1236.0,5.8,100000.0,Free,0.0,Everyone,Tools,"July 6, 2018",8.1.6,4.2 and up
SD card backup,TOOLS,4.3,142.0,13.0,1000000.0,Free,0.0,Everyone,Tools,"March 27, 2017",Varies with device,Varies with device
Google Assistant Go,TOOLS,3.7,315.0,4.6,500000.0,Free,0.0,Everyone,Tools,"July 27, 2018",1.8.203182757.armeabi-v7a.release,8.0 and up
HTC Sense Input-LV,TOOLS,3.6,59.0,2.3,50000.0,Free,0.0,Everyone,Tools,"April 22, 2014",9.7.753080,4.1 and up
HTC Sense Input-AR,TOOLS,3.8,1420.0,2.7,100000.0,Free,0.0,Everyone,Tools,"April 22, 2014",9.7.753080,4.1 and up
Puzzle Alarm Clock ⏰,TOOLS,4.3,32111.0,5.3,1000000.0,Free,0.0,Everyone,Tools,"August 3, 2018",3.1.0.1126,4.4 and up
I Can't Wake Up! Alarm Clock,TOOLS,4.5,70404.0,4.2,1000000.0,Free,0.0,Everyone,Tools,"May 25, 2018",3.4.0,4.0 and up
Calculator with Percent (Free),TOOLS,4.8,48211.0,7.4,1000000.0,Free,0.0,Everyone,Tools,"November 18, 2017",32.1,4.1 and up
Graphing Calculator,TOOLS,3.9,12388.0,5.3,1000000.0,Free,0.0,Everyone,Tools,"April 1, 2016",1.17,2.3 and up
Unit Converter,TOOLS,4.5,85387.0,5.4,1000000.0,Free,0.0,Everyone,Tools,"July 3, 2018",2.1.54,4.0 and up
Calculator ++,TOOLS,4.6,33509.0,3.6,1000000.0,Free,0.0,Everyone,Tools,"May 12, 2018",2.2.7,4.4 and up
Unit Converter Pro,TOOLS,4.5,12718.0,13.0,1000000.0,Free,0.0,Everyone,Tools,"March 5, 2018",Varies with device,Varies with device
Scientific Calculator Free,TOOLS,4.3,16395.0,13.0,1000000.0,Free,0.0,Everyone,Tools,"June 28, 2018",Varies with device,Varies with device
weight conversion calculator,TOOLS,4.0,807.0,1.8,100000.0,Free,0.0,Everyone,Tools,"May 18, 2018",20180517,2.3 and up
Age Calculator,TOOLS,4.4,24265.0,3.3,1000000.0,Free,0.0,Everyone,Tools,"July 25, 2017",4.0.6,4.0.3 and up
EzCalculator,TOOLS,4.1,1657.0,2.0,100000.0,Free,0.0,Everyone,Tools,"September 17, 2017",2.1.0,5.0 and up
Fast Secure VPN,TOOLS,4.3,56848.0,9.6,1000000.0,Free,0.0,Everyone,Tools,"May 18, 2018",1.6.11,4.1 and up
Free & Premium VPN - FinchVPN,TOOLS,4.2,19096.0,10.0,1000000.0,Free,0.0,Everyone,Tools,"July 5, 2018",2.0.2,4.1 and up
"VPN - Fast, Secure & Unlimited WiFi with VyprVPN",TOOLS,4.2,40676.0,25.0,1000000.0,Free,0.0,Everyone,Tools,"July 5, 2018",2.27.1,4.1 and up
FREEDOME VPN Unlimited anonymous Wifi Security,TOOLS,4.3,39833.0,9.9,1000000.0,Free,0.0,Everyone,Tools,"July 9, 2018",2.5.1.7592,4.0.3 and up
Network Signal Info,TOOLS,4.1,33926.0,17.0,1000000.0,Free,0.0,Everyone,Tools,"August 3, 2018",4.78.06,4.2 and up
WiFi Overview 360,TOOLS,4.1,15693.0,18.0,1000000.0,Free,0.0,Everyone,Tools,"August 3, 2018",4.32.07,4.2 and up
Speedcheck,TOOLS,4.6,48979.0,14.0,1000000.0,Free,0.0,Everyone,Tools,"August 4, 2018",5.0.0.8,4.0.3 and up
WiFi Automatic,TOOLS,4.1,10595.0,13.0,1000000.0,Free,0.0,Everyone,Tools,"March 18, 2018",Varies with device,Varies with device
NETGEAR WiFi Analytics,TOOLS,4.1,9496.0,0.6796875,1000000.0,Free,0.0,Everyone,Tools,"April 25, 2014",1.0.19,2.2 and up
Lock Screen,TOOLS,4.0,41137.0,4.6,1000000.0,Free,0.0,Everyone,Tools,"November 15, 2017",1.7.3,3.2 and up
ZERO Lock Screen,TOOLS,3.5,75336.0,0.53125,1000000.0,Free,0.0,Everyone,Tools,"February 5, 2016",1.3,4.0 and up
Screen Lock,TOOLS,4.2,68309.0,2.1,1000000.0,Free,0.0,Everyone,Tools,"November 23, 2017",v3.9f,4.0 and up
Funny Ringtones,PERSONALIZATION,4.4,7146.0,14.0,1000000.0,Free,0.0,Everyone 10+,Personalization,"February 2, 2018",1.1,4.0 and up
3D Live Neon Weed Launcher,PERSONALIZATION,4.5,1724.0,21.0,100000.0,Free,0.0,Mature 17+,Personalization,"June 26, 2018",5.34.10,4.0.3 and up
Launcher,PERSONALIZATION,4.5,102923.0,18.0,1000000.0,Free,0.0,Everyone,Personalization,"July 10, 2018",2.1.2,5.0 and up
4K Wallpapers and Ultra HD Backgrounds,PERSONALIZATION,4.6,7583.0,3.8,500000.0,Free,0.0,Everyone 10+,Personalization,"July 4, 2018",2.6.2.1,4.0.3 and up
OnePlus Launcher,PERSONALIZATION,4.0,24215.0,13.0,1000000.0,Free,0.0,Everyone,Personalization,"August 3, 2018",Varies with device,Varies with device
Birds Sounds Ringtones & Wallpapers,PERSONALIZATION,4.6,5073.0,23.0,1000000.0,Free,0.0,Everyone 10+,Personalization,"September 25, 2017",1.1,4.0 and up
Funny Alarm Clock Ringtones,PERSONALIZATION,4.5,15633.0,14.0,1000000.0,Free,0.0,Everyone,Personalization,"March 9, 2017",1.1,4.0.3 and up
"Color Call - Caller Screen, LED Flash",PERSONALIZATION,4.7,29485.0,9.9,1000000.0,Free,0.0,Everyone,Personalization,"July 20, 2018",1.0.4,4.0 and up
Lovely Cute Pink Kitty Cat Keyboard Theme,PERSONALIZATION,4.3,2267.0,7.2,500000.0,Free,0.0,Everyone,Personalization,"July 9, 2018",6.7.5,4.0.3 and up
Goku Wallpaper Art,PERSONALIZATION,4.7,6342.0,38.0,1000000.0,Free,0.0,Everyone,Personalization,"July 13, 2018",1.8,4.1 and up
Door Lock Screen,PERSONALIZATION,4.3,5413.0,3.9,1000000.0,Free,0.0,Everyone,Personalization,"July 28, 2018",3.3.a,4.0 and up
Cute wallpapers & kawaii backgrounds images,PERSONALIZATION,4.6,4724.0,5.4,1000000.0,Free,0.0,Everyone,Personalization,"July 30, 2018",1.2,4.0.3 and up
OnePlus Icon Pack - Square,PERSONALIZATION,4.7,229.0,1.1,500000.0,Free,0.0,Everyone,Personalization,"May 23, 2018",1.9.1.180419172630.4a15962,5.0 and up
Live 3D Neon Blue Love Heart Keyboard Theme,PERSONALIZATION,4.3,6626.0,9.1,1000000.0,Free,0.0,Everyone,Personalization,"July 25, 2018",6.7.25.2018,4.0.3 and up
Pink Diamond Princess Keyboard Theme,PERSONALIZATION,3.7,10796.0,6.8,1000000.0,Free,0.0,Everyone,Personalization,"July 6, 2018",6.7.5,4.0.3 and up
Colorful Glitter Neon Butterfly Keyboard Theme,PERSONALIZATION,4.3,2056.0,9.8,500000.0,Free,0.0,Everyone,Personalization,"July 25, 2018",6.7.24.2018,4.0.3 and up
OnePlus Icon Pack,PERSONALIZATION,4.8,440.0,0.8984375,500000.0,Free,0.0,Everyone,Personalization,"May 23, 2018",1.9.2.180419172639.dbf3246,5.0 and up
Water Droplets Keyboard Theme,PERSONALIZATION,4.1,398.0,6.8,100000.0,Free,0.0,Everyone,Personalization,"June 29, 2018",6.6.28,4.0.3 and up
"FUN Keyboard – Emoji Keyboard, Sticker,Theme & GIF",PERSONALIZATION,4.7,12089.0,27.0,500000.0,Free,0.0,Everyone,Personalization,"July 3, 2018",1.2.5,4.0 and up
Freeme Launcher—Stylish Theme,PERSONALIZATION,4.1,2828.0,7.4,100000.0,Free,0.0,Everyone,Personalization,"January 22, 2017",2.11.5,4.1 and up
Zooper Widget,PERSONALIZATION,4.0,30498.0,5.9,1000000.0,Free,0.0,Everyone,Personalization,"March 11, 2015",2.60,3.2 and up
Beautiful Widgets Free,PERSONALIZATION,3.9,25037.0,14.0,1000000.0,Free,0.0,Everyone,Personalization,"October 20, 2016",5.7.6,2.3 and up
DashClock Widget,PERSONALIZATION,4.1,62301.0,1.9,1000000.0,Free,0.0,Everyone,Personalization,"May 11, 2016",1.7.2,4.2 and up
Northern Lights FREE (Aurora),PERSONALIZATION,4.1,12180.0,5.4,1000000.0,Free,0.0,Everyone,Personalization,"December 24, 2016",1.3,2.1 and up
Pink Roses Live Wallpaper,PERSONALIZATION,4.2,33074.0,3.3,1000000.0,Free,0.0,Everyone,Personalization,"May 4, 2018",4.1,4.1 and up
Wallpaper,PERSONALIZATION,4.5,69488.0,9.7,1000000.0,Free,0.0,Everyone,Personalization,"July 8, 2018",6.07,4.1 and up
Wolves Live Wallpaper,PERSONALIZATION,4.3,10401.0,3.3,1000000.0,Free,0.0,Everyone,Personalization,"October 27, 2017",7.5,4.1 and up
Horses Live Wallpaper,PERSONALIZATION,4.2,28806.0,7.1,1000000.0,Free,0.0,Everyone,Personalization,"May 22, 2018",18.0,4.1 and up
Tropical Beach Live Wallpaper,PERSONALIZATION,4.0,11343.0,8.4,1000000.0,Free,0.0,Everyone,Personalization,"May 22, 2018",18.0,4.1 and up
Dolphins Live Wallpaper,PERSONALIZATION,4.2,25807.0,5.5,1000000.0,Free,0.0,Everyone,Personalization,"October 29, 2017",15.0,4.1 and up
Yandex.Shell (Launcher+Dialer),PERSONALIZATION,4.4,87300.0,13.0,1000000.0,Free,0.0,Everyone,Personalization,"March 17, 2015",2.32,Varies with device
TouchPal Purple Butterfly Theme,PERSONALIZATION,4.2,7435.0,6.9,1000000.0,Free,0.0,Everyone,Personalization,"June 28, 2018",1,4.0.3 and up
Lavender Emoji Keyboard Theme,PERSONALIZATION,4.1,12008.0,6.1,1000000.0,Free,0.0,Everyone,Personalization,"May 27, 2016",5.0,4.0 and up
Power Booster - Junk Cleaner & CPU Cooler & Boost,PRODUCTIVITY,4.5,9653.0,5.1,1000000.0,Free,0.0,Everyone,Productivity,"August 6, 2018",1.2.5,4.1 and up
MyMTN,PRODUCTIVITY,4.0,8550.0,15.0,1000000.0,Free,0.0,Everyone,Productivity,"July 25, 2018",2.1.5,4.0 and up
Hacker's Keyboard,PRODUCTIVITY,4.4,41418.0,1.2,1000000.0,Free,0.0,Everyone,Productivity,"December 11, 2016",v1.39.3,2.2 and up
Security & Privacy,PRODUCTIVITY,4.0,212.0,10.0,1000000.0,Free,0.0,Everyone,Productivity,"April 26, 2018",5.0.44,4.1 and up
7 Weeks - Habit & Goal Tracker,PRODUCTIVITY,4.4,6011.0,4.3,500000.0,Free,0.0,Everyone,Productivity,"December 19, 2015",3.2.1,4.1 and up
Loop - Habit Tracker,PRODUCTIVITY,4.7,17955.0,3.8,1000000.0,Free,0.0,Everyone,Productivity,"May 23, 2018",1.7.9,4.0.3 and up
"TickTick: To Do List with Reminder, Day Planner",PRODUCTIVITY,4.6,25370.0,13.0,1000000.0,Free,0.0,Everyone,Productivity,"August 6, 2018",Varies with device,Varies with device
Planner Pro-Personal Organizer,PRODUCTIVITY,4.0,10270.0,8.4,1000000.0,Free,0.0,Everyone,Productivity,"March 23, 2018",4.4.1,4.0 and up
Cozi Family Organizer,PRODUCTIVITY,4.4,56713.0,25.0,1000000.0,Free,0.0,Everyone,Productivity,"July 5, 2018",9.3.5776,4.1 and up
IFTTT,PRODUCTIVITY,4.3,117255.0,13.0,1000000.0,Free,0.0,Everyone,Productivity,"August 6, 2018",Varies with device,Varies with device
Dashlane Free Password Manager,PRODUCTIVITY,4.6,73695.0,13.0,1000000.0,Free,0.0,Everyone,Productivity,"August 6, 2018",Varies with device,5.0 and up
Solid Explorer Classic,PRODUCTIVITY,4.5,49794.0,6.5,1000000.0,Free,0.0,Everyone,Productivity,"June 17, 2017",1.7.3,2.3 and up
File Explorer,PRODUCTIVITY,4.1,979.0,0.703125,100000.0,Free,0.0,Everyone,Productivity,"September 30, 2013",2.1.3,2.2 and up
Solid Explorer File Manager,PRODUCTIVITY,4.6,67523.0,13.0,1000000.0,Free,0.0,Everyone,Productivity,"July 19, 2018",2.5.4,4.1 and up
Smart File Manager,PRODUCTIVITY,4.2,17415.0,4.1,1000000.0,Free,0.0,Everyone,Productivity,"July 5, 2018",3.5.9,4.0 and up
Simple Notepad,PRODUCTIVITY,4.3,12321.0,0.6962890625,1000000.0,Free,0.0,Everyone,Productivity,"December 25, 2016",2.0.1,2.3 and up
Sticky Note + : Sync Notes,PRODUCTIVITY,4.2,21507.0,6.6,1000000.0,Free,0.0,Everyone,Productivity,"August 31, 2017",13.4,4.0 and up
Squid - Take Notes & Markup PDFs,PRODUCTIVITY,4.2,37204.0,19.0,1000000.0,Free,0.0,Everyone,Productivity,"July 21, 2018",3.4.4.4-GP,4.0 and up
"JotterPad - Writer, Screenplay, Novel",PRODUCTIVITY,4.6,57904.0,11.0,1000000.0,Free,0.0,Everyone,Productivity,"July 1, 2018",12.8.2-pi,4.2 and up
Planning Center Services,PRODUCTIVITY,4.3,5157.0,13.0,500000.0,Free,0.0,Everyone,Productivity,"July 31, 2018",Varies with device,Varies with device
Calendar+ Schedule Planner App,PRODUCTIVITY,4.0,8985.0,5.7,1000000.0,Free,0.0,Everyone,Productivity,"January 16, 2017",1.07.59,4.0.3 and up
Today Calendar 2017,PRODUCTIVITY,4.2,16349.0,9.0,1000000.0,Free,0.0,Everyone,Productivity,"April 25, 2016",4.0.7.3,4.1 and up
To-Do Calendar Planner,PRODUCTIVITY,4.2,30291.0,13.0,1000000.0,Free,0.0,Everyone,Productivity,"May 29, 2018",Varies with device,Varies with device
New Calendar,PRODUCTIVITY,4.5,25985.0,6.9,1000000.0,Free,0.0,Everyone,Productivity,"July 20, 2018",1.0.167,4.0.3 and up
Time Recording - Timesheet App,PRODUCTIVITY,4.6,23393.0,13.0,1000000.0,Free,0.0,Everyone,Productivity,"July 12, 2018",Varies with device,Varies with device
Unclouded - Cloud Manager,PRODUCTIVITY,4.1,6850.0,11.0,100000.0,Free,0.0,Everyone,Productivity,"August 8, 2016",2.3.3-play,4.1 and up
Amazon Drive,PRODUCTIVITY,4.4,18669.0,4.1,1000000.0,Free,0.0,Everyone,Productivity,"January 8, 2018",1.9.1.147.0-google,4.2 and up
SugarSync,PRODUCTIVITY,4.1,16420.0,3.8,1000000.0,Free,0.0,Everyone,Productivity,"May 16, 2018",4.4.0.4,2.3.3 and up
pCloud: Free Cloud Storage,PRODUCTIVITY,4.3,16149.0,13.0,1000000.0,Free,0.0,Everyone,Productivity,"July 24, 2018",Varies with device,Varies with device
Baby Names,PARENTING,4.5,86.0,2.8,10000.0,Free,0.0,Everyone,Parenting,"August 3, 2018",1.7,4.0.3 and up
Zoo For Preschool Kids 3-9 Years,PARENTING,4.3,76.0,8.2,10000.0,Free,0.0,Everyone,Parenting;Education,"April 24, 2018",1.0.7,4.0 and up
My baby Game (Balloon POP!),PARENTING,3.8,3614.0,3.3,1000000.0,Free,0.0,Everyone,Parenting;Brain Games,"May 28, 2018",2.15.2714,4.0 and up
Arabic Alphabets,PARENTING,4.3,34.0,6.2,10000.0,Free,0.0,Everyone,Parenting,"January 9, 2017",1.0,2.2 and up
Development of the child up to a year,PARENTING,4.6,1413.0,14.0,100000.0,Free,0.0,Mature 17+,Parenting,"July 20, 2018",2.9.9,4.1 and up
Ali Baba's Farm Tutorial Kids Games,PARENTING,4.3,36.0,5.5,5000.0,Free,0.0,Everyone,Parenting,"May 27, 2018",4.7,4.1 and up
Baby Panda Learns Shapes,PARENTING,4.0,3789.0,42.0,1000000.0,Free,0.0,Everyone,Parenting;Education,"June 21, 2018",8.25.10.00,4.0.3 and up
Learning English for children,PARENTING,4.3,67.0,15.0,50000.0,Free,0.0,Everyone,Parenting;Education,"April 18, 2018",1.9,2.3 and up
Kids Videos,PARENTING,4.1,559.0,6.4,100000.0,Free,0.0,Everyone,Parenting,"May 20, 2018",1.3.1,4.1 and up
My baby firework,PARENTING,3.7,4976.0,2.8,1000000.0,Free,0.0,Everyone,Parenting;Education,"May 28, 2018",2.04.2714,4.0 and up
We learn children's verses in kindergarten,PARENTING,4.3,3248.0,6.5,100000.0,Free,0.0,Everyone,Parenting;Education,"December 20, 2017",2.10,4.0 and up
Baby Food - Homemade Recipes,PARENTING,4.1,44.0,3.6,10000.0,Free,0.0,Everyone,Parenting,"August 7, 2018",8.2,4.0.3 and up
My baby Phone,PARENTING,3.7,9293.0,2.4,1000000.0,Free,0.0,Everyone,Parenting,"May 28, 2018",2.03.2714,4.0 and up
Baby Sleep: White noise lullabies for newborns,PARENTING,4.6,62386.0,3.4,1000000.0,Free,0.0,Everyone,Parenting,"June 12, 2018",2.7,4.0 and up
Arabic Chat - Chat,PARENTING,4.4,162.0,1.5,10000.0,Free,0.0,Everyone,Parenting,"May 1, 2018",1.0,4.1 and up
BookBaby - Baby Development,PARENTING,4.6,1002.0,5.0,50000.0,Free,0.0,Everyone,Parenting,"August 18, 2016",3.0,4.0.3 and up
Kids Craft Ideas,PARENTING,4.1,99.0,6.6,10000.0,Free,0.0,Everyone,Parenting,"March 29, 2018",1.1,4.1 and up
Child Growth Tracking,PARENTING,4.4,498.0,13.0,50000.0,Free,0.0,Everyone,Parenting,"July 25, 2018",1.5.3.1807,4.4 and up
Family Album Mitene: Private Photo & Video Sharing,PARENTING,4.7,34336.0,13.0,1000000.0,Free,0.0,Everyone,Parenting,"July 31, 2018",Varies with device,Varies with device
Family GPS Tracker and Chat + Baby Monitor Online,PARENTING,4.4,9073.0,13.0,500000.0,Free,0.0,Everyone,Parenting,"August 2, 2018",Varies with device,4.2 and up
How do I take care of my child?,PARENTING,4.8,190.0,6.8,100000.0,Free,0.0,Everyone,Parenting,"June 24, 2018",1.5,4.0 and up
Baby Name Together,PARENTING,4.0,464.0,24.0,100000.0,Free,0.0,Everyone,Parenting,"August 6, 2018",2.3.1,5.0 and up
White Noise for Baby,PARENTING,4.9,717.0,6.6,100000.0,Free,0.0,Everyone,Parenting,"December 30, 2017",1.6.0,4.1 and up
Favorite Soviet cartoons,PARENTING,4.3,63.0,4.9,10000.0,Free,0.0,Everyone,Parenting,"May 24, 2018",1.0.6,4.0 and up
The first year of a baby's life,PARENTING,4.8,7505.0,9.1,100000.0,Free,0.0,Everyone,Parenting,"January 7, 2017",1.1.27.477-free,2.3 and up
Safe365 – Cell Phone GPS Locator For Your Family,PARENTING,4.4,11501.0,11.0,1000000.0,Free,0.0,Everyone,Parenting,"July 30, 2018",3.7.1,4.0.3 and up
Listen to the story~The Story of the Fairy Tales,PARENTING,4.7,69.0,5.8,5000.0,Free,0.0,Everyone,Parenting,"July 10, 2018",1.0.6,4.0.3 and up
"Amazon FreeTime – Kids’ Videos, Books, & TV shows",PARENTING,4.2,2715.0,24.0,500000.0,Free,0.0,Everyone,Parenting;Music & Video,"July 24, 2018",FreeTimeApp-aosp_v3.14_Build-1.0.204367.0.13014,5.0 and up
"Kids Fang - Infant Videos, Children's Songs, Fairy Tales, Lullaby Collections",PARENTING,4.6,349.0,4.4,100000.0,Free,0.0,Everyone,Parenting,"March 21, 2018",1.7,4.4 and up
PPS Online,PARENTING,4.6,37.0,16.0,10000.0,Free,0.0,Everyone,Parenting,"July 9, 2018",3.19,4.0.3 and up
Johny Johny Yes Papa Nursery Rhyme - offline Video,PARENTING,4.5,806.0,11.0,500000.0,Free,0.0,Everyone,Parenting,"August 4, 2018",4.2,4.0.3 and up
Latest Emmanuella Comedy Video,PARENTING,4.6,60.0,4.9,10000.0,Free,0.0,Everyone,Parenting,"April 1, 2018",Natalia Studio Development,4.0.3 and up
Baby Care & Tracker,PARENTING,4.1,319.0,11.0,100000.0,Free,0.0,Everyone,Parenting,"July 12, 2018",5.3,4.0.3 and up
Urban Limo Taxi Simulator,PARENTING,3.8,824.0,53.0,1000000.0,Free,0.0,Everyone,Parenting,"August 2, 2018",8.9,4.0.3 and up
Rainbow - Journal & Activities,PARENTING,4.8,6668.0,20.0,100000.0,Free,0.0,Everyone,Parenting,"March 28, 2018",2.5.9,4.1 and up
Classical music for baby,PARENTING,4.8,1940.0,38.0,100000.0,Free,0.0,Everyone,Parenting;Music & Video,"July 18, 2018",1.04,4.2 and up
How do I care about my child?,PARENTING,4.3,34.0,4.9,10000.0,Free,0.0,Everyone,Parenting,"July 3, 2018",1.2,4.0 and up
My Child from eDziecko.pl,PARENTING,4.5,1025.0,17.0,100000.0,Free,0.0,Everyone,Parenting,"June 29, 2018",1.3.9,4.1 and up
Baby Panda Musical Genius,PARENTING,4.0,3346.0,37.0,1000000.0,Free,0.0,Everyone,Parenting;Music & Video,"June 15, 2018",8.25.10.00,4.0.3 and up
Baby Monitor,PARENTING,4.4,5343.0,5.2,1000000.0,Free,0.0,Everyone,Parenting,"March 30, 2018",2.1.1,4.1 and up
Daniel Tiger for Parents,PARENTING,4.7,247.0,28.0,100000.0,Free,0.0,Everyone,Parenting;Music & Video,"March 19, 2018",1.3.0,4.4 and up
Vegetable Fun,PARENTING,3.9,3182.0,46.0,1000000.0,Free,0.0,Everyone,Parenting;Education,"June 15, 2018",8.25.10.00,4.0.3 and up
It's open.,PARENTING,4.4,1528.0,16.0,100000.0,Free,0.0,Everyone,Parenting,"July 24, 2018",8.1.2,4.4 and up
Children's Stories 2018 - The Lion Come Lion,PARENTING,4.4,39.0,18.0,10000.0,Free,0.0,Everyone,Parenting;Music & Video,"October 31, 2017",1.2,4.0 and up
Feed Baby - Baby Tracker,PARENTING,4.5,76795.0,18.0,1000000.0,Free,0.0,Everyone,Parenting,"August 1, 2018",2.0.6,4.1 and up
Live Weather Pro,WEATHER,4.8,892.0,17.0,10000.0,Free,0.0,Everyone,Weather,"July 17, 2018",1.1,4.4 and up
weather - weather forecast,WEATHER,4.7,11118.0,9.7,1000000.0,Free,0.0,Everyone,Weather,"April 26, 2018",30,4.0 and up
SMHI Weather,WEATHER,3.5,11297.0,13.0,1000000.0,Free,0.0,Everyone,Weather,"June 26, 2018",Varies with device,Varies with device
Free live weather on screen,WEATHER,4.4,15370.0,21.0,1000000.0,Free,0.0,Everyone,Weather,"August 2, 2018",12.2.6.3660,4.1 and up
Weather Radar Widget,WEATHER,4.3,18194.0,3.2,1000000.0,Free,0.0,Everyone,Weather,"June 28, 2017",1.7.7,3.0 and up
Klara weather,WEATHER,4.6,36900.0,4.8,500000.0,Free,0.0,Everyone,Weather,"July 28, 2018",1.3.6,4.0 and up
Real time Weather Forecast,WEATHER,4.4,4184.0,10.0,1000000.0,Free,0.0,Everyone,Weather,"March 26, 2018",7.1.12.12,5.0 and up
Live Weather & Daily Local Weather Forecast,WEATHER,4.5,13426.0,19.0,1000000.0,Free,0.0,Everyone,Weather,"July 17, 2018",9.9.1.1910,4.1 and up
Yahoo! Weather for SH Forecast for understanding the approach of rain clouds Free,WEATHER,4.2,7457.0,13.0,1000000.0,Free,0.0,Everyone,Weather,"August 2, 2018",Varies with device,Varies with device
Klart.se - Sweden's best weather,WEATHER,3.6,7623.0,19.0,1000000.0,Free,0.0,Everyone,Weather,"July 11, 2018",3.18.5,4.4 and up
Info BMKG,WEATHER,4.3,21404.0,7.6,1000000.0,Free,0.0,Everyone,Weather,"June 15, 2017",2.2,4.4 and up
Weather From DMI/YR,WEATHER,4.3,2143.0,13.0,100000.0,Free,0.0,Everyone,Weather,"July 31, 2018",Varies with device,Varies with device
Storm Radar: Tornado Tracker & Hurricane Alerts,WEATHER,4.6,89868.0,13.0,1000000.0,Free,0.0,Everyone,Weather,"June 12, 2018",Varies with device,Varies with device
Local Weather Forecast & Visual Widget,WEATHER,4.5,3478.0,6.1,500000.0,Free,0.0,Everyone,Weather,"August 2, 2018",2.9.10,4.2 and up
Wetter by t-online.de,WEATHER,4.2,24349.0,9.2,1000000.0,Free,0.0,Everyone,Weather,"May 14, 2018",1.8.4.5,4.1 and up
AEMET's time,WEATHER,3.8,15966.0,9.2,1000000.0,Free,0.0,Everyone,Weather,"July 17, 2017",2.0,2.3 and up
New 2018 Weather App & Widget,WEATHER,4.5,2332.0,20.0,500000.0,Free,0.0,Teen,Weather,"August 3, 2018",12.2.7.3671,4.1 and up
Météociel,WEATHER,4.5,29344.0,22.0,500000.0,Free,0.0,Everyone,Weather,"July 25, 2018",4.1.11 - Hegoa,4.1 and up
Climatempo Lite - 15 day weather forecast,WEATHER,4.0,634.0,13.0,100000.0,Free,0.0,Everyone,Weather,"June 15, 2018",1.0.34,4.1 and up
ForecaWeather,WEATHER,4.2,18425.0,5.3,1000000.0,Free,0.0,Everyone,Weather,"July 29, 2017",3.1.7,4.1 and up
All Video Downloader 2018,VIDEO_PLAYERS,4.3,7557.0,5.6,1000000.0,Free,0.0,Everyone,Video Players & Editors,"July 25, 2018",1.0.1,4.4 and up
HD Video Player,VIDEO_PLAYERS,4.3,1551.0,2.9,1000000.0,Free,0.0,Everyone,Video Players & Editors,"July 25, 2018",1.1,4.1 and up
Iqiyi (for tablet),VIDEO_PLAYERS,3.6,12764.0,25.0,1000000.0,Free,0.0,Teen,Video Players & Editors,"July 11, 2018",7.1,4.0 and up
Free TV series,VIDEO_PLAYERS,3.7,400.0,7.2,100000.0,Free,0.0,Teen,Video Players & Editors,"May 28, 2018",v1.0.3,4.0.3 and up
Video Player All Format for Android,VIDEO_PLAYERS,4.6,3930.0,3.3,500000.0,Free,0.0,Everyone,Video Players & Editors,"July 26, 2018",1.1.7,4.0.3 and up
XX HD Video downloader-Free Video Downloader,VIDEO_PLAYERS,4.1,7624.0,6.0,1000000.0,Free,0.0,Everyone,Video Players & Editors,"April 20, 2018",1.9,4.0.3 and up
OBJECTIVE,VIDEO_PLAYERS,3.8,19738.0,33.0,1000000.0,Free,0.0,Teen,Video Players & Editors,"August 7, 2018",9.7.6,4.0 and up
HD Movie Video Player,VIDEO_PLAYERS,4.5,18699.0,4.1,1000000.0,Free,0.0,Everyone,Video Players & Editors,"March 27, 2018",1.0,4.0.3 and up
"Video Editor,Crop Video,Movie Video,Music,Effects",VIDEO_PLAYERS,4.7,53006.0,44.0,1000000.0,Free,0.0,Everyone,Video Players & Editors,"August 3, 2018",1.5.1,4.4 and up
VPlayer,VIDEO_PLAYERS,3.6,5639.0,13.0,1000000.0,Free,0.0,Everyone,Video Players & Editors,"April 12, 2018",Varies with device,Varies with device
Play Tube,VIDEO_PLAYERS,4.3,15874.0,5.4,1000000.0,Free,0.0,Everyone,Video Players & Editors,"July 5, 2018",1.2,4.1 and up
video player,VIDEO_PLAYERS,4.4,26421.0,13.0,1000000.0,Free,0.0,Everyone,Video Players & Editors,"May 30, 2018",3.4.5,4.1 and up
Video.Guru - Video Maker,VIDEO_PLAYERS,4.6,36969.0,27.0,1000000.0,Free,0.0,Everyone,Video Players & Editors,"August 6, 2018",1.137.22,4.3 and up
Video Status,VIDEO_PLAYERS,4.3,6685.0,4.0,1000000.0,Free,0.0,Everyone,Video Players & Editors,"August 2, 2018",1.1.4,4.1 and up
Video Wallpaper Show,VIDEO_PLAYERS,4.3,0.0,13.0,500.0,Free,0.0,Everyone,Video Players & Editors,"July 26, 2018",3.1,4.0.3 and up
SVT Play,VIDEO_PLAYERS,3.7,11549.0,13.0,1000000.0,Free,0.0,Teen,Video Players & Editors,"July 13, 2018",Varies with device,Varies with device
BluTV,VIDEO_PLAYERS,3.9,28835.0,13.0,1000000.0,Free,0.0,Teen,Video Players & Editors,"July 26, 2018",Varies with device,Varies with device
Tencent Video - Supporting the whole network,VIDEO_PLAYERS,3.5,13205.0,44.0,1000000.0,Free,0.0,Teen,Video Players & Editors,"July 31, 2018",6.2.2.17136,3.0 and up
amazer - Global Kpop Video Community,VIDEO_PLAYERS,4.3,1215.0,23.0,100000.0,Free,0.0,Everyone 10+,Video Players & Editors,"July 20, 2018",1.5.4,4.1 and up
BaBe + - Indonesian News,NEWS_AND_MAGAZINES,4.3,42624.0,16.0,1000000.0,Free,0.0,Everyone 10+,News & Magazines,"August 1, 2018",6.6.4,4.0 and up
daily News,NEWS_AND_MAGAZINES,4.5,26411.0,26.0,1000000.0,Free,0.0,Everyone,News & Magazines,"March 26, 2018",2.3.2,4.1 and up
"Free TV Shows App:News, TV Series, Episode, Movies",NEWS_AND_MAGAZINES,4.6,29706.0,11.0,1000000.0,Free,0.0,Teen,News & Magazines,"August 2, 2018",2.71,4.1 and up
News24,NEWS_AND_MAGAZINES,4.1,30693.0,13.0,1000000.0,Free,0.0,Everyone 10+,News & Magazines,"August 1, 2018",Varies with device,Varies with device
Nigeria News NAIJ.com,NEWS_AND_MAGAZINES,4.3,37882.0,9.1,1000000.0,Free,0.0,Teen,News & Magazines,"June 1, 2018",8.2.9,4.0.3 and up
BaBe Lite - Read Quota Saving News,NEWS_AND_MAGAZINES,4.5,9548.0,15.0,1000000.0,Free,0.0,Everyone,News & Magazines,"August 1, 2018",6.6.4,4.0 and up
ARY NEWS URDU,NEWS_AND_MAGAZINES,4.4,1071.0,9.7,500000.0,Free,0.0,Everyone,News & Magazines,"July 25, 2018",5.8.0,4.1 and up
Bengali Newspaper - The first L.,NEWS_AND_MAGAZINES,4.0,11908.0,5.5,1000000.0,Free,0.0,Everyone,News & Magazines,"July 1, 2018",8.3,4.1 and up
BBC Persian | BBC Farsi News,NEWS_AND_MAGAZINES,4.3,978.0,2.9,100000.0,Free,0.0,Everyone,News & Magazines,"May 12, 2018",1.8.2,4.0.3 and up
"Breaking News, Local news, Attacks and Alerts Free",NEWS_AND_MAGAZINES,4.7,2543.0,6.3,500000.0,Free,0.0,Everyone,News & Magazines,"July 19, 2018",8.0.6,4.1 and up
WE,NEWS_AND_MAGAZINES,3.8,18818.0,13.0,1000000.0,Free,0.0,Everyone 10+,News & Magazines,"June 26, 2018",Varies with device,Varies with device
Sky News,NEWS_AND_MAGAZINES,4.0,30287.0,19.0,1000000.0,Free,0.0,Everyone 10+,News & Magazines,"August 3, 2018",4.11.0.611033,4.1 and up
Microsoft News,NEWS_AND_MAGAZINES,4.2,31504.0,31.0,1000000.0,Free,0.0,Everyone 10+,News & Magazines,"July 30, 2018",18.201.01,5.0 and up
"Onet - news, weather, sport",NEWS_AND_MAGAZINES,4.0,13950.0,13.0,1000000.0,Free,0.0,Mature 17+,News & Magazines,"August 6, 2018",Varies with device,Varies with device
"The Report, Fox, Breitbart - Conservative News",NEWS_AND_MAGAZINES,4.6,2090.0,4.6,50000.0,Free,0.0,Everyone,News & Magazines,"August 5, 2018",1.9.0,4.1 and up
РИА Новости,NEWS_AND_MAGAZINES,4.5,44274.0,8.0,1000000.0,Free,0.0,Everyone,News & Magazines,"August 6, 2018",4.0.6,4.4 and up
Tencent News,NEWS_AND_MAGAZINES,4.0,7006.0,23.0,1000000.0,Free,0.0,Everyone,News & Magazines,"July 31, 2018",5.6.40,4.0 and up
ARY NEWS,NEWS_AND_MAGAZINES,4.4,2959.0,9.8,1000000.0,Free,0.0,Everyone,News & Magazines,"August 4, 2018",7.5.0,4.1 and up
Kurio - Read the Latest News,NEWS_AND_MAGAZINES,4.2,40167.0,8.7,1000000.0,Free,0.0,Everyone,News & Magazines,"July 30, 2018",3.12.0,4.4 and up
Loop - Caribbean Local News,NEWS_AND_MAGAZINES,4.0,4332.0,12.0,1000000.0,Free,0.0,Everyone,News & Magazines,"March 16, 2018",3.0.42,4.1 and up
"AD - News, Sports, Region & Entertainment",NEWS_AND_MAGAZINES,3.7,10382.0,13.0,1000000.0,Free,0.0,Everyone,News & Magazines,"July 28, 2018",Varies with device,Varies with device
Podcast Republic - Podcast Player & Radio Player,NEWS_AND_MAGAZINES,4.5,66978.0,13.0,1000000.0,Free,0.0,Teen,News & Magazines,"August 6, 2018",Varies with device,Varies with device
Podcast App: Free & Offline Podcasts by Player FM,NEWS_AND_MAGAZINES,4.6,66384.0,19.0,1000000.0,Free,0.0,Teen,News & Magazines,"July 25, 2018",4.1.0.72,4.0 and up
Spreaker Podcast Radio,NEWS_AND_MAGAZINES,4.5,17703.0,6.6,500000.0,Free,0.0,Teen,News & Magazines,"June 7, 2018",4.10.0,4.4 and up
BeyondPod Podcast Manager,NEWS_AND_MAGAZINES,3.9,32121.0,13.0,1000000.0,Free,0.0,Everyone,News & Magazines,"April 13, 2018",Varies with device,Varies with device
Dezeen Magazine RSS Reader,NEWS_AND_MAGAZINES,4.3,350.0,14.0,10000.0,Free,0.0,Everyone,News & Magazines,"July 22, 2018",3.000.1,4.2 and up
"issuu - Read Magazines, Catalogs, Newspapers.",NEWS_AND_MAGAZINES,4.4,74425.0,8.6,1000000.0,Free,0.0,Everyone,News & Magazines,"July 18, 2018",5.14.0,4.0.3 and up
Fast News,NEWS_AND_MAGAZINES,4.4,84957.0,13.0,1000000.0,Free,0.0,Everyone 10+,News & Magazines,"January 13, 2018",Varies with device,Varies with device
LA Times: Your California News,NEWS_AND_MAGAZINES,3.6,3311.0,10.0,100000.0,Free,0.0,Everyone,News & Magazines,"April 24, 2018",4.0.1,4.2 and up
The Washington Post Classic,NEWS_AND_MAGAZINES,4.5,23158.0,13.0,1000000.0,Free,0.0,Everyone 10+,News & Magazines,"July 17, 2018",Varies with device,Varies with device
Chicago Tribune,NEWS_AND_MAGAZINES,3.6,1380.0,13.0,100000.0,Free,0.0,Everyone,News & Magazines,"July 26, 2018",Varies with device,4.1 and up
The Wall Street Journal: Business & Market News,NEWS_AND_MAGAZINES,4.1,40975.0,36.0,1000000.0,Free,0.0,Everyone 10+,News & Magazines,"August 2, 2018",4.4.2.19,4.1 and up
Financial Times,NEWS_AND_MAGAZINES,4.2,27104.0,8.2,1000000.0,Free,0.0,Everyone 10+,News & Magazines,"August 3, 2018",2.42.1.9,4.4 and up
Digg,NEWS_AND_MAGAZINES,3.9,6105.0,13.0,100000.0,Free,0.0,Teen,News & Magazines,"March 11, 2016",Varies with device,Varies with device
News360: Personalized News,NEWS_AND_MAGAZINES,4.4,30722.0,13.0,1000000.0,Free,0.0,Teen,News & Magazines,"August 2, 2018",Varies with device,Varies with device
RT News (Russia Today),NEWS_AND_MAGAZINES,4.6,56524.0,14.0,1000000.0,Free,0.0,Teen,News & Magazines,"August 6, 2018",3.5.13,4.0.3 and up
NPR News,NEWS_AND_MAGAZINES,4.0,24790.0,13.0,1000000.0,Free,0.0,Everyone,News & Magazines,"July 20, 2018",Varies with device,Varies with device
Reuters News,NEWS_AND_MAGAZINES,4.3,13169.0,25.0,1000000.0,Free,0.0,Everyone 10+,News & Magazines,"June 6, 2018",3.4.4,4.1 and up
Haystack TV: Local & World News - Free,NEWS_AND_MAGAZINES,4.3,3684.0,13.0,100000.0,Free,0.0,Everyone 10+,News & Magazines,"August 2, 2018",Varies with device,Varies with device
ABC News - US & World News,NEWS_AND_MAGAZINES,4.0,18976.0,35.0,1000000.0,Free,0.0,Everyone 10+,News & Magazines,"June 6, 2018",3.19.11,5.0 and up
Sync for reddit,NEWS_AND_MAGAZINES,4.6,62740.0,8.6,500000.0,Free,0.0,Mature 17+,News & Magazines,"June 16, 2018",16.3,4.1 and up
AP Mobile - Breaking News,NEWS_AND_MAGAZINES,4.5,76677.0,4.6,1000000.0,Free,0.0,Everyone 10+,News & Magazines,"May 25, 2017",4.4.3,4.0 and up
HuffPost - News,NEWS_AND_MAGAZINES,4.2,78154.0,12.0,1000000.0,Free,0.0,Everyone 10+,News & Magazines,"August 3, 2018",19.2.8,4.4 and up
AC - Tips & News for Android™,NEWS_AND_MAGAZINES,4.2,23292.0,14.0,1000000.0,Free,0.0,Everyone 10+,News & Magazines,"May 24, 2018",3.1.12,4.1 and up
CBS News,NEWS_AND_MAGAZINES,4.3,23641.0,23.0,1000000.0,Free,0.0,Everyone 10+,News & Magazines,"June 29, 2018",3.9.0,4.1 and up
NPR One,NEWS_AND_MAGAZINES,3.9,13217.0,8.8,1000000.0,Free,0.0,Teen,News & Magazines,"August 3, 2018",1.8.7.0,5.0 and up
JailBase - Arrests + Mugshots,NEWS_AND_MAGAZINES,4.0,17240.0,13.0,1000000.0,Free,0.0,Everyone 10+,News & Magazines,"August 3, 2018",Varies with device,4.1 and up
BaconReader for Reddit,NEWS_AND_MAGAZINES,4.5,103074.0,13.0,1000000.0,Free,0.0,Mature 17+,News & Magazines,"July 2, 2018",Varies with device,Varies with device
Mapy.cz - Cycling & Hiking offline maps,MAPS_AND_NAVIGATION,4.5,56443.0,43.0,1000000.0,Free,0.0,Everyone,Maps & Navigation,"June 26, 2018",6.2.0,4.1 and up
Map and Router Badge,MAPS_AND_NAVIGATION,4.4,3652.0,32.0,500000.0,Free,0.0,Everyone,Maps & Navigation,"July 25, 2018",4.8.1,4.1 and up
Air Traffic,MAPS_AND_NAVIGATION,4.3,14110.0,6.8,1000000.0,Free,0.0,Everyone,Maps & Navigation,"July 24, 2018",4.3,5.0 and up
Speed Cameras Radar,MAPS_AND_NAVIGATION,4.4,18710.0,4.0,1000000.0,Free,0.0,Everyone,Maps & Navigation,"August 3, 2018",3.2.2,4.0.3 and up
Atlan3D Navigation: Korea navigator,MAPS_AND_NAVIGATION,4.2,22063.0,13.0,1000000.0,Free,0.0,Everyone,Maps & Navigation,"July 31, 2018",Varies with device,Varies with device
"Mappy - Plan, route comparison, GPS",MAPS_AND_NAVIGATION,4.1,15922.0,13.0,1000000.0,Free,0.0,Everyone,Maps & Navigation,"July 26, 2018",Varies with device,Varies with device
Gps Route Finder,MAPS_AND_NAVIGATION,4.4,652.0,3.4,100000.0,Free,0.0,Everyone,Maps & Navigation,"May 26, 2018",116,4.1 and up
Czech Public Transport IDOS,MAPS_AND_NAVIGATION,4.3,26014.0,7.7,1000000.0,Free,0.0,Everyone,Maps & Navigation,"November 6, 2017",2.4.1,4.0.3 and up
Soviet Military Maps Free,MAPS_AND_NAVIGATION,4.3,21589.0,5.6,1000000.0,Free,0.0,Everyone,Maps & Navigation,"August 1, 2018",5.1.0 free,4.0 and up
"Truck Car Navi by Navitime Large size car, traffic jam, traffic closure, live camera, typhoon / precipitation map",MAPS_AND_NAVIGATION,4.2,3682.0,13.0,100000.0,Free,0.0,Everyone,Maps & Navigation,"August 2, 2018",Varies with device,Varies with device
Sentin Information Map,MAPS_AND_NAVIGATION,4.1,2909.0,5.2,100000.0,Free,0.0,Everyone,Maps & Navigation,"June 26, 2018",1.39,4.1 and up
Snapp,MAPS_AND_NAVIGATION,4.5,37937.0,25.0,1000000.0,Free,0.0,Everyone,Maps & Navigation,"August 1, 2018",3.6.7,4.0.3 and up
GPS Speedometer and Odometer,MAPS_AND_NAVIGATION,4.8,15865.0,3.3,1000000.0,Free,0.0,Everyone,Maps & Navigation,"August 3, 2018",10.0,4.1 and up
Trucker Path – Truck Stops & Weigh Stations,MAPS_AND_NAVIGATION,4.7,38375.0,49.0,1000000.0,Free,0.0,Everyone,Maps & Navigation,"July 26, 2018",3.0.2,4.1 and up
Map Coordinates,MAPS_AND_NAVIGATION,4.3,16657.0,3.6,1000000.0,Free,0.0,Everyone,Maps & Navigation,"July 17, 2018",4.7.5,4.0.3 and up
SBB Mobile,MAPS_AND_NAVIGATION,3.7,20605.0,13.0,1000000.0,Free,0.0,Everyone,Maps & Navigation,"August 6, 2018",Varies with device,Varies with device
"GPS Speedometer, Distance Meter",MAPS_AND_NAVIGATION,4.6,16094.0,5.4,1000000.0,Free,0.0,Everyone,Maps & Navigation,"July 31, 2018",2.7.2,4.0 and up
GPS Speedometer - Trip Meter - Altimeter,MAPS_AND_NAVIGATION,4.3,32225.0,3.2,1000000.0,Free,0.0,Everyone,Maps & Navigation,"July 26, 2018",2.0.0,4.2 and up
FindShip,MAPS_AND_NAVIGATION,4.2,23279.0,8.5,1000000.0,Free,0.0,Everyone,Maps & Navigation,"April 26, 2018",5.2.10,4.1 and up
ÖBB Scotty,MAPS_AND_NAVIGATION,4.2,12572.0,24.0,1000000.0,Free,0.0,Everyone,Maps & Navigation,"February 19, 2018",5.4 (30),4.0 and up
Alopec - Online Shipping System,MAPS_AND_NAVIGATION,4.3,1240.0,14.0,100000.0,Free,0.0,Everyone,Maps & Navigation,"November 2, 2017",2.4.1,4.1 and up
NAVITIME Bus Transit JAPAN,MAPS_AND_NAVIGATION,3.7,6939.0,13.0,1000000.0,Free,0.0,Everyone,Maps & Navigation,"July 23, 2018",Varies with device,Varies with device
"Dynavix - Navigation, Maps, Traffic data & Cameras",MAPS_AND_NAVIGATION,4.2,1688.0,13.0,50000.0,Free,0.0,Everyone,Maps & Navigation,"August 3, 2018",6.1.2,4.0 and up
National Rail Enquiries,MAPS_AND_NAVIGATION,3.5,18857.0,7.0,1000000.0,Free,0.0,Everyone,Maps & Navigation,"May 24, 2018",9.3.3,4.0.3 and up
ixigo Cabs-Compare & Book Taxi,MAPS_AND_NAVIGATION,4.2,11838.0,9.2,1000000.0,Free,0.0,Everyone,Maps & Navigation,"April 9, 2018",1.7.3,4.0.3 and up
A Call From Santa Claus!,FAMILY,3.9,3720.0,11.0,1000000.0,Free,0.0,Everyone,Entertainment,"December 4, 2016",4.2.3,4.0.3 and up
A Word A Day,FAMILY,3.7,2398.0,2.9,500000.0,Free,0.0,Everyone,Education,"January 5, 2017",5.8,4.0 and up
Color by Number - Draw Sandbox Pixel Art,FAMILY,4.6,10247.0,15.0,1000000.0,Free,0.0,Everyone,Entertainment,"July 27, 2018",1.3.13,4.1 and up
A+ Mobile,FINANCE,3.9,730.0,6.3,10000.0,Free,0.0,Everyone,Finance,"June 26, 2018",5.4.4,4.4 and up
Find a Way: Addictive Puzzle,FAMILY,4.8,39480.0,14.0,500000.0,Free,0.0,Everyone,Puzzle,"June 16, 2017",4.1.1,4.1 and up
CompTIA A+ Pocket Prep,FAMILY,4.3,1311.0,14.0,10000.0,Free,0.0,Everyone,Education,"July 11, 2018",4.5.2,4.4 and up
Comptia A+ 220-901 & 220-902,FAMILY,4.4,174.0,5.7,10000.0,Free,0.0,Everyone,Education,"April 19, 2018",2.0.7,4.1 and up
4 in a Row,GAME,3.8,4257.0,13.0,500000.0,Free,0.0,Everyone,Board,"May 13, 2018",Varies with device,Varies with device
LokLok: Draw on a Lock Screen,COMMUNICATION,4.1,14766.0,16.0,500000.0,Free,0.0,Teen,Communication,"September 20, 2017",0.81 beta,4.0.3 and up
CompTIA Exam Training,FAMILY,4.8,3053.0,17.0,50000.0,Free,0.0,Everyone,Education,"July 3, 2018",1.7,4.2 and up
Wolfify - Be a Werewolf,FAMILY,3.8,6760.0,26.0,500000.0,Free,0.0,Everyone,Entertainment,"June 11, 2015",1.4.6,3.2 and up
Law of Creation: A Playable Manga,GAME,4.5,13118.0,47.0,500000.0,Free,0.0,Teen,Adventure,"June 25, 2018",1.0.19,4.0.3 and up
Be A Legend: Soccer,SPORTS,3.8,85763.0,21.0,1000000.0,Free,0.0,Everyone,Sports,"August 24, 2015",2.8.0.17,3.0 and up
Four In A Line,GAME,3.8,22191.0,3.0,1000000.0,Free,0.0,Everyone,Board,"May 4, 2015",1.10,2.3 and up
B-Messenger Video Chat,SOCIAL,4.1,12495.0,19.0,1000000.0,Free,0.0,Mature 17+,Social,"August 19, 2017",7.1.1,2.3 and up
B,FINANCE,3.7,800.0,32.0,50000.0,Free,0.0,Everyone,Finance,"June 21, 2018",2.16.5426,4.4 and up
B-BLE(BLE4.0 Scan),TOOLS,3.8,159.0,7.5,10000.0,Free,0.0,Everyone,Tools,"April 20, 2018",5.5,5.0 and up
Servers Ultimate Pack B,TOOLS,4.3,668.0,13.0,50000.0,Free,0.0,Everyone,Tools,"March 31, 2016",2.1.8,2.1 and up
EMT-B Pocket Prep,MEDICAL,4.5,2948.0,16.0,50000.0,Free,0.0,Everyone,Medical,"July 11, 2018",4.5.2,4.4 and up
CARDI B WALLPAPERS,PERSONALIZATION,4.1,8.0,4.5,1000.0,Free,0.0,Everyone,Personalization,"May 21, 2018",3.1,4.0.3 and up
B Tiff Viewer,PHOTOGRAPHY,4.1,283.0,7.4,100000.0,Free,0.0,Everyone,Photography,"May 12, 2018",1.1.7.4,4.0 and up
Cardi B Wallpaper,ART_AND_DESIGN,4.8,253.0,3.7,50000.0,Free,0.0,Everyone,Art & Design,"November 1, 2017",1.0.0,4.0 and up
A & B Taxi,MAPS_AND_NAVIGATION,4.1,41.0,25.0,1000.0,Free,0.0,Everyone,Maps & Navigation,"July 4, 2018",0.19.13-SPECTRUM,4.0.3 and up
Cardi B HD Wallpapers Lock Screen,PERSONALIZATION,4.5,2.0,10.0,500.0,Free,0.0,Mature 17+,Personalization,"June 10, 2018",1.3,4.0.3 and up
C Programming,FAMILY,4.3,22248.0,1.8,1000000.0,Free,0.0,Everyone,Education,"June 28, 2015",3.0,2.3 and up
CppDroid - C/C++ IDE,FAMILY,4.1,29978.0,13.0,1000000.0,Free,0.0,Everyone,Education,"August 17, 2017",Varies with device,Varies with device
Learn C [NEW],FAMILY,4.5,349.0,11.0,50000.0,Free,0.0,Everyone,Education,"March 16, 2018",2.1.1,4.0 and up
CL Mobile - Classifieds for Craigslist,SHOPPING,4.4,27275.0,8.3,1000000.0,Free,0.0,Teen,Shopping,"July 30, 2018",27500000,4.1 and up
C Programs and Reference,BOOKS_AND_REFERENCE,4.2,873.0,2.5,50000.0,Free,0.0,Everyone,Books & Reference,"July 31, 2014",2.2,2.1 and up
Learn C++,FAMILY,4.6,73404.0,5.3,1000000.0,Free,0.0,Everyone,Education,"December 25, 2017",4.5.2,4.0 and up
C Programming Zone,FAMILY,4.6,1218.0,4.0,50000.0,Free,0.0,Everyone,Education,"May 13, 2017",3.0,4.0.3 and up
C Offline Tutorial,BOOKS_AND_REFERENCE,4.7,88.0,4.2,1000.0,Free,0.0,Everyone,Books & Reference,"December 8, 2017",1.0.1,4.1 and up
All C Programs,FAMILY,4.7,2387.0,6.9,100000.0,Free,0.0,Everyone,Education,"June 9, 2018",2.5.1,4.1 and up
CPlus for Craigslist - Officially Licensed,LIFESTYLE,4.5,8096.0,16.0,1000000.0,Free,0.0,Mature 17+,Lifestyle,"August 3, 2018",1.6.4,4.1 and up
Alt-C,PRODUCTIVITY,4.0,499.0,4.7,10000.0,Free,0.0,Everyone,Productivity,"January 27, 2017",1.37,4.0 and up
C-SPAN Radio,FAMILY,3.6,608.0,5.4,100000.0,Free,0.0,Everyone,Entertainment,"May 17, 2018",4.3.2,4.1 and up
Community by C Space,LIFESTYLE,4.7,707.0,26.0,5000.0,Free,0.0,Everyone,Lifestyle,"July 17, 2018",2.2.0,4.4 and up
My C Spire,PRODUCTIVITY,4.1,376.0,32.0,50000.0,Free,0.0,Everyone,Productivity,"July 23, 2018",2.15.1,4.4 and up
learn c in hindi,FAMILY,4.3,109.0,2.7,5000.0,Free,0.0,Everyone,Education,"June 24, 2017",4.1,4.0 and up
Learn C Programming (Examples) (OFFLINE),FAMILY,4.3,43.0,3.7,10000.0,Free,0.0,Everyone,Education,"December 16, 2017",1.0.3,4.1 and up
"C Programming - Learn Code, Theory & Discuss",FAMILY,4.5,2751.0,7.0,100000.0,Free,0.0,Everyone,Education,"June 15, 2018",3.2.8,4.0.3 and up
Expert C Programming - Learn C Coding Easily,FAMILY,4.4,77.0,6.9,5000.0,Free,0.0,Everyone,Education,"January 5, 2018",1.1.9,5.0 and up
codeEazy - C/C++/JAVA,FAMILY,4.6,130.0,2.2,10000.0,Free,0.0,Everyone,Education,"April 4, 2016",1.0.3,4.0.3 and up
Batmobile™ R/C Controller,FAMILY,3.7,452.0,30.0,100000.0,Free,0.0,Everyone,Entertainment,"February 2, 2018",1.0.8,4.4 and up
C Pattern Programs Free,FAMILY,4.5,4115.0,5.8,100000.0,Free,0.0,Everyone,Education,"July 8, 2018",7.1.0,4.0 and up
C Programs Handbook,BOOKS_AND_REFERENCE,4.0,459.0,3.1,50000.0,Free,0.0,Everyone,Books & Reference,"November 16, 2017",2.2.3.3,4.0 and up
C Functions,FAMILY,4.8,55.0,1.5,1000.0,Free,0.0,Everyone,Education,"September 26, 2015",1.0,4.0.3 and up
Learn C# - .Net - C Sharp Programming Tutorial App,FAMILY,4.0,1320.0,8.6,100000.0,Free,0.0,Everyone,Education,"June 3, 2018",4.1.0,4.1 and up
Learn Basic C - For Beginners,FAMILY,4.7,27.0,0.75390625,5000.0,Free,0.0,Everyone,Education,"January 20, 2016",1.0,3.0 and up
C Prowess,FAMILY,4.8,306.0,3.3,5000.0,Free,0.0,Everyone,Education,"June 3, 2017",1.2,4.1 and up
101 C Programming Problems,FAMILY,4.6,498.0,5.0,50000.0,Free,0.0,Everyone,Education,"October 15, 2017",2.0,4.0.3 and up
Let us C - Example Programs,FAMILY,4.3,36.0,1.1,5000.0,Free,0.0,Everyone,Education,"August 30, 2017",1.2,3.0 and up
C Examples,FAMILY,4.2,1002.0,4.4,10000.0,Free,0.0,Everyone,Education,"August 31, 2016",3.9,4.0 and up
C BOOK-C PROGRAMS,FAMILY,4.8,138.0,2.1,10000.0,Free,0.0,Everyone,Education,"September 22, 2017",1.0,3.0 and up
100+ C Programs,FAMILY,4.2,20.0,1.6,5000.0,Free,0.0,Everyone,Education,"January 3, 2017",1.0,4.0 and up
Dance School Stories - Dance Dreams Come True,FAMILY,4.4,91171.0,36.0,1000000.0,Free,0.0,Everyone,Role Playing,"August 3, 2018",1.0.8,4.1 and up
Z Ringtones PREMIUM 2018,PERSONALIZATION,4.5,10158.0,3.6,500000.0,Free,0.0,Everyone,Personalization,"March 1, 2018",1.5,4.0.3 and up
E! News,NEWS_AND_MAGAZINES,4.0,15443.0,25.0,1000000.0,Free,0.0,Teen,News & Magazines,"June 19, 2018",4.2.133,4.4 and up
E-cigarette for free,FAMILY,3.6,1354.0,4.8,500000.0,Free,0.0,Mature 17+,Entertainment,"October 23, 2017",1.0,2.3 and up
World History Quick e-Book,FAMILY,4.4,1657.0,4.9,100000.0,Free,0.0,Everyone,Education;Education,"July 17, 2018",1.35,4.1 and up
Greeting Cards & Wishes,SOCIAL,4.5,17350.0,12.0,500000.0,Free,0.0,Everyone,Social,"July 18, 2018",1.078,Varies with device
theScore esports,SPORTS,4.5,16257.0,14.0,500000.0,Free,0.0,Everyone 10+,Sports,"February 3, 2017",2.8,4.1 and up
EX File Explorer File Manager,PRODUCTIVITY,4.0,4660.0,5.9,1000000.0,Free,0.0,Everyone,Productivity,"October 6, 2016",1.0,4.0 and up
Aab e Hayat Full Novel,BOOKS_AND_REFERENCE,4.3,1476.0,41.0,100000.0,Free,0.0,Everyone,Books & Reference,"February 21, 2017",1.0,3.0 and up
E-NUM,FINANCE,4.0,10374.0,13.0,500000.0,Free,0.0,Everyone,Finance,"October 24, 2016",Varies with device,Varies with device
Synd e-Passbook,FINANCE,4.3,9400.0,6.1,1000000.0,Free,0.0,Everyone,Finance,"May 12, 2016",1.09,2.2 and up
F-Stop Gallery,PHOTOGRAPHY,4.2,12726.0,15.0,1000000.0,Free,0.0,Everyone,Photography,"July 21, 2018",4.9.18,4.1 and up
FlashLight F.Light,TOOLS,4.3,3943.0,11.0,100000.0,Free,0.0,Everyone,Tools,"May 23, 2018",1.4.2,5.0 and up
F-Secure SENSE,TOOLS,4.6,57.0,13.0,5000.0,Free,0.0,Everyone,Tools,"July 4, 2018",1.0.988,5.0 and up
Super Car F. Mod for MCPE,GAME,3.6,214.0,4.9,50000.0,Free,0.0,Everyone,Adventure,"July 19, 2018",3.0.1,4.2 and up
F-Secure KEY Password manager,TOOLS,4.2,2588.0,7.6,100000.0,Free,0.0,Everyone,Tools,"June 27, 2018",4.7.4,4.0 and up
Inputting Plus: Ctrl + Z/F/C/V,PRODUCTIVITY,4.2,1117.0,3.0,50000.0,Free,0.0,Everyone,Productivity,"October 18, 2017",1.0.6,5.0 and up
CTRL-F - Search the real world,PRODUCTIVITY,4.4,607.0,37.0,50000.0,Free,0.0,Everyone,Productivity,"July 24, 2016",1.1,4.0.3 and up
F-Secure SAFE,TOOLS,4.3,9433.0,9.3,500000.0,Free,0.0,Everyone,Tools,"July 30, 2018",17.4.0014017,5.0 and up
MHD F-Series,AUTO_AND_VEHICLES,4.9,73.0,23.0,1000.0,Free,0.0,Everyone,Auto & Vehicles,"June 5, 2018",version 0.994,3.2 and up
F-Secure AV Test,TOOLS,4.5,1250.0,0.2353515625,50000.0,Free,0.0,Everyone,Tools,"March 6, 2018",1.0.1,4.0.3 and up
F-Secure Mobile Security,TOOLS,4.2,13096.0,9.2,500000.0,Free,0.0,Everyone,Tools,"July 30, 2018",17.4.0014017,5.0 and up
f'east,LIFESTYLE,3.8,38.0,4.8,5000.0,Free,0.0,Everyone,Lifestyle,"April 17, 2018",2.6.3,4.0 and up
HumorCast - Authentic Weather,WEATHER,4.4,6495.0,40.0,100000.0,Free,0.0,Teen,Weather,"July 12, 2018",4.4.4,4.4 and up
F & M Mobile Banking,FINANCE,4.0,43.0,13.0,5000.0,Free,0.0,Everyone,Finance,"February 20, 2018",4.5.0,4.0 and up
F,TOOLS,4.3,6.0,4.9,500.0,Free,0.0,Everyone,Tools,"May 15, 2018",1.0.2,4.0 and up
RPG End of Aspiration F,FAMILY,4.4,20368.0,31.0,500000.0,Free,0.0,Teen,Role Playing,"December 15, 2016",3.0.0fr,2.3 and up
F-Secure Freedome for Business,BUSINESS,3.8,183.0,9.9,50000.0,Free,0.0,Everyone,Business,"July 16, 2018",2.5.1.7594.psb,4.0.3 and up
"f.lux (preview, root-only)",HEALTH_AND_FITNESS,3.7,5559.0,3.7,500000.0,Free,0.0,Everyone,Health & Fitness,"March 15, 2016",22.0,4.0.3 and up
Convert degree Celsius to Fahrenheit or °F to °C,TOOLS,4.4,51.0,2.1,5000.0,Free,0.0,Everyone,Tools,"May 21, 2018",1.5.8,4.0 and up
F-Gas Solutions,BUSINESS,4.2,127.0,1.4,10000.0,Free,0.0,Everyone,Business,"October 7, 2016",2.1.3,4.0 and up
Rolling G Sky,GAME,3.6,2065.0,25.0,100000.0,Free,0.0,Everyone,Adventure,"January 25, 2017",1.0,2.3.3 and up
G-Switch 2,GAME,4.4,12683.0,19.0,1000000.0,Free,0.0,Everyone,Action,"February 5, 2018",1.1,2.3 and up
G-Switch 3,GAME,4.6,3656.0,39.0,100000.0,Free,0.0,Everyone,Action,"March 15, 2018",1.1.3,3.0 and up
Share G - Images Sharing - Wallpapers App,SOCIAL,4.4,120.0,2.3,10000.0,Free,0.0,Teen,Social,"October 5, 2017",1.0,4.0.3 and up
G-Switch,GAME,3.8,4116.0,8.8,100000.0,Free,0.0,Everyone,Action,"September 1, 2015",1.3.4,2.3 and up
Offroad G-Class 2018,FAMILY,4.4,7715.0,28.0,500000.0,Free,0.0,Everyone,Simulation,"June 29, 2018",1.7,4.1 and up
My G:,MAPS_AND_NAVIGATION,3.7,96.0,14.0,10000.0,Free,0.0,Everyone,Maps & Navigation,"November 14, 2017",1.4.0,4.1 and up
Speedometer with G-FORCE meter,TOOLS,3.8,415.0,2.7,50000.0,Free,0.0,Everyone,Tools,"June 1, 2017",7.0,2.3 and up
Radial-G : Infinity,GAME,3.6,517.0,47.0,50000.0,Free,0.0,Everyone,Arcade,"December 7, 2015",1.4,4.1 and up
G-REMOTE,HOUSE_AND_HOME,4.5,30.0,25.0,1000.0,Free,0.0,Everyone,House & Home,"August 1, 2018",2.4,4.0.3 and up
Car G-Force Meter,TOOLS,4.2,184.0,1.3,10000.0,Free,0.0,Everyone,Tools,"July 29, 2017",2.23,4.0 and up
DNS Changer - BEST (Gprs/Edge/3G/H/H+/4G),TOOLS,4.3,123.0,1.9,5000.0,Free,0.0,Everyone,Tools,"September 30, 2017",1.2,4.0 and up
صور حرف H,ART_AND_DESIGN,4.4,13.0,4.5,1000.0,Free,0.0,Everyone,Art & Design,"March 27, 2018",2.0,4.0.3 and up
H!LooK - Dating,DATING,4.2,46.0,26.0,10000.0,Free,0.0,Mature 17+,Dating,"July 29, 2018",2.1.6,5.0 and up
H-Connect,HEALTH_AND_FITNESS,4.0,50.0,15.0,5000.0,Free,0.0,Everyone,Health & Fitness,"July 3, 2018",2.14,4.4 and up
AntennaPict β,COMMUNICATION,4.3,15439.0,2.2,1000000.0,Free,0.0,Everyone,Communication,"November 7, 2016",2.0.0,2.3 and up
Elkhart County 4-H Fair,FAMILY,3.9,38.0,42.0,5000.0,Free,0.0,Everyone,Entertainment,"April 6, 2018",5055.524.5,4.1 and up
H letter images,SOCIAL,4.3,17.0,8.5,1000.0,Free,0.0,Teen,Social,"June 28, 2018",16.7,4.0.3 and up
H Band,HEALTH_AND_FITNESS,4.0,214.0,8.9,10000.0,Free,0.0,Everyone,Health & Fitness,"June 13, 2018",3.0.2,4.4 and up
MJX H,FAMILY,3.7,126.0,13.0,10000.0,Free,0.0,Everyone,Entertainment,"August 22, 2017",1.0-build20170819,4.1 and up
H-Kakashi - theme Xperia™,PERSONALIZATION,4.6,621.0,5.4,50000.0,Free,0.0,Everyone,Personalization,"December 1, 2017",a.2,4.4 and up
RC City Police Heavy Traffic Racer,GAME,4.4,3250.0,27.0,1000000.0,Free,0.0,Everyone,Racing,"July 19, 2018",1.2,4.0 and up
"Alphabet ""H"" Passcode Lock Screen",PERSONALIZATION,4.5,2.0,3.0,100.0,Free,0.0,Everyone,Personalization,"December 21, 2017",1.0,4.1 and up
Add-On: Alcatel (h),PRODUCTIVITY,4.5,107.0,1.2,50000.0,Free,0.0,Everyone,Productivity,"May 19, 2015",10.0.3148,4.0 and up
My Android Device S/W & H/W,FAMILY,4.5,681.0,2.8,50000.0,Free,0.0,Everyone,Education,"November 20, 2015",1.1,2.3 and up
ADMIRALTY H-Note,BUSINESS,4.5,176.0,19.0,10000.0,Free,0.0,Everyone,Business,"October 25, 2016",2.0,5.0 and up
Force LTE Only,TOOLS,4.1,10426.0,7.2,1000000.0,Free,0.0,Everyone,Tools,"February 4, 2018",1.4,4.0 and up
Helix,GAME,3.9,2454.0,37.0,500000.0,Free,0.0,Everyone,Arcade,"September 10, 2017",1.2,4.0 and up
I am Nose Doctor -Save my Nose,FAMILY,4.2,3133.0,34.0,500000.0,Free,0.0,Everyone,Casual,"January 4, 2016",1.1.1,3.1 and up
What was I in my Past Life,FAMILY,3.7,7453.0,6.5,1000000.0,Free,0.0,Everyone,Entertainment,"December 19, 2017",2.1,4.1 and up
I Screen Dialer,TOOLS,4.1,8137.0,3.9,1000000.0,Free,0.0,Everyone,Tools,"February 25, 2018",1.11,4.3 and up
I'm Ping Pong King :),SPORTS,4.4,29864.0,40.0,1000000.0,Free,0.0,Everyone,Sports,"July 26, 2018",2.5,4.1 and up
FollowMeter for Instagram,SOCIAL,4.4,90082.0,8.8,1000000.0,Free,0.0,Everyone,Social,"May 22, 2018",2.44,4.1 and up
I LOVE PASTA,FAMILY,4.0,83875.0,43.0,1000000.0,Free,0.0,Everyone,Simulation,"September 8, 2017",1.6.1,2.3.3 and up
J Touch,TOOLS,4.6,2176.0,0.9306640625,100000.0,Free,0.0,Everyone,Tools,"August 1, 2018",1.5.1-GP,4.1 and up
The J-Notes: Jazz News,SPORTS,4.3,7.0,7.2,1000.0,Free,0.0,Everyone 10+,Sports,"February 28, 2018",5.2.2,4.1 and up
J-UFO,FAMILY,3.5,339.0,13.0,100000.0,Free,0.0,Everyone,Entertainment,"December 12, 2017",Varies with device,4.0.3 and up
J. Cole Rapper Wallpaper HD,PERSONALIZATION,4.1,8.0,3.1,1000.0,Free,0.0,Everyone,Personalization,"January 11, 2018",1.0,4.1 and up
Keyboard for Sony Xperia J,PERSONALIZATION,4.1,797.0,6.7,50000.0,Free,0.0,Everyone,Personalization,"July 29, 2018",1.279.13.98,4.0.3 and up
Harris J Lyrics,FAMILY,4.7,36.0,7.1,1000.0,Free,0.0,Everyone,Entertainment,"March 12, 2018",1.3,4.0.3 and up
J Balvin Piano Tiles,GAME,4.3,6.0,30.0,500.0,Free,0.0,Everyone,Music,"May 15, 2018",2.0,4.1 and up
Guess the song of J Balvin,GAME,4.3,28.0,8.9,1000.0,Free,0.0,Everyone,Trivia,"December 24, 2017",1.1,4.1 and up
J-Stars Victory VS Guide,GAME,4.1,609.0,13.0,10000.0,Free,0.0,Everyone,Action,"May 14, 2014",1.7,2.2 and up
2048 BTS J Hope KPop Puzzle Game,FAMILY,4.7,17.0,2.4,1000.0,Free,0.0,Everyone,Puzzle,"September 26, 2017",1,2.3.3 and up
J. Polep Plus Mobile,PRODUCTIVITY,4.3,0.0,44.0,100.0,Free,0.0,Everyone,Productivity,"March 26, 2018",1.1.4,5.0 and up
J. Cole Albums (2007-2017),FAMILY,4.6,7.0,7.3,1000.0,Free,0.0,Mature 17+,Entertainment,"April 11, 2018",1.3,4.0.3 and up
J Dark Ice Substratum Theme,PERSONALIZATION,4.5,164.0,33.0,10000.0,Free,0.0,Everyone,Personalization,"July 19, 2018",4.3,6.0 and up
BTS J-Hope Wallpaper KPOP Fans HD,PERSONALIZATION,4.7,98.0,3.4,10000.0,Free,0.0,Everyone,Personalization,"May 19, 2018",1.1.1,4.0 and up
BTS j-hope LINE Launcher theme,PERSONALIZATION,4.9,934.0,3.8,10000.0,Free,0.0,Everyone,Personalization,"October 17, 2014",4.1,4.0.3 and up
BTS J-Hope Wallpaper HD for KPOP Fans,PERSONALIZATION,4.3,4.0,3.6,500.0,Free,0.0,Everyone,Personalization,"July 26, 2018",2.1.4,4.0 and up
K Health,HEALTH_AND_FITNESS,4.1,290.0,40.0,50000.0,Free,0.0,Teen,Health & Fitness,"July 22, 2018",1.7.2992,4.1 and up
CIRCLE K,SHOPPING,4.4,9140.0,14.0,500000.0,Free,0.0,Everyone,Shopping,"July 31, 2018",5.9.0,4.4 and up
K-@ Mail - Email App,COMMUNICATION,4.1,1760.0,13.0,100000.0,Free,0.0,Everyone,Communication,"July 23, 2016",Varies with device,Varies with device
Sight Words Pre-K to Grade-3,FAMILY,4.4,1185.0,40.0,100000.0,Free,0.0,Everyone,Educational;Education,"June 17, 2018",1.5.1,4.1 and up
[Substratum] K-Manager for K-Klock,PERSONALIZATION,4.5,14.0,11.0,1000.0,Free,0.0,Everyone,Personalization,"July 31, 2018",31,7.0 and up
K keyboard - Myanmar,TOOLS,4.8,1955.0,14.0,100000.0,Free,0.0,Everyone,Tools,"March 17, 2018",1.0.8,4.1 and up
K-Chiing VPN (Free),TOOLS,3.7,43.0,10.0,5000.0,Free,0.0,Mature 17+,Tools,"July 24, 2018",2.1.2,4.1 and up
Preschool All-In-One,FAMILY,4.1,9019.0,44.0,1000000.0,Free,0.0,Everyone,Casual;Education,"March 28, 2018",6.6,4.0 and up
OST),FAMILY,3.7,4444.0,10.0,500000.0,Free,0.0,Everyone,Entertainment,"July 6, 2018",3.0.12,4.1 and up
Radio K - KUOM,FAMILY,4.5,39.0,7.4,1000.0,Free,0.0,Everyone,Entertainment,"March 9, 2018",3.0.57,4.1 and up
Speech Therapy: K,FAMILY,4.3,2.0,15.0,1000.0,Free,0.0,Everyone,Education,"October 7, 2016",1.0,2.3.3 and up
K-Otic Universe,FAMILY,4.9,55.0,40.0,1000.0,Free,0.0,Everyone,Puzzle,"August 3, 2018",108,4.1 and up
CASE K-12 Math English Science,FAMILY,4.6,60.0,2.1,10000.0,Free,0.0,Everyone,Education,"May 1, 2016",1.0,2.2 and up
Mermaid Princess Pre K Games,FAMILY,4.3,19.0,31.0,5000.0,Free,0.0,Everyone,Educational;Education,"June 29, 2018",3.01,4.1 and up
K-App Mitarbeiter Galeria Kaufhof,PRODUCTIVITY,4.3,0.0,19.0,100.0,Free,0.0,Everyone,Productivity,"July 10, 2018",3.27.1,4.4 and up
"Niche: College, K-12, and Neighborhood Search",LIFESTYLE,4.0,42.0,26.0,5000.0,Free,0.0,Everyone,Lifestyle,"July 6, 2018",1.0.1,4.4 and up
"K-Spapp, the K-Space app",FAMILY,4.8,39.0,3.6,1000.0,Free,0.0,Everyone,Education,"February 9, 2017",1.53,4.0.3 and up
"Math Quiz Free: Grades K,1,2,3",FAMILY,4.3,159.0,13.0,10000.0,Free,0.0,Everyone,Education;Education,"February 3, 2015",1.0,4.0 and up
K-9 Material (unofficial),COMMUNICATION,4.4,64.0,4.5,5000.0,Free,0.0,Teen,Communication,"March 27, 2017",5.206,5.0 and up
Discovery K!ds Play! Español,FAMILY,4.2,11263.0,35.0,1000000.0,Free,0.0,Everyone,Entertainment;Music & Video,"May 3, 2018",2.1.0.2173,4.0.3 and up
Wallpapers Bus Scania Irizar K,PERSONALIZATION,4.3,35.0,15.0,10000.0,Free,0.0,Teen,Personalization,"April 21, 2016",1.0,2.3.3 and up
K-pop Music,FAMILY,4.0,369.0,3.5,10000.0,Free,0.0,Everyone,Entertainment,"January 11, 2017",2.0.0,2.3 and up
Korean Dungeon: K-Word 1000,GAME,4.7,703.0,40.0,10000.0,Free,0.0,Everyone 10+,Word,"November 17, 2017",1.0.4,4.1 and up
"Messenger L SMS, MMS",PERSONALIZATION,4.0,6263.0,20.0,500000.0,Free,0.0,Everyone,Personalization,"July 12, 2018",7.46,2.3 and up
EXO-L,FAMILY,4.6,67410.0,0.8447265625,1000000.0,Free,0.0,Everyone,Entertainment,"November 2, 2017",1.0.9,2.2 and up
Calculator L,PRODUCTIVITY,4.5,2965.0,2.4,100000.0,Free,0.0,Everyone,Productivity,"May 10, 2015",1.1.3,4.3 and up
Emoji Android L Keyboard,PRODUCTIVITY,4.0,11535.0,6.8,1000000.0,Free,0.0,Everyone,Productivity,"December 7, 2017",1.42,4.0 and up
Lollipop Keyboard L Pro,PERSONALIZATION,3.6,5525.0,2.6,500000.0,Free,0.0,Everyone,Personalization,"June 6, 2016",1.6,2.3 and up
French to English Speaking - Apprendre l' Anglais,FAMILY,4.5,4251.0,13.0,1000000.0,Free,0.0,Everyone,Education,"April 27, 2018",23.0,4.0.3 and up
Clock L,PERSONALIZATION,3.9,2852.0,5.4,100000.0,Free,0.0,Everyone,Personalization,"September 7, 2015",1.3,4.0 and up
Dialer theme Droid L,PERSONALIZATION,4.3,1734.0,2.8,100000.0,Free,0.0,Mature 17+,Personalization,"April 2, 2016",4.0,4.0.3 and up
SPEED L,SHOPPING,4.3,85.0,2.9,50000.0,Free,0.0,Everyone,Shopping,"June 26, 2018",1.24,4.4 and up
Je Parle ANGLAIS - Apprendre l’anglais Audio cours,FAMILY,4.4,499.0,27.0,100000.0,Free,0.0,Everyone,Education,"March 13, 2018",2.4,4.0.3 and up
M-Files,BUSINESS,4.4,236.0,44.0,10000.0,Free,0.0,Everyone,Business,"June 26, 2018",3.1.1,4.4 and up
M Launcher -Marshmallow 6.0,PERSONALIZATION,4.4,37234.0,7.3,1000000.0,Free,0.0,Everyone,Personalization,"March 22, 2018",1.4.9,4.1 and up
"Mobizen Screen Recorder for LG - Record, Capture",VIDEO_PLAYERS,4.5,58820.0,37.0,1000000.0,Free,0.0,Everyone,Video Players & Editors,"April 26, 2018",3.5.1.8,4.4 and up
M3-X5-X6-M-İ3-İ8 RACİNG 2018,GAME,4.4,596.0,44.0,100000.0,Free,0.0,Everyone,Arcade,"February 12, 2017","1,01",4.0 and up
360-M Flight,TOOLS,3.9,84.0,24.0,10000.0,Free,0.0,Everyone,Tools,"December 14, 2017",2.18,4.0.3 and up
M-acceleration 3D Car Racing,GAME,3.9,1202.0,34.0,100000.0,Free,0.0,Everyone,Racing,"June 28, 2018",1.6,4.1 and up
M+,NEWS_AND_MAGAZINES,4.9,198.0,9.1,10000.0,Free,0.0,Everyone,News & Magazines,"May 29, 2018",3.2.2,5.0 and up
Super Hero M Craft Run,GAME,3.7,303.0,38.0,100000.0,Free,0.0,Everyone,Arcade,"July 12, 2017",1.6,4.0.3 and up
GTS-M,TOOLS,4.2,38.0,0.2451171875,5000.0,Free,0.0,Everyone,Tools,"January 26, 2017",1.4,1.6 and up
M star Dialer,COMMUNICATION,3.5,400.0,4.2,100000.0,Free,0.0,Everyone,Communication,"March 20, 2017",3.8.8,2.2 and up
I’m Expecting - Pregnancy App,HEALTH_AND_FITNESS,4.6,71266.0,49.0,1000000.0,Free,0.0,Everyone,Health & Fitness,"March 30, 2018",2.3.2,4.0.3 and up
M Notifier for M Launcher,TOOLS,4.2,2803.0,1.4,100000.0,Free,0.0,Everyone,Tools,"February 15, 2017",1.0.4,4.0 and up
M Theme - Dark Green Icon Pack,PERSONALIZATION,4.2,202.0,4.9,10000.0,Free,0.0,Everyone,Personalization,"November 16, 2016",1.2.3,3.0 and up
m-Faisaa,FINANCE,4.0,142.0,6.2,10000.0,Free,0.0,Everyone,Finance,"July 13, 2018",5.3,4.0.3 and up
Diabetes:M,MEDICAL,4.6,15537.0,13.0,100000.0,Free,0.0,Everyone,Medical,"August 1, 2018",6.1.3,Varies with device
m.ride - your motorcycle app,AUTO_AND_VEHICLES,4.5,189.0,16.0,10000.0,Free,0.0,Everyone,Auto & Vehicles,"July 3, 2018",1.1.6,6.0 and up
N Launcher: Nougat Theme,PERSONALIZATION,4.2,128.0,7.7,10000.0,Free,0.0,Everyone,Personalization,"June 13, 2017",1.0,4.1 and up
Dino in City-Dinosaur N Police,FAMILY,3.7,10035.0,30.0,1000000.0,Free,0.0,Teen,Simulation,"May 23, 2018",2.07,4.1 and up
Cops N Robbers 2,GAME,4.1,63680.0,46.0,1000000.0,Free,0.0,Everyone 10+,Adventure,"June 2, 2018",2.2.2,4.1 and up
N Launcher - Nougat 7.0,PERSONALIZATION,4.4,32597.0,8.4,1000000.0,Free,0.0,Everyone,Personalization,"May 24, 2018",1.5.2,4.1 and up
Tap N Pay,PRODUCTIVITY,4.4,253.0,8.2,10000.0,Free,0.0,Everyone,Productivity,"July 31, 2018",0.1.22,4.1 and up
Dual N-Back - Brain game,FAMILY,4.3,817.0,28.0,100000.0,Free,0.0,Everyone,Educational,"May 25, 2018",2.4.2,4.1 and up
N Files - File Manager & Explorer,PRODUCTIVITY,4.3,369.0,11.0,10000.0,Free,0.0,Everyone,Productivity,"July 18, 2018",2.9.5,4.1 and up
Mopar Drag N Brag,GAME,4.2,30630.0,17.0,1000000.0,Free,0.0,Everyone,Racing,"May 25, 2015",1.2.5,4.1 and up
Read Unlimitedly! Kids'n Books,FAMILY,3.8,7462.0,31.0,1000000.0,Free,0.0,Everyone,Education;Music & Video,"February 16, 2018",3.42,2.3 and up
Eat'n Park,LIFESTYLE,3.5,292.0,20.0,50000.0,Free,0.0,Everyone,Lifestyle,"December 18, 2017",3.1.3,4.0 and up
Rock N' Cash Casino Slots -Free Vegas Slot Games,GAME,4.7,6187.0,33.0,100000.0,Free,0.0,Teen,Casino,"July 27, 2018",1.15.0,4.0.3 and up
Sketch 'n' go,VIDEO_PLAYERS,3.8,3965.0,6.4,100000.0,Free,0.0,Everyone,Video Players & Editors,"March 26, 2018",2.2.9,4.1 and up
Rock n Roll Music Quiz Game,GAME,3.7,80.0,7.6,10000.0,Free,0.0,Everyone,Trivia,"June 6, 2018",5.0,4.1 and up
N-Back,FAMILY,4.1,413.0,0.908203125,10000.0,Free,0.0,Everyone,Puzzle,"February 15, 2016",1.6,2.1 and up
O Launcher 8.0 for Android™ O Oreo Launcher,TOOLS,4.4,11393.0,8.7,1000000.0,Free,0.0,Everyone,Tools,"July 27, 2018",3.9,4.4 and up
WiFi-o-Matic,PRODUCTIVITY,4.0,736.0,6.8,50000.0,Free,0.0,Everyone,Productivity,"February 1, 2018",1.80.03,4.1 and up
O Shopping,SHOPPING,3.9,671.0,3.6,100000.0,Free,0.0,Everyone,Shopping,"July 23, 2018",1.1.2,4.0.3 and up
AC Remote for O General - NOW FREE,TOOLS,3.7,274.0,26.0,50000.0,Free,0.0,Everyone,Tools,"July 30, 2018",6.1.7,4.2 and up
Drink-O-Tron The Drinking Game,GAME,4.1,140.0,45.0,50000.0,Free,0.0,Mature 17+,Card,"May 31, 2017",1.64,4.0.3 and up
Multiling O Keyboard + emoji,PRODUCTIVITY,4.3,30443.0,0.52734375,1000000.0,Free,0.0,Everyone,Productivity,"July 3, 2018",0.54.2.4,2.1 and up
Google I/O 2018,BOOKS_AND_REFERENCE,4.3,22401.0,4.6,500000.0,Free,0.0,Everyone,Books & Reference,"May 7, 2018",6.1.2,5.0 and up
OO Launcher for Android O 8.0 Oreo™ Launcher,PERSONALIZATION,4.4,14832.0,8.6,1000000.0,Free,0.0,Everyone,Personalization,"August 3, 2018",4.6,4.0 and up
Band O'Clock,LIFESTYLE,3.8,1140.0,0.728515625,100000.0,Free,0.0,Everyone,Lifestyle,"December 3, 2011",0.11,2.1 and up
O Launcher,TOOLS,4.3,2059.0,10.0,100000.0,Free,0.0,Everyone,Tools,"May 22, 2018",1.1.4,5.0 and up
Verdad o Reto,SOCIAL,3.8,826.0,5.1,500000.0,Free,0.0,Teen,Social,"May 10, 2018",2.0,4.1 and up
O-Level Past Papers & Solution (up to 2017),FAMILY,3.8,589.0,28.0,100000.0,Free,0.0,Everyone,Education,"June 11, 2018",8.3.2,4.0.3 and up
"O Multiple - App Cloner, Duals APP, tarallel",TOOLS,3.9,145.0,5.2,50000.0,Free,0.0,Everyone,Tools,"May 15, 2018",1.0.7,4.1 and up
P Icon Pack for Pixel,PERSONALIZATION,4.4,38.0,51.0,1000.0,Free,0.0,Everyone,Personalization,"May 6, 2018",1.0.3,4.1 and up
"Super P Launcher for Android P 9.0 launcher, theme",TOOLS,4.4,2026.0,7.5,100000.0,Free,0.0,Everyone,Tools,"August 3, 2018",1.9,4.0 and up
pixiv,SOCIAL,4.2,86956.0,24.0,1000000.0,Free,0.0,Mature 17+,Social,"August 3, 2018",5.0.109,4.4 and up
P Launcher for Android™ 9.0,PERSONALIZATION,3.9,35.0,6.3,5000.0,Free,0.0,Everyone,Personalization,"July 1, 2018",0.9.3,5.0 and up
P Launcher Theme For Android™ 9.0,PERSONALIZATION,3.9,213.0,28.0,10000.0,Free,0.0,Everyone,Personalization,"May 18, 2018",1.4,4.0 and up
P Theme for Android™ P 9.0 Style Launcher,PERSONALIZATION,4.5,216.0,5.7,50000.0,Free,0.0,Everyone,Personalization,"April 13, 2018",1.4,4.1 and up
Android P Wallpapers,PERSONALIZATION,3.6,53.0,2.0,5000.0,Free,0.0,Everyone,Personalization,"February 12, 2018",1,4.0.3 and up
P XPERIA Theme™ | Design For SONY 🎨,PERSONALIZATION,4.4,147.0,16.0,10000.0,Free,0.0,Everyone,Personalization,"May 28, 2018",1.0.0,4.4 and up
Theme for New Android P,PERSONALIZATION,4.3,13.0,4.3,1000.0,Free,0.0,Everyone,Personalization,"May 23, 2018",1.1.4,4.0 and up
P9 Launcher - Android™ 9.0 P Launcher Style,TOOLS,4.3,1162.0,7.3,100000.0,Free,0.0,Everyone,Tools,"July 6, 2018",2.5,4.1 and up
Android P Stock Wallpapers,PERSONALIZATION,4.5,16.0,3.7,1000.0,Free,0.0,Everyone,Personalization,"August 1, 2018",2.3.0,5.0 and up
G-Pix [Android P] Dark EMUI 8/5 THEME,PERSONALIZATION,4.1,169.0,24.0,10000.0,Free,0.0,Everyone,Personalization,"March 25, 2018",7,4.4 and up
G-Pix [Android P] EMUI 8/5 THEME,PERSONALIZATION,4.1,720.0,10.0,100000.0,Free,0.0,Everyone,Personalization,"March 13, 2018",12,4.4 and up
Android-P Mono Grey EMUI 8/5 Theme,PERSONALIZATION,4.5,61.0,7.5,10000.0,Free,0.0,Everyone,Personalization,"April 4, 2018",4,4.4 and up
P XPERIA Theme™ | PURPLE - Design For SONY 🎨,PERSONALIZATION,4.3,3.0,13.0,500.0,Free,0.0,Everyone,Personalization,"June 5, 2018",1.0.0,4.4 and up
Materialistic P Wallpapers,PERSONALIZATION,4.8,24.0,3.6,1000.0,Free,0.0,Everyone,Personalization,"August 3, 2018",2.244,5.0 and up
Android P Rotation,TOOLS,4.5,502.0,2.0,10000.0,Free,0.0,Everyone,Tools,"July 15, 2018",1.5,5.0 and up
P XPERIA Theme™ | INDIGO - Design For SONY 🎨,PERSONALIZATION,4.3,12.0,14.0,1000.0,Free,0.0,Everyone,Personalization,"June 5, 2018",1.0.0,4.4 and up
Android P Launcher 9.0 launcher,TOOLS,4.0,164.0,2.3,10000.0,Free,0.0,Everyone,Tools,"April 23, 2018",1.0,5.0 and up
Pi Dark [substratum],PERSONALIZATION,4.5,189.0,2.1,10000.0,Free,0.0,Everyone,Personalization,"March 27, 2018",1.1,4.1 and up
"Official QR Code® Reader ""Q""",PRODUCTIVITY,4.4,3031.0,13.0,500000.0,Free,0.0,Everyone,Productivity,"March 23, 2018",Varies with device,Varies with device
Q Cat Live Wallpaper,PERSONALIZATION,4.2,4383.0,7.1,500000.0,Free,0.0,Teen,Personalization,"March 16, 2015",2.7,2.3.3 and up
Offroad Car Q,FAMILY,4.1,24668.0,40.0,1000000.0,Free,0.0,Everyone,Simulation,"August 4, 2016",1.0.2,2.3.3 and up
Gun Shoot War Q,GAME,4.2,26893.0,20.0,1000000.0,Free,0.0,Teen,Arcade,"March 1, 2017",1.0.5,2.3 and up
Q Actions - Digital Assistant,PRODUCTIVITY,4.3,0.0,13.0,500.0,Free,0.0,Everyone,Productivity,"July 20, 2018",Varies with device,Varies with device
Q Link Wireless Zone,PRODUCTIVITY,4.0,2194.0,17.0,500000.0,Free,0.0,Everyone,Productivity,"March 8, 2018",2.0.4,4.4 and up
Q Avatar (Avatar Maker),COMICS,4.4,2012.0,3.6,100000.0,Free,0.0,Everyone,Comics,"March 4, 2017",1.3.5,2.3 and up
Q downloader : download your social media videos,FAMILY,4.1,41.0,4.5,1000.0,Free,0.0,Everyone,Entertainment,"June 21, 2018",1.1.2.1,4.0.3 and up
Q Wunder,FAMILY,3.8,156.0,43.0,10000.0,Free,0.0,Everyone,Education;Education,"June 30, 2018",2.0.13,4.1 and up
Q Remote Control,TOOLS,3.8,4264.0,14.0,500000.0,Free,0.0,Everyone,Tools,"July 12, 2014",2.6.1,2.3 and up
Q-Ticketing,MAPS_AND_NAVIGATION,3.8,114.0,19.0,10000.0,Free,0.0,Everyone,Maps & Navigation,"December 18, 2017",1.8.3111,4.3 and up
myQ,TOOLS,3.6,3642.0,29.0,100000.0,Free,0.0,Everyone,Tools,"July 23, 2018",3.2.0,4.0.3 and up
Q Operator,BUSINESS,4.6,60.0,13.0,1000.0,Free,0.0,Everyone,Business,"November 8, 2016",1.10.4,4.3 and up
Q Call,TOOLS,4.3,20.0,16.0,1000.0,Free,0.0,Everyone,Tools,"July 16, 2018",2.100,4.0 and up
Q Mobile Banking,FINANCE,4.7,460.0,12.0,10000.0,Free,0.0,Everyone,Finance,"June 26, 2018",5.9.1.0,5.0 and up
Q Quiz SK,FAMILY,3.9,159.0,39.0,5000.0,Free,0.0,Everyone,Education,"December 8, 2015",2.3,2.3 and up
Big Q Car Service,MAPS_AND_NAVIGATION,4.4,75.0,26.0,5000.0,Free,0.0,Everyone,Maps & Navigation,"May 15, 2017",3.002,4.0.3 and up
Q-See QT View,TOOLS,3.6,7357.0,19.0,100000.0,Free,0.0,Everyone,Tools,"July 12, 2018",4.4.1,5.0 and up
"DataCamp - Learn R, Python & SQL",FAMILY,4.4,944.0,12.0,100000.0,Free,0.0,Everyone,Education,"August 1, 2018",3.1.0,4.1 and up
R Language Reference Guide,BOOKS_AND_REFERENCE,3.9,54.0,2.8,10000.0,Free,0.0,Everyone,Books & Reference,"December 24, 2017",1.11,4.0 and up
Run R Script - Online Statistical Data Analysis,FAMILY,3.9,8.0,6.2,1000.0,Free,0.0,Everyone,Education,"April 4, 2018",1.1 Build 226,2.2 and up
R Programming Language,FAMILY,3.8,39.0,2.9,1000.0,Free,0.0,Everyone,Education,"December 21, 2017",1.0,4.2 and up
R Programming,FAMILY,4.3,2.0,5.9,1000.0,Free,0.0,Everyone,Education,"November 21, 2017",1.0,4.0.3 and up
Learn R Programming Full,BOOKS_AND_REFERENCE,4.3,11.0,9.2,5000.0,Free,0.0,Everyone,Books & Reference,"January 30, 2018",1.5,5.0 and up
R Programming Tutorial,FAMILY,4.3,5.0,2.8,1000.0,Free,0.0,Everyone,Education,"May 14, 2017",1.0,4.0.3 and up
R Programing Offline Tutorial,BOOKS_AND_REFERENCE,5.0,4.0,3.9,1000.0,Free,0.0,Everyone,Books & Reference,"March 15, 2018",1.0.0,4.1 and up
Learn R Language Easy Way,FAMILY,4.1,17.0,2.2,10000.0,Free,0.0,Everyone,Education,"September 24, 2017",1.22,4.0.3 and up
.R,TOOLS,4.5,259.0,0.1982421875,10000.0,Free,0.0,Everyone,Tools,"September 16, 2014",1.1.06,1.5 and up
Guide for R Programming,BOOKS_AND_REFERENCE,4.3,0.0,3.7,5.0,Free,0.0,Everyone,Books & Reference,"May 25, 2018",1.0.0,4.1 and up
R Programming Solution,FAMILY,3.9,169.0,7.7,10000.0,Free,0.0,Everyone,Education,"June 20, 2016",1.0.3,4.0 and up
Learn R - Programming Concepts,FAMILY,3.5,6.0,2.9,1000.0,Free,0.0,Everyone,Education,"April 25, 2017",1.0.1,4.0.3 and up
Learn R Programming,BOOKS_AND_REFERENCE,4.3,0.0,29.0,10.0,Free,0.0,Everyone,Books & Reference,"April 28, 2018",1.0,4.1 and up
R Quick Reference Big Data,BOOKS_AND_REFERENCE,4.3,6.0,3.6,1000.0,Free,0.0,Everyone,Books & Reference,"May 29, 2017",1.2,2.3 and up
Learn R Programming Free EBook,FAMILY,4.3,1.0,5.7,50.0,Free,0.0,Everyone,Education,"March 23, 2018",1.0.0,4.0 and up
R Programming Language (Paperset 2) MCQ Quiz,FAMILY,4.3,0.0,3.4,10.0,Free,0.0,Everyone,Education,"March 19, 2018",1.0,4.0.3 and up
R File Manager,TOOLS,4.8,17.0,6.7,50.0,Free,0.0,Everyone,Tools,"May 5, 2018",v2,4.4 and up
R Studio,SHOPPING,3.7,23.0,8.9,5000.0,Free,0.0,Everyone,Shopping,"July 8, 2016",2.1.1,4.0.3 and up
"Join R, Community Engagement",SOCIAL,4.7,144.0,12.0,1000.0,Free,0.0,Teen,Social,"January 31, 2017",1.0.12,4.0.3 and up
R Bank,FINANCE,4.3,90.0,13.0,5000.0,Free,0.0,Everyone,Finance,"May 30, 2018",5.9.1.0,5.0 and up
Mat|r viewer,PRODUCTIVITY,4.3,5.0,28.0,100.0,Free,0.0,Everyone,Productivity,"July 27, 2018",1.0.5,5.0 and up
R. Lee Ermey's Official Sound,FAMILY,4.2,1696.0,2.7,100000.0,Free,0.0,Mature 17+,Entertainment,"September 19, 2012",1.4,2.1 and up
Tutorials for R Programming Offline,FAMILY,4.3,2.0,4.4,500.0,Free,0.0,Everyone,Education,"December 4, 2017",1.0,4.0 and up
R Programming Language (Paperset 1) MCQ Quiz,FAMILY,4.3,1.0,3.4,10.0,Free,0.0,Everyone,Education,"March 19, 2018",1.0,4.0.3 and up
S Launcher for Galaxy TouchWiz,PERSONALIZATION,4.2,11244.0,2.2,1000000.0,Free,0.0,Everyone,Personalization,"June 12, 2018",1.1.1,4.1 and up
S Player - Lightest and Most Powerful Video Player,TOOLS,4.6,14224.0,7.1,1000000.0,Free,0.0,Everyone,Tools,"October 12, 2017",1.0.98_ww,2.3 and up
Offroad Pickup Truck S,FAMILY,4.2,5178.0,20.0,1000000.0,Free,0.0,Everyone,Simulation,"October 10, 2017",1.7,2.3 and up
Type S LED,LIFESTYLE,3.5,628.0,13.0,100000.0,Free,0.0,Everyone,Lifestyle,"August 14, 2017",Varies with device,4.3 and up
S’more - Earn Cash Rewards,PRODUCTIVITY,4.1,15097.0,14.0,1000000.0,Free,0.0,Everyone,Productivity,"July 23, 2018",1.6.0,4.2 and up
"S S9 Launcher - Galaxy S8/S9 Launcher, theme, cool",TOOLS,4.4,22503.0,6.5,1000000.0,Free,0.0,Everyone,Tools,"July 6, 2018",4.1,4.1 and up
S Pen Keeper,TOOLS,3.8,560.0,0.306640625,50000.0,Free,0.0,Everyone,Tools,"June 8, 2018",2.1.0.032,4.0.3 and up
SH Script Runner,PRODUCTIVITY,3.9,334.0,3.7,50000.0,Free,0.0,Everyone,Productivity,"January 2, 2018",1.07,4.1 and up
T Uploader,FAMILY,4.1,75.0,2.2,10000.0,Free,0.0,Everyone,Education,"November 24, 2017",0.1.5,4.0 and up
AT&T Digital Life,LIFESTYLE,4.1,10067.0,13.0,1000000.0,Free,0.0,Everyone,Lifestyle,"December 7, 2017",Varies with device,4.3 and up
T-Mobile Content Transfer,PRODUCTIVITY,4.1,370.0,29.0,500000.0,Free,0.0,Everyone,Productivity,"January 25, 2018",2.1.5,4.0 and up
Showtime Anytime,FAMILY,3.7,18522.0,13.0,1000000.0,Free,0.0,Teen,Entertainment,"July 2, 2018",Varies with device,Varies with device
The T Factor,EVENTS,4.8,48.0,13.0,1000.0,Free,0.0,Everyone,Events,"September 26, 2017",8.8,4.2 and up
T-Mobile SyncUP DRIVE,AUTO_AND_VEHICLES,4.0,1981.0,18.0,100000.0,Free,0.0,Everyone,Auto & Vehicles,"August 1, 2018",2.15.1.4,5.0 and up
T-shirt design - Snaptee,LIFESTYLE,4.2,29756.0,45.0,1000000.0,Free,0.0,Everyone,Lifestyle,"July 19, 2018",1.1.6.1,4.1 and up
MBTA GPS - Track the T,MAPS_AND_NAVIGATION,3.8,82.0,5.6,5000.0,Free,0.0,Everyone,Maps & Navigation,"February 23, 2018",5.1.0,4.1 and up
T. Rowe Price Personal® App,FINANCE,4.5,1057.0,4.5,50000.0,Free,0.0,Everyone,Finance,"July 6, 2018",1.7,6.0 and up
Můj T-Mobile Business,PRODUCTIVITY,3.7,10490.0,5.8,1000000.0,Free,0.0,Everyone,Productivity,"July 24, 2018",3.1.7,4.1 and up
U by BB&T,FINANCE,4.3,16600.0,24.0,1000000.0,Free,0.0,Everyone,Finance,"June 19, 2018",1.7.7,4.4 and up
U LIVE – Video Chat & Stream,SOCIAL,4.5,67611.0,21.0,1000000.0,Free,0.0,Mature 17+,Social,"April 23, 2018",263.16.29,4.0.3 and up
"U - Webinars, Meetings & Messenger",COMMUNICATION,4.1,6601.0,31.0,500000.0,Free,0.0,Everyone,Communication,"July 2, 2018",4.7.0,4.1 and up
ENCHANT U,FAMILY,4.3,83977.0,11.0,500000.0,Free,0.0,Everyone,Casual,"November 8, 2012",1.2.2,2.1 and up
/u/app,COMMUNICATION,4.7,573.0,53.0,10000.0,Free,0.0,Mature 17+,Communication,"July 3, 2018",4.2.4,4.1 and up
Vienna U-Bahn,MAPS_AND_NAVIGATION,3.9,139.0,2.0,10000.0,Free,0.0,Everyone,Maps & Navigation,"July 25, 2018",1.21.0,4.0 and up
Kicker U Lite,LIFESTYLE,4.1,438.0,26.0,50000.0,Free,0.0,Everyone,Lifestyle,"September 27, 2013",2.0.0,2.1 and up
I Love U Theme&Emoji Keyboard,PERSONALIZATION,4.6,655.0,3.5,100000.0,Free,0.0,Everyone,Personalization,"May 8, 2018",4.3,4.1 and up
Channel U,FAMILY,4.6,34.0,14.0,1000.0,Free,0.0,Everyone,Entertainment,"May 21, 2018",1.3,4.1 and up
"Parallel U - App Cloner, Duals APP, tarallel",TOOLS,4.1,3315.0,5.1,500000.0,Free,0.0,Everyone,Tools,"May 15, 2018",1.0.24,4.1 and up
U Camera : Phone 6s OS 9 style,PHOTOGRAPHY,4.2,2158.0,3.0,500000.0,Free,0.0,Everyone,Photography,"August 28, 2017",1.0.3,4.0 and up
U get - Wireless Speed Test,TOOLS,4.2,26.0,2.2,5000.0,Free,0.0,Everyone,Tools,"June 4, 2018",1.3.5,4.0 and up
"See U - Random video chat, video chat",SOCIAL,4.1,568.0,27.0,100000.0,Free,0.0,Mature 17+,Social,"April 13, 2018",1.4.1,4.1 and up
What U See,SOCIAL,4.0,712.0,21.0,100000.0,Free,0.0,Teen,Social,"March 5, 2018",2.3.9,4.1 and up
U Assist - Screen Mirroring & Sharing App,PRODUCTIVITY,4.0,198.0,3.5,50000.0,Free,0.0,Everyone,Productivity,"January 26, 2017",2.0.16,2.3 and up
Waiting For U Launcher Theme,PERSONALIZATION,4.4,5599.0,4.8,500000.0,Free,0.0,Everyone,Personalization,"July 23, 2016",2.0.40,2.3 and up
U of I Community Credit Union,FINANCE,3.7,52.0,13.0,5000.0,Free,0.0,Everyone,Finance,"May 4, 2018",4.16.10,4.4 and up
U-Report,SOCIAL,4.3,241.0,7.5,10000.0,Free,0.0,Teen,Social,"April 10, 2018",2.8.4,4.0.3 and up
"Meet U - Get Friends for Snapchat, Kik & Instagram",SOCIAL,4.6,4435.0,5.4,100000.0,Free,0.0,Mature 17+,Social,"May 25, 2018",1.0.3386,4.0.3 and up
U-Craft Mobile,FAMILY,4.2,11404.0,30.0,100000.0,Free,0.0,Everyone,Strategy,"September 11, 2017",1.0.14,4.0.3 and up
U-Disco,FAMILY,3.6,906.0,0.19140625,100000.0,Free,0.0,Everyone,Entertainment,"February 5, 2014",1.7.3,2.3 and up
Be U Salons Hair-Beauty Deals In Delhi & Bangalore,LIFESTYLE,4.0,889.0,16.0,100000.0,Free,0.0,Everyone,Lifestyle,"August 2, 2018",1.1.4.38,4.2 and up
U-48 Submarine Commander Free,GAME,3.5,4575.0,3.8,500000.0,Free,0.0,Everyone,Arcade,"October 7, 2017",1.24,4.0.3 and up
Berlin Subway – BVG U-Bahn & S-Bahn map and routes,MAPS_AND_NAVIGATION,4.4,509.0,17.0,100000.0,Free,0.0,Everyone,Maps & Navigation,"June 6, 2018",1.0.7,5.0 and up
Pocket U ASW,FAMILY,3.9,93.0,28.0,10000.0,Free,0.0,Everyone,Education,"July 25, 2018",3.0.6,4.2 and up
Identity V,GAME,4.2,109263.0,38.0,1000000.0,Free,0.0,Teen,Action,"July 10, 2018",1.0.144431,4.1 and up
V Made,BOOKS_AND_REFERENCE,4.3,241.0,20.0,100000.0,Free,0.0,Everyone,Books & Reference,"February 13, 2018",1.0,4.0.3 and up
VidPlay,VIDEO_PLAYERS,4.2,3546.0,3.7,1000000.0,Free,0.0,Everyone,Video Players & Editors,"May 27, 2018",2.0.19,4.1 and up
V-CUBE Seminar Mobile,BUSINESS,4.3,542.0,30.0,100000.0,Free,0.0,Everyone,Business,"April 17, 2018",1.23.0,4.0 and up
San Andreas: Gang Crime V,GAME,4.1,2399.0,42.0,100000.0,Free,0.0,Mature 17+,Action,"January 28, 2018",1.0.1,2.3 and up
BTS V LINE Launcher theme,PERSONALIZATION,4.8,3283.0,3.6,100000.0,Free,0.0,Everyone,Personalization,"October 17, 2014",4.1,4.0.3 and up
VMate Lite - Funny Short Videos Social Network,SOCIAL,4.3,903.0,4.6,1000000.0,Free,0.0,Teen,Social,"August 3, 2018",1.76,4.0.3 and up
Mirk V Launcher Theme,PERSONALIZATION,4.5,292.0,7.9,10000.0,Free,0.0,Everyone,Personalization,"March 15, 2017",v1.0.50,2.3 and up
The grand theft V Wallpaper,PERSONALIZATION,3.8,87.0,4.3,10000.0,Free,0.0,Everyone 10+,Personalization,"June 5, 2018",1.1,4.0.3 and up
V Bucks ProTips New,SOCIAL,4.7,594.0,3.6,1000.0,Free,0.0,Everyone,Social,"July 19, 2018",1.0,2.1 and up
Cheats for GTA V,FAMILY,4.2,450.0,5.9,100000.0,Free,0.0,Everyone,Entertainment,"July 29, 2018",6,4.0 and up
V for Vampire - Free,FAMILY,4.3,2772.0,35.0,500000.0,Free,0.0,Teen,Puzzle,"September 20, 2014",1.0.1,2.1 and up
Get Free V-bucks_fortnite Hints,FAMILY,4.7,1997.0,1.8,5000.0,Free,0.0,Everyone,Entertainment,"July 21, 2018",1.0,4.4 and up
V BTS Wallpaper,PERSONALIZATION,4.7,127.0,9.5,5000.0,Free,0.0,Everyone,Personalization,"May 4, 2018",8.0,3.0 and up
v-view,FAMILY,3.6,309.0,19.0,10000.0,Free,0.0,Everyone,Entertainment,"June 22, 2017",1.1.0.0402,4.2 and up
Grand Stickman Cover V,GAME,4.0,1744.0,37.0,100000.0,Free,0.0,Mature 17+,Action,"May 19, 2018",1.0.1,4.1 and up
Cheat Codes for GTA V,FAMILY,4.3,589.0,3.6,100000.0,Free,0.0,Mature 17+,Entertainment,"September 3, 2017",1.8.0,4.0 and up
Easy V-Bux free,FAMILY,4.6,856.0,2.9,5000.0,Free,0.0,Everyone,Entertainment,"July 17, 2018",1.0,2.1 and up
BTS V Kim Taehyung Wallpapers Kpop HD New,PERSONALIZATION,4.8,51.0,3.4,5000.0,Free,0.0,Everyone,Personalization,"June 10, 2018",1.1.1,4.0 and up
W - Weather Forecast & Animated Radar Maps,WEATHER,4.2,29.0,3.5,5000.0,Free,0.0,Everyone,Weather,"April 23, 2018",1.1,4.1 and up
Fantasy Squad W,FAMILY,4.3,2142.0,47.0,50000.0,Free,0.0,Everyone 10+,Role Playing,"April 16, 2018",1.5.4,4.1 and up
Ace Screen Recorder w facecam,TOOLS,4.2,2447.0,2.5,100000.0,Free,0.0,Everyone,Tools,"December 26, 2017",1.19,5.0 and up
Flashlight Free w/ compass,TOOLS,4.0,75.0,1.9,10000.0,Free,0.0,Everyone,Tools,"March 15, 2017",2.5,2.2 and up
"App Lock: Locker w/ fingerprint, Parental Control",TOOLS,4.5,37607.0,13.0,1000000.0,Free,0.0,Everyone,Tools,"April 4, 2018",Varies with device,Varies with device
IRS W-9 form,BUSINESS,4.8,492.0,27.0,10000.0,Free,0.0,Everyone,Business,"July 26, 2018",1.7.11,5.0 and up
Open in WhatsApp (click to chat),TOOLS,4.2,12121.0,0.0771484375,1000000.0,Free,0.0,Everyone,Tools,"August 1, 2018",1.12,2.3.3 and up
B & W Filter for Photo Editor Pro,PERSONALIZATION,4.7,65.0,7.6,5000.0,Free,0.0,Everyone,Personalization,"May 2, 2018",1.0.1,4.1 and up
Zaatar w Zeit,FOOD_AND_DRINK,4.4,205.0,33.0,50000.0,Free,0.0,Everyone,Food & Drink,"July 1, 2018",2.2.2,4.4 and up
Profile w/o crop for Telegram,PHOTOGRAPHY,4.2,348.0,1.5,10000.0,Free,0.0,Everyone,Photography,"April 11, 2014",3.1.50,2.3.3 and up
X Launcher: With OS11 Style Theme & Control Center,ART_AND_DESIGN,4.7,5754.0,4.4,100000.0,Free,0.0,Everyone,Art & Design,"July 30, 2018",2.1.2,4.1 and up
Lock Screen Phone X Style OS 11,TOOLS,4.4,1166.0,13.0,100000.0,Free,0.0,Everyone,Tools,"March 26, 2018",8.8,4.3 and up
Control Center iOS 11 - Phone X Control Panel,TOOLS,4.1,1925.0,8.3,100000.0,Free,0.0,Everyone,Tools,"November 15, 2017",3.1,4.4 and up
X Browser,COMMUNICATION,4.0,142.0,2.5,50000.0,Free,0.0,Everyone,Communication,"December 31, 2017",1.1.1,4.0 and up
Flashlight X,TOOLS,4.6,20418.0,4.3,1000000.0,Free,0.0,Everyone,Tools,"April 8, 2018",4.54,4.0 and up
iSwipe Phone X,TOOLS,4.7,58366.0,6.3,1000000.0,Free,0.0,Everyone,Tools,"December 7, 2017",1.0,4.1 and up
X Home Bar - Free,TOOLS,4.6,4210.0,1.9,100000.0,Free,0.0,Everyone,Tools,"June 18, 2018",1.5.0,4.1 and up
[ROOT] X Privacy Installer,TOOLS,4.2,12147.0,0.115234375,1000000.0,Free,0.0,Everyone,Tools,"January 25, 2015",1.18,4.0.3 and up
The X-Files: Deep State - Hidden Object Adventure,FAMILY,4.5,22018.0,53.0,500000.0,Free,0.0,Teen,Casual,"July 18, 2018",2.6.1,5.0 and up
Theme for Iphone X Plus,PERSONALIZATION,4.0,126.0,8.0,10000.0,Free,0.0,Everyone,Personalization,"October 19, 2017",1.0,2.3.3 and up
Casino X - Free Online Slots,GAME,4.5,30515.0,13.0,1000000.0,Free,0.0,Teen,Casino,"May 22, 2018",2.92,4.0 and up
X-WOLF,GAME,4.2,4878.0,27.0,100000.0,Free,0.0,Everyone 10+,Adventure,"February 2, 2018",1.2.0,4.1 and up
X-Plane 10 Flight Simulator,FAMILY,4.2,63197.0,11.0,1000000.0,Free,0.0,Everyone,Simulation,"June 27, 2018",Varies with device,Varies with device
Anime X Wallpaper,PERSONALIZATION,4.7,32613.0,3.2,1000000.0,Free,0.0,Everyone,Personalization,"May 31, 2018",3.11,4.1 and up
NEW Theme for Phone X,PERSONALIZATION,4.7,8642.0,3.7,500000.0,Free,0.0,Everyone,Personalization,"May 22, 2018",1.1.6,4.0 and up
Control Center iOS 11 - Phone X notifications,TOOLS,4.3,514.0,8.4,50000.0,Free,0.0,Everyone,Tools,"February 12, 2018",1.8,4.4 and up
iLocker X - iOS11 Lockscreen with HD Wallpapers,PERSONALIZATION,4.3,1714.0,31.0,100000.0,Free,0.0,Everyone,Personalization,"June 19, 2018",1.4.7,4.1 and up
Hero Fighter X,GAME,4.5,24210.0,45.0,500000.0,Free,0.0,Teen,Action,"November 13, 2015",1.091,2.2 and up
Guide (for X-MEN),BOOKS_AND_REFERENCE,4.6,586.0,17.0,100000.0,Free,0.0,Everyone,Books & Reference,"May 8, 2017",1.1.1,3.0 and up
Flight Simulator X 2016 Free,FAMILY,3.8,44636.0,13.0,1000000.0,Free,0.0,Everyone,Simulation,"January 23, 2017",Varies with device,Varies with device
Space X: Sky Wars of Air Force,GAME,4.5,10748.0,47.0,1000000.0,Free,0.0,Everyone,Arcade,"August 4, 2018",4.0,4.1 and up
OS-X EMUI 4/5/8 THEME,PERSONALIZATION,3.9,916.0,36.0,100000.0,Free,0.0,Everyone,Personalization,"February 5, 2018",5,4.4 and up
Flexiroam X,TRAVEL_AND_LOCAL,4.0,875.0,21.0,100000.0,Free,0.0,Everyone,Travel & Local,"August 3, 2018",3.5.3,4.1 and up
X-Wing Squadron Builder,FAMILY,4.6,5898.0,50.0,100000.0,Free,0.0,Everyone,Entertainment,"August 1, 2017",3.3.8.03082017,1.6 and up
YouTube TV - Watch & Record Live TV,FAMILY,4.4,38517.0,17.0,1000000.0,Free,0.0,Teen,Entertainment,"August 2, 2018",2.29.2,5.0 and up
JW Caleb y Sofia,FAMILY,4.6,5227.0,1.9,500000.0,Free,0.0,Everyone,Education,"November 20, 2015",1.0,4.0.3 and up
Flashlight Ultimate,TOOLS,4.6,16936.0,5.0,1000000.0,Free,0.0,Everyone,Tools,"January 25, 2018",2.94,4.0 and up
yHomework - Math Solver,FAMILY,4.2,50771.0,13.0,1000000.0,Free,0.0,Everyone,Education,"May 12, 2016",Varies with device,Varies with device
Rage Z: Multiplayer Zombie FPS Online Shooter,GAME,4.1,11258.0,44.0,500000.0,Free,0.0,Mature 17+,Action,"December 8, 2016",1.25,4.2 and up
Mini DAYZ: Zombie Survival,GAME,4.1,94661.0,13.0,1000000.0,Free,0.0,Teen,Action,"June 8, 2018",1.4.0,4.4 and up
Z-Empire: Dead Strike,FAMILY,4.6,99.0,19.0,10000.0,Free,0.0,Teen,Strategy,"June 8, 2018",1.8.7,4.0.3 and up
Z Camera,PHOTOGRAPHY,3.8,142.0,7.7,10000.0,Free,0.0,Everyone,Photography,"April 8, 2016",1.8,4.0 and up
GO SMS Pro Z Glass Theme EX,PERSONALIZATION,3.8,24198.0,2.2,1000000.0,Free,0.0,Everyone,Personalization,"July 10, 2014",1.0,1.6 and up
Route Z,GAME,3.9,24697.0,16.0,500000.0,Free,0.0,Teen,Action,"July 10, 2015",1.5,4.0 and up
Dragon X Adventure: Warrior Z,GAME,4.3,8537.0,29.0,100000.0,Free,0.0,Everyone 10+,Action,"November 3, 2015",1.1.4,2.3 and up
Ultimate Fighter Z,GAME,4.3,180.0,24.0,5000.0,Free,0.0,Everyone,Action,"July 16, 2018",2.0,4.4 and up
Theme eXp - Black Z Light,PERSONALIZATION,4.3,29540.0,4.3,1000000.0,Free,0.0,Everyone,Personalization,"June 15, 2016",2.0,5.0 and up
Toy Battle Z,FAMILY,4.1,133.0,48.0,10000.0,Free,0.0,Everyone,Casual,"July 23, 2018",1.0.4,4.0 and up
30 Day Ab Challenge,HEALTH_AND_FITNESS,4.5,1886.0,7.6,500000.0,Free,0.0,Everyone,Health & Fitness,"June 21, 2016",3.2.1,4.0 and up
ab,FAMILY,3.8,10.0,22.0,1000.0,Free,0.0,Everyone,Casual,"October 27, 2016",1.0,4.0 and up
Ultimate Ab & Core Workouts,HEALTH_AND_FITNESS,4.7,55571.0,12.0,1000000.0,Free,0.0,Everyone,Health & Fitness,"February 21, 2018",1.23,4.0 and up
6 Pack Promise - Ultimate Abs,HEALTH_AND_FITNESS,4.6,18921.0,13.0,1000000.0,Free,0.0,Everyone,Health & Fitness,"August 4, 2018",Varies with device,Varies with device
AB Repeat Player,VIDEO_PLAYERS,4.3,1628.0,18.0,100000.0,Free,0.0,Everyone,Video Players & Editors,"March 6, 2018",4.1.1,4.4 and up
"Abs, Core & Back Workout Challenge",HEALTH_AND_FITNESS,4.8,3908.0,33.0,100000.0,Free,0.0,Everyone,Health & Fitness,"July 9, 2018",1.5.8,4.1 and up
A-B repeater,VIDEO_PLAYERS,4.4,32.0,0.2333984375,5000.0,Free,0.0,Everyone,Video Players & Editors,"May 18, 2018",1.8,3.0 and up
Abs workout 7 minutes,HEALTH_AND_FITNESS,4.6,37224.0,13.0,1000000.0,Free,0.0,Everyone,Health & Fitness,"June 13, 2018",Varies with device,Varies with device
30 Day Ab Challenge FREE,HEALTH_AND_FITNESS,4.3,48253.0,13.0,1000000.0,Free,0.0,Everyone,Health & Fitness,"December 13, 2017",Varies with device,Varies with device
AB Blast Match 3,FAMILY,4.3,111.0,48.0,10000.0,Free,0.0,Everyone,Puzzle,"June 19, 2018",1.13,4.1 and up
AB Click2Shop,SHOPPING,3.8,454.0,18.0,100000.0,Free,0.0,Everyone,Shopping,"June 26, 2018",1.1.0.0,4.1 and up
Math games for kids : times tables - AB Math,FAMILY,3.9,2371.0,8.3,500000.0,Free,0.0,Everyone,Educational;Education,"July 27, 2018",3.9.3,4.0.3 and up
"ABS Workout - Belly workout, 30 days AB",HEALTH_AND_FITNESS,4.8,5103.0,13.0,100000.0,Free,0.0,Everyone,Health & Fitness,"July 13, 2018",2.0.5,4.0.3 and up
AB Match,FAMILY,4.2,9.0,30.0,1000.0,Free,0.0,Everyone,Casual,"May 19, 2018",1.0.4,4.1 and up
7 minute abs workout - Daily Ab Workout,HEALTH_AND_FITNESS,4.8,527.0,23.0,100000.0,Free,0.0,Everyone,Health & Fitness,"March 30, 2018",2.01,4.1 and up
AB Anywhere Mobile Banking,FINANCE,4.3,3.0,11.0,500.0,Free,0.0,Everyone,Finance,"July 3, 2018",4.17.82,4.4 and up
5 Minute Ab Workouts,HEALTH_AND_FITNESS,4.6,2067.0,8.4,50000.0,Free,0.0,Everyone,Health & Fitness,"May 18, 2018",2.0.4,4.1 and up
AB Screen Recorder,TOOLS,4.2,533.0,5.0,10000.0,Free,0.0,Everyone,Tools,"October 2, 2017",2.8,5.0 and up
Six Pack Abs Photo Editor,PHOTOGRAPHY,4.0,5967.0,17.0,1000000.0,Free,0.0,Everyone,Photography,"February 2, 2017",2.0,3.0 and up
Best Blood Type AB: Food Diet & Personality,LIFESTYLE,4.3,3.0,37.0,1000.0,Free,0.0,Everyone,Lifestyle,"July 11, 2018",1.2,4.0.3 and up
30 Day AB Challenge - Lumowell,HEALTH_AND_FITNESS,4.8,793.0,40.0,10000.0,Free,0.0,Everyone,Health & Fitness,"September 15, 2016",1.0.3,4.0.3 and up
Ab Workouts,HEALTH_AND_FITNESS,4.1,27501.0,7.0,1000000.0,Free,0.0,Everyone,Health & Fitness,"January 5, 2018",5.1.9,4.0 and up
Ab Workouts - Ab Generator,HEALTH_AND_FITNESS,4.7,21.0,3.8,1000.0,Free,0.0,Everyone,Health & Fitness,"December 31, 2016",2.0.0,4.1 and up
Chatime AB Rewards,FAMILY,4.3,9.0,22.0,1000.0,Free,0.0,Everyone,Entertainment,"June 22, 2018",2.7.0621,4.2 and up
Abs workout - 21 Day Fitness Challenge,HEALTH_AND_FITNESS,4.8,18604.0,15.0,1000000.0,Free,0.0,Everyone,Health & Fitness,"May 2, 2018",1.0.0.9,4.1 and up
Ladies' Ab Workout FREE,HEALTH_AND_FITNESS,4.0,12906.0,8.5,1000000.0,Free,0.0,Everyone,Health & Fitness,"October 8, 2012",1.01,2.1 and up
30-Day Ab Challenge Tracker,HEALTH_AND_FITNESS,3.5,224.0,0.3623046875,10000.0,Free,0.0,Everyone,Health & Fitness,"July 9, 2014",1.2.6,4.1 and up
Universal AC Remote Control,TOOLS,3.8,40934.0,5.2,1000000.0,Free,0.0,Everyone,Tools,"July 28, 2018",acremotecontrol18,4.0.3 and up
AC Freedom,BUSINESS,3.5,537.0,13.0,100000.0,Free,0.0,Everyone,Business,"May 25, 2018",Varies with device,Varies with device
AC WIFI,TOOLS,3.6,41.0,23.0,10000.0,Free,0.0,Everyone,Tools,"June 3, 2018",1.0.3,2.3 and up
AC Troubleshooter,TOOLS,4.7,147.0,4.2,10000.0,Free,0.0,Everyone,Tools,"January 8, 2015",1.3,3.0 and up
AC remote control mobile,TOOLS,3.9,3043.0,7.7,100000.0,Free,0.0,Everyone,Tools,"June 2, 2017",1.3 acremotecontrol,4.0.3 and up
"AC Air condition Troubleshoot,Repair,Maintenance",BOOKS_AND_REFERENCE,4.2,27.0,3.1,5000.0,Free,0.0,Everyone,Books & Reference,"February 7, 2018",1.1,4.0 and up
AC Remote for Haier - NOW FREE,TOOLS,3.9,336.0,27.0,50000.0,Free,0.0,Everyone,Tools,"July 30, 2018",6.1.7,4.2 and up
Air Conditioner Maintenance,PRODUCTIVITY,4.0,11.0,0.21484375,5000.0,Free,0.0,Everyone,Productivity,"November 27, 2015",airConditionerMaintenance_13112015,2.3.3 and up
AC Remote for Daikin - NOW FREE,TOOLS,3.5,383.0,26.0,50000.0,Free,0.0,Everyone,Tools,"July 30, 2018",6.1.7,4.2 and up
AC Remote for LG - NOW FREE,TOOLS,3.7,1041.0,28.0,100000.0,Free,0.0,Everyone,Tools,"July 30, 2018",6.1.7,4.2 and up
Plug-in app (System AC),TOOLS,3.6,126.0,11.0,10000.0,Free,0.0,Everyone,Tools,"June 8, 2017",v1.1072.35.0,4.0 and up
AC Remote for Midea - NOW FREE,TOOLS,4.0,448.0,26.0,100000.0,Free,0.0,Everyone,Tools,"July 30, 2018",6.1.7,4.2 and up
Ac remote control,TOOLS,3.7,822.0,5.0,50000.0,Free,0.0,Everyone,Tools,"February 27, 2017",1.1,2.3 and up
All Type Ac Repair & Services,LIFESTYLE,4.3,45.0,2.2,10000.0,Free,0.0,Everyone,Lifestyle,"December 26, 2017",0.8,4.1 and up
AC - Tips & News for Android™,NEWS_AND_MAGAZINES,4.2,23291.0,14.0,1000000.0,Free,0.0,Everyone 10+,News & Magazines,"May 24, 2018",3.1.12,4.1 and up
AcDisplay,PERSONALIZATION,4.1,66473.0,3.0,1000000.0,Free,0.0,Everyone,Personalization,"July 30, 2015",3.8.4,4.1 and up
AC Remote for Sharp - NOW FREE,TOOLS,3.7,332.0,26.0,50000.0,Free,0.0,Everyone,Tools,"July 30, 2018",6.1.7,4.2 and up
AC Remote for Samsung - NOW FREE,TOOLS,3.7,566.0,27.0,100000.0,Free,0.0,Everyone,Tools,"July 30, 2018",6.1.7,4.2 and up
AC Remote for Carrier - NOW FREE,TOOLS,3.7,163.0,26.0,10000.0,Free,0.0,Everyone,Tools,"July 30, 2018",6.1.7,4.2 and up
"AC & TV, DVD, Set Top Box - Remote control IR",TOOLS,3.6,3632.0,3.2,1000000.0,Free,0.0,Everyone,Tools,"November 13, 2017",11;11.26,4.0.3 and up
ac remote control,TOOLS,3.7,9514.0,7.0,500000.0,Free,0.0,Everyone,Tools,"July 11, 2018",acremotecontrol-v7,4.0.3 and up
Ad Detect Plugin - Handy Tool,PRODUCTIVITY,3.8,5107.0,1.4,500000.0,Free,0.0,Everyone,Productivity,"December 28, 2015",1.6.3,2.3 and up
AppBrain Ad Detector,TOOLS,3.7,9221.0,1.7,1000000.0,Free,0.0,Everyone,Tools,"April 12, 2018",2.2.1,4.1 and up
"AD - Nieuws, Sport, Regio & Entertainment",NEWS_AND_MAGAZINES,3.7,10369.0,13.0,1000000.0,Free,0.0,Everyone,News & Magazines,"July 28, 2018",Varies with device,Varies with device
AdClear Ad blocker for Samsung,TOOLS,4.2,1586.0,1.5,500000.0,Free,0.0,Everyone,Tools,"September 7, 2017",1.0.5,5.0 and up
Adguard Content Blocker,TOOLS,4.1,14491.0,4.3,1000000.0,Free,0.0,Everyone,Tools,"February 26, 2018",2.1.2,Varies with device
Ad Detector,TOOLS,3.8,208.0,0.712890625,50000.0,Free,0.0,Everyone,Tools,"July 28, 2014",1.0,2.3 and up
Adblock Plus for Samsung Internet - Browse safe.,COMMUNICATION,4.0,8769.0,2.1,1000000.0,Free,0.0,Everyone,Communication,"April 5, 2018",1.1.4,5.0 and up
Safe Notes - Secure Ad-free notepad,PRODUCTIVITY,4.6,3362.0,0.73828125,50000.0,Free,0.0,Everyone,Productivity,"November 21, 2017",1.7,4.0 and up
Adblock Fast,PRODUCTIVITY,4.1,9914.0,3.2,1000000.0,Free,0.0,Everyone,Productivity,"May 17, 2017",1.4.0,5.0 and up
2000 AD Comics and Judge Dredd,COMICS,3.7,705.0,20.0,50000.0,Free,0.0,Teen,Comics,"July 19, 2018",1.3.0,4.0.3 and up
Anti Adware,TOOLS,3.9,18751.0,3.6,1000000.0,Free,0.0,Everyone,Tools,"June 19, 2018",3.6,4.1 and up
Ad Blocker Turbo - Adblocker Browser,COMMUNICATION,3.9,107.0,44.0,10000.0,Free,0.0,Everyone,Communication,"January 29, 2018",1.0.5,4.1 and up
Google AdSense,PRODUCTIVITY,4.3,52677.0,2.9,1000000.0,Free,0.0,Everyone,Productivity,"December 13, 2017",3.3,4.0 and up
Ad-free Triangle Solver,FAMILY,4.5,118.0,24.0,10000.0,Free,0.0,Everyone,Education,"August 20, 2015",6.3.1,4.2 and up
Ez Screen Recorder (no ad),VIDEO_PLAYERS,4.7,8696.0,14.0,100000.0,Free,0.0,Everyone,Video Players & Editors,"June 3, 2018",2.1.4,5.0 and up
Best Applock - Locker & No Ads,PRODUCTIVITY,4.7,10672.0,6.9,100000.0,Free,0.0,Everyone,Productivity,"June 23, 2018",2.1.1,4.1 and up
Local Services ads by Google,BUSINESS,4.1,7.0,12.0,1000.0,Free,0.0,Everyone,Business,"July 17, 2018",3.3.270,4.0 and up
Photo Compress 2.0 - Ad Free,TOOLS,4.1,6267.0,1.7,1000000.0,Free,0.0,Everyone,Tools,"May 7, 2016",2.1,3.2 and up
Solitaire: Decked Out Ad Free,GAME,4.9,37302.0,35.0,500000.0,Free,0.0,Everyone,Card,"May 8, 2017",1.3.3,4.1 and up
"WeatherClear - Ad-free Weather, Minute forecast",WEATHER,4.5,3252.0,3.8,50000.0,Free,0.0,Everyone,Weather,"June 25, 2017",1.2.6,4.1 and up
"Digital Clock : Simple, Tiny, Ad-free Desk Clock.",LIFESTYLE,4.4,317.0,0.072265625,50000.0,Free,0.0,Everyone,Lifestyle,"December 21, 2016",3.0,2.3 and up
Bing Ads,BUSINESS,4.1,1828.0,13.0,100000.0,Free,0.0,Everyone,Business,"July 20, 2018",2.13.2,4.1 and up
Apps Ads Detector,TOOLS,3.5,315.0,8.3,100000.0,Free,0.0,Everyone,Tools,"February 19, 2018",25,4.0.3 and up
TIMBER AD FILTER - Very useful ad block app,PRODUCTIVITY,3.8,1343.0,9.0,100000.0,Free,0.0,Everyone,Productivity,"March 12, 2018",1.0.26,5.0 and up
Alchemy Classic Ad Free,FAMILY,4.6,20178.0,9.0,100000.0,Free,0.0,Everyone,Puzzle,"May 26, 2014",1.7.3,1.6 and up
"AE + Aerie: Jeans, Dresses, Swimsuits & Bralettes",SHOPPING,4.2,20476.0,28.0,1000000.0,Free,0.0,Everyone,Shopping,"July 17, 2018",5.6.0,4.4 and up
A&E - Watch Full Episodes of TV Shows,FAMILY,4.0,29708.0,19.0,1000000.0,Free,0.0,Teen,Entertainment,"July 16, 2018",3.1.4,4.4 and up
Shortcuts for After Effects,FAMILY,3.7,464.0,1.9,50000.0,Free,0.0,Everyone,Education,"August 9, 2014",1.0,2.3 and up
AE Sudoku,FAMILY,4.3,2171.0,12.0,100000.0,Free,0.0,Everyone,Puzzle,"July 29, 2015",1.1.0,2.2 and up
AE Jewels 2: Island Adventures,GAME,4.2,652.0,30.0,10000.0,Free,0.0,Everyone,Action,"February 24, 2016",1.0,2.3 and up
AE Bubble:Offline Bubble Games,FAMILY,4.2,6973.0,13.0,100000.0,Free,0.0,Everyone,Casual,"October 20, 2017",Varies with device,Varies with device
AE Basketball,SPORTS,4.0,8100.0,13.0,1000000.0,Free,0.0,Everyone,Sports,"November 20, 2013",Varies with device,Varies with device
AE Bingo: Offline Bingo Games,GAME,4.4,61746.0,13.0,500000.0,Free,0.0,Teen,Casino,"September 30, 2016",Varies with device,2.3.3 and up
AE Jewels,GAME,4.2,960.0,18.0,50000.0,Free,0.0,Everyone,Action,"August 20, 2015",1.0.5,3.0 and up
AE Spider Solitaire,GAME,4.5,17263.0,13.0,500000.0,Free,0.0,Everyone,Card,"June 7, 2017",Varies with device,Varies with device
AE Coin Mania : Arcade Fun,GAME,4.3,30002.0,29.0,1000000.0,Free,0.0,Teen,Casino,"February 8, 2018",2.3.5,4.0.3 and up
AE Roundy POP,FAMILY,4.4,5262.0,26.0,100000.0,Free,0.0,Everyone,Casual,"March 23, 2016",1.1.2,2.3 and up
Mupen64+AE FREE (N64 Emulator),GAME,4.0,41759.0,12.0,1000000.0,Free,0.0,Everyone,Arcade,"January 19, 2014",2.4.4,2.0 and up
AE Lucky Fishing,GAME,4.3,18277.0,17.0,1000000.0,Free,0.0,Teen,Arcade,"March 14, 2016",2.0.2,2.3 and up
AE Video Poker,GAME,4.0,721.0,18.0,50000.0,Free,0.0,Teen,Casino,"December 31, 2015",1.3.2,2.3 and up
AE Solitaire,GAME,4.3,1776.0,26.0,50000.0,Free,0.0,Everyone,Card,"January 4, 2018",2.3.4,4.0.3 and up
AE Archer,SPORTS,3.9,8638.0,13.0,500000.0,Free,0.0,Everyone,Sports,"September 2, 2015",Varies with device,Varies with device
AE Blackjack,GAME,4.0,1417.0,17.0,100000.0,Free,0.0,Teen,Card,"November 27, 2015",1.3.1,2.3 and up
AE Gun Ball: arcade ball games,GAME,3.7,8581.0,12.0,1000000.0,Free,0.0,Everyone,Arcade,"December 13, 2013",1.0.2,2.2 and up
AE Order,TOOLS,4.1,19.0,0.3095703125,1000.0,Free,0.0,Everyone,Tools,"November 12, 2013",2.0.131112,2.3 and up
TV.AE,FAMILY,3.9,109.0,7.5,10000.0,Free,0.0,Everyone,Entertainment,"September 21, 2017",1.0.4,4.4 and up
AE Bulletins,BOOKS_AND_REFERENCE,4.5,14.0,30.0,1000.0,Free,0.0,Everyone,Books & Reference,"July 18, 2018",2.2.5,4.0.3 and up
AE GTO Racing,GAME,3.9,6988.0,35.0,100000.0,Free,0.0,Everyone 10+,Racing,"September 24, 2015",Varies with device,Varies with device
AE 3D Moto 3,GAME,3.9,2588.0,26.0,100000.0,Free,0.0,Everyone 10+,Racing,"December 31, 2014",1.7.1,2.3 and up
AE FreeCell,GAME,4.2,358.0,15.0,10000.0,Free,0.0,Everyone,Card,"November 6, 2014",1.1.5,2.3 and up
AE City Jump,GAME,4.5,804.0,27.0,10000.0,Free,0.0,Everyone,Action,"July 18, 2018",1.0.4,4.0 and up
AE Angry Chef,GAME,4.1,533.0,39.0,10000.0,Free,0.0,Everyone 10+,Action,"January 24, 2014",1.0,2.1 and up
Ae Allah na Dai (Rasa),BOOKS_AND_REFERENCE,4.7,263.0,9.1,10000.0,Free,0.0,Everyone,Books & Reference,"January 1, 2015",2.0,2.1 and up
Dashboard AE,AUTO_AND_VEHICLES,4.3,0.0,13.0,10.0,Free,0.0,Everyone,Auto & Vehicles,"May 16, 2018",1255162018,6.0 and up
Event Manager - AllEvents.in,EVENTS,4.7,120.0,5.1,10000.0,Free,0.0,Everyone,Events,"July 25, 2018",2.5,4.0.3 and up
Nasihat - Chalo ae Pyaara,FAMILY,4.7,557.0,6.7,10000.0,Free,0.0,Everyone,Education,"October 9, 2015",1.0,2.1 and up
AE Master Moto,GAME,4.0,17876.0,37.0,1000000.0,Free,0.0,Everyone,Racing,"December 10, 2015",1.8.6,2.3 and up
Brica BPRO5 AE,PHOTOGRAPHY,3.9,4726.0,3.9,500000.0,Free,0.0,Everyone,Photography,"June 17, 2015",v1.0,3.1 and up
AE Manager,TOOLS,4.3,0.0,4.0,100.0,Free,0.0,Everyone,Tools,"June 15, 2015",1.0.0,4.0.3 and up
AE Air Hockey,SPORTS,3.8,926.0,7.6,50000.0,Free,0.0,Everyone,Sports,"August 1, 2013",1.0.0,2.2 and up
Connect.ae - Local Search UAE,TRAVEL_AND_LOCAL,3.9,194.0,13.0,10000.0,Free,0.0,Everyone,Travel & Local,"April 5, 2018",Varies with device,Varies with device
AE Fishing Hunter,GAME,4.4,14.0,6.6,1000.0,Free,0.0,Everyone,Adventure,"March 15, 2016",0.0.3,3.0 and up
Ivanti AE Agent,BUSINESS,4.3,1.0,2.9,1000.0,Free,0.0,Everyone,Business,"May 10, 2018",11.0.0,4.0.3 and up
AE Checkout Plugin,SHOPPING,3.8,208.0,0.076171875,10000.0,Free,0.0,Everyone,Shopping,"February 11, 2015",1.3.1,2.3 and up
AF Link,NEWS_AND_MAGAZINES,4.7,210.0,18.0,10000.0,Free,0.0,Everyone,News & Magazines,"May 31, 2018",v4.29.0.9,4.4 and up
Flim Af Somali Hindi Fanproj,FAMILY,3.9,12.0,3.5,1000.0,Free,0.0,Everyone,Entertainment,"June 22, 2018",1.0,4.0 and up
"Cardiac diagnosis (heart rate, arrhythmia)",MEDICAL,4.2,4559.0,6.4,100000.0,Free,0.0,Everyone,Medical,"July 27, 2018",117,3.0 and up
AF-STROKE (FREE),MEDICAL,4.5,93.0,0.90234375,10000.0,Free,0.0,Teen,Medical,"January 25, 2013",1.1,2.1 and up
Hesab.af - Send money in Afghanistan,FINANCE,4.7,51.0,11.0,1000.0,Free,0.0,Everyone,Finance,"April 15, 2018",1.4.0,4.1 and up
Toppen af Danmark,TRAVEL_AND_LOCAL,4.3,8.0,6.1,5000.0,Free,0.0,Everyone,Travel & Local,"June 28, 2018",8.3.0,4.4 and up
i-share AF/KLM (AFKL ishare),SOCIAL,4.3,2.0,53.0,100.0,Free,0.0,Teen,Social,"July 21, 2018",1.16.5,4.1 and up
Bazar.af,SHOPPING,4.7,13.0,1.3,500.0,Free,0.0,Everyone,Shopping,"July 7, 2017",cli-6.5.0,4.0 and up
Ariana News AF,NEWS_AND_MAGAZINES,4.1,20.0,3.1,5000.0,Free,0.0,Everyone,News & Magazines,"July 10, 2017",1.1,4.0 and up
AF Legendary 2017,BUSINESS,4.3,0.0,11.0,50.0,Free,0.0,Teen,Business,"September 30, 2017",v2.7.11.6,4.1 and up
AzadBazar.af,SHOPPING,4.3,3.0,3.7,100.0,Free,0.0,Everyone,Shopping,"March 9, 2018",1.0,4.0 and up
easyFocus,PHOTOGRAPHY,3.7,3396.0,0.259765625,500000.0,Free,0.0,Everyone,Photography,"November 28, 2012",1.2.0,2.2 and up
AF Nutrition - Integratori,HEALTH_AND_FITNESS,4.3,6.0,19.0,100.0,Free,0.0,Everyone,Health & Fitness,"August 2, 2018",1.3,4.1 and up
Tafsiir Quraan MP3 Af Soomaali Quraanka Kariimka,LIFESTYLE,5.0,7.0,3.4,1000.0,Free,0.0,Everyone,Lifestyle,"June 9, 2018",1.4,4.0 and up
Camera Pro,PHOTOGRAPHY,4.1,7479.0,13.0,1000000.0,Free,0.0,Everyone,Photography,"April 16, 2018",5.4,4.0 and up
Rоhi.af,NEWS_AND_MAGAZINES,4.8,46.0,46.0,1000.0,Free,0.0,Everyone,News & Magazines,"May 1, 2017",1.0.1,4.1 and up
HD Camera - silent shutter,PHOTOGRAPHY,4.0,26530.0,3.9,1000000.0,Free,0.0,Everyone,Photography,"July 23, 2018",2.3.5,3.2 and up
AF Our Time to Shine,BUSINESS,4.3,0.0,11.0,100.0,Free,0.0,Everyone,Business,"July 17, 2017",v2.7.10.6,4.1 and up
Auto Dslr Photo Effect : Auto Focus Effect,PHOTOGRAPHY,3.8,6.0,3.5,1000.0,Free,0.0,Everyone,Photography,"February 20, 2018",1.6,4.0.3 and up
AF Johannesburg,FAMILY,4.3,3.0,11.0,100.0,Free,0.0,Everyone,Education,"May 2, 2017",1.0.3,4.1 and up
What's Up,LIFESTYLE,4.1,23453.0,10.0,1000000.0,Free,0.0,Everyone,Lifestyle,"October 26, 2017",2.0,4.0 and up
Afterlight,PHOTOGRAPHY,4.3,50893.0,35.0,1000000.0,Free,0.0,Everyone,Photography,"November 20, 2014",1.0.6,4.0.3 and up
Blurfoto : Auto blur photo background & DSLR focus,PHOTOGRAPHY,4.3,2215.0,12.0,500000.0,Free,0.0,Everyone,Photography,"July 27, 2018",1.12,4.3 and up
Blur,PHOTOGRAPHY,4.0,9013.0,2.4,1000000.0,Free,0.0,Everyone,Photography,"June 18, 2018",4.0.2,4.4 and up
Ag PhD Field Guide,BOOKS_AND_REFERENCE,4.1,114.0,6.3,10000.0,Free,0.0,Everyone,Books & Reference,"May 25, 2015",2.0,2.3 and up
AG Drive 3D,GAME,3.8,164.0,22.0,10000.0,Free,0.0,Everyone,Adventure,"March 20, 2015",1.0.1,2.3.3 and up
Apps for SportsBєtting.ag - Bitcoin Welcome here!,SPORTS,4.3,0.0,10.0,1000.0,Free,0.0,Everyone,Sports,"December 11, 2017",1.0,4.0 and up
"AG Contacts, Lite edition",COMMUNICATION,4.5,185.0,3.7,5000.0,Free,0.0,Everyone,Communication,"May 18, 2018",8.05.18.14250,4.0.3 and up
Ag Weather Tools,WEATHER,4.3,0.0,4.6,500.0,Free,0.0,Everyone,Weather,"January 9, 2018",1.0.1,5.0 and up
Trimble Ag Mobile,PRODUCTIVITY,4.1,85.0,44.0,10000.0,Free,0.0,Everyone,Productivity,"August 2, 2018",2.7.8,4.1 and up
Ag Tools,TOOLS,4.3,2.0,18.0,1000.0,Free,0.0,Everyone,Tools,"September 27, 2017",1.0,4.0.3 and up
Ag PhD Deficiencies,BOOKS_AND_REFERENCE,3.9,20.0,9.7,10000.0,Free,0.0,Everyone,Books & Reference,"June 21, 2016",1.0,4.0.3 and up
AG Screen Recorder,TOOLS,3.7,7.0,2.7,1000.0,Free,0.0,Everyone,Tools,"April 3, 2018",3.0,5.0 and up
SOLEM AG,TOOLS,4.3,1.0,51.0,1000.0,Free,0.0,Everyone,Tools,"September 19, 2017",1.0.2,4.0 and up
Elim AG,LIFESTYLE,4.3,7.0,13.0,100.0,Free,0.0,Everyone,Lifestyle,"March 31, 2017",1.0,4.2 and up
AG Subway Simulator Pro,FAMILY,4.3,0.0,13.0,1000.0,Free,0.0,Everyone,Simulation,"July 27, 2018",Varies with device,Varies with device
BRL AG,TOOLS,4.3,0.0,52.0,100.0,Free,0.0,Everyone,Tools,"September 19, 2017",1.0.1,4.0 and up
Oklahoma Ag Co-op Council,COMMUNICATION,4.3,0.0,4.9,10.0,Free,0.0,Everyone,Communication,"July 23, 2018",2.2.3,4.0.3 and up
AG Fast Service Automotive,AUTO_AND_VEHICLES,4.3,5.0,1.7,100.0,Free,0.0,Everyone,Auto & Vehicles,"June 12, 2018",1.0.8,4.4 and up
All States Ag Parts,SHOPPING,4.7,68.0,6.5,10000.0,Free,0.0,Everyone,Shopping,"January 25, 2018",5.26.0,5.0 and up
Safe Ag Systems™,BUSINESS,4.7,3.0,36.0,100.0,Free,0.0,Everyone,Business,"July 22, 2018",2.0.3,4.0.3 and up
Ag PhD Planting Population Calculator,BOOKS_AND_REFERENCE,4.3,0.0,5.2,1000.0,Free,0.0,Everyone,Books & Reference,"June 9, 2017",2.0,4.0.3 and up
Ag Trucking Mobile App,PRODUCTIVITY,4.3,0.0,43.0,100.0,Free,0.0,Everyone,Productivity,"May 17, 2017",8.0,4.0.3 and up
Lakeside AG Moultrie,LIFESTYLE,5.0,3.0,8.6,50.0,Free,0.0,Everyone,Lifestyle,"May 23, 2017",1.0,4.1 and up
Ag Guardian,PRODUCTIVITY,4.3,1.0,2.0,100.0,Free,0.0,Everyone,Productivity,"December 28, 2015",1.0.0,4.0 and up
Wind & Weather Meter for Ag,WEATHER,4.3,3.0,14.0,1000.0,Free,0.0,Everyone,Weather,"March 14, 2016",v1.0,4.3 and up
Ag Across America,FAMILY,4.3,0.0,15.0,10.0,Free,0.0,Everyone,Educational;Education,"May 15, 2018",1.0.0,4.1 and up
Border Ag & Energy,BUSINESS,4.3,0.0,12.0,50.0,Free,0.0,Everyone,Business,"April 30, 2018",2.1,4.3 and up
Ag-Pro Companies,BUSINESS,4.3,0.0,45.0,50.0,Free,0.0,Everyone,Business,"March 6, 2018",2.3.0,4.4 and up
My Ag Report,PRODUCTIVITY,4.3,1.0,3.2,50.0,Free,0.0,Everyone,Productivity,"June 18, 2018",1.2,5.1 and up
Alabama Ag Credit Ag Banking,FINANCE,4.3,0.0,13.0,100.0,Free,0.0,Everyone,Finance,"February 9, 2018",5.3.4,4.4 and up
Mix Tank – Tank Mixing Ag App,PRODUCTIVITY,3.6,64.0,15.0,10000.0,Free,0.0,Everyone,Productivity,"October 16, 2017",4.2,4.4 and up
Eternal Light AG,SOCIAL,5.0,30.0,13.0,100.0,Free,0.0,Teen,Social,"May 19, 2018",1.04,4.0.3 and up
AG test,TOOLS,4.3,3.0,18.0,100.0,Free,0.0,Everyone,Tools,"October 18, 2017",1.0.2,4.1 and up
West Central Ag,BUSINESS,4.3,3.0,1.7,100.0,Free,0.0,Everyone,Business,"January 16, 2017",1.2,4.0 and up
Platincoin Wallet - PLC Group AG,LIBRARIES_AND_DEMO,4.3,375.0,15.0,10000.0,Free,0.0,Everyone,Libraries & Demo,"June 1, 2018",2.0.1,4.0.3 and up
Tri-Ag (WV) FCU,FINANCE,4.3,0.0,2.9,100.0,Free,0.0,Everyone,Finance,"July 3, 2018",3.1.10,4.1 and up
Ag PhD Soybean Diseases,BOOKS_AND_REFERENCE,4.3,0.0,5.9,1000.0,Free,0.0,Everyone,Books & Reference,"May 8, 2017",1.0.3,4.0.3 and up
United Ag Cooperative,BUSINESS,4.3,0.0,4.2,5.0,Free,0.0,Everyone,Business,"April 27, 2018",30.0.0,4.4 and up
Ag-Power,BUSINESS,4.3,0.0,47.0,10.0,Free,0.0,Everyone,Business,"July 13, 2018",2.4.3,4.4 and up
Fertilizer Removal By Crop,BOOKS_AND_REFERENCE,4.1,295.0,6.9,50000.0,Free,0.0,Everyone,Books & Reference,"June 20, 2017",2.0.3,4.0.3 and up
AG Track,TOOLS,4.1,12.0,8.7,100.0,Free,0.0,Everyone,Tools,"March 23, 2018",3.3,4.0 and up
Denis Brogniart - AH !,FAMILY,4.5,2931.0,0.798828125,100000.0,Free,0.0,Everyone,Entertainment,"August 4, 2017",1.1,4.2 and up
Freeland AH,MEDICAL,4.3,0.0,28.0,100.0,Free,0.0,Everyone,Medical,"December 18, 2017",300000.0.95,4.0.3 and up
MD PAWS AH,MEDICAL,4.3,0.0,29.0,100.0,Free,0.0,Everyone,Medical,"February 23, 2018",300000.0.98,4.0.3 and up
Woodland AH,MEDICAL,4.3,0.0,13.0,50.0,Free,0.0,Everyone,Medical,"February 2, 2018",300000.0.97,4.0.3 and up
Mukwonago AH,MEDICAL,4.3,1.0,29.0,100.0,Free,0.0,Everyone,Medical,"June 29, 2017",300000.0.85,4.0.3 and up
Angelcare AH,MEDICAL,4.3,0.0,29.0,50.0,Free,0.0,Everyone,Medical,"October 6, 2017",300000.0.91,4.0.3 and up
Chenoweth AH,MEDICAL,5.0,1.0,27.0,100.0,Free,0.0,Everyone,Medical,"April 3, 2017",300000.0.78,4.0.3 and up
Sayers AH,MEDICAL,4.3,0.0,29.0,50.0,Free,0.0,Everyone,Medical,"January 17, 2018",300000.0.97,4.0.3 and up
Claus Paws AH,MEDICAL,4.3,1.0,29.0,100.0,Free,0.0,Everyone,Medical,"December 8, 2017",300000.0.94,4.0.3 and up
Denis Brogniart - AH 2 !,FAMILY,4.3,4.0,14.0,100.0,Free,0.0,Everyone,Entertainment,"October 28, 2017",1.0,2.1 and up
Ah! Cutie,FAMILY,3.9,536.0,10.0,10000.0,Free,0.0,Everyone,Casual,"June 27, 2017",2.0.0,4.0 and up
Arrowhead AH App,MEDICAL,5.0,3.0,28.0,100.0,Free,0.0,Everyone,Medical,"April 21, 2017",300000.0.80,4.0.3 and up
Ah! Monster,FAMILY,4.1,1998.0,9.8,100000.0,Free,0.0,Everyone,Casual,"June 21, 2017",4.0.0,4.0 and up
Kimbrough AH,MEDICAL,5.0,5.0,28.0,100.0,Free,0.0,Everyone,Medical,"September 21, 2017",300000.0.90,4.0.3 and up
Bee'ah Employee App,COMMUNICATION,4.0,4.0,5.4,100.0,Free,0.0,Teen,Communication,"December 24, 2017",2.26.5.0,5.0 and up
WAH AH,MEDICAL,4.3,0.0,29.0,100.0,Free,0.0,Everyone,Medical,"May 3, 2017",300000.0.80,4.0.3 and up
Prestige AH,MEDICAL,4.0,2.0,29.0,100.0,Free,0.0,Everyone,Medical,"May 11, 2017",300000.0.81,4.0.3 and up
San Dimas AH,MEDICAL,4.3,0.0,29.0,100.0,Free,0.0,Everyone,Medical,"February 18, 2018",300000.0.97,4.0.3 and up
Ah Bailar,FAMILY,4.3,10.0,3.0,100.0,Free,0.0,Everyone,Entertainment,"April 14, 2018",1.0,5.0 and up
Ebenezer AH,MEDICAL,4.0,4.0,27.0,500.0,Free,0.0,Everyone,Medical,"May 5, 2017",300000.0.79,4.0.3 and up
Boston AH,MEDICAL,4.3,1.0,29.0,50.0,Free,0.0,Everyone,Medical,"November 30, 2017",300000.0.93,4.0.3 and up
Ah !,FAMILY,4.3,3.0,22.0,50.0,Free,0.0,Everyone,Entertainment,"December 27, 2017",1.1.2,5.0 and up
Kay AH GA,MEDICAL,4.3,0.0,29.0,1.0,Free,0.0,Everyone,Medical,"February 15, 2018",300000.0.97,4.0.3 and up
Bayview Hill AH,MEDICAL,4.3,0.0,29.0,50.0,Free,0.0,Everyone,Medical,"June 6, 2018",300000.1.08,4.0.3 and up
Hilltop AH,MEDICAL,4.3,0.0,29.0,100.0,Free,0.0,Everyone,Medical,"January 10, 2018",300000.0.96,4.0.3 and up
Ah Ha Block,FAMILY,4.3,2.0,16.0,100.0,Free,0.0,Everyone,Casual,"July 9, 2017",1.0,4.0 and up
AH Lake Villa,MEDICAL,4.3,3.0,27.0,100.0,Free,0.0,Everyone,Medical,"April 22, 2017",300000.0.78,4.0.3 and up
Ferguson AH,MEDICAL,4.3,0.0,29.0,100.0,Free,0.0,Everyone,Medical,"July 17, 2017",300000.0.86,4.0.3 and up
be'ah,HEALTH_AND_FITNESS,4.3,5.0,5.7,10.0,Free,0.0,Everyone,Health & Fitness,"March 28, 2018",1.0,2.3 and up
Ah! Bird,SPORTS,3.5,1689.0,5.7,100000.0,Free,0.0,Everyone,Sports,"August 29, 2017",1.5.062,4.3 and up
Downers Grove AH,MEDICAL,4.3,0.0,29.0,100.0,Free,0.0,Everyone,Medical,"January 10, 2018",300000.0.96,4.0.3 and up
AH! Soundboard,FAMILY,4.3,11.0,2.0,100.0,Free,0.0,Everyone,Entertainment,"September 21, 2017",1.1,4.1 and up
Sherbourne AH,MEDICAL,4.3,1.0,29.0,50.0,Free,0.0,Everyone,Medical,"February 27, 2018",300000.0.98,4.0.3 and up
Cathy AH,TOOLS,4.3,0.0,20.0,1.0,Free,0.0,Everyone,Tools,"July 16, 2018",1.0.4,4.1 and up
Monticello AH,MEDICAL,4.3,0.0,28.0,50.0,Free,0.0,Everyone,Medical,"May 26, 2017",300000.0.84,4.0.3 and up
Forest Crossing AH,MEDICAL,4.3,0.0,29.0,10.0,Free,0.0,Everyone,Medical,"April 12, 2018",300000.1.01,4.0.3 and up
Mitchell AH,MEDICAL,4.3,0.0,29.0,50.0,Free,0.0,Everyone,Medical,"May 23, 2018",300000.1.08,4.0.3 and up
AH of Rocky Hill,MEDICAL,4.3,0.0,29.0,100.0,Free,0.0,Everyone,Medical,"November 24, 2017",300000.0.93,4.0.3 and up
Replika,FAMILY,4.5,45458.0,35.0,1000000.0,Free,0.0,Mature 17+,Entertainment,"August 3, 2018",1.5.49,4.4 and up
Real AI,FAMILY,3.8,949.0,1.2,50000.0,Free,0.0,Everyone,Entertainment,"July 22, 2018",4.9,4.0 and up
Virtual Assistant DataBot: Artificial Intelligence,FAMILY,4.4,80927.0,27.0,1000000.0,Free,0.0,Everyone,Entertainment,"July 31, 2018",7.2.5,4.0 and up
ALPHA - Artificial Intelligence,FAMILY,4.0,51.0,3.2,1000.0,Free,0.0,Everyone,Entertainment,"June 3, 2018",1.3.4,4.0 and up
Artificial Intelligence,FAMILY,3.9,339.0,4.2,50000.0,Free,0.0,Everyone,Education,"April 5, 2018",6.2,4.0 and up
Orbita AI — Exciting mobile puzzles & riddles,FAMILY,4.6,116973.0,31.0,1000000.0,Free,0.0,Everyone,Puzzle,"March 29, 2018",1.1.9.1,4.1 and up
SMS AI Bot,TOOLS,3.8,89.0,3.9,10000.0,Free,0.0,Everyone,Tools,"July 1, 2018",3.0.4,4.1 and up
ChatBot AI Talking Girl,FAMILY,3.8,3597.0,25.0,100000.0,Free,0.0,Everyone 10+,Entertainment,"July 31, 2018",1.0.16,4.0.3 and up
Ai File Viewer,TOOLS,4.0,66.0,13.0,10000.0,Free,0.0,Everyone,Tools,"July 7, 2018",Varies with device,Varies with device
ParaTek Ai Speech generator,TOOLS,3.6,448.0,4.3,50000.0,Free,0.0,Everyone,Tools,"March 23, 2017",1.9,1.6 and up
Extreme- Personal Voice Assistant,PRODUCTIVITY,4.4,25627.0,9.8,1000000.0,Free,0.0,Everyone,Productivity,"August 5, 2018",132,5.0 and up
Robin - AI Voice Assistant,MAPS_AND_NAVIGATION,4.2,55313.0,16.0,1000000.0,Free,0.0,Everyone,Maps & Navigation,"August 5, 2018",4.435,4.1 and up
Learn Artificial Intelligence,FAMILY,4.6,27.0,4.2,10000.0,Free,0.0,Everyone,Education,"July 14, 2018",1.1.4,4.1 and up
AI Today : Artificial Intelligence News & AI 101,NEWS_AND_MAGAZINES,5.0,43.0,2.3,100.0,Free,0.0,Everyone,News & Magazines,"June 22, 2018",1.0,4.4 and up
Puck AI Personal Assistant Robot,PRODUCTIVITY,4.1,22.0,26.0,1000.0,Free,0.0,Everyone,Productivity,"November 2, 2017",1.5,4.0.3 and up
Builder (by Engineer.ai),PRODUCTIVITY,3.6,8.0,3.2,100.0,Free,0.0,Everyone,Productivity,"November 4, 2017",1.2-Release,4.1 and up
Friday: Smart Personal Assistant,PRODUCTIVITY,4.4,2087.0,8.3,100000.0,Free,0.0,Everyone,Productivity,"June 24, 2018",20,5.0 and up
Picai - Smart AI Camera,PHOTOGRAPHY,4.0,529.0,13.0,100000.0,Free,0.0,Everyone,Photography,"July 17, 2018",1.2.3,6.0 and up
Virtual Eye AI,TOOLS,4.4,26.0,3.8,500.0,Free,0.0,Everyone,Tools,"May 27, 2018",1.2,4.0 and up
Lyra Virtual Assistant,PRODUCTIVITY,4.5,41624.0,3.4,1000000.0,Free,0.0,Everyone,Productivity,"May 24, 2018",1.2.4,4.0.3 and up
2048(AI),FAMILY,4.3,20.0,3.5,1000.0,Free,0.0,Everyone,Casual,"June 3, 2015",0.33,2.3 and up
ai robot keyboard,PERSONALIZATION,4.7,1891.0,1.9,100000.0,Free,0.0,Everyone,Personalization,"May 24, 2018",10001008,4.0.3 and up
AI with Python Tutorial,FAMILY,4.4,8.0,3.3,5000.0,Free,0.0,Everyone,Education,"June 5, 2018",1.0.4,4.1 and up
ai.Bot Box,PRODUCTIVITY,4.3,0.0,13.0,10000.0,Free,0.0,Everyone,Productivity,"March 1, 2017",Varies with device,Varies with device
Message AI - Write Better Messages (Free),SOCIAL,3.7,3.0,7.9,100.0,Free,0.0,Everyone,Social,"July 4, 2018",1.3.1-lite,5.0 and up
Artificial intelligence,FAMILY,4.3,3.0,1.8,100.0,Free,0.0,Everyone,Entertainment,"March 5, 2018",2.2,4.1 and up
MiAI (Artificial Intelligence) Assistant,PRODUCTIVITY,3.7,3.0,7.5,100.0,Free,0.0,Everyone,Productivity,"March 1, 2018",11.04,4.1 and up
AI Image Recognizer (beta),PHOTOGRAPHY,4.3,0.0,3.7,500.0,Free,0.0,Everyone,Photography,"September 13, 2017",closed,4.0 and up
AI Sight,PRODUCTIVITY,3.5,43.0,48.0,1000.0,Free,0.0,Everyone,Productivity,"June 18, 2018",1.2,4.0.3 and up
Jarvis artificial intelligent,FAMILY,3.9,253.0,14.0,10000.0,Free,0.0,Everyone,Entertainment,"March 28, 2018",1.1,2.3 and up
DREAM-e: Dream Analysis A.I.,LIFESTYLE,3.8,89.0,0.9169921875,10000.0,Free,0.0,Everyone,Lifestyle,"February 18, 2013",2.3,2.1 and up
AJ Academy: Amazing Animals,FAMILY,4.5,1564.0,35.0,50000.0,Free,0.0,Everyone,Educational;Education,"May 25, 2018",1.1.0,4.1 and up
Dash Tag - Fun Endless Runner!,FAMILY,4.5,6750.0,43.0,100000.0,Free,0.0,Everyone,Casual,"June 13, 2018",2.0.3,4.3 and up
AJ+ Beta,NEWS_AND_MAGAZINES,4.3,0.0,13.0,1000.0,Free,0.0,Everyone,News & Magazines,"May 4, 2017",Varies with device,Varies with device
AJ Cam,PHOTOGRAPHY,5.0,44.0,2.8,100.0,Free,0.0,Everyone,Photography,"January 23, 2018",1.0,4.1 and up
AJ Reminders,MAPS_AND_NAVIGATION,4.3,0.0,3.2,10.0,Free,0.0,Everyone,Maps & Navigation,"January 27, 2018",1.0,4.2 and up
tournaments and more.aj.2,COMMUNICATION,4.3,0.0,4.2,100.0,Free,0.0,Teen,Communication,"September 25, 2017",4.3,2.3 and up
Aj. Vallbona,NEWS_AND_MAGAZINES,4.3,0.0,22.0,10.0,Free,0.0,Everyone,News & Magazines,"July 25, 2018",4.0,4.4 and up
AJ Official,FAMILY,4.6,31.0,7.3,500.0,Free,0.0,Everyone,Education,"May 3, 2017",0.1,2.3 and up
Selfie With Champion AJ Style,PHOTOGRAPHY,5.0,2.0,7.5,500.0,Free,0.0,Everyone,Photography,"January 8, 2018",1.0,3.2 and up
AJ Concept Group App,HOUSE_AND_HOME,4.3,0.0,17.0,10.0,Free,0.0,Everyone,House & Home,"July 25, 2017",3.0,4.0.3 and up
Blackjack aj Poker,GAME,3.8,8.0,4.2,1000.0,Free,0.0,Teen,Card,"October 19, 2016",1.1,2.3.3 and up
Bonza Poly Art - Tenkyu Animal Jam for Kids,FAMILY,4.1,22.0,31.0,1000.0,Free,0.0,Everyone,Puzzle,"August 3, 2018",1.0.9,4.1 and up
A.J. Styles HD Wallpapers 2018,PHOTOGRAPHY,4.3,1.0,7.6,100.0,Free,0.0,Everyone,Photography,"July 26, 2018",1.0,4.1 and up
AJ Player,VIDEO_PLAYERS,4.8,18.0,1.7,100.0,Free,0.0,Everyone,Video Players & Editors,"April 22, 2018",1.6.3.1,5.0 and up
AJ RETAILS,SHOPPING,5.0,9.0,0.1650390625,10.0,Free,0.0,Everyone,Shopping,"June 1, 2018",18060104,2.2 and up
AJ AUTO,AUTO_AND_VEHICLES,4.3,0.0,7.7,10.0,Free,0.0,Everyone,Auto & Vehicles,"February 27, 2017",1.0.0,4.0.3 and up
AJ Percent Off Calculator,SHOPPING,4.4,134.0,0.0439453125,10000.0,Free,0.0,Everyone,Shopping,"June 4, 2013",1.2,2.2 and up
AJ Nails Supply,SHOPPING,4.3,1.0,6.6,100.0,Free,0.0,Everyone,Shopping,"August 15, 2016",1.0,2.3.3 and up
Aj.Petra,COMMUNICATION,4.3,5.0,14.0,100.0,Free,0.0,Everyone,Communication,"September 29, 2017",1.0.1,4.1 and up
AJ Men's Grooming,LIFESTYLE,5.0,2.0,22.0,100.0,Free,0.0,Everyone,Lifestyle,"August 28, 2017",5,4.1 and up
AJ Rafael Music Lyrics,FAMILY,4.3,0.0,8.4,50.0,Free,0.0,Everyone 10+,Entertainment,"January 3, 2018",2.0,4.0.3 and up
AJ Styles HD Wallpapers,ART_AND_DESIGN,4.8,48.0,25.0,5000.0,Free,0.0,Everyone,Art & Design,"August 4, 2018",1.1.1,4.1 and up
AJ and Alyssa,LIFESTYLE,4.3,0.0,0.4638671875,100.0,Free,0.0,Everyone,Lifestyle,"June 1, 2017",1.0.0,2.3.3 and up
A.J. Green Wallpapers 4 Fans,LIFESTYLE,4.3,0.0,4.3,5.0,Free,0.0,Everyone,Lifestyle,"May 26, 2018",1.0,4.0 and up
AJ Styles Wallpaper 2018 - AJ Styles HD Wallpaper,ART_AND_DESIGN,4.0,18.0,3.6,1000.0,Free,0.0,Everyone,Art & Design,"March 22, 2018",1.1,4.0 and up
A-J Media Vault,BOOKS_AND_REFERENCE,4.3,1.0,24.0,50.0,Free,0.0,Everyone,Books & Reference,"January 4, 2017",5.62.1,4.0.3 and up
AJ-COMICS,FOOD_AND_DRINK,4.3,0.0,27.0,5.0,Free,0.0,Everyone,Food & Drink,"July 13, 2018",0.1.0,4.4 and up
AJ Tracey Music and Lyrics,FAMILY,4.3,0.0,2.7,5.0,Free,0.0,Teen,Entertainment,"June 7, 2018",1.0,4.0.3 and up
AJ렌터카 법인 카셰어링,MAPS_AND_NAVIGATION,4.3,0.0,27.0,10.0,Free,0.0,Everyone,Maps & Navigation,"July 30, 2018",1.0.0.0,4.3 and up
AJ Rafael Music Lessons,FAMILY,5.0,1.0,8.2,10.0,Free,0.0,Everyone,Entertainment,"November 29, 2017",1.2.1,4.1 and up
AJ Wallpapers,PERSONALIZATION,4.3,0.0,3.9,100.0,Free,0.0,Everyone,Personalization,"May 6, 2018",2.0,4.0.3 and up
Aj Di Awaaz,NEWS_AND_MAGAZINES,4.3,9.0,1.1,500.0,Free,0.0,Everyone,News & Magazines,"September 7, 2016",1.0,4.1 and up
How it works: AK-74N,FAMILY,4.4,1031.0,48.0,100000.0,Free,0.0,Everyone,Entertainment,"January 9, 2018",2.1.9f0,4.0.3 and up
AK-47: Simulator and Shooting,FAMILY,4.0,345.0,14.0,100000.0,Free,0.0,Everyone 10+,Simulation,"November 11, 2016",1.3.0,3.0 and up
AK-47 Simulation and Info,FAMILY,4.3,2.0,18.0,100.0,Free,0.0,Everyone,Entertainment,"May 5, 2018",2.0.0,5.0 and up
AK-47 Sounds,FAMILY,3.9,656.0,2.9,500000.0,Free,0.0,Everyone 10+,Entertainment,"September 14, 2016",2.0,2.3.3 and up
AK 47 Live Wallpaper,PERSONALIZATION,4.1,585.0,4.4,50000.0,Free,0.0,Everyone,Personalization,"June 20, 2018",1.3,4.1 and up
AK Interactive,FAMILY,4.3,734.0,13.0,10000.0,Free,0.0,Everyone,Entertainment,"July 12, 2018",2.5,4.0 and up
AK-47 sounds,FAMILY,3.9,7.0,3.8,1000.0,Free,0.0,Everyone,Entertainment,"June 18, 2018",568,4.0 and up
Wallpapers AK 47 Guns,PERSONALIZATION,4.5,37.0,15.0,5000.0,Free,0.0,Teen,Personalization,"February 26, 2017",1.0,4.1 and up
AK 47 Assault Rifle Wallpapers,PERSONALIZATION,4.3,1.0,15.0,100.0,Free,0.0,Teen,Personalization,"February 22, 2018",1.0,4.1 and up
AK-47 Assault Rifle,FAMILY,3.7,165.0,25.0,10000.0,Free,0.0,Teen,Entertainment,"April 26, 2015",1.0,2.3 and up
AK 47 Guns Wallpaper,PERSONALIZATION,4.2,322.0,6.8,50000.0,Free,0.0,Everyone,Personalization,"May 29, 2017",1.0,4.1 and up
AK-47 3D,GAME,3.7,91.0,24.0,10000.0,Free,0.0,Everyone,Action,"December 25, 2016",3.2,2.3 and up
Book of AK-47,LIFESTYLE,3.8,6.0,3.4,500.0,Free,0.0,Everyone,Lifestyle,"March 1, 2016",1.0.2,4.0.3 and up
Weapon stripping 3D,FAMILY,4.6,23971.0,24.0,1000000.0,Free,0.0,Everyone,Simulation,"August 4, 2018",39.231,4.1 and up
AK-47 Assult Rifle: Gun Shooting Simulator Game,GAME,4.3,1.0,5.8,500.0,Free,0.0,Everyone,Action,"May 17, 2018",2.0,4.0.3 and up
Ak-47 Wallpapers 2018,PERSONALIZATION,4.3,7.0,4.9,500.0,Free,0.0,Everyone,Personalization,"March 14, 2018",newversion,4.3 and up
Wallpapers New AK 47 Assault Rifle Guns Arms,PERSONALIZATION,4.3,0.0,16.0,100.0,Free,0.0,Teen,Personalization,"March 10, 2018",1.0,4.1 and up
AK47 Assault Rifle,TOOLS,3.9,54.0,2.8,10000.0,Free,0.0,Everyone,Tools,"May 2, 2015",1.0.0.1,2.2 and up
Wallpapers AK 74M,PERSONALIZATION,4.3,0.0,11.0,10.0,Free,0.0,Teen,Personalization,"April 13, 2018",1.0,4.1 and up
Weapons simulator AK-47,FAMILY,4.1,21.0,26.0,5000.0,Free,0.0,Everyone,Simulation,"May 15, 2017",1,4.1 and up
Wallpapers AK 12,PERSONALIZATION,4.3,0.0,11.0,10.0,Free,0.0,Teen,Personalization,"April 12, 2018",1.0,4.1 and up
AK 47 Lock Screen,PERSONALIZATION,4.6,5.0,8.8,500.0,Free,0.0,Mature 17+,Personalization,"February 11, 2018",1.0,4.0.3 and up
Gun AK 47,FAMILY,4.3,3.0,6.2,1000.0,Free,0.0,Everyone,Entertainment,"April 18, 2017",1.0,2.3 and up
AK Blackjack,GAME,4.3,4.0,7.6,1000.0,Free,0.0,Teen,Card,"July 30, 2018",1.3,4.1 and up
Jigsaw Puzzles AK 74M,PERSONALIZATION,4.3,0.0,4.9,10.0,Free,0.0,Mature 17+,Personalization,"May 7, 2018",1.0,4.0.3 and up
AK-47 guns Sounds,FAMILY,4.3,2.0,5.1,100.0,Free,0.0,Everyone,Entertainment,"June 28, 2018",666,4.0 and up
AK Phone,COMMUNICATION,4.4,9.0,4.2,5000.0,Free,0.0,Everyone,Communication,"May 29, 2017",3.8.8,2.2 and up
AK Booster,TOOLS,3.8,71.0,7.0,10000.0,Free,0.0,Everyone,Tools,"May 2, 2018",2.0.1.966,4.4 and up
AK Lodi Films,VIDEO_PLAYERS,4.9,23.0,2.1,100.0,Free,0.0,Everyone,Video Players & Editors,"August 11, 2015",1.1,4.0 and up
AK Math Coach,FAMILY,3.6,283.0,18.0,50000.0,Free,0.0,Everyone,Education,"May 19, 2015",1.3,2.3.3 and up
University of Alabama,FAMILY,4.5,302.0,3.0,50000.0,Free,0.0,Everyone,Education,"November 30, 2017",3.3,4.1 and up
Alabama Gameday Live,SPORTS,4.7,19.0,12.0,1000.0,Free,0.0,Everyone,Sports,"May 18, 2018",2.0.1,4.2 and up
AL.com: Alabama Football News,SPORTS,4.5,459.0,8.0,10000.0,Free,0.0,Everyone 10+,Sports,"July 23, 2018",3.7.10-0d44b899,4.1 and up
Alabama Road Trips,TRAVEL_AND_LOCAL,4.4,71.0,28.0,10000.0,Free,0.0,Everyone,Travel & Local,"October 27, 2017",1.8.7,4.0 and up
Alabama DMV Permit Test - AL,FAMILY,4.3,218.0,29.0,10000.0,Free,0.0,Everyone,Education,"February 15, 2018",6.0.3,4.4 and up
Official AL Fishing & Hunting,TRAVEL_AND_LOCAL,4.2,1291.0,40.0,50000.0,Free,0.0,Everyone,Travel & Local,"October 18, 2017",5.29.77 Domain 427,4.4 and up
Al Quran (Tafsir & by Word),BOOKS_AND_REFERENCE,4.8,57400.0,14.0,500000.0,Free,0.0,Everyone,Books & Reference,"July 30, 2018",1.6.5,4.0 and up
Al Quran Al karim,BOOKS_AND_REFERENCE,4.6,41608.0,49.0,1000000.0,Free,0.0,Everyone,Books & Reference,"November 5, 2017",1.1.7,2.2 and up
Al jazeera TV,FAMILY,4.6,9952.0,3.7,100000.0,Free,0.0,Teen,Entertainment,"July 5, 2016",1.0.0,4.0.3 and up
Al Jazeera English,NEWS_AND_MAGAZINES,4.1,24456.0,13.0,1000000.0,Free,0.0,Everyone,News & Magazines,"July 24, 2018",Varies with device,Varies with device
Al-Muhaffiz,BOOKS_AND_REFERENCE,4.7,2319.0,27.0,50000.0,Free,0.0,Everyone,Books & Reference,"April 22, 2018",10.10,4.1 and up
Al Quran Audio (Full 30 Juz),FAMILY,4.7,7878.0,3.6,1000000.0,Free,0.0,Everyone,Education,"May 29, 2017",4.0,2.3 and up
Quran for All (Al-Huda Int.),FAMILY,4.8,6696.0,5.3,100000.0,Free,0.0,Everyone,Education,"February 7, 2018",3.1.0,4.0 and up
AL Voice Recorder,PRODUCTIVITY,3.6,4832.0,2.4,1000000.0,Free,0.0,Everyone,Productivity,"November 22, 2016",2.1.7.3,3.0 and up
Quran Juz-30 - Mahad al Zahra,FAMILY,4.6,2654.0,6.7,100000.0,Free,0.0,Everyone,Education,"November 2, 2016",1.10.0,2.2 and up
Al Mayadeen,NEWS_AND_MAGAZINES,4.7,13620.0,9.0,500000.0,Free,0.0,Everyone,News & Magazines,"April 16, 2018",2.137,4.1 and up
Al-Quran Al-Muallim,FAMILY,4.5,199.0,0.259765625,10000.0,Free,0.0,Everyone,Education,"September 11, 2013",1.0beta,2.2 and up
We're Working Out - Al Kavadlo,HEALTH_AND_FITNESS,4.3,979.0,13.0,50000.0,Free,0.0,Everyone,Health & Fitness,"December 24, 2017",Varies with device,Varies with device
Al-Quran 30 Juz free copies,BOOKS_AND_REFERENCE,4.5,12322.0,27.0,500000.0,Free,0.0,Everyone,Books & Reference,"December 17, 2016",3.0,2.3 and up
Al Quran MP3 - Quran Reading®,FAMILY,4.7,47463.0,22.0,1000000.0,Free,0.0,Everyone,Education,"April 24, 2018",4.4,4.0.3 and up
Al-Quran Ahmad Saud Offline,FAMILY,4.7,7116.0,40.0,100000.0,Free,0.0,Everyone,Education,"August 9, 2016",1.0,2.3.3 and up
12 Step Meditations & Sober Prayers AA NA AL-ANON,LIFESTYLE,4.7,759.0,15.0,50000.0,Free,0.0,Everyone 10+,Lifestyle,"January 22, 2018",1.4.5,4.1 and up
Al Quran Free - القرآن (Islam),BOOKS_AND_REFERENCE,4.7,1777.0,23.0,50000.0,Free,0.0,Everyone,Books & Reference,"February 15, 2015",1.1,2.2 and up
Taha Al Junaid Quran Mp3,LIFESTYLE,4.6,518.0,4.2,50000.0,Free,0.0,Everyone,Lifestyle,"March 25, 2017",1.1,2.3.3 and up
Surah Al-Waqiah,BOOKS_AND_REFERENCE,4.7,1201.0,2.9,100000.0,Free,0.0,Everyone,Books & Reference,"June 24, 2015",1.0,2.3.3 and up
I AM RICH,FAMILY,3.9,1455.0,1.1,10000.0,Free,0.0,Everyone,Entertainment,"October 11, 2017",1.0,2.3 and up
i am rich,BUSINESS,3.9,213.0,2.9,1000.0,Free,0.0,Everyone,Business,"June 9, 2018",1.0,4.0 and up
Where Am I At?,TRAVEL_AND_LOCAL,3.8,39.0,12.0,10000.0,Free,0.0,Everyone,Travel & Local,"October 8, 2016",1.2,4.1 and up
Where Am I? GPS Loc,TRAVEL_AND_LOCAL,4.6,68.0,4.2,10000.0,Free,0.0,Everyone,Travel & Local,"November 14, 2017",5.0,4.0.3 and up
Coast To Coast AM Insider,NEWS_AND_MAGAZINES,3.9,4581.0,21.0,100000.0,Free,0.0,Everyone,News & Magazines,"January 4, 2018",5.0.108,4.4 and up
Where Am I?,TOOLS,4.2,1313.0,13.0,100000.0,Free,0.0,Everyone,Tools,"July 28, 2014",Varies with device,Varies with device
What Am I? - Brain Teasers,GAME,4.2,4537.0,15.0,100000.0,Free,0.0,Everyone,Trivia,"April 5, 2017",2.2,4.0.3 and up
Who am I? (Biblical),GAME,4.5,5849.0,5.1,500000.0,Free,0.0,Everyone,Trivia,"September 13, 2017",1.2.2_comAds,4.0.3 and up
DWWW 774 Ultimate AM Radio,NEWS_AND_MAGAZINES,4.7,327.0,31.0,10000.0,Free,0.0,Everyone,News & Magazines,"June 26, 2018",4.0.9,4.1 and up
Anno: Build an Empire,FAMILY,3.5,33944.0,28.0,1000000.0,Free,0.0,Everyone 10+,Strategy,"March 10, 2016",2.0.0,4.1 and up
Vikings: an Archer's Journey,GAME,4.5,10256.0,39.0,1000000.0,Free,0.0,Everyone,Action,"December 11, 2017",2.1.0,4.3 and up
Trell: An app for Explorers | Best Wanderlust App,LIFESTYLE,4.6,8004.0,34.0,100000.0,Free,0.0,Teen,Lifestyle,"July 31, 2018",3.4.8,4.1 and up
Create apps fast with beautiful design and no code,BUSINESS,3.7,23729.0,24.0,1000000.0,Free,0.0,Everyone,Business,"May 14, 2018",7.2,4.4 and up
"Resume Builder Free, 5 Minute CV Maker & Templates",BUSINESS,4.4,72202.0,6.7,1000000.0,Free,0.0,Everyone,Business,"June 25, 2018",6.0,4.0.3 and up
AO Surgery Reference,MEDICAL,4.7,2570.0,3.8,100000.0,Free,0.0,Everyone,Medical,"May 10, 2017",1.2.6,4.0 and up
ao,FAMILY,3.5,14145.0,5.9,1000000.0,Free,0.0,Everyone,Strategy,"June 8, 2016",1.0.9,4.0 and up
AO/OTA Fracture Classification,MEDICAL,4.9,25.0,46.0,5000.0,Free,0.0,Everyone,Medical,"April 17, 2018",1.0,5.0 and up
AO Player,EVENTS,4.0,9.0,3.3,1000.0,Free,0.0,Everyone,Events,"December 20, 2017",1.1.4,4.4 and up
Ao Oni2,GAME,4.1,21223.0,48.0,1000000.0,Free,0.0,Teen,Adventure,"April 20, 2018",1.6.6,4.1 and up
A. O. Smith,TOOLS,4.2,32.0,33.0,10000.0,Free,0.0,Everyone,Tools,"May 21, 2018",3.0.22,4.0 and up
AO-EVENT,BUSINESS,4.3,0.0,42.0,100.0,Free,0.0,Everyone,Business,"May 28, 2018",6.2.6,4.1 and up
PlacarTv Futebol Ao Vivo,COMMUNICATION,4.1,2063.0,4.5,100000.0,Free,0.0,Everyone,Communication,"June 3, 2018",1.0.3,4.0 and up
Virtual lover,FAMILY,4.6,45771.0,28.0,1000000.0,Free,0.0,Mature 17+,Entertainment,"June 8, 2018",1.39,4.1 and up
Carnivores: Dinosaur Hunter,GAME,4.2,62636.0,17.0,1000000.0,Free,0.0,Teen,Action,"July 2, 2018",1.8.0,4.0.3 and up
Can Your Pet? : Returns - Teen,FAMILY,4.3,45370.0,14.0,1000000.0,Free,0.0,Teen,Simulation,"August 2, 2018",2.59.8,2.3 and up
GUYZ - Gay Chat & Gay Dating,SOCIAL,4.4,41269.0,13.0,1000000.0,Free,0.0,Mature 17+,Social,"May 10, 2017",1.3.6.4,4.0.3 and up
Start the Hunt for the Lost Treasure,FAMILY,3.8,302.0,8.1,10000.0,Free,0.0,Everyone,Puzzle;Brain Games,"September 13, 2017",1.4,4.0.3 and up
Treasure Hunt Hidden Objects Adventure Game,FAMILY,4.3,1231.0,13.0,100000.0,Free,0.0,Everyone,Puzzle,"May 24, 2018",2.2,4.1 and up
Scanning under clothes (prank),FAMILY,3.7,1443.0,20.0,100000.0,Free,0.0,Mature 17+,Entertainment,"January 18, 2018",3.0,2.3 and up
Hidden Objects Treasure Hunt Adventure Games,FAMILY,4.3,275.0,29.0,10000.0,Free,0.0,Everyone,Puzzle,"July 9, 2018",1.0.1,4.4 and up
AP Mobile - Breaking News,NEWS_AND_MAGAZINES,4.5,76616.0,4.6,1000000.0,Free,0.0,Everyone 10+,News & Magazines,"May 25, 2017",4.4.3,4.0 and up
AP ENPS Mobile,PRODUCTIVITY,4.1,22.0,0.5322265625,5000.0,Free,0.0,Everyone,Productivity,"March 8, 2016",8.0.0130,4.4 and up
AP® Guide,FAMILY,5.0,3.0,2.1,1000.0,Free,0.0,Everyone,Education,"July 31, 2017",1.3,4.0.3 and up
WiFi Access Point (hotspot),COMMUNICATION,3.9,684.0,0.0595703125,100000.0,Free,0.0,Everyone,Communication,"May 14, 2015",1.1.2,2.3 and up
AP Mobile,FAMILY,4.6,117.0,13.0,10000.0,Free,0.0,Everyone,Education,"November 21, 2017",1.03,6.0 and up
AP Manager,TOOLS,4.0,177.0,2.8,10000.0,Free,0.0,Everyone,Tools,"May 4, 2015",1.0.8,2.3 and up
AP App for Android™,NEWS_AND_MAGAZINES,3.6,188.0,9.9,10000.0,Free,0.0,Everyone,News & Magazines,"May 12, 2016",1.0,4.0 and up
Access Point Finder,LIFESTYLE,4.0,22.0,2.5,10000.0,Free,0.0,Everyone,Lifestyle,"September 6, 2016",1.0,3.0 and up
AP English Language: Practice Tests and Flashcards,FAMILY,4.5,19.0,5.4,5000.0,Free,0.0,Everyone,Education,"July 3, 2018",1.6.7.1,4.1 and up
AP Mobile 104,BUSINESS,4.3,0.0,14.0,100.0,Free,0.0,Everyone,Business,"December 13, 2017",1.2.2.0,4.0 and up
Access Point Browser,TOOLS,4.2,25.0,2.5,1000.0,Free,0.0,Everyone,Tools,"September 22, 2017",3.11,4.3 and up
AP Installer,TOOLS,4.5,23.0,0.2763671875,5000.0,Free,0.0,Everyone,Tools,"July 20, 2018",13,3.2 and up
Access Point Proximity,TOOLS,4.3,5.0,2.3,1000.0,Free,0.0,Everyone,Tools,"June 28, 2018",2.1.1,5.0 and up
Study AP World History,FAMILY,4.6,513.0,1.6,10000.0,Free,0.0,Everyone,Education,"July 18, 2016",1.1.2,4.0.3 and up
UniFi,TOOLS,4.7,11018.0,25.0,500000.0,Free,0.0,Everyone,Tools,"July 25, 2018",1.7.0,4.1 and up
Ap Video Downloader for fb New 2018,TOOLS,4.2,676.0,5.4,100000.0,Free,0.0,Everyone,Tools,"July 31, 2018",3.0.188,4.0.3 and up
HotSpot Tethering Free/WiFi AP,TOOLS,3.9,478.0,2.0,100000.0,Free,0.0,Everyone,Tools,"September 12, 2016",2.003,2.3 and up
AP Chemistry Prep: Practice Tests and Flashcards,FAMILY,4.7,55.0,5.4,10000.0,Free,0.0,Everyone,Education,"July 3, 2018",1.6.7.1,4.1 and up
AP Flashcards,FAMILY,3.7,88.0,41.0,10000.0,Free,0.0,Everyone,Education,"August 30, 2015",1.3.14,3.1 and up
AP World History: Practice Tests and Flashcards,FAMILY,4.8,21.0,5.4,5000.0,Free,0.0,Everyone,Education,"July 3, 2018",1.6.7.1,4.1 and up
Access Point Names,COMMUNICATION,4.0,138.0,2.4,10000.0,Free,0.0,Everyone,Communication,"August 12, 2014",1.0,2.3.3 and up
"AP Biology Prep: Practice Tests, Flashcards",FAMILY,4.6,87.0,5.4,10000.0,Free,0.0,Everyone,Education,"July 3, 2018",1.6.7.1,4.1 and up
AP Biology Study Guide + Quiz,FAMILY,4.4,105.0,9.0,10000.0,Free,0.0,Everyone,Education,"March 22, 2016",1.5.1,4.1 and up
Reuters News,NEWS_AND_MAGAZINES,4.3,13166.0,25.0,1000000.0,Free,0.0,Everyone 10+,News & Magazines,"June 6, 2018",3.4.4,4.1 and up
AP Physics 1 Prep: Practice Tests and Flashcards,FAMILY,4.4,29.0,5.3,5000.0,Free,0.0,Everyone,Education,"July 3, 2018",1.6.7.1,4.1 and up
Fate GO Ap Counter,TOOLS,4.6,70.0,3.2,1000.0,Free,0.0,Everyone,Tools,"January 19, 2018",1.1.4,4.1 and up
AP Psychology Prep: Practice Tests and Flashcards,FAMILY,4.5,242.0,5.4,50000.0,Free,0.0,Everyone,Education,"July 3, 2018",1.6.7.1,4.1 and up
APN Settings,TOOLS,3.7,3743.0,5.6,1000000.0,Free,0.0,Everyone,Tools,"August 3, 2018",6.4,4.1 and up
AEE AP,PHOTOGRAPHY,4.3,4.0,17.0,1000.0,Free,0.0,Everyone,Photography,"February 7, 2018",1.01,2.2 and up
AP Math & Computer Science,FAMILY,3.7,37.0,9.5,5000.0,Free,0.0,Everyone,Education,"July 19, 2015",2.16,2.3 and up
AP Statistics Prep: Practice Tests and Flashcards,FAMILY,4.2,19.0,5.4,5000.0,Free,0.0,Everyone,Education,"July 3, 2018",1.6.7.1,4.1 and up
AP European History: Practice Tests and Flashcards,FAMILY,4.7,7.0,5.4,1000.0,Free,0.0,Everyone,Education,"July 3, 2018",1.6.7.1,4.1 and up
AdventureQuest 3D MMO,FAMILY,4.3,22667.0,35.0,1000000.0,Free,0.0,Teen,Role Playing,"July 26, 2018",1.10.1,4.4 and up
AdventureQuest Dragons,FAMILY,3.9,10114.0,48.0,100000.0,Free,0.0,Everyone,Casual,"June 13, 2018",1.0.63,4.0 and up
AQ: First Contact,FAMILY,4.3,0.0,13.0,50000.0,Free,0.0,Everyone,Strategy,"July 26, 2018",Varies with device,Varies with device
Battle Gems (AdventureQuest),FAMILY,4.4,48427.0,13.0,500000.0,Free,0.0,Everyone 10+,Puzzle,"March 31, 2018",Varies with device,Varies with device
Undead Assault,GAME,4.3,4704.0,37.0,100000.0,Free,0.0,Everyone 10+,Arcade,"November 4, 2015",1.4.6,2.3 and up
AQ Service,BUSINESS,4.3,4.0,17.0,10.0,Free,0.0,Everyone,Business,"August 28, 2017",1.0,4.4 and up
AQ wisdom +,TOOLS,4.3,0.0,35.0,100.0,Free,0.0,Everyone,Tools,"March 15, 2018",1.0.0,4.0.3 and up
AQ SMS Notify,TOOLS,4.3,0.0,2.3,10.0,Free,0.0,Everyone,Tools,"April 12, 2018",2.5.3,4.1 and up
Adventure Quest World Mobile Quiz,FAMILY,4.6,28.0,26.0,500.0,Free,0.0,Everyone,Puzzle,"January 16, 2018",3.1.6z,4.0.3 and up
Aqw&3d Design Notes Manager,FAMILY,4.5,11.0,2.9,500.0,Free,0.0,Everyone,Entertainment,"August 15, 2017",3.0,4.0.3 and up
AQ Aspergers Test,MEDICAL,3.9,265.0,0.697265625,10000.0,Free,0.0,Everyone,Medical,"October 14, 2015",1.4.0,2.3.3 and up
Guess the Class 🔥 AQW,GAME,4.7,57.0,12.0,1000.0,Free,0.0,Everyone,Word,"November 1, 2017",1.0.0,4.1 and up
AQ Ria Retail,FAMILY,5.0,4.0,52.0,50.0,Free,0.0,Everyone,Education,"April 3, 2018",1.1,4.1 and up
Accounting Quiz (AQ) Malaysia,FAMILY,5.0,25.0,13.0,1000.0,Free,0.0,Everyone,Education,"January 29, 2018",Varies with device,4.0 and up
AQ Guards,PRODUCTIVITY,4.3,0.0,3.2,10.0,Free,0.0,Everyone,Productivity,"July 6, 2018",2.1.22,4.4 and up
Wowkwis aq Ka'qaquj,FAMILY,5.0,1.0,49.0,10.0,Free,0.0,Everyone,Education;Education,"February 16, 2018",1.0,4.0.3 and up
AQ Coach,SPORTS,4.3,0.0,28.0,5.0,Free,0.0,Everyone,Sports,"May 25, 2018",1.1.0,4.4 and up
AQ Dentals,HEALTH_AND_FITNESS,4.3,0.0,12.0,10.0,Free,0.0,Everyone,Health & Fitness,"December 22, 2017",1.0.1,4.1 and up
中国語 AQリスニング,FAMILY,4.3,21.0,17.0,5000.0,Free,0.0,Everyone,Education,"June 22, 2016",2.4.0,4.0 and up
QuickShortcutMaker,PERSONALIZATION,4.6,41000.0,2.0,1000000.0,Free,0.0,Everyone,Personalization,"February 23, 2014",2.4.0,1.6 and up
Questland: Turn Based RPG,FAMILY,4.6,31134.0,48.0,1000000.0,Free,0.0,Everyone 10+,Role Playing,"August 2, 2018",1.10.6,4.1 and up
"Grow Stone Online : 2d pixel RPG, MMORPG game",FAMILY,4.7,84389.0,48.0,1000000.0,Free,0.0,Everyone,Role Playing,"August 5, 2018",1.375,4.0.3 and up
Knightfall™ AR,FAMILY,4.2,254.0,25.0,10000.0,Free,0.0,Teen,Strategy,"March 17, 2018",1.0,7.0 and up
Ghost Snap AR Horror Survival,GAME,3.8,898.0,33.0,100000.0,Free,0.0,Teen,Adventure,"December 21, 2016",1.2.3.1,2.3 and up
Snaappy – 3D fun AR core communication platform,SOCIAL,4.6,16801.0,13.0,1000000.0,Free,0.0,Everyone,Social,"July 16, 2018",1.5.341,4.0.3 and up
Sketchfab,FAMILY,4.3,906.0,9.2,50000.0,Free,0.0,Mature 17+,Entertainment,"March 9, 2018",0.46.0,4.4 and up
Flat Pack,GAME,4.4,862.0,44.0,100000.0,Free,0.0,Everyone 10+,Action,"March 16, 2018",1.0.4,7.0 and up
Crayola Color Blaster,GAME,3.8,17.0,30.0,1000.0,Free,0.0,Everyone,Arcade,"March 13, 2018",1.5,7.0 and up
"Overstock – Home Decor, Furniture Shopping",SHOPPING,4.4,25717.0,13.0,1000000.0,Free,0.0,Teen,Shopping,"July 31, 2018",Varies with device,Varies with device
Stack It AR,GAME,3.8,1363.0,26.0,100000.0,Free,0.0,Everyone,Arcade,"June 29, 2018",1.1.4,4.0 and up
"ARuler - AR Ruler app, Measure tools",TOOLS,4.3,1602.0,5.0,100000.0,Free,0.0,Everyone,Tools,"August 3, 2018",1.1.7,7.0 and up
Monster Park AR - Jurassic Dinosaurs in Real World,FAMILY,3.7,128.0,20.0,10000.0,Free,0.0,Everyone,Entertainment,"March 8, 2018",1.2.2.122,7.0 and up
Solar System AR ( ARCore ),FAMILY,4.0,211.0,37.0,10000.0,Free,0.0,Everyone,Entertainment,"July 23, 2018",0.8.6,7.0 and up
Super AR,FAMILY,3.8,410.0,28.0,10000.0,Free,0.0,Teen,Entertainment,"December 18, 2017",2.1,4.0 and up
Assemblr - Create 3D Models (Sandbox AR),FAMILY,3.8,1745.0,13.0,1000000.0,Free,0.0,Everyone,Simulation,"July 17, 2018",2.25,5.0 and up
Portal AR - Step Into Scotland,TRAVEL_AND_LOCAL,3.7,25.0,43.0,5000.0,Free,0.0,Everyone,Travel & Local,"June 4, 2018",1.4,7.0 and up
Augment - 3D Augmented Reality,BUSINESS,4.1,25195.0,21.0,1000000.0,Free,0.0,Everyone,Business,"February 26, 2018",v3.4.0-3,4.0.3 and up
Satellite AR,BOOKS_AND_REFERENCE,4.1,9636.0,0.0908203125,1000000.0,Free,0.0,Everyone,Books & Reference,"September 22, 2011",2.4,2.1 and up
AR Dragon Pet,FAMILY,4.3,0.0,13.0,50000.0,Free,0.0,Everyone,Casual,"November 9, 2017",Varies with device,Varies with device
"Just a Line - Draw Anywhere, with AR",FAMILY,4.1,1152.0,2.7,100000.0,Free,0.0,Everyone,Entertainment,"May 30, 2018",2.0.0,7.0 and up
AR Toybox - Augmented Reality Demos,FAMILY,3.8,20.0,36.0,1000.0,Free,0.0,Everyone,Simulation,"August 17, 2017",1.0.2,4.1 and up
"Mind Map AR, Augmented Reality ARCore Mind Mapping",PRODUCTIVITY,4.2,29.0,35.0,5000.0,Free,0.0,Everyone,Productivity,"July 26, 2018",1.23,7.0 and up
【Miku AR Camera】Mikuture,FAMILY,4.4,36268.0,41.0,1000000.0,Free,0.0,Teen,Entertainment,"April 25, 2017",3.0.15,4.2 and up
AR Toys: Playground Sandbox | Remote Car,FAMILY,4.5,153.0,13.0,10000.0,Free,0.0,Everyone,Simulation,"August 3, 2018",0.8,7.0 and up
AS - News and sports results.,SPORTS,3.7,20879.0,22.0,1000000.0,Free,0.0,Everyone,Sports,"June 9, 2018",5.1.13,4.1 and up
"AS - Diario online deportivo. Fútbol, motor y más",NEWS_AND_MAGAZINES,4.3,0.0,6.0,50.0,Free,0.0,Everyone,News & Magazines,"June 24, 2018",7.8,4.1 and up
SleepCloud Backup for Sleep as Android,LIFESTYLE,4.2,2563.0,13.0,100000.0,Free,0.0,Everyone,Lifestyle,"June 26, 2018",Varies with device,Varies with device
AS Guía de las Ligas 2017-2018,SPORTS,4.1,4374.0,53.0,100000.0,Free,0.0,Everyone,Sports,"September 14, 2017",1.0.10,4.1 and up
The Aether: Life as a God,FAMILY,4.1,1407.0,3.4,100000.0,Free,0.0,Everyone 10+,Role Playing,"March 12, 2018",1.0.5,4.0 and up
CAPTCHA Pack for Sleep as Android,LIFESTYLE,4.0,448.0,3.1,50000.0,Free,0.0,Everyone,Lifestyle,"June 8, 2018",1.3,2.3 and up
Pacific Navy Fighter C.E. (AS),GAME,4.3,11379.0,20.0,500000.0,Free,0.0,Everyone 10+,Arcade,"July 29, 2018",1.4,4.0.3 and up
Sleep as Microsoft Band Add-On,LIFESTYLE,3.5,28.0,0.1181640625,1000.0,Free,0.0,Everyone,Lifestyle,"January 23, 2016",1.0.0.8,4.2 and up
Seen,FAMILY,4.5,118285.0,22.0,1000000.0,Free,0.0,Teen,Simulation,"May 24, 2018",1.2.1,4.1 and up
Galaxy at War Online,FAMILY,3.9,65119.0,46.0,1000000.0,Free,0.0,Everyone 10+,Strategy,"May 22, 2018",2.1.0,3.0 and up
Fandom: Five Nights at Freddys,FAMILY,4.4,17945.0,9.5,1000000.0,Free,0.0,Mature 17+,Entertainment,"June 6, 2018",2.9.8,4.4 and up
Five Tries At Love Dating Sim,FAMILY,4.2,37165.0,22.0,1000000.0,Free,0.0,Teen,Simulation,"February 14, 2018",5.1.0,2.3 and up
Multiple Videos at Same Time,VIDEO_PLAYERS,4.4,4706.0,1.5,1000000.0,Free,0.0,Everyone,Video Players & Editors,"June 19, 2018",Z (Special Edition R9),4.4 and up
Coloring Book at Five Nights,FAMILY,4.0,532.0,6.5,100000.0,Free,0.0,Everyone,Educational,"June 6, 2017",1.6,2.3 and up
Five nights at Minecraft,FAMILY,3.5,9335.0,12.0,1000000.0,Free,0.0,Everyone,Entertainment,"November 26, 2017",1.2,4.0.3 and up
Nights at Cube Pizzeria 3D – 3,FAMILY,4.0,15875.0,40.0,1000000.0,Free,0.0,Teen,Simulation,"March 3, 2017",1.5,4.2 and up
Nights at Slender Pizzeria 3D,GAME,4.1,2628.0,45.0,100000.0,Free,0.0,Teen,Adventure,"May 22, 2017",1.1,4.2 and up
Nights at Cube Pizzeria 3D – 4,GAME,4.1,7728.0,39.0,500000.0,Free,0.0,Teen,Adventure,"July 17, 2018",1.5.0,4.4 and up
Five Nights at Pizzeria,GAME,3.5,1976.0,21.0,100000.0,Free,0.0,Teen,Action,"March 3, 2018",1.6,4.1 and up
Block Battles: Heroes at War - Multiplayer PVP,GAME,4.3,6698.0,46.0,500000.0,Free,0.0,Everyone 10+,Action,"May 14, 2016",1.0.1,2.3 and up
Five Nights at Flappy's,GAME,4.7,4041.0,24.0,10000.0,Free,0.0,Everyone,Arcade,"June 27, 2017",1.5.14,2.3.3 and up
5 Nights at Cube Pizzeria City,GAME,3.8,2691.0,52.0,100000.0,Free,0.0,Teen,Adventure,"February 22, 2017",1.2,4.2 and up
Au Mobile: Audition Chính Hiệu,GAME,3.9,85278.0,23.0,1000000.0,Free,0.0,Mature 17+,Music,"July 17, 2018",1.8.0716,4.0.3 and up
AU Mobile Indonesia,GAME,3.6,16521.0,23.0,1000000.0,Free,0.0,Everyone,Music,"May 9, 2018",1.8.0502,2.3 and up
Au Bon Pain,FOOD_AND_DRINK,3.7,70.0,26.0,10000.0,Free,0.0,Everyone,Food & Drink,"July 23, 2018",1.4,5.0 and up
Au Pair Legend,LIFESTYLE,4.4,28.0,8.8,1000.0,Free,0.0,Everyone,Lifestyle,"July 19, 2018",3.5,5.0 and up
Super Dancer,GAME,4.1,91667.0,27.0,1000000.0,Free,0.0,Everyone,Arcade,"July 24, 2018",3.3,2.3 and up
AU Results - AU COE Corner,FAMILY,4.0,664.0,2.1,100000.0,Free,0.0,Everyone,Education,"December 14, 2017",2.2.5,4.1 and up
Au Weather Free,WEATHER,4.0,1185.0,5.0,100000.0,Free,0.0,Everyone,Weather,"June 18, 2018",2.47.2,2.3 and up
AU Spark,FAMILY,3.7,681.0,8.2,10000.0,Free,0.0,Everyone,Education,"August 1, 2018",5.06,4.4 and up
Learners Test Free: AU Driver Knowledge Test (DKT),FAMILY,3.9,623.0,8.5,100000.0,Free,0.0,Everyone,Education,"March 26, 2018",3.5,4.1 and up
"realestate.com.au - Buy, Rent & Sell Property",HOUSE_AND_HOME,3.8,14657.0,13.0,1000000.0,Free,0.0,Everyone,House & Home,"July 16, 2018",Varies with device,Varies with device
Au-allstar for KR,GAME,3.6,2433.0,47.0,100000.0,Free,0.0,Everyone,Music,"June 15, 2018",1.6.4,4.3 and up
STUCOR - AU,FAMILY,4.5,1827.0,12.0,100000.0,Free,0.0,Everyone,Education,"June 5, 2018",1.3,4.1 and up
loans.com.au Smart Money,FINANCE,3.5,30.0,17.0,1000.0,Free,0.0,Everyone,Finance,"May 27, 2018",1.4.0,4.1 and up
AU Students Zone (Result 2016),FAMILY,4.0,97.0,3.9,10000.0,Free,0.0,Everyone,Education,"July 1, 2016",1.1,4.0 and up
Top #5 Bσσkie in AU,SPORTS,4.3,0.0,10.0,100.0,Free,0.0,Everyone,Sports,"December 6, 2017",1.0,4.0 and up
AU Results 2017 Auzone,FAMILY,3.8,762.0,4.1,100000.0,Free,0.0,Everyone,Education,"February 1, 2017",2.0,4.0 and up
Au Pair,SOCIAL,3.6,58.0,15.0,10000.0,Free,0.0,Everyone,Social,"August 14, 2017",1.3.0,4.2 and up
AU Call Blocker - Block Unwanted Calls Texts 2018,COMMUNICATION,4.2,16.0,3.3,1000.0,Free,0.0,Everyone,Communication,"April 24, 2018",1.0.4,4.1 and up
realcommercial.com.au,BUSINESS,4.4,128.0,6.7,50000.0,Free,0.0,Everyone,Business,"June 26, 2018",2.6.1,5.0 and up
Powershop AU,TOOLS,4.0,498.0,11.0,10000.0,Free,0.0,Everyone,Tools,"July 12, 2018",1.35.1,4.0.3 and up
Australia Newspapers - AU News Apps,NEWS_AND_MAGAZINES,4.7,48.0,4.1,1000.0,Free,0.0,Everyone,News & Magazines,"July 8, 2018",7.0.0,4.0.3 and up
news.com.au,NEWS_AND_MAGAZINES,4.3,1.0,3.7,100.0,Free,0.0,Everyone,News & Magazines,"July 23, 2018",1.1,4.0 and up
Media Sosial TNI AU,SOCIAL,4.3,88.0,4.3,1000.0,Free,0.0,Everyone,Social,"January 24, 2018",1.2,2.1 and up
Dance On Mobile,FAMILY,4.1,23609.0,31.0,1000000.0,Free,0.0,Teen,Casual,"April 13, 2018",1.26,4.0 and up
Super Dancer VN,GAME,4.0,24312.0,25.0,500000.0,Free,0.0,Everyone,Music,"July 22, 2018",3.3,4.0.3 and up
Alerte au gogol,FAMILY,4.3,14.0,2.0,1000.0,Free,0.0,Everyone,Entertainment,"February 9, 2018",1.0.0.0,4.0 and up
Neuvaine au Saint-Esprit,LIFESTYLE,4.7,57.0,5.8,10000.0,Free,0.0,Everyone,Lifestyle,"September 18, 2017",1.1,4.0 and up
Neuvaines et prières au Coeur Sacré de Jésus,LIFESTYLE,4.3,17.0,3.7,5000.0,Free,0.0,Everyone,Lifestyle,"September 5, 2017",1.1,4.0 and up
SMS Au revoir,FAMILY,4.3,17.0,1.7,5000.0,Free,0.0,Everyone,Entertainment,"January 15, 2018",2.0.0,4.0 and up
allhomes.com.au,HOUSE_AND_HOME,3.8,874.0,12.0,100000.0,Free,0.0,Everyone,House & Home,"August 1, 2018",5.13.1,4.3 and up
Jobs in Canada - Emplois au Canada,BUSINESS,5.0,2.0,14.0,1000.0,Free,0.0,Teen,Business,"August 5, 2018",1.1,4.2 and up
Romance et Mystères au Lycée,FAMILY,4.3,350.0,6.4,10000.0,Free,0.0,Teen,Entertainment,"February 23, 2017",1.0.0,4.0.3 and up
Au Rubis les bijoutiers,LIFESTYLE,4.3,0.0,10.0,100.0,Free,0.0,Everyone,Lifestyle,"July 24, 2018",1.00.33,4.1 and up
Love Dance,GAME,4.0,29462.0,44.0,1000000.0,Free,0.0,Teen,Music,"June 14, 2018",1.1.7,4.0 and up
mon guide au bank populaire -infos et instructions,FINANCE,4.3,4.0,1.5,1000.0,Free,0.0,Teen,Finance,"June 13, 2018",2.0,2.3 and up
Job'Of - Emploi au Cameroun,BUSINESS,4.1,294.0,9.8,10000.0,Free,0.0,Everyone,Business,"July 5, 2018",4.1.2,4.0 and up
Mali 7 - Actualités au Mali,NEWS_AND_MAGAZINES,4.3,697.0,5.7,50000.0,Free,0.0,Everyone,News & Magazines,"April 8, 2017",2.4,4.1 and up
Gâteau au yaourt,FOOD_AND_DRINK,4.3,38.0,3.7,10000.0,Free,0.0,Everyone,Food & Drink,"June 9, 2018",1.1.2,4.0.3 and up
AV Tools,TOOLS,4.4,631.0,13.0,100000.0,Free,0.0,Everyone,Tools,"September 22, 2016",Varies with device,Varies with device
日本AV历史,BOOKS_AND_REFERENCE,4.1,215.0,30.0,10000.0,Free,0.0,Teen,Books & Reference,"March 6, 2018",1.2,4.0 and up
AV Buddy Free,FAMILY,4.1,25.0,47.0,5000.0,Free,0.0,Everyone,Education,"March 8, 2017",1.2,4.1 and up
AV HD Video Player,FAMILY,3.8,6.0,23.0,1000.0,Free,0.0,Everyone,Entertainment,"January 19, 2018",1.0,4.4 and up
AV-IPTV,VIDEO_PLAYERS,4.4,43.0,44.0,1000.0,Free,0.0,Everyone,Video Players & Editors,"April 27, 2018",1.0,4.1 and up
HD Video Player - Video & MP3 Player | AV Player |,VIDEO_PLAYERS,4.4,22.0,19.0,5000.0,Free,0.0,Everyone,Video Players & Editors,"March 6, 2018",1.0.1,4.0 and up
Remote for Onkyo AV Receivers & Smart TV/Blu-Ray,TOOLS,3.7,701.0,7.3,100000.0,Free,0.0,Everyone,Tools,"July 31, 2018",Cow V3.15,4.3 and up
AV Phone,COMMUNICATION,4.3,4.0,3.7,1000.0,Free,0.0,Everyone,Communication,"July 9, 2018",2.1.9,5.1 and up
AV Pro Voice Changer,FAMILY,3.5,174.0,5.6,50000.0,Free,0.0,Everyone,Entertainment,"June 29, 2016",1.0.3,4.0 and up
AV Phonetics,FAMILY,4.3,259.0,49.0,10000.0,Free,0.0,Everyone,Education,"February 22, 2017",1.3.2,4.0 and up
AV MAX,LIFESTYLE,4.1,9.0,8.7,1000.0,Free,0.0,Everyone,Lifestyle,"July 18, 2018",7.2.2,4.1 and up
MyAV Remote for Denon & Marantz AV Receivers,LIFESTYLE,3.8,250.0,7.3,50000.0,Free,0.0,Everyone,Lifestyle,"July 31, 2018",Cow V3.15,4.3 and up
Kinot & Eichah for Tisha B'Av,BOOKS_AND_REFERENCE,4.4,98.0,6.3,10000.0,Free,0.0,Everyone,Books & Reference,"August 4, 2014",1.5,2.2 and up
Samsung TV AV Guide 2016,TOOLS,4.2,27.0,3.4,5000.0,Free,0.0,Everyone,Tools,"May 17, 2016",1.1.6,4.0.3 and up
Professional AV Solution & Products information,PRODUCTIVITY,4.5,24.0,22.0,1000.0,Free,0.0,Everyone,Productivity,"July 12, 2017",2.0.1,4.2 and up
AV High School District,FAMILY,3.5,91.0,25.0,10000.0,Free,0.0,Everyone,Education,"April 5, 2018",5.2.002,4.1 and up
Bitdefender Antivirus Free,TOOLS,4.5,78629.0,6.3,1000000.0,Free,0.0,Everyone,Tools,"July 20, 2018",3.4.406,4.0.3 and up
Kinot Tisha'a Be'av - Ashkenaz,LIFESTYLE,4.5,82.0,8.7,5000.0,Free,0.0,Everyone,Lifestyle,"July 26, 2015",2.1,2.3.3 and up
AV Anthony's,FOOD_AND_DRINK,4.3,0.0,10.0,50.0,Free,0.0,Everyone,Food & Drink,"July 11, 2018",1.0.136,6.0 and up
AW - free video calls and chat,COMMUNICATION,4.0,7317.0,13.0,1000000.0,Free,0.0,Teen,Communication,"July 4, 2018",1.0.08.73,4.0.3 and up
Aw Restaurant,FAMILY,4.8,4.0,43.0,100.0,Free,0.0,Everyone,Casual,"February 6, 2018",1.0,4.0 and up
Nougat Android 7 Launcher : AW,PERSONALIZATION,4.3,0.0,13.0,100000.0,Free,0.0,Everyone,Personalization,"March 17, 2017",Varies with device,Varies with device
AW Screen Recorder No Root,VIDEO_PLAYERS,4.3,1659.0,3.7,100000.0,Free,0.0,Everyone,Video Players & Editors,"July 6, 2017",1.1,5.0 and up
Add Watermark Free,PHOTOGRAPHY,4.3,18325.0,13.0,1000000.0,Free,0.0,Everyone,Photography,"September 3, 2017",Varies with device,Varies with device
AW Tozer Devotionals - Daily,BOOKS_AND_REFERENCE,4.2,8.0,3.9,5000.0,Free,0.0,Everyone,Books & Reference,"October 7, 2016",1.0,2.3 and up
Analog Clock AW Plus-7,TOOLS,4.2,725.0,3.0,100000.0,Free,0.0,Everyone,Tools,"March 14, 2018",2.0,4.3 and up
Analog Clock AW-7,TOOLS,4.3,2158.0,3.0,100000.0,Free,0.0,Everyone,Tools,"March 7, 2018",2.0,4.3 and up
MediBeat for AW - Android (1),HEALTH_AND_FITNESS,4.3,2.0,13.0,500.0,Free,0.0,Everyone,Health & Fitness,"October 24, 2017",0.9.16,Varies with device
Armored Warfare: Assault,GAME,4.0,7718.0,46.0,100000.0,Free,0.0,Everyone,Action,"August 2, 2018",1.0-a22936.127,5.0 and up
Watch AW-7,TOOLS,4.2,249.0,3.0,50000.0,Free,0.0,Everyone,Tools,"March 17, 2018",2.0,4.3 and up
AW TeamUp,NEWS_AND_MAGAZINES,4.6,9.0,17.0,500.0,Free,0.0,Everyone,News & Magazines,"June 4, 2018",1.0.3,4.1 and up
AW Training,FAMILY,4.6,11.0,17.0,1000.0,Free,0.0,Everyone,Education,"July 5, 2018",3.3.2,4.0.3 and up
Digital Clock AW-7,TOOLS,4.1,484.0,2.9,100000.0,Free,0.0,Everyone,Tools,"March 6, 2018",2.0,4.3 and up
Analog and Digital Clock AW-7,TOOLS,4.0,202.0,2.9,50000.0,Free,0.0,Everyone,Tools,"March 15, 2018",2.0,4.3 and up
AW Connect,FAMILY,4.3,0.0,26.0,10.0,Free,0.0,Everyone,Education,"June 26, 2018",3.0.10,4.0.3 and up
AW Reader: news & apps [Dutch],NEWS_AND_MAGAZINES,4.1,1948.0,13.0,100000.0,Free,0.0,Everyone,News & Magazines,"February 22, 2018",Varies with device,Varies with device
AW,FAMILY,4.3,0.0,13.0,5.0,Free,0.0,Everyone 10+,Strategy,"August 28, 2015",Varies with device,Varies with device
AW CAMERA,TOOLS,4.3,2.0,24.0,100.0,Free,0.0,Everyone,Tools,"January 30, 2018",3.1.1,2.3 and up
AW Browser with Chrome Custom Tabs,TOOLS,4.0,9.0,4.7,500.0,Free,0.0,Everyone,Tools,"May 17, 2018",2.7,6.0 and up
AW Radio,FAMILY,4.3,1.0,1.7,100.0,Free,0.0,Teen,Entertainment,"June 24, 2015",2,2.2 and up
Roman Clock AW-7,TOOLS,4.4,52.0,3.0,5000.0,Free,0.0,Everyone,Tools,"March 17, 2018",2.0,4.3 and up
Square Analog Clock AW-7,TOOLS,4.2,294.0,3.0,50000.0,Free,0.0,Everyone,Tools,"March 10, 2018",2.0,4.3 and up
iSniper 3D Arctic Warfare,GAME,3.8,35572.0,13.0,1000000.0,Free,0.0,Teen,Arcade,"September 4, 2013",Varies with device,Varies with device
Handbreit by a.w.niemeyer,NEWS_AND_MAGAZINES,4.3,21.0,36.0,1000.0,Free,0.0,Everyone,News & Magazines,"May 31, 2017",3.9.4,4.0.3 and up
Tozer Devotional -Series 1,BOOKS_AND_REFERENCE,5.0,5.0,4.3,1000.0,Free,0.0,Everyone,Books & Reference,"October 8, 2016",1.0,2.3 and up
HCP Anywhere,BUSINESS,4.7,114.0,8.6,5000.0,Free,0.0,Everyone,Business,"March 30, 2018",3.1.0.2,4.3 and up
News.aw,NEWS_AND_MAGAZINES,4.3,1.0,1.0,10.0,Free,0.0,Everyone,News & Magazines,"July 15, 2015",1.0,2.2 and up
Bits Watch Face,PRODUCTIVITY,4.0,6205.0,13.0,100000.0,Free,0.0,Everyone,Productivity,"February 5, 2018",Varies with device,Varies with device
Video Editor,VIDEO_PLAYERS,3.8,1156.0,23.0,100000.0,Free,0.0,Everyone,Video Players & Editors,"October 20, 2015",1.3.9b,4.3 and up
The Pursuit of God,BOOKS_AND_REFERENCE,4.8,6.0,1.6,1000.0,Free,0.0,Everyone,Books & Reference,"February 14, 2017",5.0,3.0 and up
Food-Aw - Order Food Online in Aruba,FOOD_AND_DRINK,5.0,1.0,24.0,100.0,Free,0.0,Everyone,Food & Drink,"April 5, 2018",10,4.1 and up
ByssWeather for Wear OS,WEATHER,4.2,19666.0,13.0,1000000.0,Free,0.0,Everyone,Weather,"April 11, 2018",Varies with device,Varies with device
AW - Le News di AndroidWorld,NEWS_AND_MAGAZINES,4.1,2808.0,13.0,100000.0,Free,0.0,Everyone,News & Magazines,"February 8, 2016",Varies with device,Varies with device
Anime Expo 2018,FAMILY,4.7,54.0,44.0,10000.0,Free,0.0,Everyone,Entertainment,"June 8, 2018",2.1,5.0 and up
Adventure Xpress,FAMILY,4.2,24775.0,30.0,100000.0,Free,0.0,Everyone 10+,Puzzle,"October 12, 2015",1.2.1,2.3.3 and up
Dynamics AX,BUSINESS,3.7,244.0,0.953125,10000.0,Free,0.0,Everyone,Business,"October 26, 2015",3.3,2.3.3 and up
AX Player -Nougat Video Player,VIDEO_PLAYERS,4.1,15765.0,10.0,1000000.0,Free,0.0,Everyone,Video Players & Editors,"September 12, 2014",2.0,2.2 and up
Armani Exchange Connected,LIFESTYLE,4.1,305.0,44.0,10000.0,Free,0.0,Everyone,Lifestyle,"July 4, 2017",1.5.0,4.4 and up
Axe Champ,GAME,3.8,141.0,19.0,10000.0,Free,0.0,Everyone,Arcade,"May 26, 2018",1.0.6,4.1 and up
AX Battery Saver,FINANCE,4.6,4546.0,3.0,100000.0,Free,0.0,Everyone,Finance,"February 8, 2018",1.2.3,4.0 and up
Axe Champ Hit,GAME,4.3,1.0,15.0,100.0,Free,0.0,Everyone,Arcade,"May 25, 2018",0.1,4.1 and up
Axe Champion,GAME,4.4,21.0,15.0,5000.0,Free,0.0,Everyone,Arcade,"May 28, 2018",0.1,4.1 and up
Vikings Stickman Axe Fighting,GAME,4.2,924.0,43.0,100000.0,Free,0.0,Everyone,Arcade,"October 21, 2017",1.5.2,3.0 and up
AX Video Player,VIDEO_PLAYERS,4.4,569.0,2.6,50000.0,Free,0.0,Everyone,Video Players & Editors,"November 11, 2015",1.0.9,3.0 and up
Katalogen.ax,COMMUNICATION,4.3,1.0,0.16796875,100.0,Free,0.0,Everyone,Communication,"October 2, 2014",1.0.0,2.2 and up
Axe,FAMILY,4.3,18.0,24.0,1000.0,Free,0.0,Everyone,Simulation,"December 1, 2017",1.0,4.1 and up
Axetatic - Axe Throwing Game,GAME,4.6,29.0,31.0,1000.0,Free,0.0,Everyone 10+,Arcade,"October 22, 2017",1.3.3,4.2 and up
Axe Champs! Wars,GAME,5.0,8.0,25.0,50.0,Free,0.0,Everyone,Arcade,"June 26, 2018",1.1,4.1 and up
Tips Microsoft Dynamics Ax,PRODUCTIVITY,4.3,1.0,2.3,500.0,Free,0.0,Everyone,Productivity,"July 8, 2017",1.0,4.1 and up
Axe Knight,GAME,4.5,52.0,33.0,5000.0,Free,0.0,Everyone,Action,"June 26, 2018",1.0.5,4.1 and up
AX Timesheets App for Dynamics,BUSINESS,4.3,0.0,9.0,10.0,Free,0.0,Everyone,Business,"February 15, 2018",1.0.5,4.4 and up
Axxess AX-DSP,TOOLS,3.5,17.0,7.4,5000.0,Free,0.0,Everyone,Tools,"June 4, 2018",3_1,4.4 and up
AX Window,TOOLS,4.3,0.0,19.0,5.0,Free,0.0,Everyone,Tools,"October 10, 2017",1.0.2,4.3 and up
Axxess Updater,TOOLS,3.9,56.0,2.3,10000.0,Free,0.0,Everyone,Tools,"December 19, 2016",1.3.2,3.1 and up
The Vikings,GAME,4.4,15806.0,42.0,1000000.0,Free,0.0,Teen,Arcade,"June 6, 2018",1.0.7,4.1 and up
Stickman and Axe,GAME,4.4,69.0,2.8,50000.0,Free,0.0,Teen,Action,"November 25, 2017",1.0,4.0.3 and up
Axe Throw: Flip Champ Axes Champion Throwing Games,GAME,4.3,1.0,13.0,50.0,Free,0.0,Everyone,Arcade,"May 31, 2018",1.0.0,4.0 and up
Workflow Approvals App AX 2012,BUSINESS,4.3,2.0,3.0,100.0,Free,0.0,Everyone,Business,"July 12, 2018",1.6(3)-demo,4.0.3 and up
Tips & Tricks Dynamics AX 365,PRODUCTIVITY,4.3,1.0,2.2,100.0,Free,0.0,Everyone,Productivity,"July 14, 2017",1.0,4.0.3 and up
Axe Man,GAME,3.7,53.0,14.0,1000.0,Free,0.0,Everyone,Adventure,"February 23, 2015",3.0,2.3.3 and up
Throw Knife,FAMILY,3.7,291.0,37.0,100000.0,Free,0.0,Everyone,Simulation,"September 14, 2017",2.04,4.1 and up
Dead Zombie Evil Killer:Axe,GAME,3.9,71.0,52.0,10000.0,Free,0.0,Teen,Action,"December 1, 2016",1.1,2.3 and up
INTERACTIVE CALCULUS FOR MATHS AND PHYSICS,FAMILY,4.8,53.0,4.4,1000.0,Free,0.0,Everyone,Education,"February 28, 2018",1.3,4.0.3 and up
AX-PIC Pedidos,TOOLS,4.3,1.0,13.0,1000.0,Free,0.0,Everyone,Tools,"August 2, 2018",Varies with device,Varies with device
AX!OM,LIFESTYLE,4.3,5.0,28.0,50.0,Free,0.0,Everyone,Lifestyle,"February 16, 2017",1.3,4.1 and up
Zlax.io Zombs Luv Ax,GAME,4.6,6344.0,32.0,500000.0,Free,0.0,Everyone,Action,"April 4, 2018",1.7,4.1 and up
AX Selfie,LIFESTYLE,4.6,10.0,3.4,500.0,Free,0.0,Everyone,Lifestyle,"August 31, 2015",1.0.0,4.0 and up
Ax 3 Domaines,SPORTS,4.5,12.0,23.0,1000.0,Free,0.0,Everyone,Sports,"January 26, 2018",5.0.3,4.2 and up
Flippy Axe : Flip The Knife & Axe Simulator,GAME,5.0,7.0,15.0,100.0,Free,0.0,Everyone,Arcade,"September 27, 2017",1.1,4.2 and up
Cyborg AX-001,GAME,4.3,0.0,13.0,50.0,Free,0.0,Everyone 10+,Action,"June 25, 2018",Varies with device,Varies with device
Axe Wallpaper,PERSONALIZATION,4.7,9.0,12.0,100.0,Free,0.0,Teen,Personalization,"February 3, 2017",2.6,4.0 and up
Woodman Deluxe,GAME,4.0,82.0,4.4,5000.0,Free,0.0,Everyone,Action,"July 6, 2015",1.0.2,2.3 and up
Ay,VIDEO_PLAYERS,3.8,11.0,3.6,5000.0,Free,0.0,Teen,Video Players & Editors,"May 4, 2018",1.0.261,2.3 and up
A-Y Collection,SHOPPING,5.0,2.0,2.9,100.0,Free,0.0,Teen,Shopping,"February 16, 2018",1.2,4.1 and up
AY Sing,BOOKS_AND_REFERENCE,4.8,111.0,10.0,5000.0,Free,0.0,Everyone,Books & Reference,"May 21, 2018",1.6.2,4.1 and up
Ay Up,FAMILY,4.5,11.0,7.2,100.0,Free,0.0,Everyone,Entertainment,"October 27, 2015",3.0.0,2.1 and up
"AY Recorder - Screen Recorder, Live, Video Editor",TOOLS,4.3,12.0,3.8,500.0,Free,0.0,Everyone,Tools,"May 15, 2017",2.2,5.0 and up
Ay Sabz Gunbad Waly,VIDEO_PLAYERS,4.3,4.0,3.9,1000.0,Free,0.0,Everyone,Video Players & Editors,"September 11, 2017",1.1,4.0 and up
25 Mins Ako ay may lobo Etc Pinoy Kid Song Offline,FAMILY,4.3,0.0,42.0,10.0,Free,0.0,Mature 17+,Entertainment,"July 29, 2018",3.0,2.3 and up
camera zoom moon,PHOTOGRAPHY,3.7,1213.0,1.1,500000.0,Free,0.0,Everyone,Photography,"January 23, 2018",1.06,2.3 and up
Ako ay may lobo Pinoy Kid Song Offline,FAMILY,4.3,0.0,9.7,1.0,Free,0.0,Mature 17+,Entertainment,"July 30, 2018",3.0,2.3 and up
Ay Yıldız Analog Saat,PERSONALIZATION,4.3,37.0,1.7,1000.0,Free,0.0,Everyone,Personalization,"July 21, 2016",1.0,4.1 and up
Ay Telekom Oim,LIFESTYLE,4.3,6.0,13.0,100.0,Free,0.0,Everyone,Lifestyle,"February 17, 2018",1.0.2,4.1 and up
Ay Yıldız Duvar Kağıtları,PERSONALIZATION,4.3,3.0,6.5,100.0,Free,0.0,Everyone,Personalization,"December 10, 2017",1.0.0,4.3 and up
Ay Hasnain k Nana Milad Naat,BOOKS_AND_REFERENCE,4.3,72.0,1.9,10000.0,Free,0.0,Everyone,Books & Reference,"December 21, 2015",1.0,2.3 and up
Mehmet Emin Ay İlahileri,FAMILY,4.3,0.0,5.1,10.0,Free,0.0,Everyone,Entertainment,"July 13, 2018",1.0,4.1 and up
¡Ay Metro!,GAME,3.8,489.0,36.0,10000.0,Free,0.0,Everyone 10+,Arcade,"March 17, 2015",1.0.3.1,4.0 and up
AY Oakmont,HEALTH_AND_FITNESS,4.3,0.0,11.0,10.0,Free,0.0,Everyone,Health & Fitness,"July 9, 2018",4.2.2,4.1 and up
Pinoy Kid Song Ako ay may Lobo,FAMILY,4.6,23.0,17.0,10000.0,Free,0.0,Everyone,Education,"September 12, 2016",1.0,2.2 and up
Lunar Calendar Lite,LIFESTYLE,4.1,2954.0,13.0,100000.0,Free,0.0,Mature 17+,Lifestyle,"July 17, 2018",Varies with device,Varies with device
Ay Mohabbat Teri Khatir Novel,BOOKS_AND_REFERENCE,4.2,27.0,4.3,10000.0,Free,0.0,Everyone,Books & Reference,"January 30, 2018",1.0,4.0 and up
AY Recruitment,BUSINESS,4.3,1.0,4.0,10.0,Free,0.0,Everyone,Business,"May 22, 2018",1.1.1,4.4 and up
Quran Khmer Offline AY,FAMILY,5.0,41.0,4.0,1000.0,Free,0.0,Everyone,Education,"December 13, 2017",10.6,4.2 and up
Ay Yıldız Keyboard,TOOLS,4.3,26.0,3.0,1000.0,Free,0.0,Everyone,Tools,"May 23, 2018",1.2,4.4 and up
AY EMLAK,BUSINESS,4.3,8.0,1.2,10.0,Free,0.0,Teen,Business,"July 11, 2018",1.0,4.0.3 and up
Ay Vamos - PJ. Balvin - Piano,GAME,4.3,0.0,29.0,5.0,Free,0.0,Everyone,Arcade,"July 9, 2018",1.0,4.1 and up
Ay Peruk,BUSINESS,4.3,0.0,3.4,1.0,Free,0.0,Everyone,Business,"October 31, 2017",1.1.0,4.0 and up
Display Phone Screen On TV,TOOLS,3.6,9895.0,2.7,1000000.0,Free,0.0,Everyone,Tools,"February 3, 2017",2.0,4.2 and up
AZ Browser. Private & Download,COMMUNICATION,4.4,1520.0,5.2,100000.0,Free,0.0,Everyone,Communication,"December 31, 2016",1.4,4.4 and up
AZ Lottery Players Club,FAMILY,4.2,97.0,8.9,10000.0,Free,0.0,Everyone,Entertainment,"July 9, 2018",2.0.0(9),4.0.3 and up
AZ Plugin 2 (newest),LIBRARIES_AND_DEMO,4.2,11087.0,34.0,1000000.0,Free,0.0,Everyone,Libraries & Demo,"March 16, 2017",4.1.4,5.0 and up
Kids A-Z,FAMILY,4.2,26426.0,30.0,1000000.0,Free,0.0,Everyone,Education;Education,"August 2, 2018",4.1.0,4.4 and up
AZ Screen Recorder pro,TOOLS,4.0,60.0,3.7,5000.0,Free,0.0,Everyone,Tools,"March 19, 2018",1.0,5.0 and up
Permit Test AZ Arizona MVD DOT,FAMILY,4.6,227.0,11.0,10000.0,Free,0.0,Everyone,Education,"October 12, 2017",2.9.0,4.1 and up
Long Realty AZ Home Search,LIFESTYLE,4.4,132.0,33.0,10000.0,Free,0.0,Everyone,Lifestyle,"March 6, 2018",5.805.180306,4.1 and up
NB|AZ Mobile Banking,FINANCE,4.0,463.0,13.0,10000.0,Free,0.0,Everyone,Finance,"April 5, 2018",4.2.31,4.2 and up
Movie Downloader Torrent : Az Torrent,VIDEO_PLAYERS,4.7,70.0,14.0,1000.0,Free,0.0,Everyone,Video Players & Editors,"July 7, 2018",1.9,4.1 and up
A-Z Screen Recorder -,VIDEO_PLAYERS,4.3,17.0,3.7,500.0,Free,0.0,Everyone,Video Players & Editors,"July 23, 2018",1.0,4.4 and up
AZ Immune Related AEManagement,MEDICAL,3.7,3.0,7.3,500.0,Free,0.0,Everyone,Medical,"May 24, 2018",1.4,3.2 and up
Alphabet A-Z,FAMILY,3.9,306.0,13.0,100000.0,Free,0.0,Everyone,Casual,"April 17, 2014",Varies with device,Varies with device
AZ Rockets,GAME,4.2,162.0,37.0,10000.0,Free,0.0,Everyone,Arcade,"May 25, 2018",1.2.1,4.1 and up
NB|AZ Business Mobile Banking,FINANCE,4.1,44.0,13.0,1000.0,Free,0.0,Everyone,Finance,"April 5, 2018",4.2.31,4.2 and up
Az Content,FAMILY,3.5,24.0,13.0,10000.0,Free,0.0,Everyone,Entertainment,"June 5, 2018",1.0.15,4.1 and up
Catalyst AZ,FAMILY,4.8,12.0,8.4,500.0,Free,0.0,Teen,Education,"June 27, 2018",3.8.0,4.1 and up
Casino AZ/Talking Stick Resort,TRAVEL_AND_LOCAL,4.3,201.0,45.0,10000.0,Free,0.0,Everyone,Travel & Local,"July 16, 2018",7.9.2.6,4.4 and up
Graffiti Letters (A-Z),LIFESTYLE,3.9,386.0,7.9,50000.0,Free,0.0,Everyone,Lifestyle,"February 18, 2017",2.1.5,4.0 and up
GPS.AZ,MAPS_AND_NAVIGATION,4.3,30.0,4.2,1000.0,Free,0.0,Everyone,Maps & Navigation,"April 2, 2015",1.0.10,4.0 and up
First Credit Union (AZ) Mobile,FINANCE,3.5,100.0,11.0,10000.0,Free,0.0,Everyone,Finance,"June 13, 2017",3.0.830,4.0 and up
Arizona Mobile,FAMILY,4.3,285.0,6.2,10000.0,Free,0.0,Everyone,Education,"November 7, 2017",4.7,4.1 and up
AZ Mobile Gizmo,BUSINESS,4.4,16.0,3.7,1000.0,Free,0.0,Everyone,Business,"April 2, 2018",3.4.4,4.2 and up
Az Video Status,FAMILY,4.8,13.0,6.0,100.0,Free,0.0,Everyone,Entertainment,"August 2, 2018",1.0.4,4.1 and up
"Arizona Statutes, ARS (AZ Law)",BOOKS_AND_REFERENCE,3.9,9.0,8.8,1000.0,Free,0.0,Everyone,Books & Reference,"October 18, 2017",1.6,4.4 and up
Explore Sedona & Northern AZ,TRAVEL_AND_LOCAL,3.8,43.0,22.0,10000.0,Free,0.0,Everyone,Travel & Local,"March 7, 2017",16.51.1,2.3 and up
Arizona DMV Permit Test - AZ,FAMILY,4.2,109.0,30.0,10000.0,Free,0.0,Everyone,Education,"February 15, 2018",6.0.3,4.4 and up
Oxford A-Z of English Usage,BOOKS_AND_REFERENCE,4.0,5300.0,11.0,1000000.0,Free,0.0,Everyone,Books & Reference,"November 28, 2017",9.1.284,4.1 and up
Cures A-Z,HEALTH_AND_FITNESS,4.0,265.0,4.1,100000.0,Free,0.0,Everyone,Health & Fitness,"August 13, 2015",2.1,3.0 and up
AZ Practice Test & Questions,FAMILY,4.4,13.0,3.4,1000.0,Free,0.0,Everyone,Education,"March 23, 2017",1.0,2.3.3 and up
Arizona Trail,TRAVEL_AND_LOCAL,4.7,65.0,13.0,5000.0,Free,0.0,Everyone,Travel & Local,"April 6, 2017",6.0.19,4.1 and up
Ultrasound A-Z,FAMILY,4.5,112.0,39.0,10000.0,Free,0.0,Everyone,Education,"June 5, 2018",1.5,4.0 and up
A-Z Punjabi Songs & Music Videos 2018,FAMILY,4.3,367.0,5.1,100000.0,Free,0.0,Everyone,Entertainment,"May 17, 2018",1.0.19,4.1 and up
Barista Coffee Dictionary A-Z,LIFESTYLE,4.3,127.0,5.5,10000.0,Free,0.0,Everyone,Lifestyle,"June 3, 2016",3.0.0,4.1 and up
Phoenix and Arizona Cameras,TRAVEL_AND_LOCAL,4.1,134.0,5.3,10000.0,Free,0.0,Everyone,Travel & Local,"June 20, 2018",6.3.4,4.0.3 and up
British Airways,TRAVEL_AND_LOCAL,4.2,25726.0,51.0,1000000.0,Free,0.0,Everyone,Travel & Local,"July 24, 2018",4.20,4.4 and up
BA Calculator,PRODUCTIVITY,4.1,22.0,2.4,5000.0,Free,0.0,Everyone,Productivity,"July 22, 2018",1.2.1,4.0.3 and up
Experience BA,TRAVEL_AND_LOCAL,4.3,6.0,17.0,100.0,Free,0.0,Everyone,Travel & Local,"June 27, 2018",2.2.0,4.1 and up
Ba Cristi,GAME,3.5,196.0,35.0,10000.0,Free,0.0,Everyone,Adventure,"March 22, 2016",1.0.4,2.3 and up
Ba ba black sheep offline Video,PARENTING,4.2,20.0,17.0,10000.0,Free,0.0,Everyone,Parenting,"July 2, 2017",1.1,4.0.3 and up
BA SALES,COMMUNICATION,4.3,0.0,2.9,1.0,Free,0.0,Everyone,Communication,"January 31, 2018",1.0,4.0.3 and up
Goody.ba,FAMILY,4.7,303.0,42.0,10000.0,Free,0.0,Everyone,Entertainment,"July 22, 2018",2.0.5,4.1 and up
BA Status,TRAVEL_AND_LOCAL,4.3,0.0,5.1,100.0,Free,0.0,Everyone,Travel & Local,"August 13, 2016",1.0,4.0.3 and up
BA Accesible,HEALTH_AND_FITNESS,4.3,31.0,4.7,1000.0,Free,0.0,Everyone,Health & Fitness,"July 19, 2016",0.0.1,4.1 and up
Learn alif ba ta,FAMILY,4.8,23.0,35.0,10000.0,Free,0.0,Everyone,Educational;Education,"November 28, 2017",1.0.2,2.3 and up
Arabic Alif Ba Ta For Kids,FAMILY,4.5,226.0,26.0,100000.0,Free,0.0,Everyone,Education;Education,"May 30, 2017",1.0.0,2.3 and up
Arabic Alphabet Alif Ba Ta Wooden Blocks,FAMILY,4.6,66.0,17.0,10000.0,Free,0.0,Everyone,Educational;Education,"February 25, 2018",1.0.0,2.3 and up
Sufara.ba,FAMILY,4.9,285.0,25.0,10000.0,Free,0.0,Everyone,Education,"January 5, 2018",1.0.5,4.4 and up
Elif Ba - Learn The Holy Quran,FAMILY,4.8,1491.0,38.0,50000.0,Free,0.0,Everyone,Education,"October 31, 2017",1.3,4.1 and up
Instant Ba-dum-tss,FAMILY,4.0,13.0,2.0,1000.0,Free,0.0,Everyone,Entertainment,"September 23, 2015",1.0,1.6 and up
Ba Zi Fortune,LIFESTYLE,3.9,592.0,2.5,100000.0,Free,0.0,Everyone,Lifestyle,"January 2, 2018",1.0.23,2.3 and up
BA VPN - Free Unlimited VPN,FAMILY,4.1,181.0,9.2,10000.0,Free,0.0,Everyone,Entertainment,"June 14, 2018",1.2.1,5.0 and up
Ba dum tss - Rimshot widget,COMICS,4.1,690.0,0.43359375,50000.0,Free,0.0,Everyone,Comics,"September 29, 2015",1.2.3,2.2 and up
Alif Ba Ta Song - Arabic Kids,FAMILY,4.5,227.0,15.0,50000.0,Free,0.0,Everyone,Educational;Education,"February 24, 2018",1.0,2.3 and up
Fitness Dance for Zum.ba Workout Exercise,HEALTH_AND_FITNESS,4.2,287.0,12.0,50000.0,Free,0.0,Everyone,Health & Fitness,"July 30, 2018",1.8,4.2 and up
Cafe.ba,NEWS_AND_MAGAZINES,4.0,677.0,4.4,10000.0,Free,0.0,Everyone,News & Magazines,"June 7, 2017",5.5.2,4.0 and up
058.ba,NEWS_AND_MAGAZINES,4.4,27.0,14.0,100.0,Free,0.0,Everyone,News & Magazines,"July 6, 2018",1.0,4.2 and up
Poteau BA,FAMILY,4.3,3.0,4.0,500.0,Free,0.0,Everyone,Education,"July 16, 2017",1.0.2,5.0 and up
Elif Ba Oyunu,TOOLS,3.7,26.0,2.2,5000.0,Free,0.0,Everyone,Tools,"November 2, 2015",1.1,2.3 and up
Bedouin Rivals,FAMILY,4.2,79826.0,13.0,1000000.0,Free,0.0,Everyone 10+,Strategy,"July 26, 2018",4.0.4,4.1 and up
Klix.ba,NEWS_AND_MAGAZINES,4.0,3647.0,5.7,100000.0,Free,0.0,Everyone,News & Magazines,"February 25, 2017",4.1.1,4.0 and up
BA 3 Banjarmasin,SOCIAL,4.3,2.0,5.9,10.0,Free,0.0,Teen,Social,"July 28, 2018",1.0.1,4.4 and up
Elifba Quran Learning Game,FAMILY,4.7,1424.0,19.0,100000.0,Free,0.0,Everyone,Educational,"June 7, 2018",2.2,4.1 and up
"Survival Mobile:10,000 BC",FAMILY,4.3,7441.0,52.0,500000.0,Free,0.0,Everyone 10+,Strategy,"August 2, 2018",0.1.801,2.3 and up
BC Connect,FAMILY,3.8,11.0,17.0,1000.0,Free,0.0,Everyone,Education,"March 14, 2018",2.6.12,4.1 and up
BC Navigator,FAMILY,4.4,21.0,32.0,1000.0,Free,0.0,Everyone,Education,"May 10, 2018",3.2,4.0.3 and up
BC Liquor Stores,LIFESTYLE,3.7,492.0,4.3,50000.0,Free,0.0,Everyone,Lifestyle,"October 5, 2015",3.6,2.2 and up
British Columbia Transit Info,MAPS_AND_NAVIGATION,4.3,0.0,5.0,100.0,Free,0.0,Everyone 10+,Maps & Navigation,"February 19, 2016",3.0,2.2 and up
BC Hospital Wait Times,MEDICAL,4.2,8.0,1.2,500.0,Free,0.0,Everyone,Medical,"January 19, 2016",1.2,4.1 and up
"Town of Princeton, BC",PRODUCTIVITY,4.8,4.0,31.0,100.0,Free,0.0,Everyone,Productivity,"June 25, 2018",3.3.8,4.0 and up
Explore British Columbia - BC Travel Guide,TRAVEL_AND_LOCAL,4.4,7.0,17.0,500.0,Free,0.0,Everyone,Travel & Local,"October 9, 2017",2.0.0,4.4W and up
Bridge Constructor Stunts FREE,FAMILY,4.1,36151.0,46.0,1000000.0,Free,0.0,Everyone,Simulation,"April 22, 2017",2.7,3.2 and up
BC's Pizza,LIFESTYLE,4.7,113.0,20.0,1000.0,Free,0.0,Everyone,Lifestyle,"September 30, 2016",3.0.0,4.0 and up
BC Slots - The Lost Reels FREE,GAME,4.0,209.0,22.0,10000.0,Free,0.0,Teen,Casino,"July 13, 2018",7.0,4.0 and up
BC Mobile Intro - Americas,LIFESTYLE,4.3,0.0,3.1,50.0,Free,0.0,Everyone,Lifestyle,"June 21, 2018",4.1.0,4.0.3 and up
BC Highways - Road Conditions,TRAVEL_AND_LOCAL,4.4,382.0,12.0,10000.0,Free,0.0,Everyone,Travel & Local,"February 1, 2018",2.1.3,5.0 and up
BC Camera,PHOTOGRAPHY,4.2,5.0,5.5,500.0,Free,0.0,Everyone,Photography,"January 10, 2018",1.0,4.0.3 and up
BC iptv player,VIDEO_PLAYERS,4.4,8.0,14.0,1000.0,Free,0.0,Everyone,Video Players & Editors,"October 12, 2017",Final,4.0 and up
"Victoria, BC | Tour City",TRAVEL_AND_LOCAL,4.3,20.0,15.0,1000.0,Free,0.0,Everyone,Travel & Local,"August 2, 2016",1.7,4.0 and up
BC Hockey,SPORTS,3.7,20.0,8.9,1000.0,Free,0.0,Everyone,Sports,"December 8, 2017",3.1,4.4 and up
British Columbia Tourist Places (Guide),TRAVEL_AND_LOCAL,4.0,1.0,3.0,100.0,Free,0.0,Everyone,Travel & Local,"November 8, 2017",1.0,4.1 and up
BC browser,BUSINESS,4.3,1.0,3.4,100.0,Free,0.0,Everyone,Business,"January 17, 2018",1.1.0,4.0 and up
PPCNP-BC Pocket Prep,MEDICAL,4.3,3.0,12.0,50.0,Free,0.0,Everyone,Medical,"July 12, 2018",4.5.2,4.4 and up
AP Calculus BC Practice Test,FAMILY,4.2,4.0,29.0,500.0,Free,0.0,Everyone,Education,"January 25, 2018",6.0.2,4.4 and up
Railroad Radio Vancouver BC,FAMILY,5.0,4.0,1.7,100.0,Free,0.0,Teen,Entertainment,"June 28, 2015",1,2.2 and up
AP Calculus BC: Practice Tests and Flashcards,FAMILY,3.6,5.0,5.4,1000.0,Free,0.0,Everyone,Education,"July 3, 2018",1.6.7.1,4.1 and up
Aura Hair Group BC,BEAUTY,4.3,0.0,13.0,100.0,Free,0.0,Everyone,Beauty,"April 23, 2018",Varies with device,4.0.3 and up
"BDCast - Bangla Live TV,Radio",FAMILY,4.4,7461.0,31.0,1000000.0,Free,0.0,Everyone,Entertainment,"May 20, 2018",4.2.1,4.1 and up
bd's Mongolian Grill,LIFESTYLE,4.2,120.0,14.0,10000.0,Free,0.0,Everyone,Lifestyle,"February 23, 2018",1.5.1,4.1 and up
BD Briight: Your Diabetes Personal Assistant,MEDICAL,4.8,17.0,37.0,5000.0,Free,0.0,Everyone,Medical,"July 19, 2018",1.5.0,5.0 and up
Jagobd - Bangla TV(Official),FAMILY,4.3,39109.0,4.0,1000000.0,Free,0.0,Everyone,Entertainment,"December 20, 2017",6.5,4.0 and up
Business Dictionary,BUSINESS,4.2,5988.0,13.0,500000.0,Free,0.0,Everyone,Business,"May 16, 2016",Varies with device,Varies with device
BD Data Plan (3G & 4G),COMMUNICATION,4.4,10341.0,6.9,500000.0,Free,0.0,Everyone,Communication,"July 5, 2018",5.2.4,4.1 and up
বাংলা টিভি প্রো BD Bangla TV,FAMILY,4.3,193.0,14.0,10000.0,Free,0.0,Everyone,Entertainment,"April 29, 2017",1.3,4.0 and up
BD tools,TOOLS,4.0,21.0,0.205078125,10000.0,Free,0.0,Everyone,Tools,"December 18, 2015",6.1,4.2 and up
BD Radio TV Free List,FAMILY,4.3,539.0,13.0,50000.0,Free,0.0,Everyone,Entertainment,"August 1, 2018",1.3,4.2 and up
BD Simplist Through Their Eyes,FAMILY,4.3,1.0,38.0,10.0,Free,0.0,Everyone,Simulation,"December 4, 2015",1.0,4.1 and up
BD Online News,NEWS_AND_MAGAZINES,4.6,30.0,3.8,1000.0,Free,0.0,Everyone,News & Magazines,"March 20, 2018",1.5,4.0.3 and up
BD Bank Interest,FINANCE,4.7,289.0,3.2,5000.0,Free,0.0,Everyone,Finance,"May 4, 2018",1.2,4.1 and up
BD Earn Pro,FAMILY,4.2,540.0,3.2,10000.0,Free,0.0,Everyone,Entertainment,"August 1, 2018",2.4,4.1 and up
Comics Reader,COMICS,3.9,4496.0,0.5947265625,100000.0,Free,0.0,Everyone,Comics,"October 29, 2017",2.3.216,2.3 and up
Electricity Bill Calculator BD,PRODUCTIVITY,4.3,247.0,4.0,10000.0,Free,0.0,Everyone,Productivity,"June 22, 2016",1.2,4.0.3 and up
BD Fishpedia,BOOKS_AND_REFERENCE,4.8,123.0,6.5,1000.0,Free,0.0,Everyone,Books & Reference,"March 15, 2017",3.15317,3.0 and up
BD Attendance,PRODUCTIVITY,4.8,93.0,14.0,1000.0,Free,0.0,Everyone,Productivity,"July 17, 2018",2.3.14,4.3 and up
BD All Sim Offer,BOOKS_AND_REFERENCE,4.5,197.0,2.8,10000.0,Free,0.0,Everyone,Books & Reference,"January 3, 2017",1.2,4.1 and up
BD Sports Box & TV,FAMILY,4.2,5.0,3.3,500.0,Free,0.0,Everyone,Entertainment,"April 13, 2018",1.1,4.0.3 and up
Tour BD (Bahir Dar Map),MAPS_AND_NAVIGATION,4.9,49.0,3.9,100.0,Free,0.0,Everyone,Maps & Navigation,"October 16, 2017",2.0,4.2 and up
BD Field Force,PRODUCTIVITY,4.2,41.0,15.0,1000.0,Free,0.0,Everyone,Productivity,"August 1, 2018",1.3.13,4.3 and up
BD CRICKET LIVE,SPORTS,4.6,1238.0,9.5,100000.0,Free,0.0,Everyone,Sports,"January 15, 2018",3.0,4.0.3 and up
BD All Results,FAMILY,4.1,205.0,7.3,50000.0,Free,0.0,Everyone,Education,"November 29, 2017",9.0,4.0.3 and up
BD Online Passport Application,FAMILY,4.6,12.0,2.4,5000.0,Free,0.0,Everyone,Education,"October 7, 2017",3.0,4.0.3 and up
BD Internet Packages (Updated),COMMUNICATION,4.0,474.0,3.0,50000.0,Free,0.0,Everyone,Communication,"August 5, 2016",0.0.5,4.0 and up
Live Radio BD,FAMILY,4.2,69.0,3.5,10000.0,Free,0.0,Everyone,Entertainment,"May 4, 2015",1.1,4.0 and up
iCard BD Plus,SOCIAL,5.0,2.0,2.4,500.0,Free,0.0,Everyone,Social,"July 15, 2016",3.7.5,2.0 and up
BD Dialer,COMMUNICATION,4.1,29.0,13.0,10000.0,Free,0.0,Everyone,Communication,"July 9, 2018",1.8.3,4.1 and up
"Youboox - Livres, BD et magazines",BOOKS_AND_REFERENCE,3.7,4071.0,13.0,500000.0,Free,0.0,Teen,Books & Reference,"April 3, 2018",Varies with device,Varies with device
BANGLA TV 3G/4G,SPORTS,4.1,142.0,5.3,100000.0,Free,0.0,Everyone,Sports,"June 7, 2018",2.4,4.0 and up
Earn Money BD,FINANCE,3.8,103.0,6.9,5000.0,Free,0.0,Everyone,Finance,"July 11, 2018",3.4,4.0 and up
BD Hospital's,FAMILY,4.7,12.0,2.3,100.0,Free,0.0,Everyone,Education,"October 7, 2015",1.1,3.0 and up
Rabbithole,FAMILY,3.5,3347.0,15.0,100000.0,Free,0.0,Everyone,Entertainment,"July 18, 2018",1.1.15.12,4.4 and up
Educationboard Results BD,FAMILY,4.0,983.0,7.2,100000.0,Free,0.0,Everyone,Education,"June 12, 2018",1.0,4.0 and up
BD Online Shop,BUSINESS,4.2,63.0,13.0,5000.0,Free,0.0,Everyone,Business,"September 13, 2015",3.0.1,2.3.3 and up
Vehicle Case Checker BD,TOOLS,3.7,29.0,3.3,10000.0,Free,0.0,Everyone,Tools,"July 13, 2017",1.0,4.1 and up
Remote for Panasonic TV+BD+AVR,TOOLS,3.7,533.0,7.3,100000.0,Free,0.0,Everyone,Tools,"July 31, 2018",Cow V3.15,4.3 and up
Exam Result BD,FAMILY,5.0,2.0,2.6,500.0,Free,0.0,Everyone,Education,"July 22, 2017",1.0,3.2 and up
BD Live Call,COMMUNICATION,4.4,7.0,0.30078125,5000.0,Free,0.0,Everyone,Communication,"September 6, 2016",1.01,2.0 and up
Helping BD,LIFESTYLE,5.0,15.0,4.5,100.0,Free,0.0,Everyone,Lifestyle,"June 19, 2018",2.1,4.0.3 and up
Best Browser BD social networking,COMMUNICATION,4.8,6.0,21.0,10.0,Free,0.0,Everyone,Communication,"July 4, 2018",2.0,4.1 and up
Traffic signs BD,COMMUNICATION,4.4,7.0,5.3,500.0,Free,0.0,Everyone,Communication,"October 8, 2015",1.0,4.1 and up
BD Internet Package Activator,NEWS_AND_MAGAZINES,4.9,13.0,2.3,100.0,Free,0.0,Everyone,News & Magazines,"March 9, 2018",1.2,4.0.3 and up
be Produbanco,FINANCE,4.0,967.0,22.0,100000.0,Free,0.0,Everyone,Finance,"August 2, 2018",1.2.1,4.1 and up
Millionaire : Who want to be?,GAME,4.4,4396.0,40.0,100000.0,Free,0.0,Everyone,Trivia,"April 12, 2017",1.5,2.3 and up
Be My Eyes - Helping the blind,LIFESTYLE,4.9,8418.0,21.0,500000.0,Free,0.0,Everyone,Lifestyle,"July 11, 2018",1.2.9,4.4 and up
Be My Princess: PARTY,FAMILY,4.4,9443.0,21.0,100000.0,Free,0.0,Teen,Simulation,"December 12, 2016",1.8.0,4.0.3 and up
Movement BE,SOCIAL,5.0,20.0,1.2,100.0,Free,0.0,Teen,Social,"November 10, 2016",1.2,4.4 and up
Be My Love Animated Keyboard,PERSONALIZATION,4.6,838.0,11.0,50000.0,Free,0.0,Teen,Personalization,"March 30, 2018",1.70,4.1 and up
Be My Princess 2,FAMILY,4.3,2806.0,27.0,100000.0,Free,0.0,Teen,Entertainment,"March 20, 2018",3.6,2.3 and up
Be the Manager 2018 - Football Strategy,SPORTS,4.3,7557.0,7.4,100000.0,Free,0.0,Everyone,Sports,"March 12, 2018",2.2.1,4.2 and up
Be like Me - Hay Nhu Toi,PERSONALIZATION,4.3,44.0,3.5,1000.0,Free,0.0,Teen,Personalization,"May 26, 2016",1.3,4.0 and up
Be Fabulous PHOTO BOOTH,PHOTOGRAPHY,4.1,560.0,1.7,10000.0,Free,0.0,Everyone,Photography,"February 1, 2017",1.07,4.0 and up
Be My Princess,FAMILY,4.2,3103.0,8.8,100000.0,Free,0.0,Teen,Entertainment,"September 19, 2017",6.5,2.2 and up
Fat No More - Be the Biggest Loser in the Gym!,FAMILY,3.8,48545.0,38.0,1000000.0,Free,0.0,Everyone,Casual,"August 3, 2018",1.2.14,4.1 and up
Be Like Bill - Maker,FAMILY,4.3,18.0,1.7,1000.0,Free,0.0,Everyone,Entertainment,"January 27, 2016",1.2,3.2 and up
Be the Manager 2016 (football),SPORTS,4.2,4330.0,6.1,100000.0,Free,0.0,Everyone,Sports,"October 19, 2017",3.0,4.0 and up
Make your Be Like Bill,COMICS,4.0,78.0,2.8,5000.0,Free,0.0,Everyone,Comics,"January 16, 2016",1.0,2.3 and up
Be like Bill Generator,FAMILY,4.2,67.0,6.5,5000.0,Free,0.0,Teen,Entertainment,"January 29, 2016",1.08,4.0.3 and up
Be you GO Launcher Theme,PERSONALIZATION,4.3,1580.0,3.6,100000.0,Free,0.0,Everyone,Personalization,"November 12, 2014",v1.0,2.3 and up
Be Like Bro - Compilation,FAMILY,4.4,146.0,3.9,10000.0,Free,0.0,Teen,Entertainment,"March 30, 2018",2.4,4.1 and up
YAY - TBH,SOCIAL,4.1,2520.0,12.0,100000.0,Free,0.0,Teen,Social,"November 17, 2017",1.1.5,4.3 and up
OK K.O.! Lakewood Plaza Turbo,FAMILY,4.5,76608.0,24.0,1000000.0,Free,0.0,Everyone 10+,Action;Action & Adventure,"January 5, 2017",1.3.1,4.0 and up
She Will Be Loved Lyrics,FAMILY,4.3,2.0,0.6884765625,100.0,Free,0.0,Everyone,Entertainment,"March 1, 2016",1.0,2.1 and up
BF at Sea Refueled,GAME,4.4,1849.0,37.0,10000.0,Free,0.0,Everyone,Board,"October 20, 2015",1.1.8,2.3.3 and up
BF Movies Fun,FAMILY,3.8,63.0,3.7,10000.0,Free,0.0,Teen,Entertainment,"April 7, 2018",1.0,2.3.3 and up
My BF App,COMMUNICATION,4.1,141.0,9.9,50000.0,Free,0.0,Everyone,Communication,"December 19, 2017",2.0,4.0 and up
Funny videos for whatsapp,VIDEO_PLAYERS,4.4,3066.0,9.0,1000000.0,Free,0.0,Everyone,Video Players & Editors,"December 17, 2017",1.7,4.0.3 and up
BF games,FAMILY,4.1,262.0,29.0,50000.0,Free,0.0,Everyone,Puzzle,"November 1, 2017",1.1,4.0.3 and up
BF 3d Wallpapers,FAMILY,4.1,256.0,2.5,100000.0,Free,0.0,Teen,Entertainment,"June 18, 2015",4.7,3.0 and up
GF - BF Chat Stories - Hindi English Convesation,FAMILY,4.1,32.0,4.1,10000.0,Free,0.0,Everyone,Education,"June 18, 2018",1.5,4.1 and up
BF-Calc,TOOLS,3.9,428.0,3.8,100000.0,Free,0.0,Everyone,Tools,"March 31, 2015",1.2.5,2.3.3 and up
BF 4 Guns,FAMILY,4.0,1542.0,13.0,50000.0,Free,0.0,Everyone,Entertainment,"June 9, 2015",3.0,3.0 and up
"Women""s Health Tips(Breast,Face,Body,weight lose)",HEALTH_AND_FITNESS,4.2,2509.0,5.0,1000000.0,Free,0.0,Mature 17+,Health & Fitness,"April 20, 2018",1.8,4.1 and up
BF Beautiful Nature,FAMILY,3.6,5.0,2.5,1000.0,Free,0.0,Mature 17+,Entertainment,"June 11, 2015",4.1,3.0 and up
BF 3d Images,FAMILY,4.3,19.0,2.5,1000.0,Free,0.0,Teen,Entertainment,"June 17, 2015",4.5,3.0 and up
Jigsaw Puzzles Bus Scania BF,FAMILY,4.3,3.0,6.6,1000.0,Free,0.0,Teen,Puzzle,"November 7, 2016",1.0,4.0 and up
BF 3d View Wallpapers,FAMILY,4.3,4.0,2.5,1000.0,Free,0.0,Teen,Entertainment,"June 18, 2015",4.6,3.0 and up
Hot Bhojpuri Video Song 2018 - Free Movies,FAMILY,4.4,447.0,3.7,100000.0,Free,0.0,Mature 17+,Entertainment,"April 4, 2018",1.0,4.2 and up
Bf Light,BUSINESS,4.3,6.0,11.0,1000.0,Free,0.0,Everyone,Business,"February 9, 2017",1.0,4.1 and up
BF Abstract 3d Pictures,FAMILY,4.2,72.0,2.5,10000.0,Free,0.0,Teen,Entertainment,"June 18, 2015",5.1,3.0 and up
CE BF,LIFESTYLE,4.3,0.0,24.0,50.0,Free,0.0,Everyone,Lifestyle,"January 2, 2018",1.0.1,4.1 and up
Freedom Christian BF,LIFESTYLE,4.3,0.0,12.0,10.0,Free,0.0,Everyone,Lifestyle,"February 22, 2016",1.0,4.0.3 and up
Random Love (BF),FAMILY,3.7,3.0,10.0,50.0,Free,0.0,Everyone,Entertainment,"October 4, 2015",1.0.0,2.2 and up
BF Family user,BUSINESS,4.3,8.0,26.0,100.0,Free,0.0,Everyone,Business,"February 1, 2018",0.0.9,4.1 and up
Faketalk - Chatbot,GAME,4.2,63056.0,8.1,1000000.0,Free,0.0,Teen,Word,"July 3, 2018",1.9.7,2.3 and up
XXX DISTILLERY,BUSINESS,4.2,509.0,3.2,100000.0,Free,0.0,Everyone,Business,"August 2, 2017",1.1.0,4.0 and up
Cute Questions BF,LIFESTYLE,4.0,3.0,3.3,1000.0,Free,0.0,Everyone,Lifestyle,"June 2, 2018",3.0.0,4.4 and up
BG Advisor™,TOOLS,4.4,7.0,5.6,1000.0,Free,0.0,Everyone,Tools,"January 10, 2017",1.3,4.0.3 and up
BG Products,AUTO_AND_VEHICLES,4.8,4.0,4.5,500.0,Free,0.0,Everyone,Auto & Vehicles,"November 28, 2017",1.3,5.0 and up
BG LINKED (BGLINKED),SOCIAL,4.7,22.0,11.0,1000.0,Free,0.0,Everyone,Social,"January 19, 2018",v2.0.02_prod,4.1 and up
BG Monitor Diabetes,MEDICAL,4.4,643.0,2.8,10000.0,Free,0.0,Everyone,Medical,"April 23, 2017",8.0.1,4.4 and up
Photo BG Changer,PHOTOGRAPHY,3.8,11.0,17.0,1000.0,Free,0.0,Everyone,Photography,"February 21, 2018",1.3,4.1 and up
BG BRIDAL GALLERY,LIFESTYLE,4.6,17.0,19.0,1000.0,Free,0.0,Everyone,Lifestyle,"June 27, 2018",2.1.1,4.4 and up
BG Editor,PHOTOGRAPHY,4.3,0.0,8.4,5.0,Free,0.0,Everyone,Photography,"July 23, 2018",1.2,4.1 and up
BG Sports News,NEWS_AND_MAGAZINES,4.3,41.0,5.0,1000.0,Free,0.0,Everyone,News & Magazines,"February 9, 2016",1.0.0,3.0 and up
Zdravei.BG,SOCIAL,4.3,6.0,6.1,1000.0,Free,0.0,Mature 17+,Social,"January 8, 2018",3.7.17,4.1 and up
BG+Phone Backup,PRODUCTIVITY,4.8,16.0,2.6,1000.0,Free,0.0,Everyone,Productivity,"February 17, 2017",1.0.3,2.3 and up
BGKontakti London BG Kontakti,SOCIAL,4.3,4.0,8.9,500.0,Free,0.0,Everyone,Social,"March 23, 2017",1.2,3.0 and up
ReactNative BG Geolocation,TOOLS,5.0,5.0,9.1,1000.0,Free,0.0,Everyone,Tools,"May 25, 2018",2.12.0,4.1 and up
BG TV Stations,FAMILY,4.3,0.0,2.9,100.0,Free,0.0,Everyone,Entertainment,"February 10, 2018",1.0,4.1 and up
BG video - floating video - background video,VIDEO_PLAYERS,4.1,64.0,2.0,5000.0,Free,0.0,Everyone,Video Players & Editors,"May 21, 2018",2.0,4.0 and up
BG TV Program,FAMILY,4.3,1.0,2.8,100.0,Free,0.0,Everyone,Entertainment,"April 22, 2018",1.0,4.1 and up
BG Cable TV,FAMILY,4.3,5.0,2.8,1000.0,Free,0.0,Everyone,Entertainment,"February 25, 2018",1.0,4.1 and up
BG Middle East,AUTO_AND_VEHICLES,4.3,1.0,9.4,10.0,Free,0.0,Everyone,Auto & Vehicles,"December 20, 2017",1.1,4.0 and up
Blender BG - Photo Blend With Background,PHOTOGRAPHY,4.3,0.0,7.8,100.0,Free,0.0,Everyone,Photography,"September 20, 2017",1.0,4.2 and up
BG MUSIC PLAYER - MUSIC PLAYER,VIDEO_PLAYERS,4.3,0.0,8.6,100.0,Free,0.0,Everyone,Video Players & Editors,"June 26, 2018",1.0,4.1 and up
Sommelier.BG,FOOD_AND_DRINK,4.3,0.0,13.0,10.0,Free,0.0,Teen,Food & Drink,"July 18, 2018",Varies with device,Varies with device
BG Future School,FAMILY,4.9,16.0,10.0,100.0,Free,0.0,Everyone,Education,"July 22, 2017",1.0,4.0.3 and up
Simple Photo BG Changer,TOOLS,4.3,1.0,5.1,10.0,Free,0.0,Everyone,Tools,"June 8, 2018",1.0,2.3 and up
BGKontakti Bayern BG Kontakti,SOCIAL,4.3,32.0,7.8,1000.0,Free,0.0,Everyone,Social,"May 25, 2016",1.6,3.0 and up
BGKontakti Vienna BG Kontakti,SOCIAL,4.8,111.0,5.9,1000.0,Free,0.0,Everyone,Social,"July 18, 2018",2.42,4.1 and up
CARS.bg,AUTO_AND_VEHICLES,4.5,276.0,1.7,100000.0,Free,0.0,Everyone,Auto & Vehicles,"July 5, 2017",1.1.3,4.4 and up
BG Torneos,SPORTS,4.3,7.0,2.3,100.0,Free,0.0,Everyone,Sports,"June 13, 2018",2.0.0,4.1 and up
YourTube Video Views BG,VIDEO_PLAYERS,4.3,8.0,2.5,500.0,Free,0.0,Everyone,Video Players & Editors,"November 12, 2015",1.1.1,4.0 and up
BG Television,FAMILY,4.3,3.0,2.8,500.0,Free,0.0,Everyone,Entertainment,"December 10, 2017",1.0,4.1 and up
Cъновник BG,BOOKS_AND_REFERENCE,4.3,13.0,4.1,1000.0,Free,0.0,Everyone,Books & Reference,"January 21, 2017",250,4.0 and up
Auto Background Changer,PHOTOGRAPHY,4.0,35188.0,6.2,1000000.0,Free,0.0,Everyone,Photography,"February 22, 2018",1.0.11,3.2 and up
Block Gun 3D: Call of Destiny,GAME,3.7,31883.0,20.0,1000000.0,Free,0.0,Teen,Action,"March 23, 2017",1.4.3,2.3 and up
BG Metro - Red voznje,TRAVEL_AND_LOCAL,4.8,89.0,13.0,1000.0,Free,0.0,Everyone,Travel & Local,"February 21, 2017",Varies with device,Varies with device
BG Cricket,SPORTS,4.3,6.0,24.0,500.0,Free,0.0,Everyone,Sports,"June 14, 2018",2.4.4,4.2 and up
BG Guide,TRAVEL_AND_LOCAL,5.0,3.0,2.4,100.0,Free,0.0,Everyone,Travel & Local,"November 28, 2016",1.1,2.3.3 and up
Bg Radios - Bulgarian radio stations online,FAMILY,4.3,8.0,13.0,1000.0,Free,0.0,Everyone,Entertainment,"July 13, 2018",1.3.2,4.1 and up
Micro.bg Cloud POS System,BUSINESS,4.3,6.0,13.0,100.0,Free,0.0,Everyone,Business,"July 12, 2017",Varies with device,2.0 and up
BG-FLEET,TOOLS,4.3,0.0,1.8,10.0,Free,0.0,Everyone,Tools,"July 30, 2018",1.0,4.0.3 and up
trip.bg,TRAVEL_AND_LOCAL,4.5,103.0,9.8,1000.0,Free,0.0,Everyone,Travel & Local,"July 30, 2018",8.2.0,4.0.3 and up
Dete.bg,NEWS_AND_MAGAZINES,4.3,0.0,29.0,100.0,Free,0.0,Everyone,News & Magazines,"June 12, 2017",1.2,4.1 and up
BLOOD & GLORY: IMMORTALS,GAME,4.3,101762.0,11.0,1000000.0,Free,0.0,Teen,Action,"June 11, 2015",2.0.0,3.0 and up
ePazar.bg,SHOPPING,4.3,28.0,2.1,1000.0,Free,0.0,Everyone,Shopping,"January 7, 2017",3.0,3.0 and up
Revita.bg,HEALTH_AND_FITNESS,4.8,10.0,4.0,10.0,Free,0.0,Everyone,Health & Fitness,"June 13, 2018",3.55,4.0 and up
ePay.bg,FINANCE,4.4,2017.0,2.4,100000.0,Free,0.0,Everyone,Finance,"July 26, 2018",2.22,4.1 and up
Top Novini BG,NEWS_AND_MAGAZINES,4.3,2.0,2.9,100.0,Free,0.0,Everyone,News & Magazines,"June 14, 2016",1.2,4.1 and up
"Music for Youtube - Tube Music BG, Red+",VIDEO_PLAYERS,4.3,47.0,8.7,1000.0,Free,0.0,Teen,Video Players & Editors,"September 23, 2017",1.10,4.2 and up
Bg+ Call Blocker,TOOLS,4.3,80.0,1.7,10000.0,Free,0.0,Everyone,Tools,"March 20, 2018",1.2,4.0 and up
BG Blurry HD Wallpapers,FAMILY,4.3,1.0,5.1,10.0,Free,0.0,Everyone,Entertainment,"March 12, 2018",1.0.0.1,4.0 and up
Background Changer & Eraser,PHOTOGRAPHY,4.0,2076.0,11.0,500000.0,Free,0.0,Teen,Photography,"May 21, 2018",2.5,4.1 and up
Stolica.bg,NEWS_AND_MAGAZINES,4.3,1.0,1.3,50.0,Free,0.0,Everyone,News & Magazines,"May 2, 2018",1.1,5.0 and up
Cut Out : Background Eraser and background changer,PHOTOGRAPHY,4.1,7118.0,9.2,1000000.0,Free,0.0,Everyone,Photography,"June 29, 2018",1.6,4.0 and up
mySugr: the blood sugar tracker made just for you,MEDICAL,4.6,21187.0,35.0,1000000.0,Free,0.0,Everyone,Medical,"July 23, 2018",3.52.0,5.0 and up
ScorePal,TOOLS,4.5,1439.0,15.0,10000.0,Free,0.0,Everyone,Tools,"July 9, 2018",2.10.7,4.3 and up
BG Burger,FOOD_AND_DRINK,4.3,1.0,19.0,10.0,Free,0.0,Everyone,Food & Drink,"March 29, 2017",1.0,4.1 and up
JOBS.bg,BUSINESS,4.4,1630.0,2.2,100000.0,Free,0.0,Everyone,Business,"August 22, 2017",3.1.0,4.4 and up
Blood Glucose Tracker,HEALTH_AND_FITNESS,4.6,9612.0,3.5,100000.0,Free,0.0,Everyone,Health & Fitness,"May 18, 2018",1.8.12,4.4 and up
Learn Bulgarian Free,FAMILY,4.7,3049.0,13.0,50000.0,Free,0.0,Everyone,Education,"May 4, 2018",Varies with device,Varies with device
N+ News Bulgaria,NEWS_AND_MAGAZINES,4.3,2.0,10.0,50.0,Free,0.0,Everyone,News & Magazines,"August 2, 2017",1.0,4.0 and up
Remix Second Hand,SHOPPING,4.2,867.0,7.5,100000.0,Free,0.0,Everyone,Shopping,"August 2, 2018",1.5.8,4.4 and up
Ultimate Background Eraser,PHOTOGRAPHY,4.3,14453.0,21.0,1000000.0,Free,0.0,Everyone,Photography,"March 13, 2018",1.9,4.1 and up
OnTrack Diabetes,MEDICAL,4.3,6079.0,1.8,500000.0,Free,0.0,Everyone,Medical,"January 17, 2018",3.2.7,2.1 and up
VIP Backgammon Free : Play Backgammon Online,GAME,4.1,389.0,13.0,10000.0,Free,0.0,Teen,Board,"July 3, 2018",1.16.32,Varies with device
Grabo.bg,SHOPPING,4.6,8175.0,3.2,100000.0,Free,0.0,Everyone,Shopping,"April 5, 2018",3.2.3,4.0.3 and up
GEM™,TOOLS,4.3,6.0,33.0,500.0,Free,0.0,Everyone,Tools,"July 23, 2018",1.93,5.0 and up
Diabetes Connect,MEDICAL,4.5,4027.0,8.4,100000.0,Free,0.0,Everyone,Medical,"October 10, 2017",2.4.1,4.0 and up
B&H Photo Video Pro Audio,SHOPPING,4.6,17180.0,31.0,1000000.0,Free,0.0,Everyone,Shopping,"August 3, 2018",5.3.1,4.4 and up
BH Cosmetics,BEAUTY,4.0,2.0,3.6,1000.0,Free,0.0,Everyone,Beauty,"May 29, 2018",1.0,4.0 and up
B&H Kids AR,BOOKS_AND_REFERENCE,3.9,286.0,18.0,10000.0,Free,0.0,Everyone,Books & Reference,"September 29, 2017",3.2.5,4.0 and up
BH Bikes GPS Locator,SPORTS,4.3,0.0,10.0,10.0,Free,0.0,Everyone,Sports,"July 19, 2018",1.0,5.0 and up
BH Patrole,AUTO_AND_VEHICLES,4.8,27.0,2.5,500.0,Free,0.0,Everyone,Auto & Vehicles,"February 15, 2018",2.0,4.4 and up
CINEMA.BH,FAMILY,3.9,11.0,16.0,1000.0,Free,0.0,Everyone,Entertainment,"January 30, 2018",1.2.2,4.2 and up
DSLR Photography Training apps,PHOTOGRAPHY,4.0,675.0,15.0,100000.0,Free,0.0,Everyone,Photography,"July 29, 2017",2.1,2.3 and up
Radio Belo Horizonte,FAMILY,4.3,0.0,4.3,10.0,Free,0.0,Mature 17+,Entertainment,"August 3, 2018",2,4.0 and up
BH Online,FINANCE,4.3,0.0,4.6,10.0,Free,0.0,Everyone,Finance,"July 4, 2018",2.2.6,5.0 and up
Belo Horizonte Map offline,TRAVEL_AND_LOCAL,4.3,11.0,18.0,1000.0,Free,0.0,Everyone,Travel & Local,"July 12, 2018",1.73,4.3 and up
Bh Public School,FAMILY,5.0,2.0,8.7,10.0,Free,0.0,Everyone,Education,"March 21, 2018",1.2,4.0.3 and up
BH Mission Playbook,TRAVEL_AND_LOCAL,4.3,0.0,22.0,100.0,Free,0.0,Everyone,Travel & Local,"April 2, 2018",1.5.4,4.4 and up
BH INVEST,FINANCE,4.3,7.0,1.1,500.0,Free,0.0,Everyone,Finance,"February 5, 2016",1.3,3.2 and up
Comunidad BH,FAMILY,4.3,23.0,4.8,1000.0,Free,0.0,Everyone,Entertainment,"November 9, 2016",1.3.9,2.3 and up
VIVA BH,TOOLS,4.0,2055.0,2.6,100000.0,Free,0.0,Everyone,Tools,"April 9, 2018",2.44,4.0 and up
Discípulos em BH,SOCIAL,4.3,24.0,5.2,100.0,Free,0.0,Everyone,Social,"February 24, 2018",1.1.4,4.1 and up
Barbers.BH,LIFESTYLE,5.0,2.0,6.0,10.0,Free,0.0,Everyone,Lifestyle,"May 24, 2018",2.1,4.0.3 and up
BH - Fitness & Nutrition,HEALTH_AND_FITNESS,4.3,0.0,43.0,1.0,Free,0.0,Everyone,Health & Fitness,"July 4, 2018",4.3.6,4.1 and up
Lexus Tech BH Service Pro,LIFESTYLE,4.3,0.0,0.8828125,10.0,Free,0.0,Teen,Lifestyle,"July 26, 2016",5.0,3.0 and up
Photo Editor - BPhoto,PHOTOGRAPHY,4.5,42.0,20.0,1000.0,Free,0.0,Everyone,Photography,"September 17, 2016",1.2,4.2 and up
BH Challenge - Museum of the Jewish People,FAMILY,4.8,12.0,28.0,1000.0,Free,0.0,Everyone,Education,"March 26, 2018",1.3.6,4.2 and up
B'H BURGER HEIM,LIFESTYLE,4.3,0.0,20.0,10.0,Free,0.0,Everyone,Lifestyle,"May 26, 2016",1.0,4.0 and up
B y H Niños ES,BOOKS_AND_REFERENCE,4.6,53.0,16.0,5000.0,Free,0.0,Everyone,Books & Reference,"September 22, 2015",1.0.2,2.3 and up
ZUL - Rotativo Digital BH,AUTO_AND_VEHICLES,4.2,29.0,13.0,10000.0,Free,0.0,Everyone,Auto & Vehicles,"August 1, 2018",1.6.5,4.1 and up
Coomotaxi BH,BUSINESS,4.3,94.0,8.7,5000.0,Free,0.0,Everyone,Business,"May 24, 2018",3.44.1,4.0.3 and up
BH Rocking,TRAVEL_AND_LOCAL,4.3,13.0,3.2,100.0,Free,0.0,Everyone,Travel & Local,"January 17, 2018",1.0.7,4.1 and up
Newegg Mobile,SHOPPING,4.5,35479.0,16.0,1000000.0,Free,0.0,Everyone,Shopping,"July 11, 2018",4.16.0,4.4 and up
ZiraatBank BH,FINANCE,4.1,58.0,3.5,10000.0,Free,0.0,Everyone,Finance,"July 4, 2017",2.3.2,4.0 and up
Digital Tourist BH Itinerary,TRAVEL_AND_LOCAL,4.6,19.0,14.0,500.0,Free,0.0,Everyone,Travel & Local,"October 13, 2015",0.9.2,2.2 and up
BH Táxi,BUSINESS,3.9,91.0,8.9,5000.0,Free,0.0,Everyone,Business,"June 7, 2018",3.44.2,4.0.3 and up
BH Connect,SOCIAL,4.3,0.0,32.0,1.0,Free,0.0,Teen,Social,"March 22, 2018",1.4.4,4.0.3 and up
Out of Bounds BH Demo,GAME,4.3,3.0,14.0,10.0,Free,0.0,Everyone,Action,"November 19, 2015",1.0,2.3.3 and up
EduNAV.BH,FAMILY,4.3,3.0,3.8,50.0,Free,0.0,Everyone,Education,"February 12, 2018",1.2.0,4.3 and up
BH Açaí,FOOD_AND_DRINK,4.3,3.0,4.7,100.0,Free,0.0,Everyone,Food & Drink,"May 29, 2018",7.0 RELEASE,4.0.3 and up
BH Recepti,FOOD_AND_DRINK,4.3,3.0,9.9,500.0,Free,0.0,Everyone,Food & Drink,"August 16, 2016",1.2,4.0 and up
Bi en Línea,FINANCE,4.0,5055.0,17.0,100000.0,Free,0.0,Everyone,Finance,"March 5, 2018",4.4.1,4.4 and up
Microsoft Power BI–Business data analytics,BUSINESS,4.5,1819.0,10.0,100000.0,Free,0.0,Everyone,Business,"July 16, 2018",2.2.180712.112152,5.0 and up
BI Mobile Banking,FINANCE,4.0,180.0,27.0,10000.0,Free,0.0,Everyone,Finance,"June 27, 2018",4.17.38,4.4 and up
BI News,NEWS_AND_MAGAZINES,5.0,22.0,25.0,1000.0,Free,0.0,Everyone,News & Magazines,"June 10, 2018",1.5.0,4.1 and up
BI SmartLINK,BUSINESS,3.6,16.0,33.0,5000.0,Free,0.0,Everyone,Business,"July 25, 2018",2.7.0,5.1 and up
BI-LO,LIFESTYLE,3.5,43.0,30.0,10000.0,Free,0.0,Everyone,Lifestyle,"July 11, 2018",2.0.0,4.1 and up
Sisense Mobile BI,BUSINESS,4.9,23.0,28.0,1000.0,Free,0.0,Everyone,Business,"April 30, 2018",2.4.1,4.1 and up
"Starg - Gay, Same Sex, Bi",DATING,3.7,66.0,7.3,10000.0,Free,0.0,Mature 17+,Dating,"November 29, 2016",1.0.6,4.1 and up
Propel BI APP,BUSINESS,5.0,3.0,23.0,100.0,Free,0.0,Everyone,Business,"July 24, 2018",1.39,4.4 and up
BI Office,BUSINESS,4.0,76.0,0.1962890625,10000.0,Free,0.0,Everyone,Business,"June 7, 2017",2.7.1,3.0 and up
BI-LO Rx,LIFESTYLE,3.9,77.0,13.0,10000.0,Free,0.0,Everyone,Lifestyle,"March 26, 2018",Varies with device,Varies with device
BI APP,FINANCE,5.0,2.0,2.7,100.0,Free,0.0,Everyone,Finance,"February 19, 2016",1.8,4.0 and up
Oracle BI Mobile,BUSINESS,4.0,282.0,7.7,10000.0,Free,0.0,Everyone,Business,"August 1, 2018",20.0.0.0,6.0 and up
bi-Cube Mobile Token,TOOLS,4.3,5.0,21.0,1000.0,Free,0.0,Everyone,Tools,"April 26, 2018",8.9.2.0.0,4.0.3 and up
Business Intelligence & Data,FAMILY,4.9,7.0,3.5,1000.0,Free,0.0,Everyone,Education,"July 26, 2016",1.0,2.0 and up
BI Mobile,FINANCE,4.4,337.0,3.3,10000.0,Free,0.0,Everyone,Finance,"March 15, 2018",1.0,4.0.3 and up
Zoho Reports - Mobile BI,BUSINESS,4.7,45.0,12.0,5000.0,Free,0.0,Everyone,Business,"May 23, 2018",2.0.5,4.1 and up
Power BI Ultimate Orientation,FAMILY,4.3,12.0,8.1,5000.0,Free,0.0,Everyone,Education,"February 6, 2017",1.0.1,4.0 and up
Pool Billiards Classic - bi a,SPORTS,3.9,5644.0,14.0,1000000.0,Free,0.0,Everyone,Sports,"November 1, 2017",1.7,4.0.3 and up
Lesbian Chat & Dating - SPICY,SOCIAL,4.5,63765.0,11.0,1000000.0,Free,0.0,Mature 17+,Social,"July 31, 2018",4.17.2,4.1 and up
Bi-Tank,GAME,4.6,12.0,18.0,50.0,Free,0.0,Everyone,Arcade,"July 31, 2017",Varies with device,4.1 and up
MinT BI,PRODUCTIVITY,4.3,0.0,2.9,10.0,Free,0.0,Everyone,Productivity,"January 13, 2018",3.1,4.2 and up
BJ's Wholesale Club,SHOPPING,4.2,4099.0,17.0,100000.0,Free,0.0,Everyone,Shopping,"July 27, 2018",2.0.10,4.1 and up
BJ’s Mobile App,SHOPPING,4.0,4722.0,35.0,500000.0,Free,0.0,Everyone,Shopping,"July 9, 2018",3.6.5,4.1 and up
BJ-UFO,FAMILY,3.6,226.0,25.0,50000.0,Free,0.0,Everyone,Casual,"May 10, 2018",2.5_20,4.0 and up
BJ Bridge Free (2018),GAME,3.9,20.0,4.8,10000.0,Free,0.0,Everyone,Card,"May 21, 2018",6.2-lite,4.0 and up
BJ & Jamie,FAMILY,3.9,13.0,17.0,100.0,Free,0.0,Everyone,Entertainment,"July 6, 2015",1.1,2.3.3 and up
The Daily BJ,HEALTH_AND_FITNESS,4.8,38.0,24.0,500.0,Free,0.0,Everyone,Health & Fitness,"July 10, 2018",1.1,5.0 and up
BJ-FPV,FAMILY,4.2,16.0,26.0,1000.0,Free,0.0,Everyone,Casual,"July 31, 2018",2.0.2,4.4 and up
BJ Bridge Acol Beginner 2018,GAME,3.7,11.0,4.8,5000.0,Free,0.0,Everyone,Card,"May 21, 2018",6.2-begina,4.0 and up
BJ Memo Widget,PRODUCTIVITY,4.0,616.0,0.1708984375,50000.0,Free,0.0,Everyone,Productivity,"September 22, 2014",1.3,3.0 and up
BJ Grand Salon Mobile App,BEAUTY,4.3,1.0,15.0,100.0,Free,0.0,Everyone,Beauty,"June 14, 2018",1.0.7,5.0 and up
BJ Strategy Tester,GAME,4.3,1.0,8.8,100.0,Free,0.0,Everyone,Casino,"May 19, 2015",1.0,2.3 and up
Eating Show - Food BJ,FAMILY,4.4,103.0,36.0,10000.0,Free,0.0,Everyone,Simulation,"October 30, 2017",1.29,4.1 and up
Virtual DJ Sound Mixer,TOOLS,4.2,4010.0,8.7,500000.0,Free,0.0,Everyone,Tools,"May 10, 2017",Varies with device,4.0 and up
Cards Casino:Video Poker & BJ,GAME,4.7,325.0,23.0,10000.0,Free,0.0,Teen,Casino,"May 8, 2015",7.0,2.3.3 and up
BJ-DRONE,FAMILY,4.3,1.0,23.0,100.0,Free,0.0,Everyone,Entertainment,"March 27, 2018",1.0,4.0.3 and up
"Real Casino:Slot,Keno,BJ,Poker",GAME,4.1,341.0,26.0,50000.0,Free,0.0,Teen,Casino,"August 12, 2016",1.18,4.0 and up
BJ - Confidential,COMMUNICATION,4.3,0.0,3.2,10.0,Free,0.0,Teen,Communication,"April 23, 2018",1.7,4.1 and up
Basic Strategy Training BJ 21,GAME,4.3,0.0,23.0,500.0,Free,0.0,Teen,Casino,"March 7, 2016",1.1,2.3 and up
HON. B.J. ACS COLLEGE ALE,FAMILY,5.0,3.0,1.8,100.0,Free,0.0,Mature 17+,Education,"December 26, 2016",3.1,4.3 and up
One Launcher,PERSONALIZATION,4.3,26601.0,5.4,1000000.0,Free,0.0,Everyone,Personalization,"July 16, 2018",26.1.0.20180713,2.3.3 and up
BJ Toys,SHOPPING,4.7,55.0,8.0,500.0,Free,0.0,Everyone,Shopping,"April 11, 2018",1.0.3,4.0.3 and up
Alumni BJ,SOCIAL,4.3,2.0,5.4,100.0,Free,0.0,Everyone,Social,"November 8, 2017",1.0,4.1 and up
BJ card game blackjack,GAME,4.3,3.0,21.0,500.0,Free,0.0,Teen,Card,"December 2, 2016",1.0,2.3 and up
BMH-BJ Congregation,LIFESTYLE,4.3,0.0,5.1,10.0,Free,0.0,Everyone,Lifestyle,"June 29, 2018",1.22,4.0.3 and up
BJ's Community SoundBoard,FAMILY,4.3,0.0,13.0,5.0,Free,0.0,Teen,Entertainment,"February 11, 2018",Varies with device,Varies with device
BJ TIKET,BUSINESS,4.3,3.0,3.4,10.0,Free,0.0,Everyone,Business,"February 9, 2018",8.0,4.0.3 and up
BJ Foods,BUSINESS,5.0,3.0,1.5,10.0,Free,0.0,Everyone,Business,"February 7, 2018",2.7,4.1 and up
Blackjack,GAME,4.3,52199.0,13.0,1000000.0,Free,0.0,Teen,Casino,"May 18, 2017",1.2.4.69,2.3 and up
3D DJ – DJ Mixer 2018,FAMILY,4.3,6333.0,30.0,1000000.0,Free,0.0,Everyone,Entertainment,"May 25, 2018",1.1.12,5.0 and up
BJ Adams,BUSINESS,4.3,1.0,26.0,5.0,Free,0.0,Everyone,Business,"November 16, 2016",2.0.0,4.0.3 and up
Spider grinder in screen funny,FAMILY,4.1,956.0,10.0,100000.0,Free,0.0,Teen,Entertainment,"May 17, 2016",1.1,2.2 and up
BJJ Roadmap by Stephan Kesting,SPORTS,4.6,969.0,3.6,10000.0,Free,0.0,Everyone,Sports,"August 21, 2014",1.0,4.0 and up
KISW 99.9 FM SEATTLE,FAMILY,4.0,1469.0,5.2,100000.0,Free,0.0,Everyone,Entertainment,"January 29, 2018",2.1.10,2.3.3 and up
BlackJack -21 Casino Card Game,GAME,4.7,2066.0,25.0,100000.0,Free,0.0,Teen,Casino,"March 14, 2018",1.3,4.0.3 and up
Metal Detector Pro 2015,TOOLS,3.6,1166.0,0.341796875,100000.0,Free,0.0,Everyone,Tools,"March 30, 2015",1.1,4.0 and up
BlackJack 21 Pro,GAME,4.5,26744.0,51.0,500000.0,Free,0.0,Teen,Casino,"July 27, 2018",7.4.0,4.0.3 and up
24 megapixel hd camera,PHOTOGRAPHY,4.0,802.0,5.1,100000.0,Free,0.0,Everyone,Photography,"May 3, 2017",1.1,2.3 and up
Ultimate BlackJack 3D FREE,GAME,4.1,1686.0,4.6,100000.0,Free,0.0,Teen,Casino,"April 20, 2015",3.1.0,2.3 and up
BK Chat,COMMUNICATION,4.3,6.0,31.0,1000.0,Free,0.0,Teen,Communication,"July 30, 2018",2.1,4.1 and up
BURGER KING® Puerto Rico,FOOD_AND_DRINK,4.5,2448.0,19.0,100000.0,Free,0.0,Everyone,Food & Drink,"September 1, 2017",5.4,4.0.3 and up
BK Manager,NEWS_AND_MAGAZINES,4.3,19.0,17.0,5000.0,Free,0.0,Everyone,News & Magazines,"December 19, 2017",1.0.2,4.4 and up
BK Murli Offline April 2017,LIFESTYLE,4.8,33.0,2.4,5000.0,Free,0.0,Everyone,Lifestyle,"May 3, 2017",1.0,4.0.3 and up
Read it easy for BK,LIFESTYLE,5.0,1.0,3.2,50.0,Free,0.0,Everyone,Lifestyle,"July 15, 2018",1.2,4.1 and up
BK Video Status,FAMILY,5.0,13.0,2.1,100.0,Free,0.0,Everyone,Entertainment,"July 7, 2018",2.3,4.4 and up
bk Group Mobile,BUSINESS,4.3,1.0,30.0,50.0,Free,0.0,Everyone,Business,"February 26, 2018",2.0,4.4W and up
BK Formula Calculator 2,TOOLS,4.3,4.0,12.0,100.0,Free,0.0,Everyone,Tools,"August 7, 2016",0.0.1,4.2 and up
Service Disabler,TOOLS,4.3,534.0,3.0,100000.0,Free,0.0,Everyone,Tools,"June 23, 2018",1.0.6,4.0 and up
BK Photography,PHOTOGRAPHY,4.3,20.0,4.8,1000.0,Free,0.0,Everyone,Photography,"January 6, 2017",0.1,2.3 and up
Keyboard Theme Dusk BK Purple,PERSONALIZATION,4.5,248.0,2.8,10000.0,Free,0.0,Mature 17+,Personalization,"May 23, 2016",9.0,4.0.3 and up
Coupons for Burger King,FOOD_AND_DRINK,4.5,41.0,4.0,500.0,Free,0.0,Teen,Food & Drink,"July 17, 2018",1.0,5.0 and up
BK Formula Calculator,TOOLS,5.0,6.0,11.0,100.0,Free,0.0,Everyone,Tools,"August 8, 2015",0.1.1,4.2 and up
Korean English Translator,FAMILY,4.4,634.0,1.8,100000.0,Free,0.0,Everyone,Education,"September 5, 2017",1.6,2.3 and up
Dr Bk Sachin bhai,LIFESTYLE,5.0,19.0,3.1,1000.0,Free,0.0,Everyone,Lifestyle,"December 7, 2017",2.2,4.1 and up
Audio Murli Glossary For BK,FAMILY,4.7,39.0,20.0,1000.0,Free,0.0,Everyone,Education,"January 25, 2016",1.1,4.0.3 and up
SKIN BK,PRODUCTIVITY,4.3,0.0,33.0,10.0,Free,0.0,Everyone,Productivity,"June 25, 2018",1.1.2,4.4W and up
BK Traffic Control cum Chart,SOCIAL,4.7,549.0,17.0,10000.0,Free,0.0,Teen,Social,"June 29, 2016",3.0.1,3.0 and up
Daily Murli Saar Widget,SOCIAL,4.6,308.0,0.443359375,10000.0,Free,0.0,Everyone,Social,"June 10, 2015",1.0,3.0 and up
BK Suraj bhai,LIFESTYLE,4.6,9.0,3.1,1000.0,Free,0.0,Everyone,Lifestyle,"December 8, 2017",2.2,4.1 and up
BK Shivani Videos,LIFESTYLE,4.7,29.0,3.2,1000.0,Free,0.0,Everyone,Lifestyle,"July 25, 2018",1.3,4.0.3 and up
BK News Channel,VIDEO_PLAYERS,4.6,277.0,6.8,10000.0,Free,0.0,Everyone,Video Players & Editors,"July 16, 2016",1.01,2.3 and up
Make a burger king,FAMILY,3.8,125.0,17.0,10000.0,Free,0.0,Everyone,Casual,"February 21, 2017",v1.3,4.0 and up
King Burger Dash,FAMILY,3.6,445.0,12.0,50000.0,Free,0.0,Everyone,Casual,"March 22, 2015",1.3,2.2 and up
Official Madhuban Murli,LIFESTYLE,4.9,301.0,25.0,10000.0,Free,0.0,Everyone,Lifestyle,"July 21, 2018",1.1.2,4.4 and up
Baba Yaad Hai?(BK's),FAMILY,4.8,160.0,13.0,10000.0,Free,0.0,Everyone,Entertainment,"March 5, 2017",1.3,2.3 and up
Burger King Foot Lettuce,FAMILY,4.4,150.0,5.9,10000.0,Free,0.0,Everyone,Entertainment,"June 11, 2018",1.07,4.0 and up
BK Arogyam Task Track,BUSINESS,5.0,8.0,3.7,100.0,Free,0.0,Everyone,Business,"June 5, 2018",1.1.1,4.1 and up
BK murli today (Mobile Murli) - Gyan,FAMILY,4.8,100.0,4.5,5000.0,Free,0.0,Everyone,Education,"August 5, 2018",2.0,4.4 and up
Capital Bk Mobile Business Dep,FINANCE,4.3,1.0,4.1,100.0,Free,0.0,Everyone,Finance,"February 3, 2016",1.4.8,4.1 and up
BK Travel Solutions,EVENTS,4.3,1.0,11.0,100.0,Free,0.0,Everyone,Events,"June 14, 2018",1.3.0,4.1 and up
BK Murli Dictionary (H to E),FAMILY,4.6,106.0,3.9,10000.0,Free,0.0,Everyone,Education,"November 19, 2016",1.1,2.2 and up
Bk Usha behn,LIFESTYLE,5.0,10.0,3.0,1000.0,Free,0.0,Everyone,Lifestyle,"January 14, 2018",1.0,4.1 and up
BkEmu - BK-0010/11M emulator,FAMILY,4.6,222.0,1.4,10000.0,Free,0.0,Everyone,Entertainment,"February 7, 2016",0.4.0,2.1 and up
BK Gold App,FINANCE,5.0,4.0,11.0,50.0,Free,0.0,Everyone,Finance,"May 25, 2018",1.0.0,4.4 and up
Of the wall Arapaho bk,COMMUNICATION,4.3,0.0,12.0,5.0,Free,0.0,Everyone,Communication,"August 18, 2017",1.0,4.1 and up
Burger King Italia,LIFESTYLE,4.0,4160.0,30.0,500000.0,Free,0.0,Everyone,Lifestyle,"July 6, 2018",2.3.6,4.0.3 and up
Red Embrace (BL/Yaoi Game),FAMILY,4.3,616.0,25.0,10000.0,Free,0.0,Teen,Casual,"June 12, 2018",4.5.5,2.3.3 and up
Blood Domination - BL Game,GAME,4.5,415.0,52.0,10000.0,Free,0.0,Mature 17+,Adventure,"July 6, 2018",1.0.1,4.1 and up
Yaoi Ooku: Distorted Love,FAMILY,4.0,2614.0,6.3,100000.0,Free,0.0,Mature 17+,Simulation,"April 14, 2015",1.0.8,2.2 and up
Cerulean Heart,FAMILY,4.6,2683.0,25.0,10000.0,Free,0.0,Mature 17+,Simulation,"June 15, 2018",1.3.1,4.0 and up
WebComics,COMICS,4.8,33783.0,6.4,1000000.0,Free,0.0,Teen,Comics,"July 28, 2018",1.3.34,4.1 and up
BL Driver,MAPS_AND_NAVIGATION,3.9,230.0,12.0,10000.0,Free,0.0,Everyone,Maps & Navigation,"July 13, 2018",2.12.1,4.1 and up
Gaydorado,FAMILY,3.9,8419.0,47.0,100000.0,Free,0.0,Teen,Role Playing,"August 1, 2018",0.0.42,4.0.3 and up
TappyToon Comics & Webtoons,COMICS,3.5,4205.0,10.0,100000.0,Free,0.0,Teen,Comics,"July 13, 2018",1.77,4.0.3 and up
SecondSecret ‐「恋を読む」BLノベルゲーム‐,GAME,4.4,1563.0,40.0,50000.0,Free,0.0,Teen,Adventure,"June 29, 2017",1.3.6,4.0 and up
Lust in Terror Manor - The Truth Unveiled | Otome,GAME,4.1,355.0,53.0,10000.0,Free,0.0,Teen,Adventure,"July 10, 2018",1.0.6,4.1 and up
BL 女性向け恋愛ゲーム◆ごくメン,FAMILY,4.2,1901.0,8.2,100000.0,Free,0.0,Mature 17+,Simulation,"July 7, 2016",1.3.0,2.3.3 and up
あなカレ【BL】無料ゲーム,FAMILY,4.7,6073.0,8.5,100000.0,Free,0.0,Mature 17+,Simulation,"February 25, 2018",4.2.2,2.3 and up
K-Rain BL,TOOLS,4.0,9.0,33.0,1000.0,Free,0.0,Everyone,Tools,"May 28, 2018",3.0.1,4.0 and up
감성학원 BL 첫사랑,COMICS,4.4,190.0,34.0,10000.0,Free,0.0,Everyone,Comics,"November 17, 2017",3.2.1,3.0 and up
Chess of Blades (Demo),FAMILY,4.2,45.0,23.0,1000.0,Free,0.0,Teen,Casual,"January 25, 2018",1.5,2.3.3 and up
BL Flowers Digital,SHOPPING,5.0,21.0,2.5,100.0,Free,0.0,Everyone,Shopping,"October 31, 2017",1.6,4.2 and up
BL 1-Click Camera - Free,PHOTOGRAPHY,3.5,52.0,1.8,10000.0,Free,0.0,Everyone,Photography,"August 18, 2016",2.0.160818,2.3 and up
Manga Books,COMICS,3.8,7326.0,13.0,500000.0,Free,0.0,Adults only 18+,Comics,"August 3, 2018",Varies with device,Varies with device
OTOME of Ikemen cafe,FAMILY,4.5,1318.0,24.0,50000.0,Free,0.0,Teen,Simulation,"March 5, 2018",1.0.21,4.1 and up
BL info,TRAVEL_AND_LOCAL,4.1,98.0,2.0,5000.0,Free,0.0,Everyone,Travel & Local,"July 17, 2018",2.0,4.3 and up
BL Carrier,BUSINESS,4.3,0.0,11.0,10.0,Free,0.0,Everyone,Business,"July 27, 2018",5.0,4.0.3 and up
Skill Tree - BL Pre Sequel,FAMILY,4.3,855.0,7.0,10000.0,Free,0.0,Teen,Entertainment,"February 22, 2016",5.0,2.3.3 and up
BL Portfolio,PHOTOGRAPHY,4.3,4.0,16.0,100.0,Free,0.0,Everyone,Photography,"June 13, 2017",1.2,4.1 and up
Skywatch BL,WEATHER,4.3,15.0,10.0,1000.0,Free,0.0,Everyone,Weather,"February 20, 2017",1.1.6,4.4 and up
B-L Animal Hospital,MEDICAL,4.3,1.0,28.0,100.0,Free,0.0,Everyone,Medical,"June 8, 2017",300000.0.84,4.0.3 and up
BL Banking DES,FINANCE,4.3,3.0,5.5,100.0,Free,0.0,Everyone,Finance,"July 18, 2018",2.3,4.0 and up
BL ONLINE PERSONAL TRAINING,HEALTH_AND_FITNESS,4.3,0.0,41.0,5.0,Free,0.0,Everyone,Health & Fitness,"August 29, 2017",BL ONLINE PERSONAL TRAINING 7.9.0,4.1 and up
BL Community Icon Pack,PERSONALIZATION,4.0,289.0,2.7,10000.0,Free,0.0,Everyone,Personalization,"May 6, 2013",1.01,2.1 and up
BL Taxi,MAPS_AND_NAVIGATION,4.9,124.0,3.4,1000.0,Free,0.0,Everyone,Maps & Navigation,"March 26, 2018",Varies with device,Varies with device
BL!TZ - Endless,GAME,4.7,21.0,9.0,100.0,Free,0.0,Everyone,Arcade,"June 30, 2017",10.05,4.0.3 and up
AC-BL,COMMUNICATION,4.3,0.0,4.3,50.0,Free,0.0,Everyone,Communication,"April 20, 2018",1.7,2.1 and up
BL-ED: From BLUE to RED,GAME,4.3,3.0,2.9,10.0,Free,0.0,Everyone,Arcade,"April 24, 2016",1.6.5,4.4W and up
B L Enterprises,FINANCE,4.3,2.0,6.9,10.0,Free,0.0,Everyone,Finance,"May 11, 2018",1.8,4.0.3 and up
BL Kennedy Theme,PERSONALIZATION,4.2,279.0,1.1,10000.0,Free,0.0,Everyone,Personalization,"May 6, 2013",1.0.2,2.1 and up
Teen Patti by BL Games,GAME,4.1,496.0,39.0,100000.0,Free,0.0,Teen,Card,"January 31, 2017",1.3.0,2.3.3 and up
BeyondMenu Food Delivery,FOOD_AND_DRINK,4.7,51543.0,13.0,1000000.0,Free,0.0,Everyone,Food & Drink,"August 1, 2018",Varies with device,Varies with device
B.M.Snowboard Free,SPORTS,3.9,9765.0,14.0,1000000.0,Free,0.0,Everyone,Sports,"May 1, 2017",1.38.1,2.3 and up
BM Wallet,FINANCE,4.2,798.0,29.0,50000.0,Free,0.0,Everyone,Finance,"January 3, 2018",1.0.46,4.0 and up
BM Online OEC Verification,TOOLS,4.1,783.0,4.2,100000.0,Free,0.0,Everyone,Tools,"August 5, 2016",1.0.1,4.0.3 and up
Business Mitra (BM),BUSINESS,4.9,13.0,5.3,100.0,Free,0.0,Everyone,Business,"July 12, 2018",1.11.1prod,4.0.3 and up
Bm,FAMILY,4.3,1.0,1.7,100.0,Free,0.0,Everyone,Puzzle,"September 21, 2016",1.0,4.0.3 and up
bm Wallet,FINANCE,3.5,196.0,27.0,10000.0,Free,0.0,Everyone,Finance,"August 20, 2017",1.8,4.1 and up
Myjob@BM,SOCIAL,4.3,1.0,13.0,100.0,Free,0.0,Teen,Social,"June 13, 2018",1.16.21,4.1 and up
"Borneo Bible, BM Bible",BOOKS_AND_REFERENCE,4.9,659.0,5.0,10000.0,Free,0.0,Everyone,Books & Reference,"August 28, 2017",4.4.5,4.0 and up
MOD Black for BM,BOOKS_AND_REFERENCE,4.3,2.0,7.8,100.0,Free,0.0,Everyone,Books & Reference,"July 31, 2017",1.0,4.0 and up
Basket Manager 2017 Free,SPORTS,4.5,2710.0,4.8,100000.0,Free,0.0,Everyone,Sports,"November 27, 2017",4.0,4.1 and up
BM Box,BOOKS_AND_REFERENCE,4.3,28.0,13.0,1000.0,Free,0.0,Everyone,Books & Reference,"October 20, 2016",Varies with device,Varies with device
BM SPM Practice,FAMILY,5.0,6.0,9.2,1000.0,Free,0.0,Everyone,Education,"January 24, 2018",1.0,4.1 and up
BM FlexCheck,AUTO_AND_VEHICLES,3.5,2.0,34.0,100.0,Free,0.0,Everyone,Auto & Vehicles,"June 8, 2018",1.10.1,5.0 and up
TuenMun BM,TOOLS,4.3,6.0,47.0,1000.0,Free,0.0,Everyone,Tools,"May 17, 2017",1.2,4.0.3 and up
bm-Events,SOCIAL,4.3,0.0,8.1,10.0,Free,0.0,Teen,Social,"November 1, 2016",1.1.1,4.4 and up
Poop Tracker - Toilet Log,HEALTH_AND_FITNESS,4.4,622.0,2.5,10000.0,Free,0.0,Everyone,Health & Fitness,"May 9, 2018",1.3.3,4.4 and up
B&M Stores,SHOPPING,3.7,192.0,36.0,100000.0,Free,0.0,Everyone,Shopping,"August 3, 2018",0.8.129,4.1 and up
BM CRM,SHOPPING,4.3,0.0,10.0,5.0,Free,0.0,Everyone,Shopping,"October 31, 2017",1.0,4.1 and up
Mobilight-BM,FINANCE,4.8,6.0,6.2,500.0,Free,0.0,Everyone,Finance,"August 3, 2018",2.0.10,4.0.3 and up
iFORA BM,MEDICAL,4.3,3.0,10.0,100.0,Free,0.0,Everyone,Medical,"April 9, 2018",1.0.8,4.3 and up
Basket Manager 2016 Free,SPORTS,4.3,1879.0,4.4,100000.0,Free,0.0,Everyone,Sports,"February 9, 2017",2.9,4.1 and up
BM Pharmacy,HEALTH_AND_FITNESS,4.9,42.0,18.0,1000.0,Free,0.0,Everyone,Health & Fitness,"June 11, 2018",1.5.12,4.1 and up
postit.bm,SHOPPING,4.3,1.0,16.0,500.0,Free,0.0,Everyone,Shopping,"March 14, 2018",2.53,4.1 and up
orderin.bm,FOOD_AND_DRINK,4.3,0.0,13.0,1.0,Free,0.0,Everyone,Food & Drink,"August 1, 2018",Varies with device,Varies with device
BM Assets,FINANCE,4.3,6.0,9.9,500.0,Free,0.0,Everyone,Finance,"October 25, 2016",1.1,2.3.3 and up
BM Interventi,PRODUCTIVITY,4.3,2.0,22.0,10.0,Free,0.0,Everyone,Productivity,"May 4, 2018",1.4.0,4.3 and up
BM Tahmin: Ücretsiz İddaa Tahminleri,SPORTS,4.3,7.0,1.9,500.0,Free,0.0,Everyone,Sports,"December 11, 2017",1.3,4.0.3 and up
RIV-BM FPV,FAMILY,4.3,0.0,26.0,10.0,Free,0.0,Everyone,Entertainment,"August 12, 2017",1.0.1,2.2 and up
BM Physiotherapy Clinic,HEALTH_AND_FITNESS,5.0,3.0,9.3,100.0,Free,0.0,Everyone,Health & Fitness,"October 9, 2017",0.0.1,4.1 and up
BBMoji - Your personalized BBM Stickers,COMMUNICATION,4.3,8827.0,13.0,1000000.0,Free,0.0,Everyone,Communication,"May 22, 2018",1.0.2,4.0.3 and up
Dormi - Baby Monitor,PARENTING,4.3,11760.0,13.0,1000000.0,Free,0.0,Everyone,Parenting,"June 22, 2018",Varies with device,Varies with device
På sporet ABC (BM),FAMILY,4.3,2.0,28.0,1000.0,Free,0.0,Everyone,Educational,"December 21, 2016",v1.2,4.0 and up
BAMMS for BM 1Park,PRODUCTIVITY,4.3,7.0,10.0,50.0,Free,0.0,Everyone,Productivity,"July 19, 2018",1.3.2,4.1 and up
Bet Master Pro Soccer Predictions,SPORTS,4.4,328.0,11.0,10000.0,Free,0.0,Everyone,Sports,"July 31, 2018",2.0.5,4.4 and up
Anime Mod for BM,BOOKS_AND_REFERENCE,4.3,0.0,8.0,100.0,Free,0.0,Everyone,Books & Reference,"July 28, 2017",1.0,4.0 and up
BAMMS for BM SQ,PRODUCTIVITY,4.0,2.0,10.0,10.0,Free,0.0,Everyone,Productivity,"July 24, 2018",1.3.3,4.1 and up
BM speed test,TOOLS,5.0,1.0,3.7,10.0,Free,0.0,Everyone,Tools,"July 13, 2018",2.0,4.4 and up
Word Hunt,GAME,4.9,59.0,21.0,500.0,Free,0.0,Everyone,Word,"June 22, 2018",1.0,4.4 and up
BN Más Cerca de Usted,FINANCE,3.9,8185.0,45.0,500000.0,Free,0.0,Everyone,Finance,"July 6, 2018",5.1,4.4 and up
Radio BN,FAMILY,4.3,53.0,4.2,5000.0,Free,0.0,Everyone,Entertainment,"January 12, 2018",1.0.3,4.4 and up
NOOK Audiobooks,BOOKS_AND_REFERENCE,3.5,2539.0,8.6,500000.0,Free,0.0,Everyone,Books & Reference,"July 26, 2018",v1.1.6,4.1 and up
BN PERKS™,LIFESTYLE,4.3,0.0,15.0,100.0,Free,0.0,Everyone,Lifestyle,"June 2, 2018",2.13,4.0.3 and up
BNCR Token Celular,FINANCE,3.7,913.0,0.068359375,100000.0,Free,0.0,Everyone,Finance,"July 20, 2012",1.0,1.5 and up
BN Pro BlueICS-b HD Text,LIBRARIES_AND_DEMO,4.2,78.0,0.79296875,10000.0,Free,0.0,Everyone,Libraries & Demo,"February 5, 2017",2.3.2,1.6 and up
BN Whitening Shoppe Ph,BEAUTY,4.0,2.0,13.0,100.0,Free,0.0,Everyone,Beauty,"March 6, 2018",1.0.8,4.0.3 and up
BN Pro ArialXL Legacy Text,LIBRARIES_AND_DEMO,4.1,142.0,0.431640625,10000.0,Free,0.0,Everyone,Libraries & Demo,"February 5, 2017",2.3.2,1.6 and up
NOOK App for NOOK Devices,BOOKS_AND_REFERENCE,4.7,19090.0,13.0,500000.0,Free,0.0,Everyone,Books & Reference,"April 25, 2018",Varies with device,Varies with device
BN Pro PercentXL-b Neon HD Txt,LIBRARIES_AND_DEMO,4.0,45.0,0.822265625,5000.0,Free,0.0,Everyone,Libraries & Demo,"February 5, 2017",2.3.2,1.6 and up
BN Pro Play-b HD Text,LIBRARIES_AND_DEMO,4.4,34.0,0.4072265625,1000.0,Free,0.0,Everyone,Libraries & Demo,"February 5, 2017",2.3.2,1.6 and up
BN Pro LcdD Legacy Text,LIBRARIES_AND_DEMO,3.9,71.0,0.40234375,10000.0,Free,0.0,Everyone,Libraries & Demo,"February 5, 2017",2.3.2,1.6 and up
BN Pro RobotoXL-b HD Text,LIBRARIES_AND_DEMO,4.2,86.0,0.4482421875,10000.0,Free,0.0,Everyone,Libraries & Demo,"February 5, 2017",2.3.2,1.6 and up
Browsery by Barnes & Noble,BOOKS_AND_REFERENCE,4.7,146.0,34.0,5000.0,Free,0.0,Everyone,Books & Reference,"April 30, 2018",1.1.3,4.4 and up
BN Pro ArialXL-b HD Text,LIBRARIES_AND_DEMO,4.0,24.0,0.466796875,1000.0,Free,0.0,Everyone,Libraries & Demo,"February 5, 2017",2.3.2,1.6 and up
2017 BN SM Sales Conference,BUSINESS,4.3,2.0,10.0,100.0,Free,0.0,Teen,Business,"September 28, 2017",v2.7.11.6,4.1 and up
BN Inscript Improved Input keyboard,PRODUCTIVITY,4.3,0.0,6.2,10.0,Free,0.0,Everyone,Productivity,"December 7, 2017",1.0,2.3 and up
BN Pro Percent White HD Text,LIBRARIES_AND_DEMO,4.0,45.0,0.3271484375,5000.0,Free,0.0,Everyone,Libraries & Demo,"February 5, 2017",2.3.2,1.6 and up
RTVBN,NEWS_AND_MAGAZINES,3.7,533.0,3.8,50000.0,Free,0.0,Everyone,News & Magazines,"August 5, 2018",4.4,4.0.3 and up
BN Pro White HD Text,LIBRARIES_AND_DEMO,4.1,120.0,0.763671875,10000.0,Free,0.0,Everyone,Libraries & Demo,"February 5, 2017",2.3.2,1.6 and up
BN Pro Roboto-b Neon HD Text,LIBRARIES_AND_DEMO,4.4,30.0,0.7041015625,5000.0,Free,0.0,Everyone,Libraries & Demo,"February 5, 2017",2.3.2,1.6 and up
BN Pro LcdD HD Text,LIBRARIES_AND_DEMO,4.0,50.0,0.419921875,5000.0,Free,0.0,Everyone,Libraries & Demo,"February 5, 2017",2.3.2,1.6 and up
BN Pro LcdD-b HD Text,LIBRARIES_AND_DEMO,3.9,131.0,0.4189453125,10000.0,Free,0.0,Everyone,Libraries & Demo,"February 5, 2017",2.3.2,1.6 and up
BN Pro Solid Battery-White,LIBRARIES_AND_DEMO,3.6,7.0,0.1875,1000.0,Free,0.0,Everyone,Libraries & Demo,"February 5, 2017",2.3.2,1.6 and up
BN Pro Battery Level-White,LIBRARIES_AND_DEMO,4.3,21.0,0.1953125,5000.0,Free,0.0,Everyone,Libraries & Demo,"February 5, 2017",2.3.2,1.6 and up
BN MALLORCA Radio,COMMUNICATION,4.3,23.0,13.0,1000.0,Free,0.0,Everyone,Communication,"November 29, 2017",2.0.14.4,2.3 and up
"Calendars (En, Bn, Ar)",PRODUCTIVITY,4.6,27.0,2.5,1000.0,Free,0.0,Everyone,Productivity,"June 5, 2017",1.2.3,4.0 and up
BN Habitat - Property Experts - Buy | Sell | Rent,BUSINESS,4.3,0.0,8.9,50.0,Free,0.0,Everyone,Business,"October 4, 2017",1.8,4.1 and up
BN Pro Play HD Text,LIBRARIES_AND_DEMO,4.4,63.0,0.4072265625,5000.0,Free,0.0,Everyone,Libraries & Demo,"February 5, 2017",2.3.2,1.6 and up
BN Pro RobotoXL HD Text,LIBRARIES_AND_DEMO,4.3,15.0,0.44921875,1000.0,Free,0.0,Everyone,Libraries & Demo,"February 5, 2017",2.3.2,1.6 and up
BN Pro ArialXL-b Neon HD Text,LIBRARIES_AND_DEMO,4.1,66.0,0.7109375,10000.0,Free,0.0,Everyone,Libraries & Demo,"February 5, 2017",2.3.2,1.6 and up
BN Pro Black Text,LIBRARIES_AND_DEMO,3.8,18.0,0.484375,1000.0,Free,0.0,Everyone,Libraries & Demo,"February 5, 2017",2.3.2,1.6 and up
BN Pro BlueICS HD Text,LIBRARIES_AND_DEMO,4.1,174.0,0.796875,10000.0,Free,0.0,Everyone,Libraries & Demo,"February 5, 2017",2.3.2,1.6 and up
BN Pro Arial Legacy Text,LIBRARIES_AND_DEMO,3.7,83.0,0.404296875,10000.0,Free,0.0,Everyone,Libraries & Demo,"February 5, 2017",2.3.2,1.6 and up
BN Pro Black Text on White,LIBRARIES_AND_DEMO,3.9,53.0,0.326171875,10000.0,Free,0.0,Everyone,Libraries & Demo,"February 5, 2017",2.3.2,1.6 and up
BN Pro White Text,LIBRARIES_AND_DEMO,4.4,50.0,0.494140625,5000.0,Free,0.0,Everyone,Libraries & Demo,"February 5, 2017",2.3.2,1.6 and up
Sam.BN,TOOLS,4.3,83.0,2.0,1000.0,Free,0.0,Everyone,Tools,"March 27, 2015",1.0.0,4.0.3 and up
Bangla Calendar 1425: (EN-BN-AR) Holiday,LIFESTYLE,4.5,31.0,2.3,1000.0,Free,0.0,Everyone,Lifestyle,"April 21, 2018",2.1.0,4.1 and up
BN DB1 App,PRODUCTIVITY,4.3,2.0,34.0,50.0,Free,0.0,Everyone,Productivity,"December 4, 2017",1.2,4.0.3 and up
BN Inscript Improved Keyboard,PRODUCTIVITY,4.3,0.0,7.5,10.0,Free,0.0,Everyone,Productivity,"November 6, 2017",1.0,2.3 and up
Bubble Bo-Bo,FAMILY,4.5,65.0,24.0,10000.0,Free,0.0,Everyone,Casual,"July 5, 2018",6.0,4.0 and up
FX LITE BO,FINANCE,3.6,73.0,14.0,10000.0,Free,0.0,Everyone,Finance,"October 18, 2016",1.5.0,4.1 and up
Casual Sic Bo (骰寶),FAMILY,4.0,3.0,2.2,500.0,Free,0.0,Teen,Casual,"July 22, 2018",1.1.1,5.0 and up
Sic Bo Online! Free Casino,GAME,3.8,488.0,30.0,100000.0,Free,0.0,Teen,Casino,"June 10, 2016",1.3,2.3 and up
Sic Bo Rave,GAME,3.9,164.0,33.0,10000.0,Free,0.0,Teen,Card,"September 23, 2013",1.0.1,2.3.3 and up
Thai Sic Bo,GAME,4.1,14283.0,4.2,1000000.0,Free,0.0,Teen,Casino,"October 1, 2017",1.1.2,4.0 and up
Wishbone - Compare Anything,SOCIAL,4.3,51569.0,26.0,1000000.0,Free,0.0,Teen,Social,"July 30, 2018",5.4.7,4.1 and up
Bee.Bo,LIFESTYLE,4.3,11.0,23.0,1000.0,Free,0.0,Everyone,Lifestyle,"April 13, 2017",1.2.9,4.1 and up
Sic Bo (Tai Xiu) - Multiplayer Casino,GAME,4.2,152.0,16.0,10000.0,Free,0.0,Teen,Casino,"July 8, 2018",2.1.2,4.1 and up
Bo Aung Din,EVENTS,4.1,110.0,2.6,5000.0,Free,0.0,Teen,Events,"June 5, 2018",Version 1.3.1,4.0.3 and up
Go-Go-Goat! Free Game,FAMILY,4.5,66740.0,23.0,1000000.0,Free,0.0,Everyone,Arcade;Action & Adventure,"July 8, 2016",2.4.4,2.3 and up
BP and Sugar Test Prank,LIFESTYLE,4.0,7808.0,5.0,1000000.0,Free,0.0,Everyone,Lifestyle,"November 5, 2015",1.2.1,2.2 and up
Blood Pressure Log - MyDiary,MEDICAL,4.7,8347.0,2.6,500000.0,Free,0.0,Everyone,Medical,"April 13, 2018",1.4.6,4.0 and up
MbH BP,MEDICAL,3.7,9.0,23.0,1000.0,Free,0.0,Everyone,Medical,"October 3, 2017",1.1.3,2.3.3 and up
Cardio Journal — Blood Pressure Log,MEDICAL,4.5,3320.0,8.3,100000.0,Free,0.0,Everyone,Medical,"February 12, 2018",3.1.1,4.1 and up
MedM Blood Pressure,MEDICAL,4.0,255.0,16.0,10000.0,Free,0.0,Everyone,Medical,"May 25, 2018",2.5.80,4.2 and up
"Diabetes, Blood Pressure, Health Tracker App",MEDICAL,4.5,309.0,5.9,10000.0,Free,0.0,Everyone,Medical,"March 15, 2017",2.21,4.4 and up
Blood Pressure(BP) Report Lite,MEDICAL,4.0,91.0,0.3271484375,10000.0,Free,0.0,Everyone,Medical,"February 8, 2012",1.6,2.1 and up
bp e-store,BOOKS_AND_REFERENCE,4.4,52.0,2.2,1000.0,Free,0.0,Everyone,Books & Reference,"January 15, 2016",2.0.7,4.0 and up
BP Tracker,HEALTH_AND_FITNESS,4.3,12.0,0.5986328125,1000.0,Free,0.0,Everyone,Health & Fitness,"February 20, 2016",1.0.0,5.0 and up
BP Log lite,LIFESTYLE,5.0,3.0,1.5,100.0,Free,0.0,Everyone,Lifestyle,"November 15, 2014",1.1,2.2 and up
MI-BP,HEALTH_AND_FITNESS,5.0,1.0,12.0,50.0,Free,0.0,Everyone,Health & Fitness,"April 9, 2018",1.0.8.506,5.0 and up
BP Service,BUSINESS,4.3,0.0,26.0,100.0,Free,0.0,Everyone,Business,"January 17, 2018",Rocksteady 1.3,4.1 and up
Blood Pressure Log - bpresso.com,MEDICAL,4.2,5661.0,13.0,500000.0,Free,0.0,Everyone,Medical,"April 19, 2017",Varies with device,Varies with device
Blood Pressure Diary,FAMILY,4.6,47.0,3.3,5000.0,Free,0.0,Everyone,Simulation,"August 1, 2018",1.1,4.0.3 and up
High Blood Pressure,MEDICAL,3.8,4.0,2.9,1000.0,Free,0.0,Everyone,Medical,"June 1, 2016",1.0,3.0 and up
Simple Blood Pressure log,MEDICAL,3.9,31.0,10.0,1000.0,Free,0.0,Everyone,Medical,"January 15, 2016",1.0.1,4.4 and up
BP Tracker-Symptoms & Solution,MEDICAL,4.2,34.0,3.2,1000.0,Free,0.0,Everyone,Medical,"October 12, 2016",1.2016,3.0 and up
Compas BP Store,SHOPPING,4.3,0.0,2.5,10.0,Free,0.0,Everyone,Shopping,"December 21, 2017",1.0.3,4.4 and up
Blood Pressure Tracker,MEDICAL,4.0,11.0,1.8,1000.0,Free,0.0,Everyone,Medical,"November 8, 2017",1.1.1,4.0 and up
Hypertension Hi blood pressure,MEDICAL,3.8,292.0,2.7,100000.0,Free,0.0,Everyone,Medical,"April 16, 2018",43.0,4.0.3 and up
BP Scanner Prank,FAMILY,4.1,157.0,7.0,50000.0,Free,0.0,Everyone,Entertainment,"September 20, 2016",1.2,4.0.3 and up
Deep Breathe BP,HEALTH_AND_FITNESS,3.9,26.0,12.0,1000.0,Free,0.0,Everyone,Health & Fitness,"June 9, 2018",1.0,4.1 and up
Blood Pressure - Heartcare,MEDICAL,4.2,70.0,1.9,10000.0,Free,0.0,Everyone,Medical,"May 27, 2016",2.46 Saber,4.4 and up
BP Assist,TOOLS,4.3,0.0,9.4,100.0,Free,0.0,Everyone,Tools,"July 3, 2018",4.4.14.4487,4.0.3 and up
High Blood Pressure Symptoms,MEDICAL,4.3,46.0,2.0,10000.0,Free,0.0,Everyone,Medical,"April 5, 2017",1.0.2,4.0.3 and up
BQ Camera,PHOTOGRAPHY,3.6,2526.0,13.0,1000000.0,Free,0.0,Everyone,Photography,"July 2, 2018",Varies with device,Varies with device
BQ Services,TOOLS,3.7,5004.0,2.5,1000000.0,Free,0.0,Everyone,Tools,"July 9, 2018",8.3.6-e04ac87,Varies with device
BQ-መጽሐፍ ቅዱሳዊ ጥያቄዎች,GAME,4.7,191.0,7.2,5000.0,Free,0.0,Everyone,Trivia,"July 31, 2018",4.1.2,4.1 and up
"Brilliant Quotes: Life, Love, Family & Motivation",BOOKS_AND_REFERENCE,4.5,67186.0,6.3,1000000.0,Free,0.0,Everyone 10+,Books & Reference,"May 18, 2018",4.4.10,2.3.3 and up
BQ Scan,TOOLS,4.6,18.0,4.0,100.0,Free,0.0,Everyone,Tools,"April 1, 2018",3.4.5,4.0 and up
Add-On: bq (a),PRODUCTIVITY,3.6,26.0,1.2,5000.0,Free,0.0,Everyone,Productivity,"May 19, 2015",10.0.3086,4.0 and up
BQ Partners,COMMUNICATION,4.3,0.0,13.0,1000.0,Free,0.0,Everyone,Communication,"July 27, 2018",Varies with device,Varies with device
gardening ideas flower diy,HOUSE_AND_HOME,4.3,0.0,5.6,100.0,Free,0.0,Everyone,House & Home,"May 29, 2017",1.0,2.3 and up
Software Update,TOOLS,4.4,8259.0,3.5,1000000.0,Free,0.0,Everyone,Tools,"July 18, 2018",13.3,4.0 and up
RoboPad,FAMILY,4.6,41.0,9.2,1000.0,Free,0.0,Everyone,Education,"July 7, 2017",5.1,2.3 and up
Add-On: bq (c),PRODUCTIVITY,4.3,17.0,1.2,1000.0,Free,0.0,Everyone,Productivity,"May 19, 2015",10.0.3086,4.0 and up
BQ Llicència,SPORTS,4.3,18.0,13.0,5000.0,Free,0.0,Everyone,Sports,"January 30, 2016",Varies with device,4.0 and up
Wherever BQ,TRAVEL_AND_LOCAL,4.3,7.0,18.0,50.0,Free,0.0,Teen,Travel & Local,"September 5, 2017",5.63.0,4.0.3 and up
Add-On: bq (b),PRODUCTIVITY,4.3,9.0,1.2,1000.0,Free,0.0,Everyone,Productivity,"May 19, 2015",10.0.3086,4.0 and up
bq magazine,NEWS_AND_MAGAZINES,4.3,2.0,8.8,50.0,Free,0.0,Everyone,News & Magazines,"July 19, 2018",7.2.2,4.1 and up
Bill Miller Bar-B-Q Store Ops,BUSINESS,4.3,0.0,2.5,100.0,Free,0.0,Everyone,Business,"June 19, 2018",1.3,4.4 and up
Bar-B-Q Rib House,FOOD_AND_DRINK,5.0,2.0,33.0,50.0,Free,0.0,Everyone,Food & Drink,"March 8, 2018",0.8,2.3.3 and up
Gold Wallpapers,PERSONALIZATION,4.5,43.0,28.0,10000.0,Free,0.0,Everyone,Personalization,"March 26, 2018",1.1,4.0 and up
[Substratum] M5 Theme,PERSONALIZATION,4.4,16.0,6.7,5000.0,Free,0.0,Everyone,Personalization,"March 10, 2018",1.3.4,7.0 and up
Zowi App,FAMILY,4.5,516.0,21.0,50000.0,Free,0.0,Everyone,Education;Education,"December 21, 2016",1.4.1,4.0.3 and up
Bar-B-Q Recipes,FOOD_AND_DRINK,4.8,18.0,3.5,5000.0,Free,0.0,Everyone,Food & Drink,"August 15, 2016",1.0,4.0 and up
System Update Free,TOOLS,4.3,3068.0,6.0,100000.0,Free,0.0,Everyone,Tools,"July 20, 2018",11.1,4.0 and up
Bar BQ Tonight Dublin,LIFESTYLE,4.3,0.0,22.0,50.0,Free,0.0,Everyone,Lifestyle,"May 20, 2018",1.1.9371,4.0.3 and up
Woody's Bar-B-Q,FOOD_AND_DRINK,3.7,3.0,27.0,1000.0,Free,0.0,Everyone,Food & Drink,"March 5, 2018",1.01.03,4.1 and up
Launcher Oreo 8.1,PERSONALIZATION,4.5,13466.0,3.4,500000.0,Free,0.0,Everyone,Personalization,"June 19, 2018",1.9,5.0 and up
Theme for Android 7.0,PERSONALIZATION,4.3,0.0,13.0,5000.0,Free,0.0,Everyone,Personalization,"October 18, 2017",Varies with device,Varies with device
Free antivirus and VPN,TOOLS,4.3,27749.0,16.0,1000000.0,Free,0.0,Everyone,Tools,"July 19, 2018",3.3.6,4.0.3 and up
Jimbo's Pit Bar B-Q,FOOD_AND_DRINK,4.3,3.0,12.0,100.0,Free,0.0,Everyone,Food & Drink,"November 28, 2016",2.6.003,4.0 and up
RoboPad++,FAMILY,4.4,77.0,10.0,10000.0,Free,0.0,Everyone,Education,"July 7, 2017",1.6,2.3 and up
Simple Gallery,TOOLS,4.5,28030.0,9.0,1000000.0,Free,0.0,Everyone,Tools,"August 2, 2018",4.4.4,4.1 and up
Miller's Bar B-Q,FOOD_AND_DRINK,4.3,0.0,12.0,50.0,Free,0.0,Everyone,Food & Drink,"November 30, 2016",2.6.003,4.0 and up
BAR-B-Q Recipes,FOOD_AND_DRINK,4.3,0.0,3.6,100.0,Free,0.0,Everyone,Food & Drink,"January 30, 2018",1.0,4.0 and up
Bar BQ Night Middlesbrough,SHOPPING,4.3,0.0,19.0,100.0,Free,0.0,Teen,Shopping,"July 2, 2018",5.13.1,4.1 and up
BQ Wings,FOOD_AND_DRINK,4.3,1.0,13.0,50.0,Free,0.0,Everyone,Food & Drink,"July 17, 2018",2.7.0,4.1 and up
Bible Quizzer - The App for Bible Quizzers,FAMILY,4.3,0.0,33.0,100.0,Free,0.0,Everyone,Education,"August 2, 2018",30.0,4.2 and up
Texas Bar-B-Q Rewards,FOOD_AND_DRINK,4.3,0.0,14.0,5.0,Free,0.0,Everyone,Food & Drink,"March 28, 2018",2.0.24,4.1 and up
4-T's Bar-BQ & Catering,SHOPPING,4.3,0.0,0.2373046875,10.0,Free,0.0,Everyone,Shopping,"January 16, 2017",1.0.1,4.1 and up
"Zetup, print in one click",TOOLS,4.3,40.0,24.0,1000.0,Free,0.0,Everyone,Tools,"January 26, 2018",1.11.6,5.0 and up
Baskin-Robbins,FOOD_AND_DRINK,3.8,1103.0,6.6,100000.0,Free,0.0,Everyone,Food & Drink,"June 8, 2018",1.4.0-2,4.1 and up
Bleacher Report Live,SPORTS,4.0,232.0,32.0,50000.0,Free,0.0,Everyone,Sports,"August 1, 2018",2.1.2,5.0 and up
BR Video Player,VIDEO_PLAYERS,4.0,46.0,3.1,5000.0,Free,0.0,Everyone,Video Players & Editors,"April 20, 2015",1.0.6,3.0 and up
Br. Parking - Busy road Parking 3D 2018,FAMILY,4.5,41.0,30.0,5000.0,Free,0.0,Everyone,Simulation,"January 13, 2018",1.01,4.1 and up
Br video editing,FAMILY,4.3,1.0,34.0,100.0,Free,0.0,Everyone,Entertainment,"September 1, 2017",1.0,4.1 and up
B R Telco FCU Mobile Banking,FINANCE,4.7,413.0,13.0,10000.0,Free,0.0,Everyone,Finance,"May 30, 2018",5.9.1.0,5.0 and up
Br Browser,SOCIAL,4.9,29.0,2.5,500.0,Free,0.0,Everyone,Social,"March 20, 2018",5.0,5.0 and up
Dr B R Ambedkar (Jai Bhim),SOCIAL,4.7,2068.0,7.5,100000.0,Free,0.0,Everyone,Social,"April 13, 2014",1.0,2.2 and up
Tv Br News,FAMILY,4.3,4.0,0.5556640625,100.0,Free,0.0,Everyone,Entertainment,"January 10, 2018",1.4,2.3 and up
Br Shafi,FAMILY,4.9,1288.0,26.0,10000.0,Free,0.0,Everyone,Education,"July 11, 2018",1.0,4.1 and up
Dr. B.R.Ambedkar,SOCIAL,4.8,1902.0,5.2,100000.0,Free,0.0,Everyone,Social,"June 5, 2014",1.3,2.1 and up
Táxi Nacional BR,MAPS_AND_NAVIGATION,4.3,88.0,9.1,5000.0,Free,0.0,Everyone,Maps & Navigation,"August 2, 2018",3.46.5,4.0.3 and up
Texas HoldEm Poker Deluxe (BR),GAME,4.5,1418.0,26.0,10000.0,Free,0.0,Teen,Casino,"May 30, 2018",1.2.1,4.0.3 and up
BR Classified,BUSINESS,4.3,0.0,28.0,50.0,Free,0.0,Everyone,Business,"August 30, 2017",1.0,4.2 and up
Top BR Chaya Songs,FAMILY,4.3,0.0,3.8,10.0,Free,0.0,Everyone,Entertainment,"May 18, 2018",1.0,4.0.3 and up
Companion for Fortnite & Fortnite Battle Royale,FAMILY,4.6,2736.0,13.0,100000.0,Free,0.0,Everyone,Entertainment,"August 3, 2018",Varies with device,4.1 and up
Cube BR LWP simple,PERSONALIZATION,4.3,19.0,0.201171875,1000.0,Free,0.0,Everyone,Personalization,"November 25, 2016",1.5.2,2.1 and up
Brick Breaker BR,GAME,5.0,7.0,19.0,5.0,Free,0.0,Everyone,Arcade,"July 23, 2018",1.0,4.1 and up
BR Series,VIDEO_PLAYERS,3.9,1016.0,13.0,50000.0,Free,0.0,Teen,Video Players & Editors,"May 28, 2018",6.0,4.1 and up
Loteria BR,FAMILY,4.3,0.0,1.8,50.0,Free,0.0,Everyone,Entertainment,"May 17, 2017",1.0.6,4.0 and up
Vidroid.com.br,NEWS_AND_MAGAZINES,4.3,49.0,10.0,5000.0,Free,0.0,Everyone,News & Magazines,"November 25, 2017",8.0,4.0 and up
CJ - BR MEMES,COMICS,4.3,109.0,3.5,10000.0,Free,0.0,Everyone,Comics,"January 18, 2018",1.0,4.0.3 and up
CINE BR,VIDEO_PLAYERS,4.3,23.0,7.5,1000.0,Free,0.0,Everyone,Video Players & Editors,"March 29, 2018",1,4.2 and up
Next Portuguese(BR) Langpack,TOOLS,4.3,1320.0,0.759765625,100000.0,Free,0.0,Everyone,Tools,"September 13, 2013",1.0,2.0 and up
BR Ambedkar Biography & Quotes,BOOKS_AND_REFERENCE,4.6,156.0,2.1,10000.0,Free,0.0,Everyone,Books & Reference,"June 11, 2018",2.0,2.3 and up
B R COACHINGS,FAMILY,4.3,1.0,9.2,10.0,Free,0.0,Everyone,Education,"July 12, 2018",1.0,4.4 and up
B. R. Ambedkar Jayanti SMS,PERSONALIZATION,4.3,0.0,3.0,500.0,Free,0.0,Everyone,Personalization,"March 19, 2018",1.2,4.0.3 and up
iPlayIT for YouTube VR Player,VIDEO_PLAYERS,4.3,5879.0,13.0,1000000.0,Free,0.0,Teen,Video Players & Editors,"June 12, 2018",Varies with device,4.1 and up
True Skateboarding Ride Skateboard Game Freestyle,GAME,3.8,8175.0,31.0,1000000.0,Free,0.0,Everyone 10+,Arcade,"January 3, 2018",2.11.7,4.1 and up
BombSquad Remote,GAME,4.1,13304.0,1.3,1000000.0,Free,0.0,Everyone,Arcade,"November 30, 2016",1.2.21,4.0 and up
BS CS IT & SE,FAMILY,4.6,9.0,6.9,1000.0,Free,0.0,Everyone,Education,"May 16, 2018",1.2,4.1 and up
BSPlayer ARMv7 VFP CPU support,VIDEO_PLAYERS,4.3,9966.0,5.5,1000000.0,Free,0.0,Everyone,Video Players & Editors,"March 31, 2017",1.23,2.1 and up
BS-Mobile,COMMUNICATION,5.0,1.0,0.6669921875,50.0,Free,0.0,Everyone,Communication,"September 3, 2015",0.1,2.3 and up
BS Meter (Ad Supported),FAMILY,3.9,14.0,0.578125,1000.0,Free,0.0,Teen,Entertainment,"August 14, 2013",2.0,2.2 and up
BS Calendar / Patro / पात्रो,PRODUCTIVITY,4.2,218.0,13.0,50000.0,Free,0.0,Everyone,Productivity,"July 15, 2018",Varies with device,Varies with device
Simulator Brawl Box for BS,FAMILY,3.9,168.0,6.4,5000.0,Free,0.0,Everyone,Simulation,"June 27, 2017",1.1,4.0.3 and up
BS Generator,FAMILY,4.2,5.0,3.3,100.0,Free,0.0,Everyone,Entertainment,"July 23, 2016",1.1,4.4 and up
BS Films,FAMILY,4.3,1.0,24.0,100.0,Free,0.0,Everyone,Entertainment,"December 12, 2017",2.0.0,4.3 and up
BS Tractor,GAME,4.3,3.0,36.0,100.0,Free,0.0,Everyone,Racing,"December 6, 2017",1.0,4.1 and up
BS player remote,VIDEO_PLAYERS,3.5,54.0,0.181640625,10000.0,Free,0.0,Everyone,Video Players & Editors,"April 22, 2013",1.0,2.2 and up
BibApp TU BS,FAMILY,4.3,16.0,3.5,1000.0,Free,0.0,Everyone,Education,"December 15, 2014",2.0.0,4.0 and up
King of B.S.,FAMILY,4.0,4.0,0.8203125,100.0,Free,0.0,Everyone,Education,"June 9, 2014",1.0.1,4.0.3 and up
BS Chopper,GAME,4.3,0.0,41.0,100.0,Free,0.0,Everyone,Racing,"October 5, 2017",1.0,4.1 and up
BS Play,FAMILY,3.7,56.0,1.5,5000.0,Free,0.0,Everyone,Education,"March 4, 2015",1.1.2,4.0 and up
B@dL!bs Lite,GAME,3.8,10.0,36.0,1000.0,Free,0.0,Mature 17+,Word,"April 5, 2016",6,4.0.3 and up
BS Battery+,TOOLS,4.3,269.0,0.6318359375,50000.0,Free,0.0,Everyone,Tools,"August 18, 2012",4.0.1,2.0 and up
ATC Unico BS,COMMUNICATION,4.3,10.0,5.3,500.0,Free,0.0,Everyone,Communication,"October 16, 2015",0.12,4.1 and up
Revista BS,NEWS_AND_MAGAZINES,4.3,10.0,19.0,100.0,Free,0.0,Everyone,News & Magazines,"January 13, 2017",0.0.5,4.1 and up
BS MAPS,MAPS_AND_NAVIGATION,4.5,6.0,2.5,50.0,Free,0.0,Everyone,Maps & Navigation,"July 28, 2018",2.1,4.0 and up
BS Where Am I,TOOLS,4.3,9.0,2.8,50.0,Free,0.0,Everyone,Tools,"July 5, 2018",2.3,2.3 and up
Bsc Agri Notes,FAMILY,4.5,301.0,5.6,10000.0,Free,0.0,Everyone,Education,"July 1, 2018",1.0,4.1 and up
BSC IT,FAMILY,4.4,847.0,21.0,10000.0,Free,0.0,Everyone,Education,"July 16, 2018",2.3,4.0.3 and up
BS TRACK CLIENT,TOOLS,4.3,0.0,0.1865234375,10.0,Free,0.0,Everyone,Tools,"August 13, 2017",1.1,1.5 and up
Kiosko BS,NEWS_AND_MAGAZINES,4.3,55.0,22.0,1000.0,Free,0.0,Everyone,News & Magazines,"May 12, 2017",2.0,4.0 and up
CABLE SIZE CALCULATOR BS 7671,TOOLS,3.9,333.0,1.1,100000.0,Free,0.0,Everyone,Tools,"February 3, 2016",2.4,2.3 and up
Corporate B.S. Generator,BUSINESS,4.3,0.0,6.9,10.0,Free,0.0,Everyone,Business,"November 20, 2017",1.00,3.0 and up
Banco Sabadell App. Your mobile bank,FINANCE,3.9,25205.0,13.0,1000000.0,Free,0.0,Everyone,Finance,"July 27, 2018",Varies with device,Varies with device
VOLT DROP CALCULATOR BS 7671,TOOLS,3.9,71.0,1.1,10000.0,Free,0.0,Everyone,Tools,"January 26, 2016",2.0,2.3 and up
BSc Ag Entrance Preparation,FAMILY,4.4,138.0,6.2,10000.0,Free,0.0,Everyone,Education,"May 31, 2018",3.7,4.1 and up
Black Survival,FAMILY,4.4,48451.0,52.0,1000000.0,Free,0.0,Teen,Strategy,"August 1, 2018",4.6.00,4.0.3 and up
Black Social,SOCIAL,4.6,22.0,8.7,1000.0,Free,0.0,Teen,Social,"August 5, 2018",31.1.4,4.3 and up
Little Magnet BT,TOOLS,4.6,3703.0,3.8,100000.0,Free,0.0,Everyone,Tools,"August 5, 2018",4.1.4,4.2 and up
BT One Voice mobile access,COMMUNICATION,4.0,32.0,0.4267578125,5000.0,Free,0.0,Everyone,Communication,"July 30, 2015",Version 1.6,1.6 and up
BT Communicator,SOCIAL,3.8,32.0,1.6,10000.0,Free,0.0,Teen,Social,"December 16, 2016",1.0,1.6 and up
BT One Voice anywhere,BUSINESS,4.5,80.0,16.0,10000.0,Free,0.0,Everyone,Business,"December 23, 2016",2.54.3,2.2 and up
BT Find Address for Bluetooth,BUSINESS,4.8,8.0,2.6,5000.0,Free,0.0,Everyone,Business,"October 31, 2017",2.0,3.0 and up
BT Messenger,COMMUNICATION,3.9,97.0,0.583984375,50000.0,Free,0.0,Everyone,Communication,"May 15, 2015",1.0,2.2 and up
BT One Phone Mobile App,COMMUNICATION,3.5,33.0,2.7,10000.0,Free,0.0,Everyone,Communication,"September 18, 2017",2.2.6,4.1 and up
SW-100.tch by Callstel,COMMUNICATION,4.0,1926.0,0.69921875,1000000.0,Free,0.0,Everyone,Communication,"December 16, 2015",1.3.20,2.2 and up
BT App,NEWS_AND_MAGAZINES,4.3,24.0,14.0,1000.0,Free,0.0,Everyone,News & Magazines,"July 19, 2018",1.0.124,4.2 and up
BT MeetMe with Dolby Voice,COMMUNICATION,3.6,437.0,12.0,100000.0,Free,0.0,Everyone,Communication,"July 13, 2018",2.66.5,5.0 and up
ProGrade BT,TOOLS,4.3,0.0,46.0,500.0,Free,0.0,Everyone,Tools,"April 27, 2018",1.0.2,4.3 and up
BT Share It,BUSINESS,4.7,12.0,13.0,500.0,Free,0.0,Everyone,Business,"May 16, 2018",3.4.2,4.4 and up
Wifi BT Scanner,FAMILY,5.0,2.0,1.2,500.0,Free,0.0,Everyone,Education,"November 3, 2016",1.0,4.0.3 and up
Ultimate Control BT,BUSINESS,4.6,14.0,4.3,500.0,Free,0.0,Everyone,Business,"June 6, 2018",3.3.2,4.4 and up
BT Controller,TOOLS,3.9,4374.0,13.0,1000000.0,Free,0.0,Everyone,Tools,"June 25, 2018",3.1.3,4.2 and up
BT Church,LIFESTYLE,4.9,26.0,8.4,1000.0,Free,0.0,Teen,Lifestyle,"June 25, 2018",3.8.0,4.1 and up
Mediatek SmartDevice,TOOLS,3.6,11187.0,7.3,1000000.0,Free,0.0,Everyone,Tools,"March 17, 2017",V1.7.6,4.0 and up
LG BT Reader Plus,TOOLS,3.7,2992.0,0.5712890625,500000.0,Free,0.0,Everyone,Tools,"February 25, 2016",2.1.11,4.1 and up
BT Mobile,MAPS_AND_NAVIGATION,3.9,22.0,3.2,1000.0,Free,0.0,Everyone,Maps & Navigation,"July 4, 2018",2.2,4.1 and up
Bluetooth Control BT->uC FREE,TOOLS,3.8,67.0,2.7,10000.0,Free,0.0,Everyone,Tools,"June 6, 2016",1.9.0,3.0 and up
Autool BT-BOX,TOOLS,3.5,4.0,17.0,500.0,Free,0.0,Everyone,Tools,"May 12, 2018",1.0.1,4.3 and up
BT Remote (SPP) for Bluetooth,TOOLS,4.1,36.0,3.1,10000.0,Free,0.0,Everyone,Tools,"October 24, 2016",1.16,2.3.3 and up
BT Satmeter,TOOLS,4.3,0.0,2.4,100.0,Free,0.0,Everyone,Tools,"April 12, 2018",V2.3,4.3 and up
BT Panorama,FINANCE,4.3,34.0,13.0,5000.0,Free,0.0,Everyone,Finance,"June 14, 2017",Varies with device,Varies with device
Battery Notifier BT Free,TOOLS,4.5,21979.0,0.958984375,1000000.0,Free,0.0,Everyone,Tools,"June 7, 2017",2.1.15,1.6 and up
"BT Dating -Find your match, help cupid, be social",SOCIAL,4.1,158.0,26.0,50000.0,Free,0.0,Mature 17+,Social,"July 19, 2018",2.3,4.1 and up
BT (Usage Interne),LIBRARIES_AND_DEMO,4.3,3.0,19.0,100.0,Free,0.0,Everyone,Libraries & Demo,"August 17, 2017",1.1,2.3 and up
BT Position Sender - Bluetooth Position Sender,TOOLS,4.3,0.0,2.9,10.0,Free,0.0,Everyone,Tools,"July 3, 2018",1.2.0,4.4 and up
Aegis BT,BUSINESS,4.8,16.0,4.5,500.0,Free,0.0,Everyone,Business,"September 6, 2017",1.0.10,4.1 and up
BT Master,FAMILY,4.3,0.0,0.216796875,100.0,Free,0.0,Everyone,Education,"November 6, 2016",Varies with device,1.6 and up
OSRAM BT Control,TOOLS,4.3,2.0,42.0,1000.0,Free,0.0,Everyone,Tools,"December 15, 2017",1.0.5,4.4 and up
Vip视频免费看-BT磁力搜索,TOOLS,4.3,20.0,7.9,1000.0,Free,0.0,Everyone,Tools,"June 8, 2018",1.2,4.0 and up
Jabbla BT,TOOLS,5.0,3.0,0.0537109375,100.0,Free,0.0,Everyone,Tools,"October 6, 2014",1.0,4.2 and up
SenseView BT Zephyr Sensor,TOOLS,4.3,37.0,0.3154296875,5000.0,Free,0.0,Everyone,Tools,"May 15, 2015",1.1.15205,2.2 and up
BU Bus Tracker,MAPS_AND_NAVIGATION,4.2,57.0,15.0,10000.0,Free,0.0,Everyone,Maps & Navigation,"September 5, 2017",2.02,4.1 and up
BU Bookstore,SHOPPING,4.3,2.0,7.6,1000.0,Free,0.0,Everyone,Shopping,"March 19, 2018",3.0.2,4.1 and up
BU Study,FAMILY,5.0,7.0,5.6,10.0,Free,0.0,Everyone,Education,"December 7, 2017",1.0,4.0.3 and up
BU Dental GoGoldman,TRAVEL_AND_LOCAL,4.3,0.0,18.0,100.0,Free,0.0,Everyone,Travel & Local,"September 1, 2017",1.2,4.4 and up
Bu Hangi Uygulama ?,FAMILY,4.3,1.0,24.0,10.0,Free,0.0,Everyone,Puzzle,"March 6, 2018",3.2.6z,4.0.3 and up
BU Questrom Launch,TRAVEL_AND_LOCAL,4.3,3.0,10.0,100.0,Free,0.0,Everyone,Travel & Local,"July 17, 2015",1.0.4,3.0 and up
sustainability@BU,LIFESTYLE,4.8,10.0,11.0,1000.0,Free,0.0,Everyone,Lifestyle,"January 18, 2018",4.2.7,4.1 and up
BU School of Public Health,TRAVEL_AND_LOCAL,4.3,0.0,29.0,10.0,Free,0.0,Everyone,Travel & Local,"May 20, 2018",1.4,4.4 and up
BU Mobile,FAMILY,4.5,472.0,4.3,10000.0,Free,0.0,Everyone,Education,"July 6, 2018",2.4.1,2.3.3 and up
Barisal University App-BU Face,FAMILY,5.0,100.0,10.0,1000.0,Free,0.0,Everyone,Education,"May 6, 2018",3.1.1,4.0.3 and up
BU Students' Rep. Council,FAMILY,4.7,38.0,5.3,500.0,Free,0.0,Everyone,Education,"July 5, 2018",5.45.0_713,4.0 and up
On a Bu Pour Vous OBPV,LIFESTYLE,4.3,0.0,5.4,10.0,Free,0.0,Teen,Lifestyle,"February 6, 2018",3.0,4.1 and up
BU Calculator,FAMILY,4.6,69.0,3.1,1000.0,Free,0.0,Everyone,Education,"July 24, 2017",2.4,4.0.3 and up
BU Beauty Rooms,BEAUTY,4.3,1.0,6.0,50.0,Free,0.0,Everyone,Beauty,"February 17, 2017",1.0,4.4 and up
Bu Hangi Firma?,FAMILY,4.3,8.0,26.0,100.0,Free,0.0,Everyone,Trivia;Education,"December 10, 2017",3.3.6z,4.0.3 and up
BU Syllabus,FAMILY,4.5,38.0,6.5,1000.0,Free,0.0,Everyone,Education,"September 21, 2017",1.0.3,4.0.3 and up
Bu Hangi Ünlü?,GAME,4.3,1.0,19.0,10.0,Free,0.0,Everyone,Trivia,"June 9, 2018",3.3.7z,4.0.3 and up
Bu Nedir ?,GAME,4.3,0.0,33.0,50.0,Free,0.0,Everyone,Trivia,"April 15, 2018",3.1.6z,4.0.3 and up
BU Bison Nation,SPORTS,3.5,4.0,40.0,100.0,Free,0.0,Everyone,Sports,"September 21, 2017",6.0.2,4.4 and up
Kim Bu Youtuber?,FAMILY,4.3,11.0,9.2,1000.0,Free,0.0,Everyone,Puzzle,"September 9, 2017",1.0,4.0 and up
BU HANGİ ŞARKI ? - 2018,GAME,4.3,4.0,28.0,100.0,Free,0.0,Everyone,Trivia,"June 2, 2018",3.1.7z,4.0.3 and up
BU Library,FAMILY,3.5,4.0,21.0,1000.0,Free,0.0,Everyone,Education,"September 22, 2017",1.1,4.3 and up
BU Alsace,BOOKS_AND_REFERENCE,4.3,3.0,4.0,100.0,Free,0.0,Everyone,Books & Reference,"October 3, 2017",3.1.1,2.3 and up
Bu Hangi Oyun ?,GAME,4.3,2.0,26.0,50.0,Free,0.0,Everyone,Word,"March 11, 2018",3.1.6z,4.0.3 and up
Catholic La Bu Zo Kam,BOOKS_AND_REFERENCE,5.0,23.0,13.0,500.0,Free,0.0,Everyone,Books & Reference,"March 20, 2016",0.0.1,4.0 and up
Bu Hangi Youtuber ?,GAME,4.3,31.0,26.0,1000.0,Free,0.0,Everyone,Trivia,"August 31, 2017",3.2.2dk,4.0.3 and up
Nedir Bu ?,GAME,4.3,0.0,33.0,10.0,Free,0.0,Everyone,Trivia,"March 18, 2018",3.1.6z,4.0.3 and up
Bu Hangi Film ?,FAMILY,4.3,3.0,25.0,100.0,Free,0.0,Everyone,Puzzle,"August 31, 2017",3.2.2dk,4.0.3 and up
Khrifa Hla Bu (Solfa),BOOKS_AND_REFERENCE,4.3,0.0,44.0,10.0,Free,0.0,Everyone,Books & Reference,"July 8, 2018",1.0,2.1 and up
Bu Hangi Dizi ?,GAME,4.3,14.0,19.0,1000.0,Free,0.0,Everyone,Trivia,"May 4, 2018",3.1.7z,4.0.3 and up
Kristian Hla Bu,BOOKS_AND_REFERENCE,4.8,238.0,27.0,10000.0,Free,0.0,Everyone,Books & Reference,"May 25, 2018",1.0,4.0 and up
SA HLA BU,BOOKS_AND_REFERENCE,4.7,119.0,1.5,1000.0,Free,0.0,Everyone,Books & Reference,"September 21, 2017",1.0,4.1 and up
Büfe BU,LIFESTYLE,4.1,14.0,13.0,100.0,Free,0.0,Everyone,Lifestyle,"October 17, 2015",2.0,4.0.3 and up
BV Mobile Apps,PRODUCTIVITY,5.0,3.0,4.8,100.0,Free,0.0,Everyone,Productivity,"June 5, 2018",2.0,4.2 and up
BV,COMMUNICATION,5.0,3.0,1.6,100.0,Free,0.0,Everyone,Communication,"August 4, 2016","1,01",3.0 and up
Bacterial Vaginosis,HEALTH_AND_FITNESS,4.3,1.0,4.9,100.0,Free,0.0,Everyone,Health & Fitness,"February 21, 2018",1.2,4.0 and up
Bacterial Vaginosis 🇺🇸,HEALTH_AND_FITNESS,4.3,1.0,3.5,500.0,Free,0.0,Teen,Health & Fitness,"November 1, 2017",1.1,2.3 and up
Bacterial Vaginosis Symptoms & Treatment,MEDICAL,4.3,0.0,8.7,500.0,Free,0.0,Everyone,Medical,"January 18, 2018",1.1,4.0.3 and up
Bacteria Vaginosis,HEALTH_AND_FITNESS,4.0,4015.0,7.7,1000000.0,Free,0.0,Mature 17+,Health & Fitness,"April 27, 2017",6.0,3.0 and up
Hilverda De Boer B.V. App,SHOPPING,4.3,5.0,19.0,500.0,Free,0.0,Everyone,Shopping,"February 2, 2018",2.5.0,4.0.3 and up
BV Smart,BUSINESS,4.3,28.0,3.4,1000.0,Free,0.0,Everyone,Business,"May 1, 2015",1.1,4.0 and up
BV Forest,BUSINESS,4.3,0.0,2.9,100.0,Free,0.0,Everyone,Business,"May 9, 2018",2.1.18,4.4 and up
Bacterial Vaginosis Symptoms,MEDICAL,4.1,698.0,2.4,100000.0,Free,0.0,Everyone 10+,Medical,"February 3, 2015",1.1,3.0 and up
BV Sridhara Maharaj,FAMILY,5.0,8.0,2.7,100.0,Free,0.0,Everyone,Entertainment,"December 3, 2017",1.1,4.1 and up
BV Aventure,TRAVEL_AND_LOCAL,4.3,0.0,5.0,100.0,Free,0.0,Everyone,Travel & Local,"July 22, 2016",1.3.6,4.0 and up
Bacterial vaginosis Treatment - Sexual disease,HEALTH_AND_FITNESS,5.0,2.0,5.9,500.0,Free,0.0,Everyone,Health & Fitness,"June 25, 2018",2.0,4.0.3 and up
BV Link,BUSINESS,4.3,10.0,2.8,100.0,Free,0.0,Everyone,Business,"April 11, 2018",1.3.0,4.1 and up
Bacterial Vaginosis Treatment,MEDICAL,4.3,0.0,3.4,50.0,Free,0.0,Everyone,Medical,"June 25, 2018",1.0,4.0 and up
BV Bombers,SPORTS,4.3,0.0,12.0,100.0,Free,0.0,Everyone,Sports,"January 31, 2017",7.1.5,4.0 and up
Schulman B.V.,SHOPPING,4.0,6.0,20.0,100.0,Free,0.0,Everyone,Shopping,"September 14, 2016",1.0,4.1 and up
BV MAAp,BUSINESS,4.3,9.0,4.2,100.0,Free,0.0,Everyone,Business,"December 4, 2015",1.1.3,4.1 and up
BV Taxi - Driver,MAPS_AND_NAVIGATION,4.3,1.0,10.0,10.0,Free,0.0,Everyone,Maps & Navigation,"January 17, 2018",2.19.20180117,4.1 and up
BV Taxi Sudan,MAPS_AND_NAVIGATION,3.5,8.0,26.0,10.0,Free,0.0,Everyone,Maps & Navigation,"January 17, 2018",1.2.20180117,4.1 and up
van Gennip Textiles BV,LIFESTYLE,4.3,1.0,4.0,100.0,Free,0.0,Everyone,Lifestyle,"June 28, 2018",1.1.5,4.1 and up
bacterial vaginosis,MEDICAL,4.3,0.0,3.6,10.0,Free,0.0,Teen,Medical,"March 26, 2018",1.0,4.0 and up
Meu Cartão BV,FINANCE,4.1,15057.0,5.7,500000.0,Free,0.0,Everyone,Finance,"August 3, 2018",2.4.0,5.0 and up
BV Rando,TRAVEL_AND_LOCAL,4.3,0.0,3.6,100.0,Free,0.0,Everyone,Travel & Local,"July 22, 2016",1.2.4,4.0 and up
StartPage Private Search,LIFESTYLE,4.6,10198.0,2.2,100000.0,Free,0.0,Everyone,Lifestyle,"August 21, 2017",1.10,2.1 and up
DHV accountancy BV,BUSINESS,4.3,0.0,10.0,10.0,Free,0.0,Everyone,Business,"April 21, 2016",1.0,4.0 and up
BV Frankfurt inside,SPORTS,4.3,3.0,4.8,50.0,Free,0.0,Everyone,Sports,"June 21, 2018",1.5,4.4 and up
BV Teknisk App,BUSINESS,4.3,0.0,2.0,50.0,Free,0.0,Everyone,Business,"January 15, 2016",4.1.2099,4.0 and up
OLX Uganda Sell Buy Cellphones,SHOPPING,4.2,4977.0,9.8,100000.0,Free,0.0,Everyone,Shopping,"July 25, 2018",11.15.03,4.1 and up
VictronConnect,TOOLS,3.8,400.0,13.0,50000.0,Free,0.0,Everyone,Tools,"July 5, 2018",4.8,4.1 and up
BV Productions,BUSINESS,4.3,0.0,2.8,1.0,Free,0.0,Everyone,Business,"October 25, 2016",1.0.1,4.0 and up
Allsetra B.V.,BUSINESS,4.1,15.0,24.0,1000.0,Free,0.0,Everyone,Business,"April 5, 2018",3.1.2,4.3 and up
Home Remedies for Bacterial Infections,HEALTH_AND_FITNESS,4.3,0.0,4.4,50.0,Free,0.0,Everyone,Health & Fitness,"April 19, 2018",1.0,2.2 and up
BW Smart,TOOLS,3.7,50.0,19.0,5000.0,Free,0.0,Everyone,Tools,"June 6, 2017",v1.2.2,4.0 and up
BW-Go Free,GAME,4.6,547.0,1.3,10000.0,Free,0.0,Everyone,Board,"June 18, 2015",4.8.1,2.3 and up
Black & White Camera - Lovely BW,PHOTOGRAPHY,4.2,329.0,4.8,100000.0,Free,0.0,Everyone,Photography,"November 13, 2017",1.1.0,4.4 and up
BW-Joseki,GAME,4.7,705.0,1.8,10000.0,Free,0.0,Everyone,Board,"July 28, 2015",1.2.1,4.0.3 and up
BW-DGS plugin,GAME,4.5,70.0,0.6748046875,1000.0,Free,0.0,Everyone,Board,"May 13, 2018",1.6.0,4.0 and up
Learn SAP BW,BOOKS_AND_REFERENCE,4.3,2.0,20.0,500.0,Free,0.0,Everyone,Books & Reference,"February 13, 2018",1.1,4.0 and up
Next Launcher 3D Theme Stun-BW,PERSONALIZATION,4.4,2839.0,5.1,100000.0,Free,0.0,Everyone,Personalization,"January 11, 2014",1.00,2.2 and up
Standard Chartered Mobile (BW),FINANCE,4.4,96.0,7.2,10000.0,Free,0.0,Everyone,Finance,"August 5, 2018",2.9,4.0 and up
BW Mobilbanking für Smartphone und Tablet,FINANCE,4.1,2048.0,24.0,100000.0,Free,0.0,Everyone,Finance,"July 10, 2018",4.2.0,4.4 and up
BW COMPANY FINDER,BUSINESS,4.6,48.0,7.4,1000.0,Free,0.0,Everyone,Business,"August 21, 2017",1.5,4.0 and up
BW-GnuGo,GAME,4.1,64.0,1.3,5000.0,Free,0.0,Everyone,Board,"June 2, 2013",2.0.0,2.2 and up
BW SmartLife,TOOLS,4.3,0.0,8.8,100.0,Free,0.0,Everyone,Tools,"December 5, 2017",1.1.8,4.1 and up
Bw Events,EVENTS,4.4,16.0,1.7,100.0,Free,0.0,Everyone,Events,"August 9, 2016",1.0,4.0 and up
Beautiful Widgets Free,PERSONALIZATION,3.9,25035.0,14.0,1000000.0,Free,0.0,Everyone,Personalization,"October 20, 2016",5.7.6,2.3 and up
Learn SAP BW on HANA,BOOKS_AND_REFERENCE,4.3,0.0,13.0,500.0,Free,0.0,Everyone,Books & Reference,"February 13, 2018",1.1,4.0 and up
Analog BW - Camera filter effect foto film retouch,PHOTOGRAPHY,4.3,2.0,17.0,100.0,Free,0.0,Everyone,Photography,"May 23, 2018",1.1,4.4 and up
BW Ultra,PRODUCTIVITY,4.3,0.0,24.0,10.0,Free,0.0,Everyone,Productivity,"July 3, 2018",1.0,4.0 and up
BW-IVMS,PRODUCTIVITY,4.3,0.0,17.0,100.0,Free,0.0,Everyone,Productivity,"July 26, 2018",12.0.18071400,4.1 and up
BW Wallpaper,PERSONALIZATION,4.5,4.0,0.4990234375,50.0,Free,0.0,Everyone,Personalization,"December 31, 2016",1.4,4.0 and up
Skull Widget BW,PERSONALIZATION,4.5,4.0,1.7,10.0,Free,0.0,Everyone,Personalization,"February 28, 2018",1.1,4.4 and up
BW Map mobile,TRAVEL_AND_LOCAL,3.6,57.0,32.0,10000.0,Free,0.0,Everyone,Travel & Local,"May 31, 2018",3.2,4.0 and up
Best Western e-Concierge Hotel,TRAVEL_AND_LOCAL,4.0,41.0,23.0,10000.0,Free,0.0,Everyone,Travel & Local,"June 4, 2018",2.8.1,5.0 and up
SAP BW Tutorial,FAMILY,4.0,11.0,9.4,1000.0,Free,0.0,Everyone,Education,"January 10, 2016",0.0.1,4.1 and up
Kromium BW Theme for NEXT,PERSONALIZATION,4.3,1098.0,18.0,50000.0,Free,0.0,Everyone,Personalization,"October 11, 2014",1.0.1,3.0 and up
IP address BW,PRODUCTIVITY,4.3,7.0,1.8,500.0,Free,0.0,Everyone,Productivity,"November 20, 2014",1.0,2.2 and up
Fantasy theme dark bw black building,ART_AND_DESIGN,4.8,41.0,1.9,5000.0,Free,0.0,Everyone,Art & Design,"March 20, 2018",1.0.2,4.0 and up
Keyboard Theme Gate Flat BW,PERSONALIZATION,4.5,75.0,2.6,10000.0,Free,0.0,Mature 17+,Personalization,"May 26, 2016",2.0,4.0.3 and up
BW Switch,GAME,4.3,1.0,13.0,10.0,Free,0.0,Everyone,Arcade,"April 16, 2018",1.25,4.1 and up
Tutorials for SAP BW Offline,FAMILY,4.3,1.0,16.0,100.0,Free,0.0,Everyone,Education,"December 21, 2017",1.0,4.0 and up
BL Essentials BW Icon Pack,PERSONALIZATION,4.2,17.0,0.9404296875,1000.0,Free,0.0,Everyone,Personalization,"May 6, 2013",1.0.1,2.1 and up
Hypocam,PHOTOGRAPHY,4.5,12572.0,8.5,1000000.0,Free,0.0,Everyone,Photography,"March 14, 2018",1.31,4.0 and up
BW Fuhlenbrock,SPORTS,4.3,4.0,8.2,100.0,Free,0.0,Everyone,Sports,"September 27, 2017",4.2.0,4.1 and up
BW eServices,BUSINESS,4.3,1.0,3.8,10.0,Free,0.0,Everyone,Business,"June 5, 2018",1.0,4.2 and up
B&W Photo Filter Editor,PHOTOGRAPHY,3.9,205.0,2.4,50000.0,Free,0.0,Everyone,Photography,"July 29, 2017",1.0.5,4.0 and up
BW t&t,PRODUCTIVITY,4.3,2.0,1.7,10.0,Free,0.0,Everyone,Productivity,"December 15, 2016",1.0,4.1 and up
EBook For SAP BW ON HANA Learning Free,FAMILY,4.3,0.0,10.0,50.0,Free,0.0,Everyone,Education,"April 2, 2018",1.0.1,4.0 and up
BX Memo,FAMILY,4.3,131.0,2.0,5000.0,Free,0.0,Everyone,Education,"November 17, 2016",3.3.1,2.2 and up
Bixby Button Remapper - bxActions,TOOLS,4.3,13064.0,4.6,1000000.0,Free,0.0,Everyone,Tools,"May 23, 2018",4.72,7.0 and up
Bitcoin BX Thailand,FINANCE,3.7,120.0,31.0,10000.0,Free,0.0,Everyone,Finance,"October 23, 2017",4.1,4.0.3 and up
Bx Thailand Alert (Bitcoin),FINANCE,4.7,3.0,8.2,100.0,Free,0.0,Everyone,Finance,"February 5, 2018",1.0.2,4.2 and up
bX Hot Articles by Ex Libris,FAMILY,4.3,42.0,0.541015625,5000.0,Free,0.0,Everyone,Education,"May 9, 2017",2,2.2 and up
Bitcoin Bx (Thailand),FINANCE,4.5,101.0,6.9,10000.0,Free,0.0,Everyone,Finance,"August 4, 2018",1.8.4,5.0 and up
Bx-WiFi-GI,VIDEO_PLAYERS,4.3,0.0,21.0,100.0,Free,0.0,Everyone,Video Players & Editors,"August 15, 2017",1.3.6,4.1 and up
BX Mobile TMC for SAP B1,BUSINESS,4.7,3.0,11.0,100.0,Free,0.0,Everyone,Business,"January 20, 2015",1.0.16,4.0.3 and up
BX Thailand - Crypto Tracking & Analyse Bitcoin,FINANCE,4.3,2.0,34.0,100.0,Free,0.0,Everyone,Finance,"March 10, 2018",1.7,4.0.3 and up
BxPort - Bitcoin Bx (Thailand),FINANCE,5.0,4.0,4.1,50.0,Free,0.0,Everyone,Finance,"July 14, 2018",1.0.4,4.2 and up
Bx Access 4d,TOOLS,4.3,1.0,1.9,100.0,Free,0.0,Everyone,Tools,"April 29, 2016",2.2.1,4.0 and up
bX Thailand Simple Market Price and Alert,FINANCE,4.3,8.0,3.5,1000.0,Free,0.0,Everyone,Finance,"July 29, 2018",2.5.2,4.4 and up
QR & Barcode Scanner BX PRO,TOOLS,4.3,4.0,3.0,1000.0,Free,0.0,Everyone,Tools,"October 30, 2017",1.0,4.2 and up
BX Diff - Crypto Coins Checker,FINANCE,4.6,83.0,4.0,5000.0,Free,0.0,Everyone,Finance,"July 16, 2018",1.0.21,4.4 and up
CSHS BX,FAMILY,4.3,0.0,18.0,100.0,Free,0.0,Everyone,Education,"April 17, 2018",1.0.5.170418-cardspl,4.4 and up
Bitcoin & Cryptocurrency - Bx,FINANCE,4.8,11.0,3.7,1000.0,Free,0.0,Everyone,Finance,"November 28, 2017",0.1.6,4.1 and up
Kick Axe Bx,HEALTH_AND_FITNESS,4.3,0.0,9.3,1.0,Free,0.0,Everyone,Health & Fitness,"June 7, 2017",1.0.1,4.0 and up
Car Driving Simulator Citroen,FAMILY,3.8,174.0,44.0,10000.0,Free,0.0,Everyone,Simulation,"July 18, 2017",1.0,2.3 and up
LEDSHOWTW,TOOLS,4.2,5.0,31.0,500.0,Free,0.0,Everyone,Tools,"April 23, 2018",1.3.3,4.0.3 and up
C3-C4-PİCASSO-ELYSEE RACİNG,GAME,4.3,12.0,48.0,1000.0,Free,0.0,Everyone,Arcade,"February 12, 2017","1,01",4.0 and up
Water Surfer Floating BMX Bicycle Rider Racing,FAMILY,4.4,551.0,38.0,100000.0,Free,0.0,Everyone,Simulation,"July 3, 2017",1.0,2.3 and up
Driving Cars Simulator Citroen,GAME,4.3,3.0,49.0,100.0,Free,0.0,Everyone,Racing,"April 5, 2018",1.0,4.4 and up
Tiny Call Confirm,COMMUNICATION,4.1,22782.0,0.3427734375,1000000.0,Free,0.0,Everyone,Communication,"March 25, 2015",4.2.0,2.2 and up
Limbo PC Emulator QEMU ARM x86,TOOLS,4.2,13005.0,9.7,1000000.0,Free,0.0,Everyone,Tools,"January 21, 2018",no_update_signal.2_9_1_arm-x86_64-alpha,4.2 and up
Crypto Tracker by BitScreener,FINANCE,4.7,396.0,12.0,10000.0,Free,0.0,Everyone,Finance,"August 5, 2018",3.1.5,5.0 and up
Roulette Advisor LITE,GAME,4.1,41.0,1.4,5000.0,Free,0.0,Everyone,Casino,"August 21, 2014",2.2,3.0 and up
Mini Motor Racing WRT,GAME,4.2,107497.0,13.0,1000000.0,Free,0.0,Everyone,Racing,"February 2, 2016",Varies with device,2.3.3 and up
BMX Boy Bike Stunt Rider Game,GAME,3.8,299.0,25.0,10000.0,Free,0.0,Everyone,Racing,"November 10, 2017",1.1,4.1 and up
"CoinMarketApp - CryptoCurrency Portfolio, News,ICO",FINANCE,4.7,20535.0,13.0,500000.0,Free,0.0,Everyone,Finance,"July 31, 2018",Varies with device,Varies with device
Best Friends Dress Up & Makeup,FAMILY,3.7,7664.0,44.0,500000.0,Free,0.0,Everyone,Casual;Pretend Play,"September 9, 2015",1.0.3,4.0.3 and up
World of Warriors: Duel,GAME,4.3,25952.0,36.0,500000.0,Free,0.0,Everyone 10+,Action,"September 7, 2015",1.1.2,2.3 and up
Bitcoin Ticker Widget,FINANCE,4.6,25744.0,13.0,500000.0,Free,0.0,Everyone,Finance,"July 30, 2018",Varies with device,Varies with device
Quadratic Equation Solver with Steps and Graphs,FAMILY,4.7,513.0,9.8,50000.0,Free,0.0,Everyone,Education,"December 14, 2017",1.4.1,4.0 and up
Car Race by Fun Games For Free,GAME,4.3,54221.0,47.0,1000000.0,Free,0.0,Everyone,Racing,"June 15, 2013",1.2,2.3 and up
Adult Color By Number Book: Number Coloring Pages,FAMILY,4.2,2231.0,37.0,500000.0,Free,0.0,Everyone,Entertainment,"July 23, 2018",2.9,4.4 and up
Glitter Color By Number - Glitter Number Coloring,FAMILY,3.5,1380.0,6.9,500000.0,Free,0.0,Everyone,Entertainment,"July 18, 2018",1.6,4.0 and up
Sandbox Art-Sandbox Color by Number Coloring Pages,FAMILY,4.7,12784.0,15.0,1000000.0,Free,0.0,Everyone,Entertainment,"August 4, 2018",1.3.3,4.1 and up
One Today by Google,LIFESTYLE,4.5,2586.0,9.4,100000.0,Free,0.0,Everyone,Lifestyle,"December 17, 2015",1.9.0.110162364,4.0.3 and up
Art Pixel Coloring. Color by Number.,FAMILY,4.5,992.0,49.0,100000.0,Free,0.0,Teen,Entertainment,"August 2, 2018",1.2.0.200,4.2 and up
Color By Number - Sandbox Pixel Coloring Book,FAMILY,4.7,24557.0,24.0,1000000.0,Free,0.0,Everyone,Casual;Creativity,"August 3, 2018",1.3.6,4.4 and up
PixelDot - Color by Number Sandbox Pixel Art,FAMILY,4.6,16041.0,7.3,1000000.0,Free,0.0,Everyone,Entertainment,"July 5, 2018",1.3.3.1,4.3 and up
PixPanda - Color by Number Pixel Art Coloring Book,FAMILY,4.9,55723.0,14.0,1000000.0,Free,0.0,Everyone,Entertainment,"June 4, 2018",3.3,4.0.3 and up
Sandbox Number Coloring Book Art - Color By Number,FAMILY,4.2,14356.0,13.0,1000000.0,Free,0.0,Everyone,Entertainment;Brain Games,"March 9, 2018",2.5,4.1 and up
Adult Color by Number Book - Paint Mandala Pages,FAMILY,4.3,997.0,13.0,100000.0,Free,0.0,Everyone,Entertainment,"June 27, 2018",2.4,4.1 and up
PixBox Coloring - Color by number Sandbox,FAMILY,4.5,12293.0,4.0,1000000.0,Free,0.0,Everyone,Entertainment,"May 6, 2018",1.2.6,4.0.3 and up
"3D Color by Number: Voxel, Unicorn, Pixel Art 3D",FAMILY,4.3,2017.0,13.0,100000.0,Free,0.0,Everyone,Entertainment,"February 16, 2018",2.4,4.1 and up
Pixelmania - Color by number & create pixel art,FAMILY,4.4,3588.0,18.0,500000.0,Free,0.0,Everyone,Entertainment,"February 25, 2018",1.18,4.3 and up
Valentines love color by number-Pixel art coloring,FAMILY,4.4,767.0,18.0,100000.0,Free,0.0,Everyone,Entertainment,"February 23, 2018",1.1,4.1 and up
Pixyfy: coloring by number coloring book,FAMILY,4.8,22290.0,13.0,500000.0,Free,0.0,Everyone,Puzzle,"August 5, 2018",18.08.05,4.0 and up
Draw Color by Number - Sandbox Pixel Art,FAMILY,4.7,34279.0,24.0,1000000.0,Free,0.0,Everyone,Casual;Creativity,"August 2, 2018",1.2.3,4.4 and up
Project Fi by Google,TOOLS,4.6,7342.0,13.0,1000000.0,Free,0.0,Everyone,Tools,"July 30, 2018",Varies with device,5.1 and up
Tattoo Color By Number Draw Book Page Pixel Art,FAMILY,4.0,309.0,25.0,100000.0,Free,0.0,Everyone,Entertainment,"May 2, 2018",1.4,4.1 and up
SegPlay Mobile Paint by Number,FAMILY,3.7,1478.0,43.0,100000.0,Free,0.0,Everyone,Casual,"April 22, 2017",4.0.15,2.3 and up
Paint By Number,FAMILY,3.5,807.0,4.6,500000.0,Free,0.0,Everyone,Casual,"May 1, 2018",1.4.0,3.0 and up
Painting By Numbers,FAMILY,4.1,213.0,26.0,50000.0,Free,0.0,Everyone,Puzzle;Brain Games,"June 8, 2018",1.2.100,4.1 and up
Butterfly Pixel Art - coloring by number,FAMILY,4.6,769.0,13.0,100000.0,Free,0.0,Everyone,Entertainment,"April 4, 2018",1.06,4.1 and up
Halloween Sandbox Number Coloring- Color By Number,FAMILY,4.4,289.0,19.0,100000.0,Free,0.0,Everyone,Entertainment,"February 17, 2018",1.2,4.1 and up
"Fiesta by Tango - Find, Meet and Make New Friends",SOCIAL,4.3,112223.0,34.0,1000000.0,Free,0.0,Mature 17+,Social,"July 5, 2018",5.68.1,5.0 and up
"Poly Art: Paint by Sticker, Color by Number Puzzle",FAMILY,4.4,2100.0,13.0,100000.0,Free,0.0,Everyone,Entertainment;Brain Games,"July 28, 2018",2.3,4.1 and up
"Pixel art pro-Sand box,paint by number,number draw",FAMILY,4.5,2442.0,13.0,100000.0,Free,0.0,Everyone,Casual;Brain Games,"July 6, 2018",2.5.111,4.0.3 and up
Color by Number: Pixel Art,FAMILY,4.6,12034.0,34.0,1000000.0,Free,0.0,Everyone,Entertainment,"May 26, 2018",4.8,4.1 and up
UNICORN - Color By Number & Pixel Art Coloring,FAMILY,4.7,8264.0,24.0,500000.0,Free,0.0,Everyone,Art & Design;Creativity,"August 2, 2018",1.0.9,4.4 and up
FunnyPixels - Color by number Sandbox,FAMILY,4.6,1977.0,3.8,100000.0,Free,0.0,Everyone,Entertainment,"February 21, 2018",1.0.4,4.0.3 and up
Voxel - 3D Color by Number & Pixel Coloring Book,GAME,4.7,62561.0,53.0,1000000.0,Free,0.0,Everyone,Board,"July 31, 2018",2.4.11,4.1 and up
No.Diamond – Colors by Number,FAMILY,4.6,9016.0,24.0,1000000.0,Free,0.0,Everyone,Entertainment;Creativity,"August 6, 2018",0.9.34,4.1 and up
BZ Reminder,BUSINESS,4.7,41625.0,5.4,1000000.0,Free,0.0,Everyone,Business,"December 21, 2017",2.3.4,4.1 and up
B.Z. Live-Ticker,NEWS_AND_MAGAZINES,4.3,114.0,7.7,10000.0,Free,0.0,Everyone,News & Magazines,"May 25, 2018",1.6,4.2 and up
Weather BZ,WEATHER,4.4,8433.0,5.6,100000.0,Free,0.0,Everyone,Weather,"June 6, 2018",5.0.1 build 1,4.0 and up
BZ Bingo,FAMILY,4.3,1.0,17.0,100.0,Free,0.0,Everyone,Entertainment,"April 3, 2018",1.3,4.0.3 and up
Evasion.bz,SOCIAL,4.1,8.0,4.4,100.0,Free,0.0,Teen,Social,"July 14, 2017",0.0.9,4.1 and up
BZ Berner Zeitung E-Paper,NEWS_AND_MAGAZINES,4.3,4.0,13.0,1000.0,Free,0.0,Everyone,News & Magazines,"July 30, 2018",5.1.1,4.1 and up
BZ-Smart,NEWS_AND_MAGAZINES,4.3,828.0,8.2,10000.0,Free,0.0,Everyone,News & Magazines,"October 10, 2017",1.98,2.3.3 and up
BZ Conferencing,TOOLS,4.7,7.0,29.0,1000.0,Free,0.0,Everyone,Tools,"June 27, 2018",3.8.3,4.1 and up
GITZ.bz,SHOPPING,4.0,4.0,2.4,10.0,Free,0.0,Everyone,Shopping,"August 4, 2017",1.0,4.1 and up
BZ Fingers,GAME,4.6,15.0,3.2,50.0,Free,0.0,Everyone,Arcade,"July 5, 2017",1.3,4.0.3 and up
Dragon B.Z Wallpapers,PERSONALIZATION,4.3,0.0,3.8,10.0,Free,0.0,Everyone,Personalization,"May 6, 2018",2.1,4.0.3 and up
BZ Langenthaler Tagblatt E-Paper,NEWS_AND_MAGAZINES,4.3,0.0,13.0,10.0,Free,0.0,Everyone,News & Magazines,"July 30, 2018",5.1.1,4.1 and up
BZ Delivery,SHOPPING,4.3,1.0,6.2,500.0,Free,0.0,Everyone,Shopping,"January 15, 2018",1.1.0,4.0.3 and up
Badische Zeitung,NEWS_AND_MAGAZINES,3.9,262.0,22.0,10000.0,Free,0.0,Everyone,News & Magazines,"June 26, 2018",5.3,4.1 and up
Dragon BZ Wallpapers HD,PERSONALIZATION,4.3,5.0,17.0,1000.0,Free,0.0,Everyone,Personalization,"April 4, 2018",1.11,4.0 and up
bz Baselland E-Paper,NEWS_AND_MAGAZINES,4.2,69.0,25.0,5000.0,Free,0.0,Everyone,News & Magazines,"August 24, 2017",5.1.4,4.4 and up
BZWBK24 mobile,FINANCE,4.5,64983.0,39.0,1000000.0,Free,0.0,Everyone,Finance,"June 18, 2018",5.0.1,4.1 and up
BZ Dealer,PRODUCTIVITY,4.3,5.0,4.6,500.0,Free,0.0,Everyone,Productivity,"October 31, 2017",1.0.3,4.0.3 and up
BZ Vesper-App,TRAVEL_AND_LOCAL,4.1,60.0,13.0,1000.0,Free,0.0,Everyone,Travel & Local,"August 6, 2015",1.0.2,2.3.3 and up
BZ-Digital,NEWS_AND_MAGAZINES,4.3,4.0,36.0,100.0,Free,0.0,Everyone,News & Magazines,"March 5, 2018",2.4.1,4.4 and up
Dragon BZ Super Wallpapers,FAMILY,4.2,12.0,13.0,1000.0,Free,0.0,Everyone,Entertainment,"January 16, 2018",1.0,4.0.3 and up
BZ Berner Oberländer,NEWS_AND_MAGAZINES,4.3,64.0,8.5,1000.0,Free,0.0,Everyone,News & Magazines,"August 3, 2018",7.5.9.1,4.1 and up
bz Basel E-Paper,NEWS_AND_MAGAZINES,4.3,72.0,25.0,5000.0,Free,0.0,Everyone,News & Magazines,"August 24, 2017",5.1.4,4.4 and up
TFO BZ Lessons,FAMILY,4.4,75.0,3.7,500.0,Free,0.0,Everyone,Education,"April 28, 2017",2.1.1,4.1 and up
BZ Langenthaler Tagblatt,VIDEO_PLAYERS,4.3,22.0,8.5,1000.0,Free,0.0,Everyone,Video Players & Editors,"August 3, 2018",7.5.9.1,4.1 and up
City Driving Jeep Mania: Parking Passion 2018,FAMILY,4.4,36.0,24.0,10000.0,Free,0.0,Everyone,Simulation,"June 14, 2018",1.0,4.0 and up
Sniper Gun Shot 3D: Impossible Missions,GAME,4.6,20.0,34.0,100.0,Free,0.0,Mature 17+,Action,"May 4, 2018",1.0,4.0 and up
ePN Cashback AliExpress,SHOPPING,4.4,19212.0,6.9,500000.0,Free,0.0,Everyone,Shopping,"August 3, 2018",0.2.9.17,4.1 and up
Elite Commando Shooting War,GAME,4.5,14.0,45.0,100.0,Free,0.0,Teen,Action,"June 29, 2018",1.0,4.0 and up
Restaurantführer Südbaden,TRAVEL_AND_LOCAL,4.1,46.0,12.0,1000.0,Free,0.0,Everyone,Travel & Local,"January 11, 2017",2.0.0,4.0 and up
Contractor City Construction - Heavy Logistics,FAMILY,4.2,31.0,35.0,5000.0,Free,0.0,Everyone,Simulation,"June 12, 2018",1.01,4.0 and up
Park Limousine: Realistic Limo Parking Simulator,FAMILY,4.8,4.0,25.0,1000.0,Free,0.0,Everyone,Simulation,"July 20, 2018",1.0,4.0 and up
Animal Hunting: Sniper Shooting,GAME,4.3,0.0,48.0,50.0,Free,0.0,Teen,Action,"July 6, 2018",1.0,4.0 and up
WISE- MOBILE PORTAL,TOOLS,4.3,3.0,1.0,500.0,Free,0.0,Everyone,Tools,"July 30, 2015",1.0.0.4,2.2 and up
BZ Straußenführer,TRAVEL_AND_LOCAL,4.3,291.0,14.0,10000.0,Free,0.0,Everyone,Travel & Local,"March 17, 2016",1.2.3,4.0 and up
Putzmeister Experts,TOOLS,4.6,21.0,8.9,1000.0,Free,0.0,Everyone,Tools,"May 8, 2018",1.3,4.1 and up
Filmi Gaane,FAMILY,4.4,572.0,13.0,100000.0,Free,0.0,Everyone,Entertainment,"August 17, 2017",Varies with device,Varies with device
iBiznes24 mobile,FINANCE,4.3,38.0,9.4,5000.0,Free,0.0,Everyone,Finance,"June 30, 2018",1.8.1,4.4 and up
CA Mobile Authenticator,BUSINESS,4.3,9.0,6.9,1000.0,Free,0.0,Everyone,Business,"December 15, 2016",1.0.0,4.2 and up
CA Latam Partners,BUSINESS,4.3,0.0,12.0,10.0,Free,0.0,Everyone,Business,"August 3, 2018",1.1.2,4.3 and up
CA Lottery Official App,FAMILY,4.2,7000.0,26.0,1000000.0,Free,0.0,Teen,Entertainment,"August 2, 2018",3.0.2,4.4 and up
CA Auth ID,TOOLS,3.8,39.0,0.3662109375,10000.0,Free,0.0,Teen,Tools,"October 17, 2014",2.2.1,1.6 and up
Patchcord.ca Inc. App Launcher,BUSINESS,4.3,0.0,3.7,10.0,Free,0.0,Everyone,Business,"December 23, 2016",1.21,4.0 and up
CA Speakers Free,LIFESTYLE,4.8,74.0,2.9,5000.0,Free,0.0,Teen,Lifestyle,"September 30, 2015",1.6,2.3.3 and up
CA World '17,PRODUCTIVITY,3.7,7.0,18.0,1000.0,Free,0.0,Teen,Productivity,"June 10, 2018",7.17.2.0,5.0 and up
CA DMV,TOOLS,4.2,5463.0,6.0,1000000.0,Free,0.0,Everyone,Tools,"August 25, 2017",4.0,4.1 and up
Save.ca,SHOPPING,3.7,2094.0,34.0,100000.0,Free,0.0,Everyone,Shopping,"July 2, 2018",4.8.18.12,4.1 and up
CA Laws 2018 (California Laws and Codes),BOOKS_AND_REFERENCE,3.9,56.0,38.0,5000.0,Free,0.0,Everyone,Books & Reference,"March 24, 2018",1.17,4.4 and up
California Cameras - Traffic,TRAVEL_AND_LOCAL,4.0,305.0,5.4,10000.0,Free,0.0,Everyone,Travel & Local,"June 20, 2018",6.3.4,4.0.3 and up
Register.ca Mobile,PRODUCTIVITY,4.3,0.0,1.2,100.0,Free,0.0,Everyone,Productivity,"August 19, 2016",2.0,5.0 and up
CB Radio Chat - for friends!,COMMUNICATION,4.0,17998.0,7.9,1000000.0,Free,0.0,Teen,Communication,"March 27, 2018",2.6.3,4.0 and up
CB On Mobile,COMMUNICATION,4.1,901.0,0.3154296875,100000.0,Free,0.0,Teen,Communication,"April 26, 2017",1.0.5,4.0 and up
Virtual Walkie Talkie,COMMUNICATION,3.8,21785.0,2.5,1000000.0,Free,0.0,Everyone,Communication,"August 13, 2015",1.41,2.3 and up
CB Outdoors,FAMILY,3.8,5.0,12.0,1000.0,Free,0.0,Everyone,Education,"May 30, 2017",1.200,4.0.3 and up
Viking CB Radios,BUSINESS,4.3,6.0,15.0,1000.0,Free,0.0,Everyone,Business,"May 24, 2017",1.0.1,4.1 and up
Frequencies Free,TOOLS,3.5,382.0,3.1,100000.0,Free,0.0,Everyone,Tools,"February 4, 2018",1.9,4.0.3 and up
CB-Mobile Banking,FINANCE,4.5,96.0,12.0,10000.0,Free,0.0,Everyone,Finance,"June 22, 2018",4.17.38,4.4 and up
CBRadioTab,TOOLS,3.9,127.0,1.5,50000.0,Free,0.0,Everyone,Tools,"April 1, 2017",1.0,3.0 and up
CB SMART LIFE,TOOLS,4.3,30.0,9.0,500.0,Free,0.0,Everyone,Tools,"July 3, 2018",2.4.0,4.1 and up
CB Bank Mobile Banking,FINANCE,4.5,1308.0,3.7,100000.0,Free,0.0,Everyone,Finance,"June 8, 2015",13.0,2.2 and up
CB Martial Arts,HEALTH_AND_FITNESS,4.3,0.0,8.7,10.0,Free,0.0,Everyone,Health & Fitness,"May 15, 2018",1.1.7,4.1 and up
C.B. Shop,SHOPPING,4.3,19.0,19.0,100.0,Free,0.0,Everyone,Shopping,"May 9, 2017",1.0.1,4.0.3 and up
CB Background - Free HD Wallpaper Images,PERSONALIZATION,4.1,4538.0,3.3,1000000.0,Free,0.0,Everyone,Personalization,"March 24, 2018",3.1.0,4.0 and up
CB NFC Pendant,HEALTH_AND_FITNESS,4.3,0.0,0.8916015625,50.0,Free,0.0,Everyone,Health & Fitness,"October 4, 2017",1.0.2,4.1 and up
WRLP CB Repeater,FAMILY,4.3,14.0,4.9,1000.0,Free,0.0,Teen,Entertainment,"July 21, 2018",1.1.11,2.1 and up
CB Fit,HEALTH_AND_FITNESS,5.0,1.0,7.8,10.0,Free,0.0,Everyone,Health & Fitness,"July 9, 2018",4.2.2,4.1 and up
Minwa HA ( C.B ),HOUSE_AND_HOME,4.3,0.0,5.0,50.0,Free,0.0,Everyone,House & Home,"September 15, 2017",1.0.0,4.1 and up
Channel 19,COMMUNICATION,3.7,916.0,12.0,100000.0,Free,0.0,Mature 17+,Communication,"July 13, 2018",2.2.6,4.1 and up
Citizens Bank - CB Mobile,FINANCE,4.8,6.0,11.0,1000.0,Free,0.0,Everyone,Finance,"August 2, 2018",4.19.62,4.4 and up
CB VIDEO VISION,PHOTOGRAPHY,5.0,13.0,2.6,100.0,Free,0.0,Everyone,Photography,"September 12, 2017",0.0.2,4.1 and up
CB Hair Png - New Hair Png For CB Editing,PHOTOGRAPHY,4.6,26.0,7.2,500.0,Free,0.0,Everyone,Photography,"July 29, 2018",2,4.0 and up
CB STARS,FAMILY,4.3,1.0,1.8,10.0,Free,0.0,Everyone,Education,"December 30, 2017",1.0,1.6 and up
CB Mobile,BUSINESS,4.3,3.0,2.6,100.0,Free,0.0,Everyone,Business,"April 26, 2018",10,4.0 and up
C B Patel Health Club,HEALTH_AND_FITNESS,5.0,5.0,14.0,100.0,Free,0.0,Everyone,Health & Fitness,"July 2, 2018",1.0.1,4.4 and up
CB Trader,FINANCE,4.7,11.0,2.2,1000.0,Free,0.0,Everyone,Finance,"April 11, 2018",1.6.1,4.0 and up
CB TV,FAMILY,4.3,2.0,1.9,100.0,Free,0.0,Teen,Strategy,"September 13, 2016",1.0.0,4.0.3 and up
Football-CB GO Clock Theme,PERSONALIZATION,4.7,26.0,5.6,1000.0,Free,0.0,Everyone,Personalization,"March 3, 2017",1.0.3,4.0.3 and up
CB SmartCAR Monitor,TOOLS,4.3,1.0,0.501953125,10.0,Free,0.0,Everyone,Tools,"July 20, 2017",4.0,4.3 and up
CB News,FAMILY,5.0,7.0,20.0,50.0,Free,0.0,Everyone,Education,"September 10, 2016",1.2.0,4.1 and up
CB Pay,FINANCE,4.5,198.0,11.0,10000.0,Free,0.0,Everyone,Finance,"July 9, 2018",1.8.0,4.4 and up
CB Mobile GA,FINANCE,4.3,1.0,12.0,100.0,Free,0.0,Everyone,Finance,"November 21, 2017",1.9.1,4.1 and up
CB Register,FAMILY,5.0,1.0,5.6,10.0,Free,0.0,Everyone,Entertainment,"June 27, 2018",1.0,4.1 and up
Cádiz CB Gades,SPORTS,4.3,1.0,3.8,10.0,Free,0.0,Everyone,Sports,"August 5, 2018",opciÃ³n de cerrar,4.1 and up
CB Land,BUSINESS,4.3,0.0,6.4,100.0,Free,0.0,Everyone,Business,"March 13, 2018",6.3.5,4.1 and up
Cb browser,COMMUNICATION,5.0,5.0,3.7,50.0,Free,0.0,Everyone,Communication,"April 2, 2018",1.0,4.0 and up
CB Edits PNG & CB Backgrounds,PHOTOGRAPHY,4.2,17.0,3.4,5000.0,Free,0.0,Everyone,Photography,"July 20, 2018",1.0.0,4.1 and up
Antenna Tool,TOOLS,4.2,522.0,2.9,50000.0,Free,0.0,Everyone,Tools,"October 26, 2017",2.2 Free,4.0.3 and up
CB Heroes,SOCIAL,5.0,5.0,1.8,5.0,Free,0.0,Everyone,Social,"August 4, 2018",1.2.4,5.0 and up
CD Library,PRODUCTIVITY,3.9,44.0,3.3,10000.0,Free,0.0,Everyone,Productivity,"February 18, 2017",5.7.2,2.1 and up
Sonic CD Classic,GAME,4.6,26138.0,15.0,1000000.0,Free,0.0,Everyone,Action,"February 14, 2018",1.0.2,4.2 and up
ARK: Survival Evolved,GAME,3.8,51523.0,36.0,500000.0,Free,0.0,Teen,Adventure,"August 2, 2018",1.0.90,7.0 and up
APagri CD,PRODUCTIVITY,4.3,5.0,13.0,10.0,Free,0.0,Everyone,Productivity,"May 26, 2018",Varies with device,Varies with device
Design innovation CD Cassette,LIFESTYLE,4.3,5.0,8.3,500.0,Free,0.0,Everyone,Lifestyle,"February 6, 2017",1.0,2.3 and up
DIY Crafts Cds,LIFESTYLE,4.0,209.0,3.1,50000.0,Free,0.0,Everyone,Lifestyle,"January 24, 2017",3.0,3.0 and up
CD Events,BUSINESS,4.3,1.0,9.5,100.0,Free,0.0,Everyone,Business,"March 27, 2015",0.9.0,2.3.3 and up
PRIMATURE.CD,NEWS_AND_MAGAZINES,4.3,6.0,4.8,100.0,Free,0.0,Everyone,News & Magazines,"October 30, 2017",6.3.7.1,4.1 and up
CD Roma's,BUSINESS,4.3,2.0,6.7,100.0,Free,0.0,Everyone,Business,"June 4, 2015",2.00.0.3,4.0.3 and up
CD Ready,BUSINESS,4.6,52.0,13.0,1000.0,Free,0.0,Everyone,Business,"February 2, 2017",6.3.3,4.0 and up
INTERKINOIS.CD,NEWS_AND_MAGAZINES,4.3,1.0,1.5,5.0,Free,0.0,Everyone,News & Magazines,"June 9, 2018",1.0,4.0.3 and up
CD Live - Club del Deportista,LIFESTYLE,4.3,8.0,9.2,500.0,Free,0.0,Everyone,Lifestyle,"June 12, 2018",4.1,4.1 and up
Creative CD Letter Holder,LIFESTYLE,4.3,0.0,13.0,10.0,Free,0.0,Everyone,Lifestyle,"November 15, 2017",7.1,4.0 and up
CD CHOICE TUBE,FAMILY,5.0,10.0,5.8,500.0,Free,0.0,Everyone,Entertainment,"July 23, 2017",0.0.4,4.1 and up
CD View Lite,TOOLS,4.3,2.0,20.0,100.0,Free,0.0,Everyone,Tools,"February 2, 2018",1.0.180202,4.1 and up
Best Design CD Ideas,LIFESTYLE,4.3,0.0,13.0,10.0,Free,0.0,Everyone,Lifestyle,"April 18, 2018",1.0.0,4.0.3 and up
CD Carpe Diem App,FAMILY,4.3,17.0,27.0,100.0,Free,0.0,Everyone,Education,"July 18, 2018",2,4.1 and up
Yazdani Cd Center EllahAbad Official App,FAMILY,5.0,8.0,3.8,500.0,Free,0.0,Everyone,Entertainment,"January 12, 2018",2.0,4.0 and up
CD JUANITO,SPORTS,4.3,6.0,16.0,500.0,Free,0.0,Everyone,Sports,"October 26, 2017",6.0,4.1 and up
CD Music,LIBRARIES_AND_DEMO,4.3,1.0,2.3,100.0,Free,0.0,Everyone,Libraries & Demo,"March 30, 2018",1.0,4.4 and up
DIY cd rom ideas,LIFESTYLE,4.3,5.0,12.0,500.0,Free,0.0,Everyone,Lifestyle,"October 17, 2016",1.0,2.3.3 and up
Easy DIY CD Craft Ideas,ART_AND_DESIGN,4.3,7.0,5.6,5000.0,Free,0.0,Everyone,Art & Design,"May 30, 2018",1.0,2.3 and up
Kiosque CD,TRAVEL_AND_LOCAL,4.3,0.0,22.0,5.0,Free,0.0,Everyone,Travel & Local,"June 18, 2018",4.6.2201,4.3 and up
CD-Zing,BUSINESS,3.8,70.0,13.0,1000.0,Free,0.0,Everyone,Business,"October 26, 2016",6.2.7,4.0 and up
Nero AirBurn,VIDEO_PLAYERS,4.2,1008.0,1.7,100000.0,Free,0.0,Everyone,Video Players & Editors,"June 26, 2015",1.0.9,4.0 and up
CD COMET,MAPS_AND_NAVIGATION,4.3,12.0,2.6,100.0,Free,0.0,Everyone,Maps & Navigation,"August 4, 2018",4.0,4.1 and up
DIY Recycled CD Wall Art,LIFESTYLE,4.3,3.0,7.9,1000.0,Free,0.0,Everyone,Lifestyle,"December 14, 2016",1.0,2.3 and up
CD View,TOOLS,4.3,0.0,20.0,500.0,Free,0.0,Everyone,Tools,"February 6, 2018",1.0.180206,4.1 and up
US 115th CD,TRAVEL_AND_LOCAL,4.3,0.0,5.7,5.0,Free,0.0,Everyone,Travel & Local,"November 3, 2017",106,4.0.3 and up
STADE.CD,NEWS_AND_MAGAZINES,4.3,0.0,1.7,5.0,Free,0.0,Everyone,News & Magazines,"June 9, 2018",1.0,4.0.3 and up
OBJECTIFINFOS.CD,NEWS_AND_MAGAZINES,4.3,2.0,4.2,50.0,Free,0.0,Everyone,News & Magazines,"May 23, 2018",1.1,4.1 and up
DIY CD Craft Ideas,LIFESTYLE,4.4,5.0,4.6,1000.0,Free,0.0,Everyone,Lifestyle,"January 14, 2017",1.0,2.3 and up
CD Padel Mora,SPORTS,4.3,1.0,7.2,50.0,Free,0.0,Everyone,Sports,"June 14, 2018",7.3,4.0 and up
Diligan CD VR,MEDICAL,4.3,1.0,46.0,50.0,Free,0.0,Everyone,Medical,"May 21, 2018",1.0,4.4 and up
CD Supply,BUSINESS,4.3,0.0,14.0,5.0,Free,0.0,Mature 17+,Business,"May 28, 2018",2.3.2,5.0 and up
Music Collector Inventory Organizer UPC Discogs,LIFESTYLE,3.5,155.0,12.0,10000.0,Free,0.0,Everyone,Lifestyle,"October 13, 2017",3.1,4.1 and up
CE on the go,TOOLS,4.4,79.0,3.7,10000.0,Free,0.0,Everyone,Tools,"February 15, 2018",1.283.0037,2.3.3 and up
CE Broker,FAMILY,3.7,190.0,12.0,10000.0,Free,0.0,Everyone,Education,"March 22, 2017",2.2.0,4.4 and up
CE Smart,TOOLS,5.0,3.0,29.0,100.0,Free,0.0,Everyone,Tools,"May 28, 2018",2.2.0,4.1 and up
CEHQ - CE Credits for Nurses,FAMILY,4.5,12.0,4.0,1000.0,Free,0.0,Everyone,Education,"May 25, 2018",3.0.18,5.0 and up
CE SmartApp.com,BUSINESS,4.3,0.0,42.0,100.0,Free,0.0,Everyone,Business,"March 16, 2018",102.0.875,4.2 and up
Professor Online SEDUC-CE,FAMILY,4.1,188.0,4.6,10000.0,Free,0.0,Everyone,Education,"July 6, 2018",1.3,4.1 and up
ABAI CE Scanner,FAMILY,4.3,0.0,4.3,1000.0,Free,0.0,Everyone,Education,"January 23, 2018",1.3,4.1 and up
C-E Federal Credit Union,FINANCE,4.3,1.0,2.8,500.0,Free,0.0,Everyone,Finance,"March 23, 2018",3.0.6,4.1 and up
Ultra CE calculator,SPORTS,4.2,28.0,7.3,1000.0,Free,0.0,Everyone,Sports,"June 17, 2018",1.52,4.0.3 and up
Shiver: Moonlit Grove CE,FAMILY,4.1,3433.0,23.0,50000.0,Free,0.0,Everyone 10+,Casual,"March 14, 2016",1.1.0,2.3.3 and up
Beast of Lycan Isle CE,FAMILY,4.1,2683.0,20.0,50000.0,Free,0.0,Everyone 10+,Casual,"January 23, 2014",1.0,2.3 and up
QUI EST CE ?,FAMILY,4.3,7.0,5.4,1000.0,Free,0.0,Everyone,Puzzle,"October 11, 2015",1.0,2.2 and up
Volvo CE Insider,BUSINESS,4.2,45.0,24.0,1000.0,Free,0.0,Everyone,Business,"March 16, 2018",1.15.5,4.0.3 and up
Grim Tales: The Wishes CE,GAME,4.3,4923.0,20.0,100000.0,Free,0.0,Everyone 10+,Adventure,"August 26, 2015",1.0.0,2.3.3 and up
MCQ CE IT,FAMILY,5.0,22.0,3.6,1000.0,Free,0.0,Everyone,Education,"November 7, 2017",2.0,4.4 and up
Placement Tips for BE (CE/IT),FAMILY,4.4,7.0,6.3,500.0,Free,0.0,Everyone,Education,"June 24, 2016",1.4,4.0 and up
NetApp CE,BUSINESS,4.3,0.0,21.0,100.0,Free,0.0,Everyone,Business,"February 27, 2018",v6.6.0,5.0 and up
Merck CE,BUSINESS,4.5,2.0,25.0,100.0,Free,0.0,Everyone,Business,"February 13, 2017",1.0,4.1 and up
CE-STRONG,FAMILY,4.3,0.0,16.0,100.0,Free,0.0,Everyone,Education,"June 17, 2016",1.0.4,4.0 and up
Qu'est ce qui est jaune et qui attend ?,FAMILY,4.3,10.0,3.0,500.0,Free,0.0,Everyone,Entertainment,"July 13, 2017",1.1 (j'sais pas),4.4 and up
CE-SETRAM l’Appli,LIBRARIES_AND_DEMO,4.3,0.0,2.6,100.0,Free,0.0,Everyone,Libraries & Demo,"December 5, 2017",1.1.8,4.0.3 and up
CE KISIO,LIFESTYLE,4.3,1.0,24.0,100.0,Free,0.0,Everyone,Lifestyle,"February 5, 2018",1.0.1,4.1 and up
Ceasa CE,TOOLS,4.3,0.0,4.0,50.0,Free,0.0,Everyone,Tools,"June 13, 2018",1.0,4.0 and up
CE HPJM 69,NEWS_AND_MAGAZINES,4.3,2.0,22.0,50.0,Free,0.0,Everyone,News & Magazines,"November 9, 2017",1.0,4.1 and up
CE SODEXO PASS FRANCE,PRODUCTIVITY,4.3,0.0,21.0,50.0,Free,0.0,Everyone,Productivity,"June 6, 2018",2.3,4.1 and up
CE AH VLJ,TRAVEL_AND_LOCAL,4.3,1.0,18.0,1000.0,Free,0.0,Everyone,Travel & Local,"November 9, 2017",1.4,4.1 and up
ACCEPT CE MARKING,PRODUCTIVITY,4.3,0.0,30.0,10.0,Free,0.0,Everyone,Productivity,"June 28, 2018",1.0,4.1 and up
CE AR LOG,LIFESTYLE,4.3,0.0,23.0,1.0,Free,0.0,Everyone,Lifestyle,"July 11, 2018",1.0.1,4.1 and up
CE Airbus,LIFESTYLE,4.3,0.0,13.0,100.0,Free,0.0,Everyone,Lifestyle,"April 24, 2018",Varies with device,Varies with device
CE Intelligence,BUSINESS,4.3,0.0,10.0,5.0,Free,0.0,Everyone,Business,"November 15, 2016",1.1,4.0 and up
CF.lumen,TOOLS,4.4,4901.0,1.9,100000.0,Free,0.0,Everyone,Tools,"February 9, 2017",3.70,5.0 and up
CF Life,FAMILY,5.0,4.0,8.3,100.0,Free,0.0,Everyone,Education,"June 27, 2018",3.8.0,4.1 and up
CF-Bench,TOOLS,4.4,2132.0,0.1005859375,100000.0,Free,0.0,Everyone,Tools,"July 3, 2013",1.3,2.1 and up
Unity CF,LIFESTYLE,5.0,5.0,8.3,100.0,Free,0.0,Everyone,Lifestyle,"April 12, 2016",1.0,4.0.3 and up
Overcomers CF - GA,LIFESTYLE,5.0,7.0,11.0,100.0,Free,0.0,Everyone,Lifestyle,"March 20, 2017",1.1,4.1 and up
Themes DAF CF 85 Trucks,PERSONALIZATION,4.3,2.0,17.0,100.0,Free,0.0,Teen,Personalization,"June 9, 2016",1.0,2.3.3 and up
CF Invest,FINANCE,4.4,11.0,4.6,500.0,Free,0.0,Everyone,Finance,"February 2, 2018",1.20,4.1 and up
Team CF,LIFESTYLE,4.3,0.0,3.0,100.0,Free,0.0,Everyone,Lifestyle,"June 7, 2018",3.9.9.2,2.3 and up
CF PD,FINANCE,4.3,4.0,2.7,100.0,Free,0.0,Everyone,Finance,"March 28, 2018",1.10,4.1 and up
Themes DAF CF Trucks,PERSONALIZATION,4.3,2.0,15.0,100.0,Free,0.0,Teen,Personalization,"June 9, 2016",1.0,2.3.3 and up
Wallpapers DAF CF Trucks,PERSONALIZATION,4.3,1.0,13.0,100.0,Free,0.0,Teen,Personalization,"June 13, 2016",1.0,2.3.3 and up
Wallpapers DAF CF 85 Trucks,PERSONALIZATION,4.3,0.0,16.0,10.0,Free,0.0,Teen,Personalization,"April 29, 2017",1.0,4.1 and up
CF,FINANCE,5.0,2.0,2.0,100.0,Free,0.0,Everyone,Finance,"March 30, 2016",1.1,4.0 and up
Wallpapers Truck DAF CF,PERSONALIZATION,4.3,19.0,11.0,1000.0,Free,0.0,Everyone,Personalization,"June 27, 2016",1.0,2.3.3 and up
CF cal,TOOLS,4.3,123.0,2.9,10000.0,Free,0.0,Everyone,Tools,"February 9, 2016",1.0.6,4.0 and up
CF GeneE,MEDICAL,4.3,16.0,40.0,1000.0,Free,0.0,Everyone,Medical,"May 31, 2018",5.0.0,4.0 and up
Themes DAF CF 85,PERSONALIZATION,4.3,3.0,14.0,100.0,Free,0.0,Teen,Personalization,"May 13, 2016",1.0,2.3.3 and up
CF SPOT,HEALTH_AND_FITNESS,4.3,0.0,9.7,100.0,Free,0.0,Everyone,Health & Fitness,"July 9, 2018",4.2.2,4.1 and up
CF Talenti,HEALTH_AND_FITNESS,4.3,4.0,7.8,100.0,Free,0.0,Everyone,Health & Fitness,"July 9, 2018",4.2.2,4.1 and up
Villarreal CF Wallpapers 4 Fans,LIFESTYLE,4.3,2.0,3.2,50.0,Free,0.0,Everyone,Lifestyle,"May 22, 2018",1.0,4.0 and up
Valencia CF Wallpapers 4 Fans,LIFESTYLE,4.3,4.0,3.1,100.0,Free,0.0,Everyone,Lifestyle,"May 22, 2018",1.0,4.0 and up
Cacique CF,SPORTS,4.3,19.0,3.5,100.0,Free,0.0,Everyone,Sports,"October 10, 2016",01e,4.0.3 and up
CF Townsville,HEALTH_AND_FITNESS,5.0,4.0,14.0,100.0,Free,0.0,Everyone,Health & Fitness,"July 9, 2018",4.2.2,4.1 and up
CF Church,FAMILY,4.3,1.0,8.7,50.0,Free,0.0,Teen,Education,"June 26, 2018",3.8.0,4.1 and up
CF Etowah,HEALTH_AND_FITNESS,4.3,0.0,8.8,100.0,Free,0.0,Everyone,Health & Fitness,"July 9, 2018",4.2.2,4.1 and up
"Cystic Fibrosis Symptoms, Doctors & Treatments",HEALTH_AND_FITNESS,4.7,6.0,9.7,100.0,Free,0.0,Teen,Health & Fitness,"April 24, 2018",1.0.7,5.0 and up
Málaga CF Wallpapers 4 Fans,LIFESTYLE,4.3,2.0,3.1,10.0,Free,0.0,Everyone,Lifestyle,"May 22, 2018",1.0,4.0 and up
Cluster CF,SPORTS,4.3,10.0,3.2,100.0,Free,0.0,Everyone,Sports,"July 15, 2018",4.11,4.1 and up
CF Themis,HEALTH_AND_FITNESS,4.3,0.0,8.5,100.0,Free,0.0,Everyone,Health & Fitness,"July 12, 2018",3.1.2,4.1 and up
Imperium CF,SPORTS,4.3,9.0,3.5,500.0,Free,0.0,Everyone,Sports,"March 22, 2017",01e,4.0.3 and up
Azulones Getafe CF Fans,SPORTS,4.3,4.0,7.8,100.0,Free,0.0,Teen,Sports,"March 25, 2017",2.3.11,2.3.3 and up
CF Riga,HEALTH_AND_FITNESS,4.3,12.0,11.0,100.0,Free,0.0,Everyone,Health & Fitness,"July 9, 2018",4.2.2,4.1 and up
Casa CF,HEALTH_AND_FITNESS,4.7,12.0,6.3,500.0,Free,0.0,Everyone,Health & Fitness,"July 12, 2018",3.1.2,4.1 and up
CampGladiator,HEALTH_AND_FITNESS,3.5,293.0,19.0,50000.0,Free,0.0,Everyone,Health & Fitness,"July 20, 2018",2.4.43,4.1 and up
CG Creative Sets: 2D/3D Artist,NEWS_AND_MAGAZINES,4.3,117.0,5.0,10000.0,Free,0.0,Everyone,News & Magazines,"June 22, 2016",3.1,4.0.3 and up
CG Daily News,NEWS_AND_MAGAZINES,4.3,65.0,3.5,10000.0,Free,0.0,Everyone,News & Magazines,"April 29, 2018",8.2,4.0.3 and up
CG - Calendars Add-On,PRODUCTIVITY,3.6,49.0,2.3,5000.0,Free,0.0,Everyone 10+,Productivity,"July 29, 2015",1.0.1,4.0 and up
All Info about Cg,FAMILY,4.7,15.0,4.1,1000.0,Free,0.0,Teen,Education,"November 10, 2017",7.4,2.3 and up
cg guruji,FAMILY,4.5,170.0,4.1,10000.0,Free,0.0,Everyone,Education,"November 14, 2017",7.2,2.3 and up
CG Yojna & Jansampark,FAMILY,4.0,54.0,4.1,5000.0,Free,0.0,Teen,Education,"September 12, 2017",7.2,2.3 and up
Offline Jízdní řády CG Transit,MAPS_AND_NAVIGATION,4.6,7314.0,7.0,100000.0,Free,0.0,Everyone,Maps & Navigation,"September 7, 2017",3.1.4,4.0 and up
CG Prints,PHOTOGRAPHY,5.0,1.0,2.3,100.0,Free,0.0,Everyone,Photography,"January 24, 2017",1.0.5,4.3 and up
CG Job Alerts,FAMILY,4.2,116.0,4.1,10000.0,Free,0.0,Everyone,Education,"September 11, 2017",7.2,2.3 and up
CG - Conference Call Add-On,PRODUCTIVITY,4.3,6.0,1.1,1000.0,Free,0.0,Everyone,Productivity,"August 2, 2018",1.2,4.0 and up
Somos CG,PRODUCTIVITY,4.3,2.0,18.0,100.0,Free,0.0,Everyone,Productivity,"April 26, 2018",1.2.0,4.1 and up
CG Samanya Gyan,FAMILY,4.2,145.0,4.1,10000.0,Free,0.0,Teen,Education,"September 12, 2017",7.2,2.3 and up
CG Smart,SPORTS,4.3,2.0,1.5,100.0,Free,0.0,Everyone,Sports,"August 12, 2016",1.4,4.0.3 and up
CG Freelancer,NEWS_AND_MAGAZINES,4.7,10.0,2.3,1000.0,Free,0.0,Everyone,News & Magazines,"July 30, 2014",2.0.1,4.1 and up
CG Wallpapers,FAMILY,4.5,11.0,3.5,500.0,Free,0.0,Mature 17+,Entertainment,"June 19, 2018",12.1,4.0.3 and up
Best CG Backgrounds,FAMILY,3.6,8.0,3.7,500.0,Free,0.0,Everyone,Entertainment,"May 20, 2018",8.0,4.0.3 and up
CG Districts,SOCIAL,3.8,14.0,13.0,1000.0,Free,0.0,Everyone,Social,"May 3, 2018",Varies with device,Varies with device
Amazing CG Backgrounds,FAMILY,4.2,34.0,4.0,1000.0,Free,0.0,Everyone,Entertainment,"May 17, 2018",9.0,4.0.3 and up
CG BILASPUR CARNIVAL,EVENTS,3.8,59.0,1.8,5000.0,Free,0.0,Everyone,Events,"April 11, 2018",1.5,4.0 and up
Chat Anónimo Gratis Español CG,DATING,3.5,69.0,4.0,5000.0,Free,0.0,Everyone,Dating,"July 10, 2017",1.0.2,2.3 and up
CG Shikshak Mitan,TOOLS,4.1,295.0,3.8,50000.0,Free,0.0,Everyone,Tools,"March 5, 2018",1.1,5.0 and up
CG 3D Model Viewer: view 3D models interactively,TOOLS,4.3,0.0,10.0,100.0,Free,0.0,Everyone,Tools,"July 26, 2018",1.0.4.91,4.4 and up
CG Wizard,TOOLS,4.3,6.0,1.3,100.0,Free,0.0,Everyone,Tools,"May 22, 2018",1.6d,5.0 and up
CG FM,FAMILY,5.0,2.0,6.6,500.0,Free,0.0,Everyone,Entertainment,"January 31, 2018",1.0.9,4.1 and up
ASCP® CG Exam Flashcards 2018,FAMILY,4.3,0.0,4.1,100.0,Free,0.0,Everyone,Education,"June 13, 2017",1.0,4.3 and up
Best CG views,FAMILY,4.2,4.0,2.5,100.0,Free,0.0,Teen,Entertainment,"June 24, 2015",5.1,3.0 and up
Bhunaksha CG,TOOLS,4.1,67.0,4.1,10000.0,Free,0.0,Everyone,Tools,"May 7, 2018",1.0.0,4.1 and up
My CG,PRODUCTIVITY,4.3,0.0,13.0,10.0,Free,0.0,Teen,Productivity,"August 2, 2018",Varies with device,Varies with device
Best CG Photography,FAMILY,4.3,1.0,2.5,500.0,Free,0.0,Unrated,Entertainment,"June 24, 2015",5.2,3.0 and up
BF CG View Wallpapers,FAMILY,3.6,13.0,2.5,1000.0,Free,0.0,Teen,Entertainment,"June 19, 2015",3.0,3.0 and up
CG Sanyukt Bharti Pariksha 2018,FAMILY,4.3,14.0,4.3,1000.0,Free,0.0,Teen,Education,"January 10, 2018",7.4,2.3 and up
Betting Tips / Sports Tips by CG Tipster,SPORTS,4.1,315.0,7.7,10000.0,Free,0.0,Everyone,Sports,"July 18, 2018",6.95,4.4 and up
CG Shikshak,FAMILY,4.4,211.0,6.8,10000.0,Free,0.0,Everyone,Education,"July 5, 2016",2.0,4.0.3 and up
CG Vidhansabha Chunav 2018,NEWS_AND_MAGAZINES,4.3,0.0,3.4,100.0,Free,0.0,Teen,News & Magazines,"April 12, 2018",8.1,4.0.3 and up
gps tracker cg,TOOLS,4.3,0.0,1.4,50.0,Free,0.0,Everyone,Tools,"May 27, 2017",1.0,4.1 and up
CG Backgrounds,FAMILY,4.0,8.0,3.6,500.0,Free,0.0,Everyone,Entertainment,"June 19, 2018",8.1,4.0.3 and up
CG - Chemistry free,FAMILY,5.0,7.0,2.3,1000.0,Free,0.0,Everyone,Education,"May 25, 2018",1.0,4.0.3 and up
CG Jobs,FAMILY,5.0,8.0,14.0,10.0,Free,0.0,Everyone,Education,"August 1, 2018",1.1,4.2 and up
CG Patwari Exam,FAMILY,3.8,28.0,4.1,1000.0,Free,0.0,Teen,Education,"October 23, 2017",7.2,2.3 and up
Naidunia: MP News & CG News,NEWS_AND_MAGAZINES,4.3,2746.0,8.7,100000.0,Free,0.0,Everyone,News & Magazines,"April 9, 2018",3.2,4.1 and up
BF CG Abstract Pictures,FAMILY,4.7,6.0,2.5,1000.0,Free,0.0,Teen,Entertainment,"June 19, 2015",2.7,3.0 and up
Bhuiyan Land Records Chhattisgarh (CG),NEWS_AND_MAGAZINES,4.5,12.0,2.9,5000.0,Free,0.0,Everyone,News & Magazines,"February 3, 2018",1.1,4.1 and up
CG JOKES - Copy & Share,FAMILY,4.4,31.0,4.3,1000.0,Free,0.0,Everyone,Entertainment,"June 3, 2018",1.1,4.0 and up
20 minutes (CH),NEWS_AND_MAGAZINES,3.7,4379.0,13.0,1000000.0,Free,0.0,Teen,News & Magazines,"August 3, 2018",Varies with device,Varies with device
"OurHome – chores, rewards, groceries and calendar",FAMILY,4.3,3146.0,13.0,100000.0,Free,0.0,Everyone,Lifestyle;Education,"January 31, 2018",3.13.2,4.1 and up
CH info,NEWS_AND_MAGAZINES,3.9,45.0,15.0,5000.0,Free,0.0,Everyone,News & Magazines,"February 20, 2018",6.0.0.12,4.4 and up
Flo's CH Boss Timer,FAMILY,3.5,163.0,3.4,1000.0,Free,0.0,Everyone,Role Playing,"March 27, 2017",1.2,4.0.3 and up
20 Minuten (CH),NEWS_AND_MAGAZINES,3.5,14153.0,13.0,1000000.0,Free,0.0,Everyone 10+,News & Magazines,"August 3, 2018",Varies with device,Varies with device
Calvary.ch App,LIFESTYLE,4.4,10.0,7.7,500.0,Free,0.0,Teen,Lifestyle,"June 25, 2018",3.8.0,4.1 and up
autolina.ch has over 120'000 cars on offer.,AUTO_AND_VEHICLES,4.2,25.0,6.5,10000.0,Free,0.0,Everyone,Auto & Vehicles,"August 2, 2017",1.02,4.2 and up
Digi-TV.ch,SOCIAL,4.3,62.0,25.0,10000.0,Free,0.0,Teen,Social,"May 3, 2018",7.1.29,4.2 and up
retteMi.ch,COMMUNICATION,4.3,31.0,13.0,5000.0,Free,0.0,Everyone,Communication,"April 28, 2018",Varies with device,Varies with device
Chrome Canary (Unstable),PRODUCTIVITY,4.3,21866.0,13.0,1000000.0,Free,0.0,Everyone,Productivity,"August 4, 2018",70.0.3512.0,Varies with device
waut.ch!,FAMILY,4.5,10.0,2.5,100.0,Free,0.0,Everyone,Educational,"June 30, 2018",fcbd82b2-dd5b-41d2-af62-432271c42921,2.0 and up
search.ch,TRAVEL_AND_LOCAL,4.4,11514.0,2.2,500000.0,Free,0.0,Everyone,Travel & Local,"March 29, 2018",5.5,4.0 and up
homegate.ch,HOUSE_AND_HOME,4.2,2543.0,4.6,100000.0,Free,0.0,Everyone,House & Home,"July 27, 2018",8.4.2,5.0 and up
tutti.ch - Free Classifieds,SHOPPING,4.4,9950.0,15.0,500000.0,Free,0.0,Everyone,Shopping,"July 18, 2018",3.7.1,4.1 and up
Legit Check App by Ch Daniel,LIFESTYLE,4.9,66.0,8.1,1000.0,Free,0.0,Everyone,Lifestyle,"July 18, 2018",1.0,4.1 and up
swissinfo.ch,NEWS_AND_MAGAZINES,3.9,271.0,9.6,50000.0,Free,0.0,Everyone 10+,News & Magazines,"July 18, 2018",3.3.0,4.4 and up
Students.ch,SOCIAL,4.3,5.0,13.0,1000.0,Free,0.0,Teen,Social,"June 11, 2018",1.0.12,4.0 and up
CH Kadels,BUSINESS,4.4,36.0,10.0,1000.0,Free,0.0,Everyone,Business,"March 26, 2018",1.0.2,4.1 and up
Sermon on Proverbs CH Spurgeon,GAME,4.8,35.0,3.1,10000.0,Free,0.0,Everyone,Trivia,"July 29, 2016",1.0.0,4.0 and up
ricardo.ch,SHOPPING,4.0,13232.0,27.0,500000.0,Free,0.0,Everyone,Shopping,"July 21, 2018",7.5.1,4.1 and up
usgang.ch,LIFESTYLE,3.7,492.0,13.0,100000.0,Free,0.0,Everyone 10+,Lifestyle,"June 11, 2018",3.0.7,4.1 and up
"Startupticker.ch News, Events",NEWS_AND_MAGAZINES,5.0,4.0,10.0,100.0,Free,0.0,Everyone,News & Magazines,"July 23, 2018",2.0.0,4.4 and up
Green Build - An unofficial Travis CI client,TOOLS,3.9,7.0,3.2,100.0,Free,0.0,Everyone,Tools,"June 6, 2018",1.2.1,5.0 and up
mySharpBranded CI Test,TOOLS,4.3,0.0,0.876953125,1.0,Free,0.0,Everyone,Tools,"October 4, 2017",1.0.7,4.2 and up
Valmet CI Tool,BUSINESS,4.3,1.0,3.7,500.0,Free,0.0,Everyone,Business,"March 13, 2018",0.0.6,4.0 and up
CI Remote for Go,PRODUCTIVITY,4.6,20.0,13.0,100.0,Free,0.0,Everyone,Productivity,"July 2, 2018",Varies with device,Varies with device
CI MOBI,FAMILY,4.3,108.0,42.0,5000.0,Free,0.0,Everyone,Education,"October 7, 2017",1.2.1,4.0 and up
Supply Travis-CI POC,LIBRARIES_AND_DEMO,4.3,0.0,1.2,10.0,Free,0.0,Everyone,Libraries & Demo,"July 20, 2016",1.0.7,4.0.3 and up
CI Crew,FAMILY,4.3,1.0,30.0,100.0,Free,0.0,Everyone,Entertainment,"March 8, 2018",0.7,2.3.3 and up
Pharmacy CI - Pharmacies de garde Côte d'Ivoire,HEALTH_AND_FITNESS,4.5,5509.0,3.2,100000.0,Free,0.0,Everyone,Health & Fitness,"July 3, 2018",4.7.0 Phoenix,4.0.3 and up
CI Staff App,LIFESTYLE,4.3,0.0,10.0,10.0,Free,0.0,Everyone,Lifestyle,"October 4, 2017",1.0.7,4.1 and up
IQ Test,PRODUCTIVITY,4.2,1623.0,1.8,100000.0,Free,0.0,Everyone,Productivity,"March 6, 2018",1.8,2.3 and up
1st Fed CI Mobile Banking,FINANCE,4.3,0.0,31.0,500.0,Free,0.0,Everyone,Finance,"September 29, 2016",6.0.0.1775,4.1 and up
CI Dictionary,FAMILY,4.6,31.0,3.2,1000.0,Free,0.0,Everyone,Education,"September 1, 2015",1.0,4.0.3 and up
RGN CI-Control,BUSINESS,4.3,0.0,6.0,50.0,Free,0.0,Everyone,Business,"May 28, 2018",1.2,4.1 and up
CI Time,PRODUCTIVITY,4.3,4.0,2.5,100.0,Free,0.0,Everyone,Productivity,"March 17, 2017",1.2.392,4.0 and up
CI View,BUSINESS,4.3,2.0,9.9,100.0,Free,0.0,Everyone,Business,"April 19, 2017",2.9,4.1 and up
Ci - Logistics Group,BUSINESS,4.3,1.0,10.0,50.0,Free,0.0,Everyone,Business,"March 4, 2015",1.0.0,4.0 and up
Annonces.ci,SHOPPING,4.3,14.0,5.2,1000.0,Free,0.0,Everyone,Shopping,"April 5, 2016",1.0.3,3.0 and up
C I Patel School,FAMILY,4.1,101.0,5.1,1000.0,Free,0.0,Everyone,Education,"March 10, 2017",1.3,4.0 and up
CI Screwed - Icon Pack,PERSONALIZATION,4.7,19.0,6.4,1000.0,Free,0.0,Everyone,Personalization,"June 30, 2016",1.5,4.0.3 and up
CI Stream,VIDEO_PLAYERS,4.3,0.0,14.0,10.0,Free,0.0,Everyone,Video Players & Editors,"July 12, 2018",1.0,4.4 and up
Majestic Cinema CI,BUSINESS,4.3,45.0,15.0,5000.0,Free,0.0,Everyone,Business,"November 23, 2017",1.2.0,4.0 and up
Bonjour 2017 Abidjan CI ❤❤❤❤❤,FAMILY,4.3,235.0,3.3,10000.0,Free,0.0,Everyone,Entertainment,"February 16, 2017",1.0.2.0,2.0 and up
Pharmacie de Garde CI et Prix,HEALTH_AND_FITNESS,4.4,2599.0,6.9,100000.0,Free,0.0,Mature 17+,Health & Fitness,"January 9, 2018",3.0.5.0,2.0 and up
CI Capital - Dynamic,FINANCE,4.8,4.0,5.1,50.0,Free,0.0,Everyone,Finance,"May 23, 2018",1.0.17.0423,5.0 and up
CI SA,BUSINESS,4.3,0.0,10.0,10.0,Free,0.0,Everyone,Business,"June 11, 2018",1.0.2,4.1 and up
Mesure CI,TOOLS,4.3,9.0,6.6,500.0,Free,0.0,Everyone,Tools,"October 4, 2016",1.0.1,4.0 and up
Trovami se ci riesci,GAME,5.0,11.0,6.1,10.0,Free,0.0,Everyone,Arcade,"March 11, 2017",0.1,2.3 and up
CircleCI Viewer,PRODUCTIVITY,4.6,16.0,3.2,1000.0,Free,0.0,Everyone,Productivity,"August 23, 2017",1.3.2,4.4 and up
Nur təfsiri 1-ci cild,LIBRARIES_AND_DEMO,5.0,15.0,1.4,1000.0,Free,0.0,Everyone,Libraries & Demo,"April 27, 2017",1.0,1.6 and up
Calculate My IQ,FAMILY,4.3,44.0,7.2,10000.0,Free,0.0,Everyone,Entertainment,"April 3, 2017",Varies with device,2.3 and up
CI CAFETERIAS UBER,PRODUCTIVITY,4.3,0.0,2.8,100.0,Free,0.0,Everyone,Productivity,"June 11, 2018",18.6.5,4.4 and up
Mizanul-Hikmət 2-ci cild,LIBRARIES_AND_DEMO,4.3,16.0,0.7255859375,1000.0,Free,0.0,Everyone,Libraries & Demo,"January 4, 2017",1.0,1.6 and up
CJ SO COOL,FAMILY,4.5,145.0,14.0,10000.0,Free,0.0,Everyone,Entertainment,"July 11, 2018",1.0,4.2 and up
CJ: Strike Back,GAME,4.3,29330.0,6.9,1000000.0,Free,0.0,Everyone,Action,"August 17, 2012",1.0.9,2.0.1 and up
CJ Gospel Hour,SOCIAL,5.0,7.0,18.0,100.0,Free,0.0,Everyone,Social,"July 25, 2018",1.0,4.4 and up
CJ's Tire & Automotive,AUTO_AND_VEHICLES,4.0,5.0,34.0,1000.0,Free,0.0,Everyone,Auto & Vehicles,"July 30, 2018",2.8,2.3.3 and up
CJ Camcorder,VIDEO_PLAYERS,4.7,3.0,2.8,500.0,Free,0.0,Everyone,Video Players & Editors,"November 26, 2017",1.0,4.0 and up
CJ'S TIRE AND AUTO INC.,PRODUCTIVITY,5.0,5.0,11.0,100.0,Free,0.0,Everyone,Productivity,"May 30, 2018",1.0.1,4.1 and up
CJ Browser - Fast & Private,COMMUNICATION,4.2,5.0,15.0,100.0,Free,0.0,Everyone,Communication,"November 7, 2017",1.0,4.0 and up
CJ WOW SHOP,SHOPPING,4.2,2099.0,4.0,100000.0,Free,0.0,Everyone,Shopping,"December 23, 2017",1.1.1,4.0.3 and up
CJ VLC HD Remote (+ Stream),VIDEO_PLAYERS,4.2,4074.0,1.3,500000.0,Free,0.0,Everyone,Video Players & Editors,"November 13, 2013",1.2.4,2.1 and up
CJ Poker Odds Calculator,GAME,4.1,207.0,0.11328125,50000.0,Free,0.0,Everyone,Card,"January 30, 2011",1.2,1.6 and up
CJ Apps,BUSINESS,4.3,0.0,24.0,10.0,Free,0.0,Everyone,Business,"April 10, 2018",2.1,4.1 and up
The CJ Rubric,HEALTH_AND_FITNESS,5.0,5.0,43.0,100.0,Free,0.0,Everyone,Health & Fitness,"December 5, 2017",The CJ Rubric 7.12.0,4.1 and up
Pekalongan CJ,SOCIAL,4.3,0.0,5.9,0.0,Free,0.0,Teen,Social,"July 21, 2018",0.0.1,4.4 and up
CJ's Coffee Cafe,TRAVEL_AND_LOCAL,5.0,6.0,2.4,500.0,Free,0.0,Everyone,Travel & Local,"August 21, 2017",7.5.0,4.0.3 and up
Codes for GTA San Andreas,FAMILY,3.8,12414.0,13.0,1000000.0,Free,0.0,Everyone,Entertainment,"August 4, 2017",1.0.0,4.1 and up
CJ Wilson's ZoomZoomnation,PRODUCTIVITY,4.0,4.0,8.2,500.0,Free,0.0,Everyone,Productivity,"July 11, 2018",3.5.3,4.0.3 and up
C J Academy,FAMILY,4.3,0.0,5.2,10.0,Free,0.0,Everyone,Education,"April 2, 2018",1.0,4.4 and up
Sir C J New Primary School,FAMILY,5.0,3.0,9.2,100.0,Free,0.0,Everyone,Education,"July 25, 2018",1.0.10,4.0 and up
CJ the REALTOR,BUSINESS,5.0,1.0,4.2,10.0,Free,0.0,Everyone,Business,"May 31, 2017",1.0.8,4.0.3 and up
CJ Infinity,FOOD_AND_DRINK,4.3,0.0,16.0,10.0,Free,0.0,Everyone,Food & Drink,"January 5, 2018",1.1,4.1 and up
CJ IT ApS,BUSINESS,4.3,0.0,18.0,10.0,Free,0.0,Everyone,Business,"July 2, 2015",1.31.62.109,4.0 and up
CJ Auto école,FAMILY,4.3,0.0,12.0,50.0,Free,0.0,Everyone,Education,"June 24, 2014",1.0,2.2 and up
Courier Journal,NEWS_AND_MAGAZINES,3.5,254.0,38.0,10000.0,Free,0.0,Everyone 10+,News & Magazines,"June 20, 2018",5.9.5,5.0 and up
San Andreas Crime City Gangster 3D,FAMILY,4.2,9403.0,13.0,1000000.0,Free,0.0,Teen,Simulation,"July 3, 2018",Varies with device,4.1 and up
Zombie Death Shooter,GAME,3.8,17372.0,45.0,1000000.0,Free,0.0,Mature 17+,Arcade,"August 8, 2015",1.3,2.3 and up
Project Grand Auto Town Sandbox Beta,GAME,3.7,7885.0,28.0,500000.0,Free,0.0,Mature 17+,Racing,"February 9, 2018",1.07,4.0 and up
Calvin Klein – US Store,SHOPPING,4.7,221.0,9.5,50000.0,Free,0.0,Teen,Shopping,"August 1, 2017",3.6.0,4.1 and up
CK FFXIV Companion,FAMILY,4.3,1364.0,5.2,100000.0,Free,0.0,Everyone,Entertainment,"July 12, 2018",4.3.5,2.3 and up
Calvin Klein Petite Dresses,BEAUTY,4.3,0.0,3.7,500.0,Free,0.0,Everyone,Beauty,"March 23, 2018",1,4.1 and up
Louis CK,FAMILY,4.7,244.0,25.0,10000.0,Free,0.0,Mature 17+,Entertainment,"October 11, 2017",1.2.0,4.1 and up
CK-12: Practice Math & Science,FAMILY,4.2,562.0,20.0,50000.0,Free,0.0,Everyone,Education;Education,"December 21, 2017",3.8.0.251918,4.1 and up
CK 初一 十五,LIFESTYLE,4.0,294.0,0.1494140625,10000.0,Free,0.0,Everyone,Lifestyle,"July 3, 2013",1.0.12,2.1 and up
ck-modelcars Shop,SHOPPING,4.5,118.0,6.4,5000.0,Free,0.0,Everyone,Shopping,"June 15, 2018",5.29.0,5.0 and up
Brainf*ck Interpreter,FAMILY,4.0,24.0,1.9,1000.0,Free,0.0,Mature 17+,Entertainment,"September 3, 2016",1.0.6,2.3 and up
ck-modelcars-UK Shop,SHOPPING,4.6,69.0,6.4,5000.0,Free,0.0,Everyone,Shopping,"June 15, 2018",5.29.0,5.0 and up
CK Multimedia - Gaming Accessories,SHOPPING,4.7,10.0,2.0,500.0,Free,0.0,Everyone,Shopping,"February 3, 2017",1.5,3.0 and up
CK SKILLZ,HEALTH_AND_FITNESS,4.3,0.0,8.6,50.0,Free,0.0,Everyone,Health & Fitness,"May 15, 2018",1.1.7,4.1 and up
CK-12 Physics Simulations,FAMILY,4.1,30.0,24.0,5000.0,Free,0.0,Everyone,Education;Education,"April 18, 2018",1.0.7,4.1 and up
211:CK Lite,GAME,4.3,3.0,39.0,10.0,Free,0.0,Mature 17+,Action,"September 22, 2017",1.0,4.1 and up
CK Employee Portal,BUSINESS,5.0,7.0,15.0,1000.0,Free,0.0,Everyone,Business,"January 5, 2017",1.0.1,4.1 and up
FML F*ck my life + widget,FAMILY,4.2,1415.0,0.2041015625,100000.0,Free,0.0,Everyone,Entertainment,"May 21, 2010",3.1,1.5 and up
USMLE Step 2 CK Cards Lite,FAMILY,4.0,28.0,1.5,5000.0,Free,0.0,Everyone,Education,"May 20, 2014",2.46,2.2 and up
Company Kitchen Inventory,BUSINESS,4.3,3.0,2.3,1000.0,Free,0.0,Everyone,Business,"July 16, 2015",2.38,4.0 and up
Tic Tac CK,FAMILY,5.0,3.0,13.0,10.0,Free,0.0,Everyone,Puzzle,"July 3, 2018",1.0,4.0.3 and up
INFAMY RO,FAMILY,4.1,2167.0,3.7,50000.0,Free,0.0,Everyone,Role Playing,"December 14, 2017",202,4.3 and up
CK Call NEW,COMMUNICATION,4.3,0.0,4.2,10.0,Free,0.0,Everyone,Communication,"April 26, 2017",3.8.8,2.2 and up
Ck Coif,LIFESTYLE,4.3,0.0,22.0,10.0,Free,0.0,Everyone,Lifestyle,"April 30, 2016",1.0,2.3 and up
CK Shop,TOOLS,4.3,13.0,8.1,1000.0,Free,0.0,Everyone,Tools,"May 9, 2018",1.1,5.0 and up
FlexBook,FAMILY,4.3,104.0,12.0,10000.0,Free,0.0,Everyone,Education;Education,"May 21, 2018",1.0.6,4.1 and up
Fu*** Weather (Funny Weather),WEATHER,4.7,20001.0,13.0,1000000.0,Free,0.0,Mature 17+,Weather,"July 26, 2018",Varies with device,Varies with device
OB-GYN USMLE Stp2 CK 300 Q & A,MEDICAL,4.4,34.0,4.9,10000.0,Free,0.0,Everyone,Medical,"May 16, 2015",1.2,2.0 and up
CK Active,HEALTH_AND_FITNESS,4.3,0.0,9.7,10.0,Free,0.0,Everyone,Health & Fitness,"February 27, 2018",3.0.6,4.0 and up
USMLE CK Clinical Knowledge Flashcards 2018 Ed,FAMILY,4.3,0.0,3.6,5.0,Free,0.0,Everyone,Education,"June 21, 2018",1.0,4.0.3 and up
Night Camera Blur Effect,PHOTOGRAPHY,3.6,100.0,2.5,10000.0,Free,0.0,Everyone,Photography,"August 5, 2018",4.2,4.2 and up
Camera V7 24 Megapixel,PHOTOGRAPHY,4.0,2480.0,2.5,100000.0,Free,0.0,Everyone,Photography,"August 1, 2018",4.0,4.1 and up
CL Mobile Pro - Classifieds for Craigslist,SHOPPING,4.1,1288.0,18.0,100000.0,Free,0.0,Mature 17+,Shopping,"July 9, 2018",48,4.1 and up
cloudLibrary,BOOKS_AND_REFERENCE,4.0,10774.0,35.0,100000.0,Free,0.0,Everyone,Books & Reference,"June 28, 2018",3.8.10,4.1 and up
"CL Reader for Craigslist(For sale, jobs, rental..)",TOOLS,4.1,61.0,6.3,1000.0,Free,0.0,Everyone,Tools,"September 14, 2017",1.9,4.1 and up
CL Pro App for Craigslist,SHOPPING,4.0,119.0,1.3,10000.0,Free,0.0,Everyone,Shopping,"July 1, 2017",CL Pro for Craigslist - Canada 150,4.0 and up
CL 2NE1 Wallpaper KPOP Fans HD,PERSONALIZATION,4.3,7.0,3.4,100.0,Free,0.0,Everyone,Personalization,"May 19, 2018",1.1.1,4.0 and up
CL 2ne1 Wallpaper KPOP HD Best,PERSONALIZATION,4.3,3.0,3.4,10.0,Free,0.0,Everyone,Personalization,"July 9, 2018",1.1.1,4.0 and up
CL 2ne1 Wallpaper KPOP UHD Fans,PERSONALIZATION,4.3,1.0,3.4,10.0,Free,0.0,Everyone,Personalization,"July 15, 2018",1.1.1,4.0 and up
CL REPL,TOOLS,5.0,47.0,17.0,1000.0,Free,0.0,Everyone,Tools,"April 10, 2018",1.0.19,4.1 and up
CL Pro Client for Craigslist,SHOPPING,3.6,48.0,2.2,5000.0,Free,0.0,Everyone,Shopping,"September 10, 2016",Bowser4Craigslist,4.0 and up
DAILY: Free Classifieds App for Android,LIFESTYLE,4.1,5025.0,13.0,500000.0,Free,0.0,Mature 17+,Lifestyle,"August 2, 2018",Varies with device,Varies with device
App for Craigslist Pro - Buy & Sell Postings,LIFESTYLE,4.3,707.0,5.0,100000.0,Free,0.0,Everyone,Lifestyle,"May 9, 2018",App copyright,4.1 and up
Pro App for Craigslist,SHOPPING,4.1,5618.0,4.6,500000.0,Free,0.0,Teen,Shopping,"May 9, 2018",Copyright,4.1 and up
Old: CL-150,FAMILY,3.8,120.0,24.0,10000.0,Free,0.0,Everyone,Education,"May 21, 2018",1.1.7,4.0.3 and up
CL Keyboard - Myanmar Keyboard (No Ads),TOOLS,5.0,24.0,3.2,5000.0,Free,0.0,Everyone,Tools,"June 13, 2018",1.1.3,4.3 and up
Cl-app!,SPORTS,4.3,41.0,0.3447265625,10000.0,Free,0.0,Everyone,Sports,"May 2, 2013",1.1.11,2.0 and up
CL Notifier,TOOLS,5.0,36.0,3.2,100.0,Free,0.0,Teen,Tools,"August 2, 2017",1.0,4.0 and up
New CL 2ne1 Wallpaper KPOP live,PERSONALIZATION,4.3,0.0,3.4,1.0,Free,0.0,Everyone,Personalization,"August 1, 2018",1.1.1,4.0 and up
CL 2ne1 Wallpaper KPOP Fans All,PERSONALIZATION,4.3,0.0,3.4,1.0,Free,0.0,Everyone,Personalization,"July 29, 2018",1.1.1,4.0 and up
CL-Phlebotomist,MEDICAL,4.7,19.0,7.3,100.0,Free,0.0,Everyone,Medical,"June 16, 2018",1.0.23,4.1 and up
CL-Customer Care,HEALTH_AND_FITNESS,4.3,2.0,6.8,5.0,Free,0.0,Everyone,Health & Fitness,"June 14, 2018",1.3,4.0.3 and up
CL Pebble Apps,LIFESTYLE,3.6,67.0,0.4873046875,5000.0,Free,0.0,Everyone,Lifestyle,"December 23, 2015",3.5,4.0 and up
MPS CL,TOOLS,4.3,1.0,3.2,10.0,Free,0.0,Everyone,Tools,"May 24, 2018",1.0.3,4.0.3 and up
Turnotronik CL,TOOLS,4.3,1.0,3.3,10.0,Free,0.0,Everyone,Tools,"May 24, 2018",1.0.3,4.0.3 and up
CL e-bank,FINANCE,4.0,210.0,3.7,10000.0,Free,0.0,Everyone,Finance,"July 30, 2018",1.5.5,4.2 and up
E2CR CL,LIFESTYLE,4.3,0.0,25.0,10.0,Free,0.0,Everyone,Lifestyle,"June 30, 2017",1.0,4.1 and up
Wallpapers Mercedes Benz CL,PERSONALIZATION,4.3,2.0,12.0,100.0,Free,0.0,Teen,Personalization,"March 5, 2017",1.0,4.1 and up
Color CL,LIFESTYLE,5.0,2.0,1.3,100.0,Free,0.0,Everyone,Lifestyle,"February 2, 2017",1.01,4.0.3 and up
CL Strength,HEALTH_AND_FITNESS,5.0,3.0,40.0,50.0,Free,0.0,Everyone,Health & Fitness,"June 27, 2018",CL Strength 7.12.1,4.1 and up
CL-App,MEDICAL,4.7,6.0,5.2,100.0,Free,0.0,Everyone,Medical,"February 17, 2017",1.1,4.0 and up
"CM Security Open VPN - Free, fast unlimited proxy",TOOLS,4.6,85496.0,5.8,1000000.0,Free,0.0,Everyone,Tools,"February 14, 2018",1.6.2,4.0.3 and up
CM Apps,TOOLS,3.8,3341.0,1.9,100000.0,Free,0.0,Everyone,Tools,"April 17, 2016",4.5,4.2 and up
CM AppLock,TOOLS,4.1,843.0,3.6,100000.0,Free,0.0,Everyone,Tools,"February 25, 2016",2.0.0,4.0 and up
CM Launcher Default Theme,PERSONALIZATION,4.5,3989.0,1.1,100000.0,Free,0.0,Everyone,Personalization,"September 11, 2015",1.1.1,4.0 and up
Inch/cm/Foot Conversion,PRODUCTIVITY,4.0,319.0,2.1,100000.0,Free,0.0,Everyone,Productivity,"August 20, 2017",2.0.1,2.3.3 and up
"Speed Booster - Ram, Battery & Game Speed Booster",TOOLS,4.7,85079.0,2.8,1000000.0,Free,0.0,Everyone,Tools,"July 17, 2018",1.0.4,2.3 and up
Technology CM Locker Theme,PERSONALIZATION,4.4,10093.0,5.5,1000000.0,Free,0.0,Everyone,Personalization,"February 26, 2016",1.0.0,4.0 and up
Melior NUI - Material CM Theme,PERSONALIZATION,4.7,1873.0,14.0,100000.0,Free,0.0,Everyone,Personalization,"November 7, 2016",Varies with device,Varies with device
Height Converter feet-inch cm,TOOLS,4.2,498.0,0.5830078125,100000.0,Free,0.0,Everyone,Tools,"October 22, 2013",1.0,2.2 and up
CM Secure Browser (Authorized),TOOLS,4.2,1147.0,2.7,100000.0,Free,0.0,Everyone,Tools,"October 2, 2017",1.1.6,4.0 and up
📏 Smart Ruler ↔️ cm/inch measuring for homework!,TOOLS,4.0,19.0,3.2,10000.0,Free,0.0,Everyone,Tools,"October 21, 2017",1.0,4.2 and up
Ruler cm,TOOLS,3.6,661.0,0.7900390625,100000.0,Free,0.0,Everyone,Tools,"September 10, 2014",2.1,2.2 and up
"Length Converter: convert mm,cm,m, feet,yard,mile",TOOLS,4.7,76.0,2.2,50000.0,Free,0.0,Everyone,Tools,"April 5, 2018",1.4,4.0.3 and up
CM AppLock Fingerprint 2018,TOOLS,4.4,1264.0,8.2,100000.0,Free,0.0,Everyone,Tools,"August 6, 2018",4.0.4,4.3 and up
"m, cm, mm to yard, feet, inch converter tool",TOOLS,4.3,246.0,2.8,100000.0,Free,0.0,Everyone,Tools,"February 6, 2018",1.1,4.0 and up
Speed Car CM Locker Theme,PERSONALIZATION,4.4,7519.0,4.0,500000.0,Free,0.0,Everyone,Personalization,"January 26, 2016",1.0.1,4.0 and up
Calculator CM,TOOLS,4.4,8.0,1.8,500.0,Free,0.0,Everyone,Tools,"March 9, 2015",1.0,2.3 and up
Inches to cm conversion,TOOLS,4.4,29.0,0.068359375,10000.0,Free,0.0,Everyone,Tools,"January 14, 2015",1.4,4.0 and up
Vintage Flower CM Locker Theme,PERSONALIZATION,4.3,2910.0,2.3,500000.0,Free,0.0,Everyone,Personalization,"January 24, 2016",1.0.0,4.0 and up
CM S Pen Add-on(ROOT),TOOLS,3.6,373.0,0.119140625,10000.0,Free,0.0,Everyone,Tools,"February 24, 2017",1.0.9,4.1 and up
Ruler,TOOLS,4.5,27180.0,4.1,1000000.0,Free,0.0,Everyone,Tools,"July 6, 2018",3.24,4.1 and up
My Style CM 13 Theme,PERSONALIZATION,4.5,314.0,11.0,10000.0,Free,0.0,Everyone,Personalization,"September 8, 2016",1.9,5.0 - 6.0
"Ruler & Area Measurement (cm, inch)",TOOLS,4.3,10.0,8.2,10000.0,Free,0.0,Everyone,Tools,"July 28, 2017",1.2,4.1 and up
Inches to Centimeters,TOOLS,3.6,949.0,0.4013671875,100000.0,Free,0.0,Everyone,Tools,"April 13, 2018",3.0,1.6 and up
"cm, mm to inch, feet converter tool",PRODUCTIVITY,4.3,176.0,2.3,100000.0,Free,0.0,Everyone,Productivity,"September 27, 2016",1.1,2.3.3 and up
City light CM Locker Theme,PERSONALIZATION,4.4,6271.0,5.7,500000.0,Free,0.0,Everyone,Personalization,"February 24, 2016",1.0.0,4.0 and up
Speed Test - WiFi / Cellular speed test,TOOLS,4.1,24226.0,13.0,1000000.0,Free,0.0,Everyone,Tools,"June 27, 2017",1.0.5,Varies with device
cm to inches | centimeters to inches conversion,TOOLS,4.8,52.0,1.9,5000.0,Free,0.0,Everyone,Tools,"May 7, 2018",1.3.2,4.0 and up
In to cm,TOOLS,4.3,0.0,2.3,10.0,Free,0.0,Everyone,Tools,"April 5, 2018",1.1,4.0.3 and up
CN Summer Challenge,FAMILY,3.7,985.0,49.0,100000.0,Free,0.0,Everyone,Entertainment;Brain Games,"May 24, 2018",1.1,4.4 and up
CN Sayin' - Cartoon Network,FAMILY,4.5,85.0,25.0,10000.0,Free,0.0,Everyone,Entertainment,"March 27, 2018",1.22,4.4 and up
Cartoon Network Match Land,FAMILY,4.7,21979.0,38.0,1000000.0,Free,0.0,Everyone,Puzzle,"July 9, 2018",1.1.3,5.1 and up
Blamburger - Clarence,FAMILY,4.1,30444.0,27.0,1000000.0,Free,0.0,Everyone 10+,Arcade;Action & Adventure,"October 26, 2015",1.0.5,4.3 and up
[adult swim],FAMILY,3.6,21433.0,21.0,1000000.0,Free,0.0,Mature 17+,Entertainment,"May 29, 2018",3.0.1805181047,5.0 and up
Dreamland Arcade - Steven Universe,GAME,4.0,6386.0,24.0,500000.0,Free,0.0,Everyone,Arcade,"November 19, 2017",0.99,5.1 and up
Burrito Bash – We Bare Bears,FAMILY,4.3,10776.0,21.0,1000000.0,Free,0.0,Everyone,Arcade;Action & Adventure,"October 26, 2017",3.4,4.1 and up
LEGO® TV,FAMILY,3.7,17250.0,7.2,1000000.0,Free,0.0,Everyone 10+,Entertainment;Music & Video,"August 4, 2018",4.0.2,5.0 and up
Boomerang,FAMILY,4.2,13519.0,51.0,1000000.0,Free,0.0,Everyone,Entertainment;Music & Video,"July 27, 2018",2.18,5.0 and up
Champions and Challengers - Adventure Time,FAMILY,4.6,51973.0,27.0,1000000.0,Free,0.0,Everyone,Role Playing,"August 2, 2018",1.2.5,4.4 and up
CN TV Canal 3 - Cable Netword,FAMILY,4.3,5.0,16.0,1000.0,Free,0.0,Everyone,Entertainment,"February 10, 2018",2.0,4.0.3 and up
Little Lovely Dentist,FAMILY,4.2,17786.0,16.0,1000000.0,Free,0.0,Everyone,Casual,"May 14, 2018",1.1.8,4.0 and up
Foods Co,SHOPPING,4.3,199.0,25.0,10000.0,Free,0.0,Everyone,Shopping,"August 2, 2018",14.2.1,5.0 and up
AND CO,FINANCE,4.5,175.0,12.0,10000.0,Free,0.0,Everyone,Finance,"August 3, 2018",2.2.0,5.0 and up
Co-op CRS,LIFESTYLE,3.6,581.0,26.0,100000.0,Free,0.0,Everyone,Lifestyle,"March 4, 2018",2.4.3,4.4 and up
VCalendar - VenkatRama and Co,LIFESTYLE,4.3,87.0,3.9,10000.0,Free,0.0,Everyone,Lifestyle,"March 16, 2018",1.2,4.1 and up
mail.co.uk Mail,COMMUNICATION,4.2,21.0,8.7,5000.0,Free,0.0,Everyone,Communication,"July 24, 2018",1.1.0,4.0.3 and up
Aquarium Co-Op Podcast,LIFESTYLE,4.9,206.0,3.9,1000.0,Free,0.0,Everyone,Lifestyle,"June 20, 2017",2.3.13,4.2 and up
MobileBiz Co - Cloud Invoice,BUSINESS,4.4,373.0,4.0,10000.0,Free,0.0,Everyone,Business,"February 16, 2018",1.3.4,2.0 and up
Supermarket Cashier Kids Games,FAMILY,3.6,32416.0,13.0,1000000.0,Free,0.0,Everyone,Educational,"July 10, 2017",Varies with device,Varies with device
Alex & Co Quiz,GAME,4.3,9.0,4.9,1000.0,Free,0.0,Everyone,Trivia,"April 15, 2018",1.2,4.1 and up
Them Bombs: co-op board game play with 2-4 friends,GAME,4.7,8038.0,52.0,100000.0,Free,0.0,Teen,Board,"July 12, 2018",1.4.1,4.1 and up
Websites.co.in Instant Website,BUSINESS,4.3,327.0,13.0,10000.0,Free,0.0,Everyone,Business,"June 25, 2018",1.48,4.1 and up
Co-op Credit Union on the Go,FINANCE,4.4,5.0,30.0,1000.0,Free,0.0,Everyone,Finance,"April 25, 2018",18.1.79,5.0 and up
Hashtags For Likes.co,SOCIAL,4.3,420.0,18.0,50000.0,Free,0.0,Everyone,Social,"December 19, 2016",1.1,4.0.3 and up
Chinese Chess ( Xiangqi Free ),GAME,4.6,963.0,4.1,50000.0,Free,0.0,Everyone,Board,"April 18, 2017",1.1.1,2.3 and up
Krypton by krypt.co,PRODUCTIVITY,4.6,38.0,13.0,1000.0,Free,0.0,Everyone,Productivity,"July 17, 2018",2.4.0,6.0 and up
Chinese Chess / Co Tuong,GAME,4.2,6947.0,20.0,500000.0,Free,0.0,Everyone,Board,"October 25, 2017",2.7.7,2.3 and up
Fayr - Co-Parenting Simplified,PRODUCTIVITY,3.5,16.0,21.0,1000.0,Free,0.0,Everyone,Productivity,"July 20, 2018",1.5.1,5.0 and up
Co-Dependents Anonymous,LIFESTYLE,4.3,0.0,12.0,500.0,Free,0.0,Everyone,Lifestyle,"February 28, 2018",1.0.1,4.1 and up
Good&Co: Career match tests,BUSINESS,4.4,26572.0,41.0,1000000.0,Free,0.0,Everyone,Business,"July 24, 2018",2.9.1,4.1 and up
Central Bank and Trust Co.,FINANCE,4.7,65.0,12.0,5000.0,Free,0.0,Everyone,Finance,"June 12, 2018",5.9.1.0,5.0 and up
Soo Co-op Mobile Banking,FINANCE,4.5,159.0,14.0,1000.0,Free,0.0,Everyone,Finance,"September 12, 2017",4.2.87,4.0.3 and up
Co-Optima Mobile,FINANCE,4.4,218.0,13.0,10000.0,Free,0.0,Everyone,Finance,"June 8, 2017",Varies with device,Varies with device
Holl & Co Barbers,LIFESTYLE,4.7,12.0,6.0,500.0,Free,0.0,Everyone,Lifestyle,"February 26, 2018",4.9.940,4.0 and up
Grenada Co-operative Bank,FINANCE,4.4,137.0,0.390625,10000.0,Free,0.0,Everyone,Finance,"June 26, 2013",2.4.3,1.6 and up
Dungeon Legends - PvP Action MMO RPG Co-op Games,FAMILY,4.4,102215.0,42.0,1000000.0,Free,0.0,Teen,Role Playing,"June 25, 2018",3.10,4.0.3 and up
Permit Test CO Colorado DMV,FAMILY,4.5,41.0,11.0,1000.0,Free,0.0,Everyone,Education,"June 15, 2017",2.6.5,4.1 and up
2-Player Co-op Zombie Shoot,GAME,4.2,33.0,13.0,1000.0,Free,0.0,Teen,Action,"July 1, 2018",1.0.13,2.3 and up
Camping and Co - Camping in Europe,TRAVEL_AND_LOCAL,3.7,19.0,6.5,1000.0,Free,0.0,Everyone,Travel & Local,"April 17, 2018",1.2.3,4.1 and up
Remote | Fire TV | Android TV | KODI | CetusPlay,TOOLS,4.4,15911.0,16.0,1000000.0,Free,0.0,Everyone,Tools,"June 30, 2018",4.1.8.1,4.1 and up
CP Dialer,SOCIAL,4.3,64.0,3.3,50000.0,Free,0.0,Teen,Social,"March 22, 2018",2.9.0,4.1 and up
CP Federal Mobile,FINANCE,3.6,180.0,35.0,10000.0,Free,0.0,Everyone,Finance,"October 6, 2017",7.0.7-qa003-prod,4.2 and up
Cestovné poriadky CP,MAPS_AND_NAVIGATION,4.6,2681.0,6.3,100000.0,Free,0.0,Everyone,Maps & Navigation,"September 25, 2017",1.2.0,4.0.3 and up
CP Channel,FAMILY,4.6,7.0,12.0,500.0,Free,0.0,Everyone 10+,Education,"March 21, 2018",1.1.0,4.1 and up
CP Clicker,LIFESTYLE,4.2,251.0,5.0,10000.0,Free,0.0,Everyone,Lifestyle,"March 22, 2018",3.3.003,4.1 and up
Evolution CP & IV Calculator for pokemon,FAMILY,4.3,9465.0,43.0,500000.0,Free,0.0,Everyone,Entertainment,"July 8, 2018",0.4.6,4.4 and up
CP Creepypasta,FAMILY,3.8,128.0,2.9,10000.0,Free,0.0,Teen,Entertainment,"July 11, 2016",1.0.2,4.0.3 and up
Cerebral Palsy,MEDICAL,4.4,38.0,8.5,1000.0,Free,0.0,Everyone,Medical,"July 30, 2014",2,3.0 and up
"Speak quietly: Autism, CP",MEDICAL,4.3,6.0,7.0,1000.0,Free,0.0,Everyone,Medical,"July 30, 2016",5.0,3.0 and up
CP RACING 2 FREE,FAMILY,4.0,4607.0,19.0,100000.0,Free,0.0,Everyone,Simulation,"March 12, 2018",3,4.0 and up
CP-Care Mobile,FAMILY,4.3,1.0,16.0,10.0,Free,0.0,Everyone,Education,"June 20, 2018",1,4.0 and up
CP ToolBox,BUSINESS,4.6,70.0,14.0,1000.0,Free,0.0,Everyone,Business,"February 11, 2015",1.9.3,2.3.3 and up
"Talking Pictures: Autism, CP",MEDICAL,3.9,22.0,0.7822265625,5000.0,Free,0.0,Everyone,Medical,"March 6, 2017",1.14,3.0 and up
CP HAPPS - Pittsburgh Events,LIFESTYLE,3.8,85.0,5.6,5000.0,Free,0.0,Teen,Lifestyle,"March 6, 2015",1.18.10,4.0.3 and up
Poke Genie - Safe IV Calculator,TOOLS,4.7,92958.0,36.0,1000000.0,Free,0.0,Everyone,Tools,"July 27, 2018",1.13.0,5.0 and up
IV Calc CP Calculator Toolkit,TOOLS,4.2,242.0,3.2,10000.0,Free,0.0,Everyone,Tools,"October 6, 2016",1.3,4.2 and up
CP Plus Showcase,BUSINESS,4.3,236.0,7.0,50000.0,Free,0.0,Everyone,Business,"March 9, 2018",1.0.4,4.0 and up
CP Calculator,FAMILY,4.1,187.0,2.9,10000.0,Free,0.0,Everyone,Entertainment,"September 13, 2016",3.21,4.1 and up
iTooch Mathématiques CP,FAMILY,4.3,1018.0,35.0,100000.0,Free,0.0,Everyone,Education;Education,"June 28, 2017",4.6.2,4.0.3 and up
gCMOB,TOOLS,4.2,7935.0,21.0,1000000.0,Free,0.0,Everyone,Tools,"January 8, 2018",2.4.7,3.0 and up
CP Connect 2.0,PRODUCTIVITY,4.3,0.0,5.8,500.0,Free,0.0,Everyone,Productivity,"August 17, 2017",3.9.4,4.0.3 and up
Evolution CP,FAMILY,3.6,13.0,4.7,500.0,Free,0.0,Everyone,Entertainment,"September 4, 2016",1.0.2,4.0.3 and up
IV Go（get IV for Pokemon）,GAME,4.6,132282.0,20.0,1000000.0,Free,0.0,Everyone,Adventure,"July 31, 2018",15.0,4.1 and up
CP Smart Check List,PERSONALIZATION,4.3,1.0,3.9,10.0,Free,0.0,Everyone,Personalization,"August 14, 2017",0.0.1,4.1 and up
Ditto CP Calculator GO,TOOLS,4.3,34.0,12.0,1000.0,Free,0.0,Everyone,Tools,"February 25, 2018",1.9,4.0.3 and up
Foothills CP,FAMILY,5.0,4.0,7.8,100.0,Free,0.0,Teen,Education,"June 25, 2018",3.8.0,4.1 and up
CP Installer App,BUSINESS,5.0,4.0,24.0,100.0,Free,0.0,Everyone,Business,"July 24, 2018",5.1.1,4.1 and up
CP Trivia,GAME,5.0,5.0,12.0,100.0,Free,0.0,Everyone,Trivia,"August 6, 2018",0.99,5.0 and up
CP Ready,BUSINESS,4.5,56.0,13.0,1000.0,Free,0.0,Everyone,Business,"March 5, 2018",6.4.16,4.0 and up
CP Surprise,LIFESTYLE,3.8,2548.0,4.9,100000.0,Free,0.0,Everyone,Lifestyle,"January 30, 2018",4.4.2,4.1 and up
Evolve CP Calc. for PokemonGo,TOOLS,3.9,116.0,3.3,10000.0,Free,0.0,Everyone,Tools,"December 18, 2016",2.6,4.4 and up
CP Cloud,BUSINESS,4.3,3.0,5.4,100.0,Free,0.0,Everyone,Business,"July 24, 2018",2.5,4.4 and up
GO CP Evolution Calculator,FAMILY,4.3,5.0,2.4,100.0,Free,0.0,Everyone,Entertainment,"January 29, 2017",1.0,4.0.3 and up
ClanPlay: Community and Tools for Gamers,COMMUNICATION,4.8,34443.0,27.0,1000000.0,Free,0.0,Teen,Communication,"June 28, 2018",1.14.3,5.0 and up
CP Calculator - Poke Go Calc,FAMILY,4.1,7.0,22.0,500.0,Free,0.0,Everyone,Entertainment,"September 17, 2016",1.1,4.2 and up
Contents Provider(C.P.)Explorer,TOOLS,4.0,1.0,1.2,100.0,Free,0.0,Everyone,Tools,"June 20, 2018",5.0,3.0 and up
Cp Calculator for Evolution:GO,FAMILY,4.8,124.0,2.5,500.0,Free,0.0,Everyone,Entertainment,"August 23, 2016",1.2,4.2 and up
Calcy IV,TOOLS,4.8,36557.0,14.0,1000000.0,Free,0.0,Everyone,Tools,"August 3, 2018",2.51f,5.0 and up
CP Brown English-Telugu Dictionary,FAMILY,4.4,8.0,6.8,500.0,Free,0.0,Everyone,Education,"November 10, 2017",3.0,4.0 and up
CP Parquet,LIFESTYLE,4.3,2.0,1.2,100.0,Free,0.0,Everyone,Lifestyle,"May 11, 2016",1.0.2,4.0 and up
CP evolution calculator Pokemo,FAMILY,4.1,78.0,0.7685546875,10000.0,Free,0.0,Everyone,Educational,"February 26, 2017",1.3,4.1 and up
C.P. CERVANTES (TOBARRA),SOCIAL,4.3,0.0,4.9,5.0,Free,0.0,Everyone,Social,"July 24, 2018",8.2,4.0.3 and up
Sporting CP Keyboard Theme,SPORTS,4.3,45.0,5.3,5000.0,Free,0.0,Everyone,Sports,"October 24, 2017",1.0,4.0 and up
Meu Calendário CP,TOOLS,4.3,37.0,6.5,100.0,Free,0.0,Everyone,Tools,"August 5, 2018",1.55.4,4.0.3 and up
CQ Hotels,TRAVEL_AND_LOCAL,4.3,15.0,14.0,10000.0,Free,0.0,Everyone,Travel & Local,"July 6, 2018",5.4.13,4.4 and up
CQ,NEWS_AND_MAGAZINES,3.7,7.0,3.4,1000.0,Free,0.0,Everyone 10+,News & Magazines,"May 18, 2018",1.0.11,4.0.3 and up
Curio Quest,FAMILY,4.3,59152.0,50.0,1000000.0,Free,0.0,Everyone 10+,Role Playing,"March 29, 2018",1.14.00,4.0.3 and up
CQ-Mobile,COMMUNICATION,4.3,10.0,8.1,1000.0,Free,0.0,Everyone,Communication,"November 28, 2016",5.5.0,4.0 and up
CQ Key,TOOLS,4.3,0.0,1.7,100.0,Free,0.0,Everyone,Tools,"April 26, 2018",1.03,4.0 and up
Sabbath School 4,FAMILY,4.3,2871.0,18.0,100000.0,Free,0.0,Everyone,Education,"May 8, 2015",1.6,2.3.3 and up
Cardinal Quest 2,FAMILY,4.4,19207.0,36.0,100000.0,Free,0.0,Everyone,Role Playing,"September 19, 2016",1.19,2.3 and up
CQ-Alert,COMMUNICATION,4.3,3.0,8.1,500.0,Free,0.0,Everyone,Communication,"November 28, 2016",5.5.0,4.0 and up
SDA Collegiate Quarterly,BOOKS_AND_REFERENCE,4.5,8.0,5.1,500.0,Free,0.0,Everyone,Books & Reference,"July 13, 2018",1.2,4.4 and up
CQ SIGNAL PRO 5,FINANCE,4.3,0.0,1.6,10.0,Free,0.0,Everyone,Finance,"April 17, 2017",4.0,4.1 and up
HR Team CQ Region Ed Qld,BUSINESS,4.3,0.0,4.1,500.0,Free,0.0,Everyone,Business,"January 12, 2018",3.8,4.0.3 and up
Roll Call News,NEWS_AND_MAGAZINES,3.7,24.0,10.0,5000.0,Free,0.0,Everyone,News & Magazines,"December 24, 2015",1.1,4.1 and up
CQ ESPM,BUSINESS,5.0,2.0,3.4,5.0,Free,0.0,Everyone,Business,"June 3, 2017",1.0.1,4.1 and up
SHUTTLLS CQ - Connect Ride Go,TRAVEL_AND_LOCAL,4.3,0.0,18.0,5.0,Free,0.0,Everyone,Travel & Local,"April 26, 2018",4.6.2100,4.3 and up
QRZ Assistant,COMMUNICATION,4.2,1044.0,3.5,100000.0,Free,0.0,Everyone,Communication,"May 30, 2018",2.0,4.4 and up
Palavras la cq,GAME,3.9,783.0,3.4,100000.0,Free,0.0,Everyone,Trivia,"October 18, 2014",1.0,2.3.3 and up
CQ Ukraine,PRODUCTIVITY,4.3,0.0,9.1,10.0,Free,0.0,Everyone,Productivity,"June 25, 2018",1.17.0,4.1 and up
Pocket Prefix Plus,COMMUNICATION,4.5,192.0,15.0,10000.0,Free,0.0,Everyone,Communication,"February 12, 2018",v2.6.0,3.0 and up
CQ Electrical Group,PRODUCTIVITY,4.3,0.0,14.0,1.0,Free,0.0,Everyone,Productivity,"July 19, 2018",1.0.0,4.1 and up
Sabbath School,BOOKS_AND_REFERENCE,4.7,28237.0,10.0,100000.0,Free,0.0,Everyone,Books & Reference,"April 22, 2018",3.2.994,4.0.3 and up
Gunship Modern Combat 3D,GAME,4.2,3247.0,26.0,500000.0,Free,0.0,Teen,Action,"July 25, 2017",1.05,2.3 and up
Gun Simulator - Gun Games,FAMILY,4.4,134.0,13.0,10000.0,Free,0.0,Teen,Simulation,"February 24, 2018",Varies with device,4.0.3 and up
ClanManagerTT2,FAMILY,4.7,55.0,3.3,1000.0,Free,0.0,Everyone,Casual,"July 24, 2018",2.2.9,4.4 and up
Christian Questions Podcast,FAMILY,4.6,222.0,15.0,10000.0,Free,0.0,Everyone,Education,"March 28, 2018",2.8,4.0.3 and up
Cypress College Library,BOOKS_AND_REFERENCE,4.3,0.0,2.1,100.0,Free,0.0,Everyone,Books & Reference,"December 7, 2015",4.7.2,1.6 and up
Create My App,BUSINESS,4.3,0.0,11.0,10.0,Free,0.0,Everyone,Business,"April 24, 2018",1.0.5,4.1 and up
Snowboard Racing Free Fun Game,GAME,3.8,4552.0,43.0,100000.0,Free,0.0,Everyone,Racing,"October 26, 2016",1.4.0,2.3.3 and up
theCut,LIFESTYLE,4.7,499.0,6.9,50000.0,Free,0.0,Everyone,Lifestyle,"May 10, 2018",1.2.7,4.1 and up
RIDE ZERO,GAME,4.6,8778.0,36.0,100000.0,Free,0.0,Teen,Music,"January 2, 2018",1.3.1,4.3 and up
CricQuick,SPORTS,5.0,17.0,1.5,50.0,Free,0.0,Everyone,Sports,"December 8, 2017",1.0,4.0.3 and up
Next Island: Dino Village,FAMILY,3.9,29.0,37.0,1000.0,Free,0.0,Everyone 10+,Casual,"May 4, 2018",1.0,5.0 and up
iReadMe,PRODUCTIVITY,5.0,8.0,22.0,100.0,Free,0.0,Everyone,Productivity,"March 6, 2018",1.5,4.4 and up
Global Shop,BUSINESS,4.3,0.0,3.3,50.0,Free,0.0,Everyone,Business,"February 23, 2018",1.1.0,4.0 and up
QC,FAMILY,4.3,4.0,34.0,100.0,Free,0.0,Everyone,Puzzle,"October 5, 2016",1.0,4.0.3 and up
Traffic Info and Traffic Alert,MAPS_AND_NAVIGATION,3.6,695.0,2.9,100000.0,Free,0.0,Everyone,Maps & Navigation,"January 28, 2018",5.3,4.0 and up
Color Quartets,FAMILY,4.0,42.0,12.0,1000.0,Free,0.0,Everyone,Casual,"November 15, 2016",1.46,4.0 and up
Ham Radio Prefixes,COMMUNICATION,3.7,218.0,3.7,10000.0,Free,0.0,Everyone,Communication,"July 12, 2014",1.12,2.3 and up
Battle Result Predictor for CR,TOOLS,4.2,7063.0,17.0,1000000.0,Free,0.0,Everyone,Tools,"February 4, 2017",1.3.0,4.1 and up
Deck Analyzer for CR,TOOLS,4.2,2630.0,18.0,100000.0,Free,0.0,Everyone,Tools,"February 2, 2017",1.3.0,4.1 and up
Chest Simulator for Clash Royale,FAMILY,4.4,4756.0,33.0,100000.0,Free,0.0,Everyone,Simulation,"July 19, 2018",1.1.9,4.1 and up
Clash Soundboard For CR & COC,FAMILY,4.3,13.0,26.0,500.0,Free,0.0,Everyone,Entertainment,"January 3, 2018",1.1,4.0.3 and up
Quiz for Clash Royale™,FAMILY,4.0,3788.0,32.0,100000.0,Free,0.0,Everyone,Entertainment,"July 18, 2018",3.0.1,4.1 and up
CR Blue Icon Pack,PERSONALIZATION,4.5,323.0,38.0,10000.0,Free,0.0,Everyone,Personalization,"December 4, 2014",1.03,2.3.3 and up
Chest Calculator for CR,FAMILY,3.9,14754.0,21.0,1000000.0,Free,0.0,Everyone 10+,Entertainment,"July 22, 2018",1.8.1,4.1 and up
Ultimate Calculator for CR,PRODUCTIVITY,3.7,7389.0,41.0,500000.0,Free,0.0,Everyone,Productivity,"March 15, 2017",1.0.4,4.0 and up
Stats CR Clan for Clash Royale,FAMILY,3.8,16.0,9.9,100.0,Free,0.0,Everyone,Entertainment,"July 25, 2018",1.2.9,4.1 and up
Ultimate Clash Royale Tracker,FAMILY,4.7,92010.0,5.9,1000000.0,Free,0.0,Everyone,Strategy,"July 4, 2018",1.4.8,4.2 and up
Chest Opener for CR - The Circle Game,FAMILY,4.3,68.0,2.7,5000.0,Free,0.0,Everyone,Entertainment,"January 7, 2018",1.0.3,5.0 and up
Stats Royale for Clash Royale,BOOKS_AND_REFERENCE,4.5,68226.0,16.0,1000000.0,Free,0.0,Everyone,Books & Reference,"August 6, 2018",1.9.1,4.2 and up
Counter Deck Calculator for CR,TOOLS,4.1,3446.0,19.0,500000.0,Free,0.0,Everyone,Tools,"February 4, 2017",1.3.0,4.1 and up
CR Calculator,TOOLS,4.3,297.0,2.8,50000.0,Free,0.0,Everyone,Tools,"January 27, 2018",2.2,4.0 and up
Servidor Privado de CR y CoC - Light Royale,FAMILY,4.6,3106.0,3.6,10000.0,Free,0.0,Everyone,Entertainment,"May 17, 2018",7,4.0.3 and up
Helper for Clash Royale (All-in-1),FAMILY,4.3,6078.0,37.0,500000.0,Free,0.0,Everyone,Entertainment,"November 10, 2017",2.0.0,4.1 and up
"CR Fans: Mazos, Clanes y Grupos",FAMILY,4.3,219.0,4.3,5000.0,Free,0.0,Everyone,Entertainment,"December 21, 2017",1.0.7,2.3 and up
DCUO|CR Calculator Lite,TOOLS,4.0,182.0,1.7,10000.0,Free,0.0,Everyone,Tools,"August 14, 2017",3.3,3.0 and up
CR -Call Recorder,TOOLS,4.3,4.0,3.1,100.0,Free,0.0,Everyone,Tools,"September 19, 2017",2.0,4.1 and up
CR Best Decks,FAMILY,3.5,34.0,30.0,1000.0,Free,0.0,Everyone,Strategy,"July 5, 2017",1.03,4.0.3 and up
CR Monitor,AUTO_AND_VEHICLES,4.3,1.0,2.8,5.0,Free,0.0,Everyone,Auto & Vehicles,"April 27, 2018",1.0,4.0 and up
JavaScript Editor CR,TOOLS,3.9,114.0,18.0,5000.0,Free,0.0,Everyone,Tools,"March 16, 2018",1.0.209,4.0 and up
CR-Red,PERSONALIZATION,4.5,561.0,41.0,10000.0,Free,0.0,Everyone,Personalization,"December 4, 2014",1.05,2.3.3 and up
Deck Shop for Clash Royale,FAMILY,4.6,2167.0,13.0,100000.0,Free,0.0,Everyone,Entertainment,"August 6, 2018",1.1.5,4.4 and up
Royale Tournaments,FAMILY,4.4,2420.0,6.7,50000.0,Free,0.0,Teen,Entertainment,"July 28, 2018",5.3.6.0,4.1 and up
Cr Aviation Academy,FAMILY,5.0,7.0,22.0,100.0,Free,0.0,Everyone,Education,"August 9, 2017",1.0,4.1 and up
The ClubHouse CR,HEALTH_AND_FITNESS,4.3,5.0,8.7,100.0,Free,0.0,Everyone,Health & Fitness,"July 9, 2018",4.2.2,4.1 and up
Java Editor CR,TOOLS,3.8,434.0,18.0,50000.0,Free,0.0,Everyone,Tools,"March 16, 2018",1.0.209,4.0 and up
Evolution Marketing CR,HEALTH_AND_FITNESS,4.3,14.0,1.3,1000.0,Free,0.0,Everyone,Health & Fitness,"March 30, 2018",3.0,4.0.3 and up
CR Tracker for Chests,TOOLS,5.0,6.0,4.5,50.0,Free,0.0,Everyone,Tools,"June 5, 2018",1.0.2,4.1 and up
Ultimate Chest Tracker,PRODUCTIVITY,4.5,40328.0,23.0,1000000.0,Free,0.0,Everyone,Productivity,"October 17, 2016",1.9,2.3 and up
Critical Strike CS: Counter Terrorist Online FPS,GAME,4.3,22773.0,13.0,1000000.0,Free,0.0,Mature 17+,Action,"August 3, 2018",4.84,4.1 and up
CS Customizer,COMMUNICATION,3.7,25.0,3.7,1000.0,Free,0.0,Everyone,Communication,"February 6, 2017",1.2.11,3.0 and up
Combat Strike CS 🔫 Counter Terrorist Attack FPS💣,GAME,4.1,1019.0,39.0,100000.0,Free,0.0,Teen,Action,"July 23, 2018",1.0.7,4.1 and up
CS-Touch,FAMILY,3.9,337.0,22.0,10000.0,Free,0.0,Everyone,Education,"May 11, 2018",3.6,5.0 and up
Ultimate Quiz for CS:GO - Skins | Cases | Players,GAME,4.5,2526.0,22.0,100000.0,Free,0.0,Everyone,Trivia,"February 14, 2018",1.3.0,4.1 and up
Аim Training for CS,GAME,3.6,2328.0,12.0,100000.0,Free,0.0,Everyone,Action,"October 25, 2014",1.8,2.3 and up
NetClient CS,BUSINESS,3.5,125.0,4.3,10000.0,Free,0.0,Everyone,Business,"January 5, 2018",1.2.2,3.0 and up
CS Guns Shoot,FAMILY,3.7,433.0,13.0,50000.0,Free,0.0,Teen,Entertainment,"August 1, 2013",1.5,2.2 and up
CS Interview Questions (TechQ),FAMILY,4.8,33.0,6.7,5000.0,Free,0.0,Everyone,Education,"January 27, 2017",1.5,4.1 and up
Your rank CS:GO,GAME,4.1,4946.0,7.5,100000.0,Free,0.0,Teen,Trivia,"July 16, 2017",1.82,4.0.3 and up
CS Interview FAQs,FAMILY,4.3,99.0,1.1,10000.0,Free,0.0,Everyone,Education,"February 11, 2013",1.13,2.2 and up
CS,BUSINESS,4.3,5.0,8.3,100.0,Free,0.0,Everyone,Business,"August 13, 2015",Release 1.0,4.1 and up
Mobile CS,BUSINESS,4.0,13.0,5.7,1000.0,Free,0.0,Everyone,Business,"October 6, 2017",1.2.0,4.4 and up
Counter Terrorist Gun Strike CS: Special Forces,GAME,4.2,211.0,44.0,10000.0,Free,0.0,Teen,Action,"August 18, 2017",1.1,2.3 and up
C.S. Lewis Daily Quotes,LIFESTYLE,4.1,75.0,11.0,10000.0,Free,0.0,Everyone,Lifestyle,"January 14, 2018",1.0.1,4.1 and up
Shooter Sniper CS - FPS Games,GAME,3.5,14823.0,40.0,1000000.0,Free,0.0,Teen,Action,"February 15, 2017",4.0,2.3 and up
CS16Client,GAME,4.3,8668.0,9.1,500000.0,Free,0.0,Teen,Action,"April 1, 2017",1.33,1.5 and up
CS Browser | #1 & BEST BROWSER,COMMUNICATION,3.8,52.0,2.1,1000.0,Free,0.0,Everyone,Communication,"August 28, 2015",2.0,3.0 and up
Counter Attack - Multiplayer FPS,GAME,4.3,112565.0,32.0,1000000.0,Free,0.0,Teen,Action,"July 21, 2018",1.1.97,4.4 and up
DU CS Lectures - Learn to Code for Free,FAMILY,4.8,16.0,7.8,100.0,Free,0.0,Everyone,Education,"July 29, 2018",4.0,4.1 and up
CS Browser Beta,COMMUNICATION,4.3,125.0,53.0,5000.0,Free,0.0,Everyone,Communication,"October 16, 2017",60.0.3112.3046279,4.1 and up
Helper for CS:GO,TOOLS,4.4,208.0,6.0,10000.0,Free,0.0,Everyone,Tools,"June 16, 2016",1.2.1,4.1 and up
My Nexus for CS:S & CS:GO,FAMILY,3.6,783.0,25.0,50000.0,Free,0.0,Teen,Entertainment,"June 25, 2016",1.3.4,4.0 and up
CS & IT Interview Questions,FAMILY,5.0,43.0,3.3,1000.0,Free,0.0,Everyone,Education,"March 27, 2018",1.1,4.2 and up
GATE 21 years CS Papers(2011-2018 Solved),BOOKS_AND_REFERENCE,4.3,1.0,34.0,50.0,Free,0.0,Everyone,Books & Reference,"July 24, 2018",3.0,4.1 and up
Map Callouts for CS:GO,GAME,4.3,211.0,3.6,50000.0,Free,0.0,Everyone,Action,"January 26, 2018",2.1,4.0.3 and up
GATE CS Engineering 2019 Exam Prep App,FAMILY,4.2,162.0,6.2,10000.0,Free,0.0,Everyone,Education,"February 15, 2018",Y4W-GATE_CS-5.0.0,4.1 and up
CA CS Network,FAMILY,4.7,160.0,19.0,5000.0,Free,0.0,Everyone,Education,"July 25, 2018",1.0,4.4 and up
Smokes for CS:GO,FAMILY,3.9,3253.0,3.6,100000.0,Free,0.0,Everyone,Entertainment,"April 10, 2015",1.3,2.2 and up
Grenade Practice for CS:GO,FAMILY,4.4,431.0,17.0,10000.0,Free,0.0,Everyone,Entertainment,"June 13, 2016",1.1.1,4.0 and up
Quiz CS:GO players,GAME,4.4,460.0,31.0,50000.0,Free,0.0,Everyone,Trivia,"June 23, 2018",4.2,4.0.3 and up
Puzzle for CS:GO,GAME,4.3,247.0,18.0,10000.0,Free,0.0,Everyone,Word,"September 16, 2016",1.53,4.0.3 and up
Smokes Guide for CS:GO,FAMILY,4.3,445.0,29.0,50000.0,Free,0.0,Everyone,Entertainment,"June 1, 2017",3.0,4.0 and up
RadRevision: Anatomy on CT,MEDICAL,3.8,568.0,42.0,50000.0,Free,0.0,Everyone,Medical,"January 22, 2014",1.2,4.0 and up
Radiology CT Anatomy,MEDICAL,4.2,345.0,14.0,50000.0,Free,0.0,Everyone,Medical,"January 20, 2018",1.6,4.0 and up
CT Scan Viewer 3D,MEDICAL,4.2,6.0,29.0,1000.0,Free,0.0,Everyone,Medical,"June 20, 2018",1.0,2.3 and up
Learn CT Scan Of Head,BOOKS_AND_REFERENCE,4.1,10.0,5.7,5000.0,Free,0.0,Everyone,Books & Reference,"July 22, 2018",1.5,4.1 and up
CT Abdomen Pelvis,MEDICAL,4.0,36.0,36.0,10000.0,Free,0.0,Everyone,Medical,"January 20, 2018",2.0,4.0 and up
CT Neck,MEDICAL,4.4,7.0,8.9,1000.0,Free,0.0,Everyone,Medical,"January 20, 2018",2.0,4.0 and up
CT Scan Generations,FAMILY,4.7,6.0,5.1,1000.0,Free,0.0,Everyone,Education,"April 1, 2018",1.0,4.0 and up
CT Brain Interpretation,FAMILY,5.0,3.0,29.0,500.0,Free,0.0,Everyone,Education,"July 4, 2018",5.0.16,4.0 and up
CT-Guide & Positioning,FAMILY,3.7,6.0,7.8,1000.0,Free,0.0,Everyone,Education,"June 6, 2018",1.5,4.0 and up
CT Sessions,MEDICAL,4.3,62.0,20.0,5000.0,Free,0.0,Everyone,Medical,"December 15, 2014",2.2,2.3 and up
CT - DTC Lookup,TOOLS,4.1,41.0,0.962890625,10000.0,Free,0.0,Everyone,Tools,"July 26, 2013",3,3.0 and up
POCKET ATLAS OF CT HEAD,MEDICAL,4.3,22.0,18.0,10000.0,Free,0.0,Everyone,Medical,"March 16, 2018",2.0,4.0.3 and up
Interactive CT & MRI Anat.Lite,MEDICAL,3.8,534.0,14.0,100000.0,Free,0.0,Everyone,Medical,"July 30, 2012",1.2,2.2 and up
CT POSITIONING,MEDICAL,4.5,18.0,9.3,5000.0,Free,0.0,Everyone,Medical,"March 10, 2018",2.0,4.0.3 and up
CT Cervical Spine,MEDICAL,5.0,5.0,17.0,1000.0,Free,0.0,Everyone,Medical,"January 20, 2018",2.0,4.0 and up
Trauma CT Head Rules,MEDICAL,4.3,2.0,1.4,100.0,Free,0.0,Everyone,Medical,"April 23, 2017",1.1,4.0.3 and up
CT Head Basic Interpretation,FAMILY,4.3,1.0,16.0,100.0,Free,0.0,Everyone,Education,"June 11, 2018",1.0.1,4.0 and up
CT MyChiroTown Mobile,MEDICAL,3.9,40.0,4.0,5000.0,Free,0.0,Everyone,Medical,"July 7, 2015",4.1.0,2.3.3 and up
CT Lottery,FAMILY,3.8,271.0,8.3,50000.0,Free,0.0,Teen,Entertainment,"June 12, 2017",1.2.0,4.0 and up
Permit Test Connecticut CT DMV,FAMILY,4.6,186.0,9.6,10000.0,Free,0.0,Everyone,Education,"October 12, 2017",2.9.0,4.1 and up
POCKET BOOK CT ABDOMEN,MEDICAL,4.3,0.0,11.0,100.0,Free,0.0,Everyone,Medical,"March 16, 2018",1.0,4.1 and up
I AM C.T.,HEALTH_AND_FITNESS,4.6,28.0,20.0,1000.0,Free,0.0,Mature 17+,Health & Fitness,"April 27, 2017",1.0,4.0.3 and up
Solar CT PV System Power,PRODUCTIVITY,4.7,315.0,14.0,10000.0,Free,0.0,Everyone,Productivity,"January 22, 2018",SolarCT 1.9 v,4.0 and up
CARDIAC CT TECHNIQUE,MEDICAL,5.0,6.0,17.0,1000.0,Free,0.0,Everyone,Medical,"March 10, 2018",2.0,4.0.3 and up
TUTORIAL CT SCAN CARDIAC,MEDICAL,4.3,1.0,15.0,1000.0,Free,0.0,Everyone,Medical,"March 10, 2018",2.0,4.0.3 and up
HEAD TRAUMA CT EVALUATION,MEDICAL,4.5,18.0,13.0,10000.0,Free,0.0,Everyone,Medical,"March 16, 2018",2.0,4.0.3 and up
Simpli CT,TOOLS,4.3,4.0,11.0,100.0,Free,0.0,Everyone,Tools,"November 30, 2017",1.0.2,4.3 and up
Remote CT - Smart Remote,TOOLS,3.5,3988.0,11.0,1000000.0,Free,0.0,Everyone,Tools,"December 22, 2015",1.0.5,4.4 and up
CT CONNECT,PRODUCTIVITY,4.3,2.0,28.0,50.0,Free,0.0,Everyone,Productivity,"August 8, 2017",8.2.1,4.1 and up
CT-ART 4.0 (Chess Tactics 1200-2400 ELO),GAME,4.8,8191.0,13.0,100000.0,Free,0.0,Everyone,Board,"May 22, 2018",1.1.0,4.1 and up
CT-Stream Player,FAMILY,3.9,84.0,11.0,10000.0,Free,0.0,Everyone,Entertainment,"November 21, 2016",3.4,3.0 and up
CT Pulmonary Angiography,MEDICAL,4.3,0.0,4.9,100.0,Free,0.0,Everyone,Medical,"March 24, 2018",1.0,4.0 and up
Results for CT Lottery,FAMILY,4.5,86.0,8.6,5000.0,Free,0.0,Teen,Entertainment,"March 11, 2017",5.1,4.1 and up
Dine In CT - Food Delivery,SHOPPING,5.0,4.0,1.6,1000.0,Free,0.0,Everyone,Shopping,"May 16, 2016",1.3,4.0 and up
CT Checkout,FINANCE,5.0,1.0,8.4,50.0,Free,0.0,Everyone,Finance,"April 20, 2017",1.2,4.2 and up
POCKET ATLAS CARDIAC MRI AND CT,MEDICAL,4.3,0.0,4.8,50.0,Free,0.0,Everyone,Medical,"July 18, 2018",1.0,4.0 and up
"CU: UPI Payments, Chat & Call",FINANCE,4.3,693.0,32.0,100000.0,Free,0.0,Teen,Finance,"May 3, 2018",1.0.95,4.2 and up
CU of Colorado Mobile Banking,FINANCE,4.0,347.0,25.0,10000.0,Free,0.0,Everyone,Finance,"February 6, 2018",4.11.100,4.1 and up
Tech CU Mobile Banking,FINANCE,4.5,853.0,27.0,10000.0,Free,0.0,Everyone,Finance,"July 12, 2018",4.13.72,4.1 and up
My CU - Caucasus University,PRODUCTIVITY,4.6,48.0,7.3,1000.0,Free,0.0,Everyone,Productivity,"November 22, 2017",1.2.3,4.1 and up
Service CU Mobile Banking,FINANCE,4.7,6208.0,14.0,100000.0,Free,0.0,Everyone,Finance,"June 12, 2018",5.9.1.0,5.0 and up
Redwood CU v3.1.0,FINANCE,3.8,480.0,15.0,50000.0,Free,0.0,Everyone,Finance,"May 24, 2018",3.1.0,4.0 and up
BayPort CU Mobile Banking,FINANCE,4.7,2374.0,16.0,10000.0,Free,0.0,Everyone,Finance,"July 31, 2018",5.10.1.0,5.0 and up
CU SoCal Mobile Banking,FINANCE,4.0,253.0,25.0,10000.0,Free,0.0,Everyone,Finance,"May 2, 2018",4.6.68,4.0.3 and up
Tropical Financial CU,FINANCE,4.6,1231.0,14.0,10000.0,Free,0.0,Everyone,Finance,"June 12, 2018",5.9.1.0,5.0 and up
Commonwealth CU Go Mobile,FINANCE,4.3,231.0,18.0,10000.0,Free,0.0,Everyone,Finance,"September 15, 2017",4.4.47,4.0.3 and up
Freedom CU,FINANCE,3.6,117.0,25.0,10000.0,Free,0.0,Everyone,Finance,"June 22, 2018",6.5.82-prod,4.2 and up
Meritrust CU Mobile Banking,FINANCE,4.7,3661.0,14.0,50000.0,Free,0.0,Everyone,Finance,"June 12, 2018",5.9.1.0,5.0 and up
Nusenda CU– Mobile Banking,FINANCE,3.5,805.0,6.5,50000.0,Free,0.0,Everyone,Finance,"July 17, 2018",5.4.5,5.0 and up
Lake Michigan CU Mobile,FINANCE,4.0,732.0,5.5,50000.0,Free,0.0,Everyone,Finance,"April 2, 2018",3.0.21,4.0 and up
Maps CU,FINANCE,3.5,256.0,28.0,10000.0,Free,0.0,Everyone,Finance,"November 2, 2017",200,4.0.3 and up
Family Savings CU Mobile,FINANCE,4.3,323.0,17.0,10000.0,Free,0.0,Everyone,Finance,"September 8, 2017",4.4.47,4.0.3 and up
FORUM Credit Union CU Online,FINANCE,4.1,196.0,7.3,10000.0,Free,0.0,Everyone,Finance,"June 30, 2018",5.0.0,4.4 and up
Educators CU Mobile Banking,FINANCE,4.6,1992.0,24.0,50000.0,Free,0.0,Everyone,Finance,"June 20, 2018",3000.5.3532,5.0 and up
Space Coast CU Mobile,FINANCE,3.8,922.0,2.1,100000.0,Free,0.0,Everyone,Finance,"July 13, 2017",2.1.0.1108,2.3 and up
First Tech Federal CU,FINANCE,4.3,4290.0,24.0,50000.0,Free,0.0,Everyone,Finance,"July 19, 2018",3000.5.3548,5.0 and up
Southland CU,FINANCE,3.8,109.0,2.8,10000.0,Free,0.0,Everyone,Finance,"July 20, 2017",1.1,2.3 and up
Numerica CU,FINANCE,3.8,472.0,8.6,50000.0,Free,0.0,Everyone,Finance,"February 21, 2018",5.0.0,4.0 and up
Firefighters First CU,FINANCE,4.8,495.0,12.0,5000.0,Free,0.0,Everyone,Finance,"May 1, 2018",5.7.1.0,5.0 and up
My Vodafone (GR),COMMUNICATION,3.8,12667.0,34.0,1000000.0,Free,0.0,Everyone,Communication,"August 1, 2018",4.5.5.1-2090AL-REL,4.3 and up
Curriculum vitae App CV Builder Free Resume Maker,BUSINESS,4.5,4571.0,3.9,500000.0,Free,0.0,Everyone,Business,"July 8, 2018",3.3,4.1 and up
Free Resume App,BUSINESS,4.6,15830.0,13.0,1000000.0,Free,0.0,Everyone,Business,"July 19, 2018",Varies with device,Varies with device
CV Engineer - Free Resume Maker & CV Templates,BUSINESS,4.6,213.0,3.8,10000.0,Free,0.0,Everyone,Business,"April 11, 2018",3.5.3,5.0 and up
CV Examples 2018,FAMILY,4.5,625.0,26.0,100000.0,Free,0.0,Everyone,Education,"July 30, 2018",4.0,4.0.3 and up
Curriculum Vitae,BUSINESS,3.7,3757.0,5.0,1000000.0,Free,0.0,Everyone,Business,"March 29, 2016",2.8,2.3.3 and up
Free resume builder CV maker templates PDF formats,BUSINESS,4.4,9555.0,4.7,1000000.0,Free,0.0,Everyone,Business,"July 19, 2018",7.7,4.1 and up
Resume Builder - Free CV Maker & Premium Templates,BUSINESS,4.6,770.0,5.6,100000.0,Free,0.0,Everyone,Business,"August 3, 2018",1.9,4.4 and up
Easy Cv maker 2018,BOOKS_AND_REFERENCE,3.9,88.0,5.3,10000.0,Free,0.0,Everyone,Books & Reference,"March 31, 2018",1.1,4.0 and up
Resume PDF Maker / CV Builder,BUSINESS,4.4,2147.0,2.2,500000.0,Free,0.0,Everyone,Business,"December 14, 2017",1.8,4.4 and up
Resume & CV Creator by Desygner,PRODUCTIVITY,4.5,48.0,26.0,5000.0,Free,0.0,Everyone,Productivity,"July 23, 2018",2.11.1,5.0 and up
CV S ( CV Editor - Resume ),BUSINESS,4.5,3972.0,5.6,100000.0,Free,0.0,Teen,Business,"June 25, 2018",5.1.14,4.0 and up
CV Formats 2018,FAMILY,4.3,374.0,26.0,100000.0,Free,0.0,Everyone,Education,"October 9, 2017",1.0,4.0.3 and up
CV Maker Pro,BUSINESS,3.7,113.0,8.6,10000.0,Free,0.0,Everyone,Business,"June 9, 2018",3.4.3,4.1 and up
Free CV Creator,TOOLS,3.9,37.0,21.0,10000.0,Free,0.0,Everyone,Tools,"July 18, 2018",1.3,4.4 and up
"Job CV Maker-Portfolio Maker , Resume Maker",FAMILY,3.9,139.0,4.8,50000.0,Free,0.0,Everyone,Education,"July 16, 2018",2.1,4.0.3 and up
Resume Builder and CV maker app,PRODUCTIVITY,4.3,2303.0,15.0,100000.0,Free,0.0,Everyone,Productivity,"August 2, 2018",8.9.2.pro,4.0.3 and up
HOW TO WRITE A CV,BUSINESS,4.1,489.0,20.0,100000.0,Free,0.0,Everyone,Business,"June 27, 2018",14.0,4.0.3 and up
CV EXAMPLES,BUSINESS,4.1,423.0,20.0,100000.0,Free,0.0,Everyone,Business,"June 7, 2018",11.0,4.0.3 and up
Cv maker / Job cv maker,FAMILY,4.4,14.0,5.5,1000.0,Free,0.0,Everyone,Education,"March 27, 2018",1.0,4.0 and up
"Resume Builder Free, CV Maker & Resume Templates",BUSINESS,4.4,20921.0,5.7,1000000.0,Free,0.0,Everyone,Business,"January 11, 2018",4.0.3,4.1 and up
"Free Professional Resume Builder, CV, Cover Letter",BUSINESS,4.2,831.0,11.0,50000.0,Free,0.0,Everyone,Business,"June 13, 2018",1.3.2.9,4.0 and up
Resume Free,PRODUCTIVITY,4.5,27820.0,4.7,1000000.0,Free,0.0,Everyone,Productivity,"July 29, 2018",2.1,2.3.3 and up
How to Write CV,BOOKS_AND_REFERENCE,4.6,244.0,4.1,100000.0,Free,0.0,Everyone,Books & Reference,"April 22, 2016",1.0.0,4.0 and up
Free Resume Builder – CV Maker,BUSINESS,4.4,25.0,12.0,5000.0,Free,0.0,Everyone,Business,"June 9, 2018",1.5,4.4 and up
Resume App,BUSINESS,4.4,11310.0,13.0,1000000.0,Free,0.0,Everyone,Business,"July 19, 2018",Varies with device,Varies with device
CV Builder,BUSINESS,3.8,203.0,5.9,10000.0,Free,0.0,Everyone,Business,"September 30, 2016",2.2.1.0,2.3 and up
"Resume Maker:Free CV Maker,Templates Builder",BUSINESS,4.2,715.0,7.1,100000.0,Free,0.0,Everyone,Business,"August 1, 2018",1.8,4.0.3 and up
Resume Builder / CV Maker & Templates,BUSINESS,4.4,25.0,7.9,5000.0,Free,0.0,Everyone,Business,"January 19, 2018",1.0.3,4.0.3 and up
CV maker for Job Applications and Resume Maker,TOOLS,4.2,75.0,25.0,10000.0,Free,0.0,Everyone,Tools,"January 31, 2018",1.1,4.0 and up
CV Templates 2018,FAMILY,4.0,13.0,26.0,5000.0,Free,0.0,Everyone,Education,"October 9, 2017",1.1,4.0.3 and up
Job CV Maker & Portfolio Maker,FAMILY,4.2,593.0,4.9,100000.0,Free,0.0,Everyone,Education,"January 1, 2018",1.0.2,3.0 and up
CV Maker for Job Applications:Photo Resume Builder,TOOLS,4.0,114.0,25.0,10000.0,Free,0.0,Everyone,Tools,"June 9, 2018",1.5,4.0 and up
CV Creator,FAMILY,4.4,31.0,8.3,10000.0,Free,0.0,Everyone,Education,"January 8, 2018",1.2.1,4.2 and up
Resume ( CV Editor ),BUSINESS,4.5,416.0,6.0,10000.0,Free,0.0,Everyone,Business,"June 30, 2018",1.2,4.0 and up
Resume Maker - Creator,BUSINESS,4.3,740.0,19.0,50000.0,Free,0.0,Everyone,Business,"August 4, 2018",1.1.2,4.0.3 and up
CV-Library Job Search,BUSINESS,4.4,6997.0,4.6,100000.0,Free,0.0,Everyone,Business,"July 6, 2018",6.8.0,4.1 and up
CV Samples 2018,BUSINESS,4.3,34.0,26.0,10000.0,Free,0.0,Everyone,Business,"October 10, 2017",1.0,4.0.3 and up
CV (Curriculum Vitae / Resume) Maker,BUSINESS,4.3,4.0,4.4,5000.0,Free,0.0,Everyone,Business,"December 27, 2017",1.1,4.0.3 and up
"Easy Resume Builder, Resume help, Curriculum vitae",TOOLS,4.3,996.0,10.0,50000.0,Free,0.0,Everyone,Tools,"September 28, 2017",2.3,4.0.3 and up
Resume / CV,BUSINESS,3.6,125.0,5.0,10000.0,Free,0.0,Everyone,Business,"December 28, 2015",2.0,2.3.3 and up
VisualCV Resume Builder,BUSINESS,4.6,2555.0,16.0,100000.0,Free,0.0,Everyone,Business,"June 2, 2017",2.5.0,4.4 and up
Resume Maker / CV creator & Templates,TOOLS,4.2,54.0,22.0,5000.0,Free,0.0,Everyone,Tools,"April 15, 2018",1.0.6,4.0.3 and up
Resume Builder - Curriculum Vitae & Resume Maker,BUSINESS,4.0,12.0,8.1,5000.0,Free,0.0,Everyone,Business,"June 7, 2018",1.9,4.0.3 and up
CW Seed,FAMILY,4.5,16391.0,13.0,500000.0,Free,0.0,Teen,Entertainment,"July 18, 2018",1.16,4.4 and up
Archie Comics,COMICS,3.8,5084.0,6.2,100000.0,Free,0.0,Everyone,Comics,"June 19, 2018",2.2.0,4.3 and up
All Star Of CW,FAMILY,4.3,0.0,2.4,10.0,Free,0.0,Everyone,Role Playing,"February 6, 2018",2.03,4.0.3 and up
FANDOM: Arrow and The Flash,FAMILY,4.5,3935.0,9.5,100000.0,Free,0.0,Mature 17+,Entertainment,"June 7, 2018",2.9.8,4.4 and up
IZ2UUF Morse Koch CW,COMMUNICATION,4.6,649.0,0.8173828125,50000.0,Free,0.0,Everyone,Communication,"August 8, 2013",1.0.013,2.1 and up
C W Browser,COMMUNICATION,4.4,14.0,17.0,100.0,Free,0.0,Everyone,Communication,"October 28, 2017",1.0,4.0 and up
Canon CameraWindow,PHOTOGRAPHY,3.5,12204.0,6.8,1000000.0,Free,0.0,Everyone,Photography,"March 14, 2017",1.5.2.21,2.3.3 and up
Saiyan Of CW,FAMILY,3.8,5.0,1.1,500.0,Free,0.0,Everyone,Role Playing,"July 31, 2018",2.0.10,4.0.3 and up
CW Bluetooth SPP,COMMUNICATION,4.3,3.0,0.9384765625,100.0,Free,0.0,Everyone,Communication,"March 31, 2018",1.2,6.0 and up
Free CW TN Videos 2018,FAMILY,4.3,0.0,4.8,10.0,Free,0.0,Everyone,Entertainment,"July 28, 2018",1.0,3.2 and up
The Church at CW,LIFESTYLE,4.5,2.0,7.8,100.0,Free,0.0,Teen,Lifestyle,"June 25, 2018",3.8.0,4.1 and up
CW Mobile,FAMILY,4.3,3.0,22.0,50.0,Free,0.0,Everyone,Education,"June 25, 2018",3.3.99,4.2 and up
"Freeform – Stream Full Episodes, Movies, & Live TV",FAMILY,3.7,29229.0,13.0,1000000.0,Free,0.0,Teen,Entertainment,"August 6, 2018",Varies with device,Varies with device
CW BLE Peripheral Simulator,COMMUNICATION,4.3,2.0,1.5,500.0,Free,0.0,Everyone,Communication,"March 8, 2017",1.0,4.4 and up
"FXNOW: Movies, Shows & Live TV",FAMILY,3.9,31552.0,13.0,1000000.0,Free,0.0,Teen,Entertainment,"July 23, 2018",Varies with device,4.4 and up
Morse Code Reader,COMMUNICATION,3.9,1436.0,0.01953125,100000.0,Free,0.0,Everyone,Communication,"August 26, 2013",1.0,1.6 and up
Pocket RxTx Free,PRODUCTIVITY,4.1,4513.0,13.0,100000.0,Free,0.0,Everyone,Productivity,"March 4, 2018",Varies with device,Varies with device
Hallmark Channel Everywhere,FAMILY,4.2,6784.0,13.0,500000.0,Free,0.0,Everyone,Entertainment,"August 30, 2017",2.3.0,4.4 and up
Morse Player Free,FAMILY,4.2,268.0,4.2,50000.0,Free,0.0,Everyone,Education,"January 23, 2017",2.1.1,3.0 and up
News 8 San Diego,NEWS_AND_MAGAZINES,4.2,1137.0,11.0,50000.0,Free,0.0,Everyone,News & Magazines,"July 23, 2018",5.5.0,4.3 and up
Learn Morse Code - G0HYN Learn Morse,COMMUNICATION,4.0,27.0,0.5859375,5000.0,Free,0.0,Everyone,Communication,"May 8, 2018",5.0,2.2 and up
Morse Notifier Free,TOOLS,4.6,79.0,3.0,1000.0,Free,0.0,Everyone,Tools,"November 8, 2017",2.9.9,4.0.3 and up
CX-10WiFi,FAMILY,4.0,1419.0,12.0,100000.0,Free,0.0,Everyone,Casual,"October 25, 2017",2.5_16,4.0 and up
CX-OF,FAMILY,4.2,18.0,37.0,1000.0,Free,0.0,Everyone,Entertainment,"January 31, 2018",7.2.1,4.3 and up
cx-32wifi,FAMILY,4.1,62.0,6.5,10000.0,Free,0.0,Everyone,Entertainment,"November 14, 2015",1.4,2.2 and up
CX-17WIFI,FAMILY,4.3,49.0,6.6,10000.0,Free,0.0,Everyone,Entertainment,"March 21, 2018",2.3,4.3 and up
Cx File Explorer,TOOLS,4.7,175.0,4.3,10000.0,Free,0.0,Everyone,Tools,"July 28, 2018",1.0.7,5.0 and up
cx-33wifi,FAMILY,4.4,63.0,7.6,10000.0,Free,0.0,Everyone,Entertainment,"November 14, 2015",1.4,2.2 and up
CX-37,FAMILY,3.9,13.0,12.0,1000.0,Free,0.0,Everyone,Casual,"May 30, 2016",1.3_4,3.0 and up
Avaya CX,BUSINESS,4.4,21.0,21.0,1000.0,Free,0.0,Everyone,Business,"July 25, 2018",v6.7.14,5.0 and up
CX_WiFiUFO,SPORTS,3.7,818.0,5.3,100000.0,Free,0.0,Everyone,Sports,"June 8, 2016",4.4_23,4.0 and up
CX watcher,FAMILY,4.5,4.0,30.0,500.0,Free,0.0,Everyone,Casual,"June 21, 2018",1.5_6,4.1 and up
Theme For Techno Camon CX,PERSONALIZATION,4.7,42.0,10.0,5000.0,Free,0.0,Everyone,Personalization,"May 10, 2017",1.0.,4.0 and up
CX-95WIFI,LIFESTYLE,4.3,6.0,11.0,500.0,Free,0.0,Everyone,Lifestyle,"June 2, 2017",2.1,4.0 and up
Theme for Tecno Camon CX / C8,LIFESTYLE,4.6,147.0,9.8,10000.0,Free,0.0,Everyone,Lifestyle,"May 2, 2017",1.0.1,4.0 and up
Oración CX,LIFESTYLE,5.0,103.0,3.8,5000.0,Free,0.0,Everyone,Lifestyle,"September 12, 2017",5.1.10,4.1 and up
Cx Wize,PRODUCTIVITY,4.3,3.0,24.0,100.0,Free,0.0,Everyone,Productivity,"July 30, 2018",2.1.0,4.1 and up
Ring,COMMUNICATION,3.9,517.0,35.0,10000.0,Free,0.0,Everyone,Communication,"August 6, 2018",20180805,4.4 and up
Racing CX,GAME,4.3,4.0,20.0,500.0,Free,0.0,Everyone,Racing,"June 6, 2017",1,2.2 and up
cx advance call blocker,PERSONALIZATION,5.0,3.0,3.4,50.0,Free,0.0,Everyone,Personalization,"April 9, 2018",1.0,4.0 and up
CX Ram Booster,TOOLS,3.9,12.0,2.5,500.0,Free,0.0,Everyone,Tools,"June 2, 2017",1.0,2.2 and up
CX-42,FAMILY,4.3,0.0,32.0,10.0,Free,0.0,Everyone,Casual,"January 2, 2018",1.2_3,4.2 and up
CX Capture,BUSINESS,4.3,1.0,5.8,100.0,Free,0.0,Everyone,Business,"January 23, 2018",v1.2.2,4.0.3 and up
CONNECT: The Mobile CX Summit,PRODUCTIVITY,4.3,0.0,18.0,50.0,Free,0.0,Teen,Productivity,"August 1, 2018",7.18.0.0,5.0 and up
Hyundai CX Conference,COMMUNICATION,4.3,0.0,20.0,50.0,Free,0.0,Everyone,Communication,"May 27, 2018",2.10.2,4.2 and up
CX-41,LIFESTYLE,4.3,1.0,32.0,100.0,Free,0.0,Everyone,Lifestyle,"December 14, 2017",3.0,4.1 and up
CX Monthly Tech News,VIDEO_PLAYERS,4.3,2.0,6.9,500.0,Free,0.0,Everyone,Video Players & Editors,"June 9, 2016",6.1.0,4.0 and up
CXmodel-ufo,FAMILY,3.8,19.0,12.0,1000.0,Free,0.0,Everyone,Entertainment,"January 19, 2017",2.1,2.2 and up
CX Summit,PRODUCTIVITY,4.3,1.0,17.0,50.0,Free,0.0,Teen,Productivity,"September 20, 2017",7.12.0.1,4.2 and up
Secret Codes For Android,TOOLS,3.6,6060.0,0.578125,500000.0,Free,0.0,Everyone,Tools,"February 4, 2016",2.0,2.1 and up
WiFi FPV,FAMILY,3.8,316.0,19.0,100000.0,Free,0.0,Everyone,Entertainment,"June 1, 2017",1.8,2.2 and up
FlexRelease CX,BUSINESS,4.3,4.0,2.0,1000.0,Free,0.0,Everyone,Business,"July 25, 2016",1.5.0,2.3.3 and up
Ambient CX,BUSINESS,4.3,0.0,7.5,5.0,Free,0.0,Everyone,Business,"May 9, 2017",1.0,2.3.3 and up
QuestionPro - CX,BUSINESS,4.3,1.0,16.0,50.0,Free,0.0,Everyone,Business,"August 3, 2018",1.3,4.1 and up
CX Network,BUSINESS,4.3,0.0,10.0,0.0,Free,0.0,Everyone,Business,"August 6, 2018",1.3.1,4.1 and up
CY Security Antivirus Cleaner,PRODUCTIVITY,4.5,75140.0,13.0,1000000.0,Free,0.0,Everyone,Productivity,"January 2, 2018",Varies with device,Varies with device
Freecell CY,GAME,4.0,387.0,1.1,50000.0,Free,0.0,Everyone,Card,"April 16, 2011",1.3.3,1.6 and up
Cy-Reader,FAMILY,4.8,17.0,15.0,100.0,Free,0.0,Everyone,Education,"August 3, 2018",1.7,4.2 and up
Cy-Fair FCU Mobile Banking,FINANCE,4.7,439.0,13.0,5000.0,Free,0.0,Everyone,Finance,"January 30, 2018",5.7.1.0,5.0 and up
Cy-Ranch,NEWS_AND_MAGAZINES,4.5,27.0,7.1,500.0,Free,0.0,Everyone,News & Magazines,"May 6, 2018",7.5.0,4.1 and up
Recycling Cy,LIFESTYLE,4.0,47.0,4.5,1000.0,Free,0.0,Everyone,Lifestyle,"August 2, 2017",2.0,3.2 and up
CY Konum,PERSONALIZATION,4.3,1.0,1.3,100.0,Free,0.0,Everyone,Personalization,"June 27, 2018",3.0,5.1 and up
ABTO CY-ET1,TOOLS,4.3,1.0,29.0,100.0,Free,0.0,Everyone,Tools,"February 6, 2017",2.0.0.0,4.0 and up
CY:ME - real time gps tracker,MAPS_AND_NAVIGATION,4.3,8.0,0.7314453125,1000.0,Free,0.0,Everyone,Maps & Navigation,"September 28, 2013",1.08,2.2 and up
Alpha Bank CY,FINANCE,4.7,39.0,20.0,1000.0,Free,0.0,Everyone,Finance,"March 20, 2018",1.11,4.3 and up
Cy Messenger,COMMUNICATION,4.5,4.0,8.1,100.0,Free,0.0,Everyone,Communication,"August 30, 2014",1.3.0,2.3.3 and up
Amadeus GR & CY,COMMUNICATION,4.3,4.0,3.8,100.0,Free,0.0,Everyone,Communication,"February 1, 2018",2.07,4.1 and up
Igitabo cy'Indirimbo,FAMILY,4.5,93.0,1.6,50000.0,Free,0.0,Everyone,Entertainment,"February 5, 2018",INDIRIMBO V.2014.002,1.6 and up
Doctor Finder CY,MEDICAL,4.9,57.0,6.1,1000.0,Free,0.0,Everyone,Medical,"November 11, 2015",1.7,3.0 and up
Eshopcy.com.cy,SHOPPING,4.2,182.0,4.9,5000.0,Free,0.0,Everyone,Shopping,"August 3, 2018",1.3,2.2 and up
NOMISMA.com.cy by FMW,NEWS_AND_MAGAZINES,5.0,3.0,13.0,100.0,Free,0.0,Everyone,News & Magazines,"May 29, 2016",700,4.0 and up
Cy-Fair VFD EMS Protocols,MEDICAL,5.0,2.0,20.0,100.0,Free,0.0,Everyone 10+,Medical,"September 21, 2017",1.8.3,4.1 and up
EUROBANK CY,FINANCE,4.3,30.0,15.0,100.0,Free,0.0,Everyone,Finance,"June 12, 2018",1.0.1,4.3 and up
Cy-Fair Christian Church,LIFESTYLE,5.0,2.0,9.3,100.0,Free,0.0,Everyone,Lifestyle,"August 3, 2017",24.8.1,4.1 and up
Mediabox CY,FAMILY,4.3,0.0,12.0,10.0,Free,0.0,Everyone,Entertainment,"December 31, 2017",1.0,4.1 and up
Capitalnews.com.cy,NEWS_AND_MAGAZINES,4.3,0.0,3.9,10.0,Free,0.0,Everyone,News & Magazines,"March 23, 2017",0.0.2,4.1 and up
CY Digital Net,SHOPPING,4.7,3.0,5.8,500.0,Free,0.0,Everyone,Shopping,"August 1, 2017",2.0.0,4.0 and up
Cy-Fair Houston Chamber,BUSINESS,4.3,0.0,5.0,5.0,Free,0.0,Everyone,Business,"June 6, 2018",4.1.239,4.1 and up
StudentLife.com.cy,NEWS_AND_MAGAZINES,4.3,17.0,4.4,100.0,Free,0.0,Everyone,News & Magazines,"March 14, 2017",1.0.11,4.1 and up
Phone Clean Best Speed Booster,PRODUCTIVITY,4.5,81502.0,13.0,1000000.0,Free,0.0,Everyone,Productivity,"March 29, 2018",Varies with device,Varies with device
VAT check CY,BUSINESS,4.3,0.0,0.626953125,100.0,Free,0.0,Everyone,Business,"May 18, 2013",1.0.16,1.6 and up
Cy's Elma Pharmacy,HEALTH_AND_FITNESS,4.3,0.0,9.4,10.0,Free,0.0,Everyone 10+,Health & Fitness,"June 28, 2018",7.4.8,4.0.3 and up
CY Spray nozzle,BOOKS_AND_REFERENCE,4.3,0.0,3.3,10.0,Free,0.0,Everyone,Books & Reference,"August 3, 2017",1.01.00,4.0.3 and up
Cymath - Math Problem Solver,FAMILY,4.5,10159.0,6.4,1000000.0,Free,0.0,Everyone,Education,"April 13, 2018",2.17,4.1 and up
Rewards,FINANCE,3.8,57.0,4.0,5000.0,Free,0.0,Everyone,Finance,"December 15, 2017",4.1,2.3 and up
Army of Heroes,FAMILY,4.5,85015.0,46.0,1000000.0,Free,0.0,Everyone 10+,Strategy,"August 1, 2018",1.03.06,4.0 and up
BibleRead En Cy Zh Yue,BOOKS_AND_REFERENCE,4.3,0.0,12.0,5.0,Free,0.0,Everyone,Books & Reference,"May 17, 2018",1.0,4.0 and up
Math Solver,FAMILY,4.3,2250.0,30.0,100000.0,Free,0.0,Everyone,Education,"November 21, 2017",1.2,4.1 and up
SuperBikers 2,GAME,3.9,6200.0,13.0,500000.0,Free,0.0,Everyone 10+,Racing,"July 6, 2018",Varies with device,Varies with device
Cyprus Bus Companion,MAPS_AND_NAVIGATION,3.9,112.0,1.4,10000.0,Free,0.0,Everyone,Maps & Navigation,"December 26, 2013",1.3,2.2 and up
Cyprus Police,SOCIAL,4.2,226.0,15.0,10000.0,Free,0.0,Everyone 10+,Social,"January 31, 2018",1.122.250.1421,2.2 and up
foody Cyprus - online ordering,SHOPPING,4.5,214.0,1.8,10000.0,Free,0.0,Everyone,Shopping,"February 27, 2018",2.92,4.0.3 and up
Death Dragon Knights RPG,FAMILY,4.1,11179.0,19.0,1000000.0,Free,0.0,Teen,Role Playing,"September 16, 2016",2.7,2.3 and up
Bank Of Cyprus,FINANCE,4.1,1514.0,12.0,100000.0,Free,0.0,Everyone,Finance,"February 14, 2018",1.1,4.1 and up
Map of Cyprus offline,TRAVEL_AND_LOCAL,4.6,470.0,21.0,10000.0,Free,0.0,Everyone,Travel & Local,"March 12, 2018",3.9,2.3 and up
CZ-USA,LIFESTYLE,4.5,11.0,3.4,1000.0,Free,0.0,Everyone,Lifestyle,"March 1, 2016",1.0.2,4.0.3 and up
Security Camera CZ,HOUSE_AND_HOME,4.4,137.0,19.0,10000.0,Free,0.0,Everyone,House & Home,"July 17, 2018",1.1.10,4.1 and up
Šmelina .cz inzeráty inzerce,SHOPPING,3.9,117.0,9.8,10000.0,Free,0.0,Everyone,Shopping,"May 13, 2018",1.3,4.0 and up
Alzashop.com,SHOPPING,4.5,32014.0,18.0,500000.0,Free,0.0,Everyone,Shopping,"August 3, 2018",Varies with device,Varies with device
Mapy.cz - Cycling & Hiking offline maps,MAPS_AND_NAVIGATION,4.5,56409.0,43.0,1000000.0,Free,0.0,Everyone,Maps & Navigation,"June 26, 2018",6.2.0,4.1 and up
Breweries (CZ/SK),LIFESTYLE,4.4,1740.0,4.4,50000.0,Free,0.0,Teen,Lifestyle,"July 27, 2017",3.1.0,4.1 and up
reality.cz,HOUSE_AND_HOME,4.1,1372.0,5.4,50000.0,Free,0.0,Everyone,House & Home,"February 15, 2018",2.9.0,4.1 and up
CZ-Help,BOOKS_AND_REFERENCE,5.0,2.0,1.4,5.0,Free,0.0,Everyone,Books & Reference,"July 13, 2018",0.1,4.4 and up
Hlášenírozhlasu.cz,COMMUNICATION,4.3,0.0,17.0,10.0,Free,0.0,Everyone,Communication,"July 27, 2018",2.1.3,4.1 and up
signály.cz,SOCIAL,4.3,38.0,0.8603515625,1000.0,Free,0.0,Everyone,Social,"May 9, 2013",1.1,2.2 and up
HTC Sense Input - CZ,TOOLS,4.3,87.0,7.3,10000.0,Free,0.0,Everyone,Tools,"November 9, 2015",1.0.612933,5.0 and up
WebCams,WEATHER,4.6,3963.0,23.0,100000.0,Free,0.0,Everyone,Weather,"July 17, 2018",5.2.11,4.2 and up
Wallpapers CZ 75 85,PERSONALIZATION,4.3,0.0,12.0,10.0,Free,0.0,Teen,Personalization,"April 12, 2018",1.0,4.1 and up
SMS Sender - sluzba.cz,COMMUNICATION,4.3,12.0,0.0703125,1000.0,Free,0.0,Everyone,Communication,"June 1, 2012",2.00.00,2.0 and up
Novinky.cz,NEWS_AND_MAGAZINES,3.7,2375.0,13.0,100000.0,Free,0.0,Everyone,News & Magazines,"February 23, 2017",Varies with device,Varies with device
Wallpaper.cz,PHOTOGRAPHY,4.9,7.0,2.2,100.0,Free,0.0,Everyone,Photography,"July 11, 2015",1.2.0,3.0 and up
Strava.cz,SHOPPING,4.3,2221.0,13.0,100000.0,Free,0.0,Everyone,Shopping,"July 10, 2018",Varies with device,Varies with device
CZ Kompas,TOOLS,5.0,2.0,3.5,10.0,Free,0.0,Everyone,Tools,"July 9, 2018",1.1,4.0 and up
Modlitební knížka CZ,BOOKS_AND_REFERENCE,4.3,4.0,18.0,500.0,Free,0.0,Everyone,Books & Reference,"February 4, 2018",4.0,4.0.3 and up
PLAYzone.cz,FAMILY,4.4,14.0,7.3,500.0,Free,0.0,Everyone,Entertainment,"November 7, 2017",2.1.3,4.1 and up
RoutePlan.cz,PRODUCTIVITY,4.3,6.0,5.3,100.0,Free,0.0,Everyone,Productivity,"June 6, 2018",2.5.4,4.0.3 and up
TeeTime.cz,SPORTS,4.6,1641.0,6.2,10000.0,Free,0.0,Everyone,Sports,"August 2, 2018",1.18.34,4.0 and up
What is my IP address,TOOLS,4.5,4228.0,0.640625,500000.0,Free,0.0,Everyone,Tools,"July 2, 2018",2.95,4.0 and up
Windguru Lite,WEATHER,4.0,9307.0,5.0,1000000.0,Free,0.0,Everyone,Weather,"January 9, 2018",2.0.8,4.4 and up
Vira.cz Widget,LIFESTYLE,4.3,86.0,0.5869140625,1000.0,Free,0.0,Everyone,Lifestyle,"June 15, 2016",1.0,2.2 and up
Da Fit,SPORTS,3.5,1151.0,8.3,10000.0,Free,0.0,Everyone,Sports,"July 23, 2018",v1.0.0-195-gb96d9f2,4.4 and up
The Zueira's Voice,TOOLS,4.7,136540.0,3.1,1000000.0,Free,0.0,Everyone,Tools,"July 10, 2018",4.75,4.0.3 and up
Thuglife Video Maker,FAMILY,3.5,38824.0,12.0,1000000.0,Free,0.0,Mature 17+,Entertainment,"January 21, 2018",2.4.1,5.0 and up
Soccer FC,SPORTS,3.9,6289.0,33.0,1000000.0,Free,0.0,Everyone,Sports,"July 21, 2016",1.2,2.3 and up
Quiz TRUE or FALSE,GAME,4.6,2464.0,34.0,50000.0,Free,0.0,Everyone,Trivia,"February 13, 2018",1.1,4.1 and up
SQLite DB Reader,TOOLS,3.6,301.0,2.3,50000.0,Free,0.0,Everyone,Tools,"November 28, 2017",1.2.9,4.0 and up
db.Mobil App,LIBRARIES_AND_DEMO,4.5,23.0,31.0,5000.0,Free,0.0,Everyone,Libraries & Demo,"July 11, 2018",3.4.5,3.0 and up
DB Streckenagent,MAPS_AND_NAVIGATION,3.9,4569.0,7.5,500000.0,Free,0.0,Everyone,Maps & Navigation,"December 22, 2017",2.1.10 (49),4.0 and up
dB: Sound Meter Pro,TOOLS,4.3,31.0,0.22265625,5000.0,Free,0.0,Everyone,Tools,"December 12, 2016",1.0,4.0.3 and up
Movie DB,FAMILY,4.3,10.0,2.6,1000.0,Free,0.0,Teen,Entertainment,"December 10, 2016",1.0.1,4.2 and up
dB Sound Level Meter,TOOLS,3.9,203.0,2.3,10000.0,Free,0.0,Everyone,Tools,"March 3, 2017",1.08,3.0 and up
DB Sound Meter: Measure Noise Level- Decibel Meter,TOOLS,4.3,824.0,2.8,10000.0,Free,0.0,Everyone,Tools,"December 13, 2017",1.0.1,4.1 and up
DB Welt - Die Zeitung der DB,NEWS_AND_MAGAZINES,4.3,145.0,16.0,10000.0,Free,0.0,Everyone,News & Magazines,"February 26, 2016",3.1.3,4.0 and up
Check DB Benchmark,TOOLS,4.3,0.0,2.2,100.0,Free,0.0,Everyone,Tools,"March 11, 2017",0.9.2,4.0.3 and up
DB Tools,FAMILY,4.6,37.0,3.3,1000.0,Free,0.0,Everyone,Education,"June 17, 2014",1.9,2.2 and up
dB Meter - measure sound & noise level in Decibel,TOOLS,4.6,154.0,6.6,10000.0,Free,0.0,Everyone,Tools,"July 26, 2018",1.1,4.4 and up
DB BAHN,TRAVEL_AND_LOCAL,4.3,4.0,8.0,500.0,Free,0.0,Everyone,Travel & Local,"December 19, 2017",1.0,4.0 and up
DB Manager,PRODUCTIVITY,4.3,3.0,0.10546875,1000.0,Free,0.0,Everyone,Productivity,"January 21, 2014",2.0.0,3.1 and up
Guide for DB Xenoverse,BOOKS_AND_REFERENCE,4.2,459.0,11.0,10000.0,Free,0.0,Everyone,Books & Reference,"October 1, 2016",1.2,4.0 and up
DB Stay Connected,BUSINESS,4.6,17.0,9.4,1000.0,Free,0.0,Everyone,Business,"December 8, 2017",1.4,4.0 and up
DB FahrtProfi,TRAVEL_AND_LOCAL,4.3,1.0,10.0,1000.0,Free,0.0,Everyone,Travel & Local,"May 4, 2017",1.0.2,4.2 and up
DB TOS - Pocket Helper,TOOLS,4.2,265.0,13.0,10000.0,Free,0.0,Everyone,Tools,"May 22, 2016",1.7,4.0 and up
Guide for DB Xenoverse 2,BOOKS_AND_REFERENCE,4.4,121.0,8.7,10000.0,Free,0.0,Everyone,Books & Reference,"December 23, 2016",1.1.2,4.1 and up
DB Customer Connect,BUSINESS,4.2,100.0,6.3,10000.0,Free,0.0,Everyone,Business,"July 21, 2018",2.0.0,4.1 and up
Patron DB,TOOLS,3.9,64.0,4.1,5000.0,Free,0.0,Everyone,Tools,"June 1, 2017",1.24,4.4 and up
DB HOME,LIFESTYLE,5.0,5.0,3.2,100.0,Free,0.0,Everyone,Lifestyle,"August 31, 2017",1.0.1,4.0 and up
Bowers & Wilkins DB Subwoofers,TOOLS,3.9,21.0,11.0,10000.0,Free,0.0,Everyone,Tools,"January 19, 2018",1.2.0.27,5.0 and up
Guide for IMS DB,BOOKS_AND_REFERENCE,4.3,0.0,2.6,10.0,Free,0.0,Everyone,Books & Reference,"June 11, 2018",1.0.0,4.1 and up
DB Busradar NRW,MAPS_AND_NAVIGATION,3.7,78.0,3.0,10000.0,Free,0.0,Everyone,Maps & Navigation,"April 12, 2017",1.0.2,2.2 and up
DB Pickles,BUSINESS,5.0,5.0,14.0,100.0,Free,0.0,Everyone,Business,"March 20, 2018",2.0.2,4.1 and up
DB for Fallout Shelter,FAMILY,4.0,3323.0,47.0,100000.0,Free,0.0,Everyone,Simulation,"March 29, 2018",1.9,4.0 and up
dB Sound Meter,TOOLS,4.1,29.0,2.3,5000.0,Free,0.0,Everyone,Tools,"April 25, 2016",1.2,4.0.3 and up
DB for Hustle Castle,FAMILY,4.8,21.0,49.0,1000.0,Free,0.0,Everyone,Role Playing,"July 4, 2018",1.1,4.1 and up
DB Ultra Saiyan Battle,GAME,4.5,33.0,44.0,1000.0,Free,0.0,Everyone 10+,Action,"July 25, 2018",1.3.7,2.3 and up
Preferences Manager and SQLite DB Viewer,TOOLS,3.5,13.0,3.0,1000.0,Free,0.0,Everyone,Tools,"July 18, 2017",1.01,4.0 and up
LC-DB-LITE,PHOTOGRAPHY,4.3,0.0,2.3,100.0,Free,0.0,Everyone,Photography,"October 20, 2017",1.0,4.2 and up
Hamburg Transit - Offline HVV DB times and plans,MAPS_AND_NAVIGATION,4.3,9.0,10.0,1000.0,Free,0.0,Everyone,Maps & Navigation,"May 21, 2018",2.3,4.1 and up
SW-DB,TOOLS,4.5,954.0,7.6,10000.0,Free,0.0,Teen,Tools,"July 11, 2016",0.4.1,4.1 and up
DC Comics,COMICS,4.2,25673.0,13.0,1000000.0,Free,0.0,Teen,Comics,"June 5, 2018",Varies with device,Varies with device
FANDOM for: DC,FAMILY,4.4,6715.0,9.5,500000.0,Free,0.0,Mature 17+,Entertainment,"July 20, 2018",2.9.8.1,4.4 and up
Ultimate DC Challenge,GAME,4.5,937.0,35.0,10000.0,Free,0.0,Everyone,Trivia,"October 19, 2017",2.14.5e,4.0.3 and up
Justice League Action Run,GAME,4.3,22333.0,9.7,1000000.0,Free,0.0,Everyone 10+,Action,"August 7, 2018",2.01,4.3 and up
"Superheroes, Marvel, DC, Comics, TV, Movies News",COMICS,5.0,34.0,12.0,5000.0,Free,0.0,Everyone,Comics,"July 31, 2018",1.0.5,5.0 and up
Choose SuperHero Quize Marvel | DC,FAMILY,4.3,3.0,4.1,100.0,Free,0.0,Everyone,Entertainment,"July 29, 2018",2.0,5.0 and up
DC Universe Quiz,GAME,4.3,11.0,23.0,500.0,Free,0.0,Everyone,Trivia,"May 22, 2018",3.2.7z,4.0.3 and up
DC HSEMA,BOOKS_AND_REFERENCE,3.8,38.0,7.2,5000.0,Free,0.0,Everyone,Books & Reference,"June 18, 2018",4.0,4.4 and up
DC Universe Online Map,TOOLS,4.1,1186.0,6.4,50000.0,Free,0.0,Unrated,Tools,"February 27, 2012",1.3,2.3.3 and up
DC Public Library,BOOKS_AND_REFERENCE,4.2,20.0,3.4,1000.0,Free,0.0,Everyone,Books & Reference,"June 8, 2015",4.6.1,1.6 and up
Vote 4 DC,TOOLS,4.1,46.0,6.1,1000.0,Free,0.0,Everyone,Tools,"September 21, 2016",4.0.6,4.0.3 and up
Villains vs Superheroes,FAMILY,4.3,128.0,22.0,10000.0,Free,0.0,Everyone,Puzzle,"September 12, 2017",3.3.3z,4.0.3 and up
DC Rider,MAPS_AND_NAVIGATION,3.6,258.0,6.9,50000.0,Free,0.0,Everyone,Maps & Navigation,"December 24, 2017",2.1,4.0 and up
DC Metro Transit - Free,TRAVEL_AND_LOCAL,4.4,6895.0,10.0,500000.0,Free,0.0,Everyone,Travel & Local,"May 15, 2018",5.11.3.1,4.1 and up
DC N COMPANY ENTERTAINMENT RADIO!,FAMILY,5.0,22.0,2.2,100.0,Free,0.0,Mature 17+,Entertainment,"November 2, 2017",1.4,4.4 and up
Results for DC Lottery,FAMILY,4.4,160.0,8.5,5000.0,Free,0.0,Everyone,Entertainment,"March 11, 2017",5.1,4.1 and up
FOX 5 DC,NEWS_AND_MAGAZINES,4.5,1440.0,12.0,100000.0,Free,0.0,Everyone,News & Magazines,"March 29, 2018",1.3.35.0,4.0 and up
Pepsi Cards DC,COMICS,4.3,1.0,21.0,50.0,Free,0.0,Everyone 10+,Comics,"June 26, 2018",0.0.4,4.4 and up
Driver Permit Test Prep DC DMV Driver's License Ed,FAMILY,4.7,78.0,11.0,5000.0,Free,0.0,Everyone,Education,"October 12, 2017",2.9.0,4.1 and up
Robin - DC Movie Collection,FAMILY,4.3,1.0,2.3,500.0,Free,0.0,Everyone,Entertainment,"November 19, 2017",1.0.1,4.0 and up
DC-014,PHOTOGRAPHY,5.0,3.0,16.0,500.0,Free,0.0,Everyone,Photography,"June 14, 2018",1.0.3,4.1 and up
Painting Lulu DC Super Friends,BOOKS_AND_REFERENCE,4.3,7.0,17.0,1000.0,Free,0.0,Everyone,Books & Reference,"February 9, 2017",1.2,4.0.3 and up
McClatchy DC Bureau,NEWS_AND_MAGAZINES,4.3,80.0,8.7,5000.0,Free,0.0,Everyone 10+,News & Magazines,"June 18, 2018",6.0.1,4.4W and up
Word Search multilingual,GAME,4.2,32849.0,1.5,1000000.0,Free,0.0,Everyone,Word,"September 30, 2015",2.2.13,2.3 and up
Love Fonts for FlipFont,PERSONALIZATION,3.9,28694.0,2.9,1000000.0,Free,0.0,Everyone,Personalization,"January 14, 2018",1.4.6,4.0.3 and up
Myth Defense 2: DF,FAMILY,4.2,17108.0,8.3,100000.0,Free,0.0,Everyone,Strategy,"June 23, 2016",1.3.9,2.3.3 and up
df,TOOLS,4.3,4.0,0.0322265625,1000.0,Free,0.0,Everyone,Tools,"August 12, 2016",1.0,1.5 and up
DF Squid,GAME,4.3,1.0,14.0,100.0,Free,0.0,Everyone,Board,"December 12, 2013",1.0,2.3 and up
DF 司機,MAPS_AND_NAVIGATION,4.3,9.0,9.9,500.0,Free,0.0,Everyone,Maps & Navigation,"August 6, 2018",13.0.0,5.0 and up
DF@realtime,BUSINESS,4.3,24.0,8.0,1000.0,Free,0.0,Everyone,Business,"October 26, 2017",6.0.8.2.GM,3.2 and up
DF Night Selfies,PHOTOGRAPHY,4.3,194.0,1.5,10000.0,Free,0.0,Everyone,Photography,"February 15, 2018",1.6.0,4.0 and up
DF Coaching,SPORTS,4.0,1.0,3.6,100.0,Free,0.0,Everyone,Sports,"May 24, 2018",1.0.1,4.1 and up
Digital Falak,TOOLS,4.7,3408.0,15.0,50000.0,Free,0.0,Everyone,Tools,"May 30, 2018",2.1.1,4.1 and up
The Divine Feminine App: the DF App,LIFESTYLE,5.0,8.0,6.7,1000.0,Free,0.0,Everyone,Lifestyle,"May 16, 2016",0.0.4,4.1 and up
DF BugMeNot,SOCIAL,4.3,7.0,1.4,500.0,Free,0.0,Teen,Social,"October 29, 2015",1.0,5.0 and up
DF-CAM,TOOLS,4.3,2.0,20.0,100.0,Free,0.0,Everyone,Tools,"May 16, 2018",2.0.1,4.3 and up
DF Tracker,BUSINESS,4.3,2.0,6.0,100.0,Free,0.0,Everyone,Business,"September 27, 2017",1.0,4.0.3 and up
Guia Bike DF,SPORTS,4.3,29.0,14.0,100.0,Free,0.0,Everyone,Sports,"February 18, 2018",22.0,5.0 and up
Rádio DF FM,FAMILY,4.3,24.0,1.5,1000.0,Free,0.0,Everyone,Entertainment,"August 3, 2017",3.0,2.3 and up
Noticias DF,SOCIAL,4.3,2.0,2.3,1000.0,Free,0.0,Everyone,Social,"May 25, 2015",1.0,2.3 and up
DF Glue Board,PARENTING,5.0,1.0,27.0,10.0,Free,0.0,Everyone,Parenting,"January 19, 2018",Glueboardv.6,4.2 and up
DF-View,BUSINESS,4.3,0.0,15.0,100.0,Free,0.0,Everyone,Business,"January 4, 2016",1.0.9,4.0 and up
"MexiRoomies - roomies, mexico, df, apt, house room",LIFESTYLE,4.3,2.0,32.0,500.0,Free,0.0,Everyone,Lifestyle,"July 4, 2018",1.9,4.0.3 and up
DF Wall Plus – Droid Firewall,TOOLS,4.3,9.0,6.3,500.0,Free,0.0,Everyone,Tools,"August 20, 2017",1.0,4.0.3 and up
Diario Financiero,FINANCE,4.3,30.0,24.0,10000.0,Free,0.0,Everyone,Finance,"June 18, 2018",v1.1.6(201806181),4.1 and up
Digital FM Brasília DF,FAMILY,4.3,5.0,1.4,100.0,Free,0.0,Everyone,Entertainment,"September 22, 2017",1.0,2.3 and up
DF SmartPlus,TOOLS,4.3,0.0,36.0,10.0,Free,0.0,Everyone,Tools,"February 23, 2018",1.0.1,4.1 and up
Red Transporte DF,MAPS_AND_NAVIGATION,4.3,11100.0,15.0,500000.0,Free,0.0,Everyone,Maps & Navigation,"April 28, 2018",2.10.0 Summer,4.0.3 and up
ElejaOnline DF,BUSINESS,4.3,0.0,3.0,50.0,Free,0.0,Everyone,Business,"June 18, 2018",1.0.0,4.1 and up
ProconLegis-DF,TOOLS,4.3,2.0,14.0,5.0,Free,0.0,Everyone,Tools,"July 31, 2018",1.0,4.4 and up
Consultar Infracciones de Transito DF y Mexico,TOOLS,4.3,0.0,2.9,10.0,Free,0.0,Everyone,Tools,"July 23, 2018",2.5,4.0 and up
México City D.F News,NEWS_AND_MAGAZINES,4.3,2.0,5.7,100.0,Free,0.0,Everyone,News & Magazines,"May 9, 2016",1.1,4.0.3 and up
PDF Reader – PDF Editor 2018,TOOLS,4.1,1648.0,36.0,500000.0,Free,0.0,Everyone,Tools,"July 31, 2018",9.5.8,4.1 and up
Fix Error Google Playstore,BOOKS_AND_REFERENCE,4.3,18.0,5.7,1000.0,Free,0.0,Everyone,Books & Reference,"July 22, 2017",1.0,4.0 and up
df-Vegetable,BUSINESS,4.3,0.0,2.9,5.0,Free,0.0,Everyone,Business,"June 11, 2018",1.1,4.0.3 and up
Aproveita DF,LIFESTYLE,4.3,0.0,3.3,1.0,Free,0.0,Everyone,Lifestyle,"August 2, 2018",1.0,4.0 and up
EVENTOS DF,EVENTS,4.3,0.0,4.5,10.0,Free,0.0,Everyone,Events,"December 1, 2017",1.0.1,4.1 and up
Rádio Sol Nascente DF,COMMUNICATION,4.3,12.0,1.6,500.0,Free,0.0,Everyone,Communication,"July 28, 2016",3.1,2.3 and up
DG Coupon,SHOPPING,3.7,668.0,1.1,100000.0,Free,0.0,Everyone,Shopping,"July 16, 2018",20.0,4.0 and up
DG - Digital Coupons - Free Coupon and Discount,SHOPPING,3.6,38.0,1.1,10000.0,Free,0.0,Everyone,Shopping,"July 1, 2018",20.0,4.0 and up
Krazy Coupon Lady,SHOPPING,4.7,10318.0,32.0,1000000.0,Free,0.0,Everyone,Shopping,"June 19, 2018",2.1.8,4.4 and up
DG Mobile,GAME,4.3,59.0,1.4,1000.0,Free,0.0,Everyone,Board,"April 8, 2017",0.1.10.0,2.3 and up
DG Report Reminder,PRODUCTIVITY,4.3,195.0,13.0,10000.0,Free,0.0,Everyone,Productivity,"February 6, 2018",Varies with device,Varies with device
DG Video Editor,VIDEO_PLAYERS,4.0,486.0,2.5,10000.0,Free,0.0,Everyone,Video Players & Editors,"September 6, 2016",1.0.3,4.4 and up
Destroy Gunners Σ,GAME,4.4,10786.0,21.0,1000000.0,Free,0.0,Everyone,Arcade,"January 14, 2017",1.02,4.0.3 and up
DG-App,TOOLS,5.0,1.0,4.5,500.0,Free,0.0,Everyone,Tools,"November 29, 2017",1.0.16,4.1 and up
Can I pack that? - DG App,TRAVEL_AND_LOCAL,3.9,58.0,22.0,10000.0,Free,0.0,Everyone,Travel & Local,"October 28, 2016",2.0.1,4.0.3 and up
DG Phone Call Task Switcher,PRODUCTIVITY,4.2,43.0,0.033203125,1000.0,Free,0.0,Everyone,Productivity,"June 9, 2015",2.04,4.0 and up
DG Fitness,HEALTH_AND_FITNESS,4.8,6.0,14.0,100.0,Free,0.0,Everyone,Health & Fitness,"March 23, 2018",7.7.3,4.1 and up
Sharaf DG,SHOPPING,4.0,7006.0,12.0,500000.0,Free,0.0,Everyone,Shopping,"May 12, 2018",3.10,4.4 and up
DG Card,COMMUNICATION,4.3,0.0,13.0,100.0,Free,0.0,Everyone,Communication,"August 15, 2017",Varies with device,Varies with device
DG Users,PRODUCTIVITY,4.5,8.0,3.1,100.0,Free,0.0,Everyone,Productivity,"June 7, 2018",1.2,4.0.3 and up
Free coupons and vouchers,FINANCE,5.0,4.0,5.9,100.0,Free,0.0,Everyone,Finance,"July 28, 2018",1.5,4.4 and up
DG Hair,LIFESTYLE,4.3,0.0,3.0,10.0,Free,0.0,Everyone,Lifestyle,"August 30, 2017",1.0.0,4.0 and up
DG Xplained,HEALTH_AND_FITNESS,4.3,1.0,12.0,100.0,Free,0.0,Everyone,Health & Fitness,"May 2, 2018",1.0.3,4.1 and up
DG OFF - 100% Free Coupons & Deals,SHOPPING,5.0,1.0,1.1,10.0,Free,0.0,Everyone,Shopping,"July 11, 2018",1.0,4.0 and up
Digoo·Cloud,TOOLS,4.1,543.0,26.0,10000.0,Free,0.0,Everyone,Tools,"June 5, 2018",1.2.1009.695,4.0.3 and up
DG Monitor,BUSINESS,4.3,1.0,4.5,100.0,Free,0.0,Everyone,Business,"October 12, 2017",1.0.0.17,4.0 and up
DG ग्राम / Digital Gram Panchayat,NEWS_AND_MAGAZINES,4.5,53.0,5.9,10000.0,Free,0.0,Teen,News & Magazines,"June 19, 2018",1.7,4.0 and up
DG TV,NEWS_AND_MAGAZINES,5.0,3.0,5.7,100.0,Free,0.0,Everyone,News & Magazines,"May 26, 2018",1.2,4.1 and up
DH Pineapple Poker OFC,GAME,4.2,1878.0,20.0,100000.0,Free,0.0,Teen,Casino,"November 9, 2017",1.0.13,3.0 and up
Castle Defense 2,FAMILY,4.2,35172.0,34.0,1000000.0,Free,0.0,Teen,Strategy,"January 20, 2017",3.2.2,2.3.3 and up
Treasure Defense,FAMILY,4.1,3527.0,35.0,100000.0,Free,0.0,Teen,Strategy,"September 8, 2015",2.2.0.23,3.0 and up
The Lost Lands:DH Lite,FAMILY,4.3,1130.0,48.0,50000.0,Free,0.0,Teen,Simulation,"April 3, 2015",1.01,4.2 and up
Dungeon Hunter Champions: Epic Online Action RPG,FAMILY,4.2,26307.0,13.0,1000000.0,Free,0.0,Teen,Role Playing,"July 26, 2018",1.1.40,4.0.3 and up
Daddyhunt: Gay Dating,SOCIAL,3.9,6450.0,14.0,500000.0,Free,0.0,Mature 17+,Social,"January 22, 2018",1.3.5,4.0 and up
DH Karaoke,FAMILY,4.3,8.0,10.0,1000.0,Free,0.0,Everyone,Entertainment,"October 23, 2017",3.3.6,4.1 and up
Tiny Defense,FAMILY,4.1,29387.0,16.0,1000000.0,Free,0.0,Everyone,Strategy,"August 22, 2015",1.0.6,3.0 and up
Toys Defense: Horror Land,FAMILY,3.8,168.0,24.0,10000.0,Free,0.0,Everyone,Strategy,"March 1, 2017",1.2.2,4.0.3 and up
D-H Pharmacy,LIFESTYLE,5.0,6.0,2.3,1000.0,Free,0.0,Everyone,Lifestyle,"May 4, 2016",v6.1,2.2 and up
Kingdom in Chaos,FAMILY,4.3,5623.0,28.0,100000.0,Free,0.0,Everyone 10+,Role Playing,"December 21, 2015",1.0.5,2.3 and up
Desperate Housewives: The Game,FAMILY,4.2,10440.0,27.0,500000.0,Free,0.0,Teen,Role Playing,"August 6, 2018",18.30.22,4.4 and up
"Red Bull TV: Live Sports, Music & Entertainment",FAMILY,4.4,42069.0,13.0,1000000.0,Free,0.0,Teen,Entertainment,"August 3, 2018",Varies with device,Varies with device
DH Mariage,LIFESTYLE,4.3,0.0,4.9,50.0,Free,0.0,Everyone,Lifestyle,"September 12, 2017",1.0,4.3 and up
Castle Defense : Invasion,FAMILY,4.2,1484.0,41.0,100000.0,Free,0.0,Everyone,Strategy,"July 15, 2018",1.2.1,4.0.3 and up
D. H. Lawrence Poems FREE,BOOKS_AND_REFERENCE,4.3,13.0,0.919921875,1000.0,Free,0.0,Everyone,Books & Reference,"November 22, 2013",1.11,2.3.3 and up
Wallpapers DH 4K,PERSONALIZATION,3.8,23.0,5.9,1000.0,Free,0.0,Everyone,Personalization,"July 16, 2018",2.0,4.0.3 and up
DH-Security Camera,BUSINESS,4.3,3.0,36.0,100.0,Free,0.0,Everyone,Business,"August 1, 2017",DH-Security Camera,5.0 and up
Pocket Heroes,FAMILY,4.5,96658.0,26.0,1000000.0,Free,0.0,Everyone 10+,Role Playing,"September 5, 2015",2.0.5,3.0 and up
Stop Smoking - EasyQuit free,HEALTH_AND_FITNESS,4.8,39068.0,4.0,500000.0,Free,0.0,Everyone,Health & Fitness,"July 7, 2018",1.2.2,4.1 and up
Archery Physics Objects Destruction Apple shooter,GAME,4.5,6026.0,39.0,100000.0,Free,0.0,Teen,Action,"July 7, 2018",1.04,4.1 and up
DJ Mix Effects Simulator,FAMILY,4.1,5997.0,20.0,1000000.0,Free,0.0,Everyone,Simulation,"January 26, 2018",1.1,4.1 and up
3D DJ – Music Mixer with Virtual DJ,FAMILY,4.3,796.0,28.0,100000.0,Free,0.0,Everyone,Entertainment,"July 3, 2018",6.6.8,5.0 and up
Virtual DJ Mixer,TOOLS,4.2,2013.0,16.0,100000.0,Free,0.0,Everyone,Tools,"May 18, 2017",1.0,4.1 and up
Mix Virtual DJ 2018,TOOLS,4.2,2925.0,16.0,100000.0,Free,0.0,Everyone,Tools,"November 23, 2017",1.0,4.1 and up
Resources For Virtual DJ,FAMILY,3.6,21095.0,7.9,1000000.0,Free,0.0,Everyone,Entertainment,"December 16, 2016",4,4.0.3 and up
DK Readers,FAMILY,3.9,30.0,16.0,1000.0,Free,0.0,Everyone,Education,"July 2, 2014",1.1,2.3 and up
Eyewitness Travel Phrase Book,FAMILY,3.8,10.0,25.0,1000.0,Free,0.0,Everyone,Education,"July 28, 2017",1.0,4.1 and up
DK Quiz,GAME,4.4,1628.0,34.0,50000.0,Free,0.0,Everyone,Trivia,"April 10, 2014",1.3,2.3 and up
DK Virtual Reality,FAMILY,3.7,42.0,29.0,1000.0,Free,0.0,Everyone,Books & Reference;Education,"March 13, 2018",1.7.1,5.0 and up
Super DK vs Kong Brother Advanced Free Classic,GAME,3.8,66.0,38.0,10000.0,Free,0.0,Everyone,Arcade,"July 17, 2018",1.2,4.1 and up
DK Live - Sports Play by Play,SPORTS,3.9,255.0,19.0,100000.0,Free,0.0,Everyone,Sports,"May 22, 2018",2.1.4,4.4 and up
DK Pittsburgh Sports,SPORTS,4.1,556.0,3.3,10000.0,Free,0.0,Everyone,Sports,"July 26, 2018",3.0.5,4.2 and up
LineStar For DK,SPORTS,4.3,1387.0,14.0,50000.0,Free,0.0,Everyone,Sports,"June 6, 2018",3.0.3,4.0.3 and up
10 Minutes a Day Times Tables,FAMILY,4.1,681.0,48.0,100000.0,Free,0.0,Everyone,Education,"July 3, 2014",1.2,2.2 and up
dk Verk,BUSINESS,4.4,9.0,31.0,500.0,Free,0.0,Everyone,Business,"March 14, 2018",2.0.14,4.1 and up
Account Class-11 Solutions (D K Goel),FAMILY,4.5,663.0,25.0,50000.0,Free,0.0,Everyone,Education,"February 9, 2018",3.0.0,3.0 and up
Dating.dk,SOCIAL,3.7,2111.0,11.0,100000.0,Free,0.0,Mature 17+,Social,"August 6, 2018",4.1.23,4.4 and up
S-Home DK,LIFESTYLE,4.3,4.0,17.0,1000.0,Free,0.0,Everyone,Lifestyle,"October 18, 2017",1.26,4.0 and up
DK Online,FAMILY,4.3,21.0,3.5,100.0,Free,0.0,Everyone,Entertainment,"May 18, 2018",8.2,4.0.3 and up
Account Class-12 Solutions (D K Goel) Vol-1,FAMILY,4.4,708.0,33.0,50000.0,Free,0.0,Everyone,Education,"February 12, 2018",1.0.0,3.0 and up
Salah Widget (DK+Malmo),LIFESTYLE,4.5,532.0,6.4,10000.0,Free,0.0,Everyone,Lifestyle,"June 28, 2015",0.9.9.14,2.3 and up
PK and DK Audio App,FAMILY,5.0,2.0,3.9,100.0,Free,0.0,Everyone,Entertainment,"October 25, 2017",5.1.4,4.1 and up
dk,FAMILY,4.8,5.0,1.5,10.0,Free,0.0,Everyone,Education,"September 18, 2017",1.0,2.3 and up
HDWallpaper DK,PERSONALIZATION,4.3,0.0,6.6,10.0,Free,0.0,Teen,Personalization,"October 5, 2017",1.0,4.0 and up
Account Class-12 Solutions (D K Goel) Vol-2,FAMILY,4.6,124.0,23.0,10000.0,Free,0.0,Everyone,Education,"April 17, 2018",1.0.0,3.0 and up
DK Browser,COMMUNICATION,4.0,1.0,2.4,10.0,Free,0.0,Everyone,Communication,"April 25, 2017",1.0,4.2 and up
Discovery K!ds Play!,FAMILY,4.1,19388.0,35.0,1000000.0,Free,0.0,Everyone,Entertainment;Music & Video,"May 3, 2018",2.1.0.2173,4.0.3 and up
cluster.dk,COMMUNICATION,4.3,49.0,1.1,1000.0,Free,0.0,Everyone,Communication,"June 25, 2013",1.0.2,2.3 and up
Transport DK,MAPS_AND_NAVIGATION,4.1,204.0,11.0,10000.0,Free,0.0,Everyone,Maps & Navigation,"May 29, 2017",2.28,4.0 and up
DK Childcare Centers,LIFESTYLE,4.3,0.0,13.0,500.0,Free,0.0,Everyone,Lifestyle,"April 2, 2018",1.0.2,4.1 and up
Gokarting.dk,FAMILY,4.3,13.0,34.0,1000.0,Free,0.0,Everyone,Entertainment,"March 25, 2018",5.0.45,4.1 and up
DK Murali,SOCIAL,4.8,65.0,7.1,500.0,Free,0.0,Teen,Social,"February 25, 2017",1.1.2,4.1 and up
DK TEL Dialer,COMMUNICATION,4.3,0.0,4.2,50.0,Free,0.0,Everyone,Communication,"November 26, 2017",3.8.8,2.2 and up
DK Studio Barbershop,BEAUTY,4.3,8.0,17.0,100.0,Free,0.0,Everyone,Beauty,"March 20, 2018",1.1,4.1 and up
Dr. D.K. Olukoya Sermons,LIFESTYLE,4.3,1.0,3.0,100.0,Free,0.0,Everyone,Lifestyle,"September 26, 2017",1.0,4.0 and up
GirlTalk.dk,SOCIAL,4.3,3.0,5.3,100.0,Free,0.0,Teen,Social,"September 22, 2017",3.1.0,4.1 and up
Dr D K Olukoya,LIFESTYLE,4.3,0.0,3.3,1.0,Free,0.0,Teen,Lifestyle,"July 25, 2018",1.0,4.1 and up
DK Hair Design,LIFESTYLE,4.3,0.0,2.5,10.0,Free,0.0,Everyone,Lifestyle,"May 15, 2017",1.0.0,4.0 and up
Download Manager Pro FREE,PRODUCTIVITY,3.8,637.0,7.2,100000.0,Free,0.0,Everyone,Productivity,"October 31, 2017",2.5,4.1 and up
Download Accelerator Plus,TOOLS,4.2,43677.0,13.0,1000000.0,Free,0.0,Everyone,Tools,"August 30, 2017",20170828,Varies with device
Download Video Free,FAMILY,4.0,39682.0,6.2,1000000.0,Free,0.0,Everyone,Entertainment,"April 3, 2018",3.5.5,4.1 and up
Fast Download Manager,TOOLS,4.0,18478.0,1.7,1000000.0,Free,0.0,Everyone,Tools,"August 4, 2018",1.0.5,2.3 and up
DL Hughley,FAMILY,4.6,12.0,10.0,1000.0,Free,0.0,Mature 17+,Entertainment,"March 23, 2018",2.0.4,4.1 and up
D.L. Evans Bank Mobile Banking,FINANCE,4.3,85.0,30.0,10000.0,Free,0.0,Everyone,Finance,"May 2, 2018",18.1.79,5.0 and up
The DL Hughley Show,FAMILY,4.3,23.0,11.0,5000.0,Free,0.0,Everyone,Entertainment,"May 29, 2018",3.1.2,5.0 and up
Download Manager For Android Free,TOOLS,4.0,593.0,3.3,100000.0,Free,0.0,Everyone,Tools,"April 12, 2018",12.04.18,3.0 and up
Trimble DL,PRODUCTIVITY,4.2,133.0,7.9,10000.0,Free,0.0,Everyone,Productivity,"January 12, 2018",1.0.184,4.2 and up
Insave-Download for Instagram,PHOTOGRAPHY,4.3,46242.0,5.2,1000000.0,Free,0.0,Everyone,Photography,"September 20, 2016",2.1.3,4.0 and up
+Download 4 Instagram Twitter,SOCIAL,4.5,40467.0,22.0,1000000.0,Free,0.0,Everyone,Social,"August 2, 2018",5.03,4.1 and up
Advanced Download Manager Holo,TOOLS,4.4,16192.0,1.6,1000000.0,Free,0.0,Everyone,Tools,"July 13, 2016",4.1.9o,4.0 and up
G-Download Manager,TOOLS,4.1,802.0,9.4,50000.0,Free,0.0,Everyone,Tools,"May 24, 2018",1.0.81,4.1 and up
DL Calculator,SPORTS,4.5,177.0,1.1,10000.0,Free,0.0,Everyone,Sports,"September 17, 2015",1.0,2.2 and up
Vuze Torrent Downloader,VIDEO_PLAYERS,4.1,24565.0,5.5,1000000.0,Free,0.0,Everyone,Video Players & Editors,"March 4, 2016",2.1,2.3.3 and up
IDM Internet Download Manager,PRODUCTIVITY,3.9,1322.0,4.2,100000.0,Free,0.0,Everyone,Productivity,"October 25, 2016",1.0.4,4.2 and up
TorrDroid - Torrent Downloader,TOOLS,4.7,59632.0,10.0,1000000.0,Free,0.0,Everyone,Tools,"April 3, 2018",1.5.2,4.1 and up
Download Manager - File & Video,TOOLS,3.9,8780.0,5.0,1000000.0,Free,0.0,Everyone,Tools,"June 13, 2018",2.7.5,4.2 and up
AndStream - Streaming Download,VIDEO_PLAYERS,4.3,38607.0,2.9,1000000.0,Free,0.0,Everyone,Video Players & Editors,"March 19, 2017",3.1.8,2.3 and up
DM Screen,BOOKS_AND_REFERENCE,4.4,283.0,5.4,10000.0,Free,0.0,Everyone 10+,Books & Reference,"January 12, 2018",1.1.10a,4.0 and up
DM for IG 😘 - Image & Video Saver for Instagram,SOCIAL,3.7,55.0,3.7,5000.0,Free,0.0,Teen,Social,"March 3, 2018",3.20.3,4.4 and up
DM for WhatsApp,COMMUNICATION,4.4,25.0,2.9,5000.0,Free,0.0,Everyone,Communication,"June 3, 2018",0.3.7,4.4 and up
Fifth Edition DM Tools,FAMILY,4.1,942.0,3.0,100000.0,Free,0.0,Everyone,Role Playing,"January 19, 2017",1.14b,3.0 and up
DM Talk New,COMMUNICATION,4.3,3.0,4.2,5000.0,Free,0.0,Everyone,Communication,"February 7, 2018",3.8.8,2.2 and up
Diabetes mellitus (DM) from zero to hero,MEDICAL,4.9,18.0,3.0,1000.0,Free,0.0,Everyone,Medical,"January 17, 2018",1.0,4.3 and up
Daily DM,PERSONALIZATION,4.7,51.0,0.2529296875,1000.0,Free,0.0,Everyone,Personalization,"October 4, 2013",1.0,2.1 and up
DM - The Offical Messaging App,COMMUNICATION,4.3,0.0,11.0,10.0,Free,0.0,Teen,Communication,"December 20, 2017",1.3,4.0.3 and up
Convert Coordinates DM to DMS,MAPS_AND_NAVIGATION,4.3,15.0,0.16015625,5000.0,Free,0.0,Everyone,Maps & Navigation,"February 3, 2013",1.6,2.2 and up
DM security - Dragon Mobile,TOOLS,3.9,27.0,3.0,1000.0,Free,0.0,Everyone,Tools,"April 26, 2017",1.1.1,4.1 and up
DM 24/7,TOOLS,3.6,7.0,16.0,1000.0,Free,0.0,Everyone,Tools,"August 1, 2018",2.3,2.3.3 and up
DM Transfers Dalaman Transfers,TRAVEL_AND_LOCAL,4.3,51.0,0.2392578125,10000.0,Free,0.0,Everyone,Travel & Local,"February 22, 2014",1.0,2.2 and up
DM Tracker,COMMUNICATION,3.5,11.0,5.2,1000.0,Free,0.0,Everyone,Communication,"July 26, 2018",2.0.1,4.3 and up
DM Magazine,NEWS_AND_MAGAZINES,4.3,0.0,27.0,10.0,Free,0.0,Everyone,News & Magazines,"May 11, 2018",1.0,4.1 and up
DM הפקות,PHOTOGRAPHY,4.3,2.0,10.0,100.0,Free,0.0,Everyone,Photography,"October 14, 2017",30.0,3.2 and up
DM TrackMan,MAPS_AND_NAVIGATION,4.3,10.0,7.8,100.0,Free,0.0,Everyone,Maps & Navigation,"June 26, 2018",2.1.0,4.4 and up
Fake Chat (Direct Message),SOCIAL,4.4,5985.0,5.9,500000.0,Free,0.0,Everyone,Social,"July 6, 2017",1.4.2,4.1 and up
DM Buddy » Learn Digital Marketing,FAMILY,5.0,3.0,1.7,500.0,Free,0.0,Everyone,Education,"July 11, 2017",2.1,4.1 and up
DM Collection,SHOPPING,4.3,3.0,1.2,100.0,Free,0.0,Everyone,Shopping,"June 25, 2015",1.1,2.2 and up
DM AirDisk HDD,TOOLS,4.3,4.0,33.0,100.0,Free,0.0,Everyone,Tools,"July 28, 2018",1.4.6,4.0.3 and up
DM AirDisk NAS,TOOLS,4.3,0.0,35.0,50.0,Free,0.0,Everyone,Tools,"July 31, 2018",2.1.4,4.0.3 and up
Shaggy's DM Assistant,PRODUCTIVITY,4.3,0.0,13.0,5.0,Free,0.0,Everyone,Productivity,"January 14, 2018",Varies with device,Varies with device
Otto DM,SOCIAL,4.3,0.0,2.4,10.0,Free,0.0,Teen,Social,"March 7, 2018",1.0,4.0 and up
DM Adventure,GAME,4.3,0.0,11.0,10.0,Free,0.0,Everyone,Adventure,"June 18, 2018",1.0.4,2.3 and up
Ramdor DM Mobile,BUSINESS,4.3,1.0,23.0,100.0,Free,0.0,Everyone,Business,"June 13, 2018",21 - Rel2.0,3.0 and up
Disciple Maker’s (DM) Lab,FAMILY,5.0,3.0,4.0,100.0,Free,0.0,Everyone,Education,"August 1, 2018",1.0.5,4.4 and up
Ultimate DM,FAMILY,4.3,0.0,13.0,10.0,Free,0.0,Everyone,Role Playing,"March 10, 2018",Varies with device,Varies with device
DN Sync,NEWS_AND_MAGAZINES,4.1,56.0,0.02734375,1000.0,Free,0.0,Everyone 10+,News & Magazines,"June 13, 2016",1.15,2.3.3 and up
DN Reader,NEWS_AND_MAGAZINES,4.6,18.0,1.8,100.0,Free,0.0,Everyone,News & Magazines,"March 13, 2014",1.0,4.0 and up
DN Managed Mobility App,BUSINESS,4.3,0.0,3.4,50.0,Free,0.0,Everyone,Business,"July 13, 2018",2.1.2,5.0 and up
DN Blog,SOCIAL,5.0,20.0,4.2,10.0,Free,0.0,Teen,Social,"July 23, 2018",1.0,4.0 and up
DN Events,PRODUCTIVITY,4.3,4.0,18.0,500.0,Free,0.0,Teen,Productivity,"June 7, 2018",7.17.2.0,5.0 and up
DN - Diário de Notícias,NEWS_AND_MAGAZINES,3.7,794.0,15.0,100000.0,Free,0.0,Everyone,News & Magazines,"July 26, 2018",3.2.7,4.1 and up
DN Employee,FAMILY,5.0,1.0,3.8,10.0,Free,0.0,Everyone,Education,"June 25, 2018",1.4,4.4 and up
DN Advanced Service Coder,BUSINESS,4.3,0.0,21.0,10.0,Free,0.0,Everyone,Business,"June 1, 2018",1.0.0,4.0 and up
DN Premium Hookah Lounge,BUSINESS,4.3,1.0,4.2,50.0,Free,0.0,Everyone,Business,"October 21, 2015",1.0,2.3 and up
PlayMotiv dn edition,BUSINESS,4.3,0.0,28.0,500.0,Free,0.0,Everyone,Business,"April 8, 2018",1.0.2,4.1 and up
DN Calculators,FINANCE,5.0,12.0,0.7568359375,100.0,Free,0.0,Everyone,Finance,"September 5, 2013",1.11,3.0 and up
DN Diamonds,BUSINESS,4.3,4.0,10.0,100.0,Free,0.0,Everyone,Business,"July 31, 2018",3.9.17,4.0.3 and up
DN Prasad,FINANCE,4.3,0.0,5.9,100.0,Free,0.0,Everyone,Finance,"April 30, 2018",1.1.2,4.0.3 and up
DN Driver,FAMILY,4.3,0.0,7.5,5.0,Free,0.0,Everyone,Education,"June 9, 2018",1.0.2,4.1 and up
D.N. College Meerut,FAMILY,4.3,0.0,19.0,10.0,Free,0.0,Everyone,Education,"March 26, 2018",1.0.0,4.0 and up
DN Radio FM,NEWS_AND_MAGAZINES,4.3,0.0,3.8,10.0,Free,0.0,Teen,News & Magazines,"July 15, 2016",1.1,2.3 and up
Sverige Tidningar,NEWS_AND_MAGAZINES,4.1,905.0,4.0,50000.0,Free,0.0,Everyone,News & Magazines,"July 30, 2018",2.2.2.1,4.0 and up
Downtown Mafia: Gang Wars (Mobster Game) Free,FAMILY,4.5,69013.0,13.0,1000000.0,Free,0.0,Teen,Role Playing,"September 2, 2017",Varies with device,Varies with device
DN Snacks,BUSINESS,4.3,0.0,7.6,1.0,Free,0.0,Everyone,Business,"April 9, 2018",1.0.0,4.0 and up
Sweden Newspapers,NEWS_AND_MAGAZINES,4.3,0.0,2.1,0.0,Free,0.0,Everyone,News & Magazines,"July 7, 2018",1.1,4.4 and up
Destiny Ninja Shall we date otome games love story,GAME,4.4,13079.0,30.0,500000.0,Free,0.0,Everyone 10+,Adventure,"April 20, 2018",1.6.2,4.0 and up
CritDice - Dice Roller,FAMILY,4.7,2910.0,5.3,50000.0,Free,0.0,Everyone,Entertainment,"October 30, 2016",2.0.0,4.1 and up
Cursive Writing Wizard - Handwriting,FAMILY,4.0,3745.0,31.0,1000000.0,Free,0.0,Everyone,Education;Education,"December 3, 2017",2.5.0,4.0.3 and up
Free Poker Games : Downtown Casino - Texas Holdem,GAME,4.5,2032.0,50.0,50000.0,Free,0.0,Teen,Card,"June 5, 2018",0.1.27,4.1 and up
WFVS 2018 | WhatApp Full Video Status & Downloader,PRODUCTIVITY,4.3,596.0,22.0,50000.0,Free,0.0,Everyone,Productivity,"July 4, 2018",1.3,4.1 and up
Maher EL Mouaikly - Offline,FAMILY,4.6,166.0,2.6,10000.0,Free,0.0,Everyone,Entertainment,"May 24, 2017",1.1.0,3.1 and up
Sword Art Online: Integral Factor,FAMILY,4.0,45359.0,32.0,1000000.0,Free,0.0,Everyone 10+,Role Playing,"July 26, 2018",1.0.9,4.4 and up
Mahalaxmi Dindarshika 2018,PRODUCTIVITY,4.2,25427.0,9.2,1000000.0,Free,0.0,Everyone,Productivity,"January 5, 2018",18.0,4.0 and up
"Microsoft To-Do: List, Task & Reminder",PRODUCTIVITY,4.1,14432.0,16.0,1000000.0,Free,0.0,Everyone,Productivity,"July 31, 2018",1.36.82,4.4 and up
File Viewer for Android,TOOLS,4.1,7063.0,13.0,1000000.0,Free,0.0,Everyone,Tools,"January 25, 2018",2.3.2,5.0 and up
To Do Reminder with Alarm,PRODUCTIVITY,4.4,72161.0,4.9,1000000.0,Free,0.0,Everyone,Productivity,"March 21, 2018",2.68.14,4.0 and up
wikiHow: how to do anything,BOOKS_AND_REFERENCE,4.4,43088.0,3.0,1000000.0,Free,0.0,Teen,Books & Reference,"April 19, 2017",2.7.3,4.0 and up
"Ike - To-Do List, Task List",PRODUCTIVITY,4.6,6320.0,6.3,100000.0,Free,0.0,Everyone,Productivity,"December 10, 2016",2.0,4.4 and up
"My Effectiveness: To do, Tasks",PRODUCTIVITY,4.6,14089.0,8.4,500000.0,Free,0.0,Everyone,Productivity,"August 5, 2018",0.21.1,4.1 and up
Do it (Tomorrow),PRODUCTIVITY,4.3,26452.0,4.0,1000000.0,Free,0.0,Everyone,Productivity,"November 3, 2014",2.3.5,2.1 and up
Do Not Disturb,PRODUCTIVITY,4.3,6120.0,1.9,100000.0,Free,0.0,Everyone,Productivity,"November 22, 2017",2.10.1,6.0 and up
To-Do List Widget,PRODUCTIVITY,3.9,7801.0,0.1962890625,1000000.0,Free,0.0,Everyone,Productivity,"September 28, 2013",2.0,1.5 and up
NoteToDo. Notes. To do list,PRODUCTIVITY,4.5,57449.0,5.0,1000000.0,Free,0.0,Everyone,Productivity,"August 4, 2018",1.2.187-83,4.0 and up
"Memory Helper - To do list, Notepad, Notes, Memo",PRODUCTIVITY,4.7,7566.0,4.0,500000.0,Free,0.0,Everyone,Productivity,"July 21, 2018",67,4.1 and up
"2Do - Reminders, To-do List & Notes",PRODUCTIVITY,4.3,4649.0,30.0,100000.0,Free,0.0,Everyone,Productivity,"June 19, 2018",2.8.12,5.0 and up
"Notes : Colorful Notepad Note,To Do,Reminder,Memo",LIFESTYLE,4.6,10484.0,9.0,1000000.0,Free,0.0,Everyone,Lifestyle,"June 9, 2018",1.4.9,4.1 and up
"Time Planner - Schedule, To-Do List, Time Tracker",PRODUCTIVITY,4.2,2537.0,8.5,500000.0,Free,0.0,Everyone,Productivity,"January 10, 2018",2.2 (Protostar),4.0 and up
MyLifeOrganized: To-Do List,PRODUCTIVITY,4.3,4441.0,13.0,100000.0,Free,0.0,Everyone,Productivity,"June 18, 2018",Varies with device,Varies with device
Cal - Google Calendar + Widget,PRODUCTIVITY,4.2,86172.0,13.0,1000000.0,Free,0.0,Everyone,Productivity,"February 1, 2016",1.1.7,4.0 and up
"Clean My House – Chore To Do List, Task Scheduler",PRODUCTIVITY,4.1,661.0,3.4,100000.0,Free,0.0,Everyone,Productivity,"June 21, 2018",2.1.2,4.1 and up
"Goal Meter: Goal Tracker, Habit Changer,To-Do List",PRODUCTIVITY,4.6,7969.0,20.0,100000.0,Free,0.0,Everyone,Productivity,"February 6, 2018",2.7.92,4.4 and up
To-do list,PRODUCTIVITY,4.4,688.0,4.4,50000.0,Free,0.0,Everyone,Productivity,"July 17, 2018",2.22,4.0 and up
Do Not Crash,FAMILY,3.7,56664.0,8.3,1000000.0,Free,0.0,Everyone,Casual,"February 5, 2015",1.4,2.3 and up
Do I Snore or Grind,MEDICAL,4.4,2295.0,19.0,100000.0,Free,0.0,Everyone,Medical,"July 9, 2018",0.3.1,5.0 and up
How well do you know me?,GAME,3.9,1290.0,6.4,100000.0,Free,0.0,Everyone,Word,"July 26, 2018",2.3.0,4.1 and up
EasyNote Notepad | To Do List,TOOLS,4.3,15618.0,2.4,1000000.0,Free,0.0,Everyone,Tools,"November 27, 2017",1.5.2,2.3 and up
Adobe Fill & Sign: Easy PDF Form Filler,PRODUCTIVITY,4.3,11402.0,5.3,1000000.0,Free,0.0,Everyone,Productivity,"November 7, 2017",1.3.0,5.0 and up
DO YOU KNOW THE WAY Soundboard,FAMILY,4.5,1007.0,5.2,100000.0,Free,0.0,Everyone,Entertainment,"July 1, 2018",7.0,4.1 and up
Endless Ducker,GAME,4.5,8193.0,41.0,500000.0,Free,0.0,Everyone,Arcade,"September 16, 2016",1.0.7,4.0.3 and up
Dude Perfect,SPORTS,4.5,97.0,1.9,10000.0,Free,0.0,Everyone,Sports,"June 28, 2017",1.0,4.1 and up
that's lit,GAME,4.7,1115.0,39.0,100000.0,Free,0.0,Everyone,Arcade,"July 7, 2017",1.0,4.3 and up
All Type DP,FAMILY,4.3,1853.0,5.8,500000.0,Free,0.0,Everyone,Entertainment,"May 10, 2018",1.8,4.0 and up
Dp For WhatsApp,PERSONALIZATION,4.4,1623.0,11.0,1000000.0,Free,0.0,Mature 17+,Personalization,"June 23, 2018",2.7,4.0.3 and up
DP and Status for WhatsApp 2018,SOCIAL,4.5,787.0,6.9,100000.0,Free,0.0,Everyone,Social,"February 17, 2018",2.4.2,4.0.3 and up
DP Editor,PHOTOGRAPHY,4.3,18.0,15.0,5000.0,Free,0.0,Teen,Photography,"August 4, 2018",1.5,4.1 and up
DP & Status,FAMILY,4.3,1922.0,4.7,500000.0,Free,0.0,Everyone,Entertainment,"January 9, 2018",1.13,4.1 and up
Dp for girls,ART_AND_DESIGN,4.2,175.0,8.2,50000.0,Free,0.0,Everyone,Art & Design,"May 26, 2017",1.2,4.0.3 and up
DP Maker,PHOTOGRAPHY,4.2,784.0,18.0,100000.0,Free,0.0,Everyone,Photography,"April 29, 2018",1.00.15,4.1 and up
Download Instant DP (Full HD),TOOLS,4.3,1283.0,4.4,100000.0,Free,0.0,Everyone,Tools,"August 4, 2018",4.1.0,4.1 and up
Square DP For Whatsapp,PHOTOGRAPHY,4.2,67.0,15.0,10000.0,Free,0.0,Everyone,Photography,"March 29, 2017",1.0,4.0.3 and up
Profile pictures for WhatsApp,PERSONALIZATION,4.7,10786.0,9.4,500000.0,Free,0.0,Mature 17+,Personalization,"May 20, 2018",2.3.1,4.3 and up
DP and Status,FAMILY,4.1,623.0,3.0,100000.0,Free,0.0,Everyone,Entertainment,"August 11, 2017",1.0.1,3.0 and up
Dp For Whatsapp,SOCIAL,4.3,39.0,12.0,5000.0,Free,0.0,Everyone,Social,"April 13, 2017",1.0,4.0.3 and up
DP & Status for Whatsapp 2018,PERSONALIZATION,4.1,293.0,3.4,100000.0,Free,0.0,Everyone,Personalization,"August 3, 2018",1.4,4.0.3 and up
DP Creator for WhatsApp,PHOTOGRAPHY,3.8,4813.0,5.1,100000.0,Free,0.0,Everyone,Photography,"March 19, 2016",1.5,2.2 and up
Dp For FB,PHOTOGRAPHY,4.5,12.0,2.0,1000.0,Free,0.0,Teen,Photography,"October 19, 2017",1.0,4.1 and up
Best DP and Status (Daily Updates Photos),FAMILY,4.1,3003.0,3.2,1000000.0,Free,0.0,Everyone,Entertainment,"May 7, 2018",1.8,4.0 and up
Magical Insta DP,PHOTOGRAPHY,4.3,2.0,5.2,1000.0,Free,0.0,Everyone,Photography,"June 28, 2018",1.1,4.0 and up
Profile Pictures and DP for Whatsapp,SOCIAL,4.3,48.0,11.0,5000.0,Free,0.0,Everyone,Social,"May 12, 2017",1.3,4.0.3 and up
All Types DP & Status Maker,PHOTOGRAPHY,4.5,16.0,14.0,1000.0,Free,0.0,Teen,Photography,"July 12, 2018",2.1.5,4.0.3 and up
DP Photo Editor,PHOTOGRAPHY,4.1,88.0,7.7,10000.0,Free,0.0,Everyone,Photography,"September 29, 2017",2.5,4.1 and up
Status For WhatsApp DP - pro,PERSONALIZATION,4.4,49.0,12.0,10000.0,Free,0.0,Teen,Personalization,"May 31, 2018",1.7,4.1 and up
"Marathi DP - status and message,jokes,Video app",FAMILY,4.3,694.0,3.8,100000.0,Free,0.0,Everyone,Entertainment,"August 1, 2018",1.6,4.2 and up
Cute Images for Whatsapp,FAMILY,4.4,634.0,8.1,100000.0,Free,0.0,Teen,Entertainment,"December 23, 2015",1.0,2.3.3 and up
Profile Pictures - Best DP Status,FAMILY,4.3,131.0,5.4,50000.0,Free,0.0,Everyone,Entertainment,"November 29, 2017",1.2.1,4.1 and up
Best DP and Status - All Type DP & Status,FAMILY,4.3,1.0,5.7,100.0,Free,0.0,Everyone,Entertainment,"May 30, 2018",1.0,4.0.3 and up
Dp for Facebook,SOCIAL,4.1,56.0,10.0,5000.0,Free,0.0,Everyone,Social,"May 16, 2017",1.0,4.0.3 and up
Fifa World Cup 2018: Photo Frame Editor & DP Maker,PHOTOGRAPHY,4.6,666.0,8.7,100000.0,Free,0.0,Everyone,Photography,"June 20, 2018",6.1,4.0.3 and up
DP and Status Images | All Latest Status 2018,LIFESTYLE,4.7,25.0,3.8,10000.0,Free,0.0,Teen,Lifestyle,"July 22, 2017",1.0,4.0 and up
Best DP and Status,SOCIAL,4.2,93.0,5.6,10000.0,Free,0.0,Teen,Social,"November 29, 2017",7.6.5,4.1 and up
"100000+ Messages - DP, Status, Jokes & GIF 2018",LIFESTYLE,3.7,121.0,3.8,10000.0,Free,0.0,Mature 17+,Lifestyle,"December 29, 2017",DPSTATUS1.0.1,4.0.3 and up
Instant DP Downloader for Instagram,SOCIAL,4.7,38.0,4.1,5000.0,Free,0.0,Everyone,Social,"August 4, 2018",1.0.4,4.2 and up
DP Display Pictures Life Quotes Motivational GM,SOCIAL,4.4,39.0,11.0,5000.0,Free,0.0,Everyone,Social,"January 1, 2018",20,4.1 and up
Latest DP and Status Pro 2018,FAMILY,4.7,19.0,5.7,1000.0,Free,0.0,Everyone,Entertainment,"January 5, 2018",1.0.4,4.0.3 and up
Best DP And Video Status 2018 For Whatsapp,FAMILY,4.2,91.0,3.8,10000.0,Free,0.0,Everyone,Entertainment,"May 31, 2018",9.0,4.1 and up
Qeek for Instagram - Zoom profile insta DP,SOCIAL,4.6,12111.0,9.1,500000.0,Free,0.0,Everyone,Social,"May 3, 2018",1.47,4.3 and up
DP Battle,FAMILY,4.5,132.0,2.5,5000.0,Free,0.0,Everyone,Entertainment,"March 26, 2017",2.0.5,4.0.3 and up
Faceoff DP Battle App,FAMILY,4.8,38.0,6.7,1000.0,Free,0.0,Everyone,Entertainment,"June 15, 2018",5.2,4.4 and up
Insta Square Profile DP,PHOTOGRAPHY,3.7,42.0,11.0,5000.0,Free,0.0,Everyone,Photography,"September 1, 2015",1.0,4.0 and up
Name Art DP - Focus n Filter Text 2018,ART_AND_DESIGN,4.3,132.0,7.7,10000.0,Free,0.0,Everyone,Art & Design,"January 4, 2018",1,4.1 and up
DP Status 2017,PHOTOGRAPHY,4.2,302.0,7.0,50000.0,Free,0.0,Everyone,Photography,"June 15, 2017",15|06|17,4.1 and up
Dairy Queen,FOOD_AND_DRINK,3.6,742.0,43.0,100000.0,Free,0.0,Everyone,Food & Drink,"July 25, 2018",2.1.0,4.1 and up
DQ Texas,FOOD_AND_DRINK,4.1,336.0,13.0,100000.0,Free,0.0,Everyone,Food & Drink,"May 18, 2018",1.4.1,4.1 and up
Coupons for Dairy Queen,FOOD_AND_DRINK,4.6,42.0,3.9,100.0,Free,0.0,Teen,Food & Drink,"July 18, 2018",1.0,5.0 and up
ODTMobile v4,BUSINESS,4.0,3.0,16.0,1000.0,Free,0.0,Everyone,Business,"April 17, 2018",1.10,4.1 and up
SONIC Drive-In,FOOD_AND_DRINK,4.3,19373.0,43.0,1000000.0,Free,0.0,Everyone,Food & Drink,"July 31, 2018",3.3.6,4.4 and up
DQT GPS,BUSINESS,4.0,3.0,6.3,500.0,Free,0.0,Everyone,Business,"October 5, 2015",1.2,4.2 and up
DQ Akses,TOOLS,4.3,0.0,2.6,1.0,Free,0.0,Everyone,Tools,"July 6, 2018",1.1,2.1 and up
Taco Bell,LIFESTYLE,3.8,28140.0,16.0,1000000.0,Free,0.0,Everyone,Lifestyle,"July 30, 2018",5.0.4,4.2 and up
LightMeter Free,PHOTOGRAPHY,4.1,5485.0,13.0,1000000.0,Free,0.0,Everyone,Photography,"April 28, 2016",1.2.3,3.2 and up
Jungle book-The Great Escape,GAME,3.9,2362.0,25.0,100000.0,Free,0.0,Everyone,Action,"July 17, 2013",1.3,2.3 and up
DQSalmaan - A fan made App,FAMILY,4.9,707.0,6.0,10000.0,Free,0.0,Everyone,Entertainment,"February 4, 2018",1.5,4.1 and up
Culver's,LIFESTYLE,3.9,1638.0,4.9,100000.0,Free,0.0,Everyone,Lifestyle,"April 11, 2018",1.20,4.3 and up
World Webcams,WEATHER,3.7,7896.0,13.0,1000000.0,Free,0.0,Everyone,Weather,"November 25, 2013",1.6,Varies with device
SUBWAY®,FOOD_AND_DRINK,3.8,21381.0,41.0,1000000.0,Free,0.0,Everyone,Food & Drink,"July 24, 2018",7.9.0.0,4.4 and up
Call Blocker & Blacklist,COMMUNICATION,4.0,6.0,4.2,1000.0,Free,0.0,Everyone,Communication,"July 13, 2018",3.1.0,4.0 and up
Panera Bread,FOOD_AND_DRINK,4.2,10225.0,36.0,1000000.0,Free,0.0,Everyone,Food & Drink,"August 6, 2018",4.4.2,5.0 and up
Dulquer Salmaan HD Wallpapers,PERSONALIZATION,4.3,1.0,3.9,100.0,Free,0.0,Everyone,Personalization,"May 22, 2018",1.1.0,4.0 and up
IHOP®,FOOD_AND_DRINK,4.2,441.0,24.0,100000.0,Free,0.0,Everyone,Food & Drink,"April 3, 2018",2.2.0,4.1 and up
Dr. Cares - Pet Rescue 911 🐶,FAMILY,4.2,14432.0,35.0,500000.0,Free,0.0,Everyone,Casual,"September 21, 2017",1.5,4.0.3 and up
Dr. Panda Town,FAMILY,4.0,36578.0,13.0,1000000.0,Free,0.0,Everyone,Education;Pretend Play,"August 3, 2018",Varies with device,Varies with device
Dr. Battery - Fast Charger - Super Cleaner 2018,TOOLS,4.5,101738.0,10.0,1000000.0,Free,0.0,Everyone,Tools,"July 26, 2018",2.2.82,4.0 and up
Real Car Dr Parking Master: Parking Games 2018,FAMILY,4.2,3345.0,27.0,1000000.0,Free,0.0,Everyone,Simulation,"May 12, 2018",1.0,4.1 and up
Dr. Rocket,GAME,4.0,42182.0,3.4,1000000.0,Free,0.0,Everyone,Arcade,"January 6, 2018",1.11,4.1 and up
Dr. Muscle,HEALTH_AND_FITNESS,4.0,87.0,33.0,10000.0,Free,0.0,Everyone,Health & Fitness,"July 28, 2018",2.5,4.0.3 and up
Dr. Dominoes,GAME,4.0,2700.0,5.7,500000.0,Free,0.0,Everyone,Board,"January 3, 2018",1.06,4.1 and up
Dr. Sudoku,FAMILY,3.5,2310.0,3.1,500000.0,Free,0.0,Everyone,Puzzle,"January 4, 2018",1.06,4.1 and up
Dr. Unblock,FAMILY,3.9,3847.0,4.3,1000000.0,Free,0.0,Everyone,Puzzle,"January 3, 2018",1.05,4.1 and up
Dr. Pixel: Pill mania Classic,FAMILY,4.3,2419.0,6.2,100000.0,Free,0.0,Everyone,Puzzle,"March 31, 2018",1.2.7,4.0 and up
Dr. Chess,GAME,4.1,97209.0,6.7,1000000.0,Free,0.0,Everyone,Board,"January 14, 2018",1.41,4.0.3 and up
Super Dr. Parking 3D,FAMILY,4.0,4518.0,41.0,1000000.0,Free,0.0,Everyone,Simulation,"December 17, 2017",3.3,4.1 and up
Dr Dre - Beatmaker,GAME,4.3,146.0,6.0,10000.0,Free,0.0,Mature 17+,Music,"February 28, 2018",5.3.8,4.0 and up
Pet Vet Dr - Animals Hospital,FAMILY,3.7,11748.0,36.0,1000000.0,Free,0.0,Teen,Casual,"October 31, 2016",1.3,4.0.3 and up
Dr.Android Repair Master 2017,PRODUCTIVITY,3.8,1205.0,4.3,100000.0,Free,0.0,Everyone,Productivity,"June 10, 2018",2,4.0 and up
Dr. Doug's Tips,BOOKS_AND_REFERENCE,4.0,22.0,34.0,1000.0,Free,0.0,Everyone,Books & Reference,"September 1, 2016",1.1,2.3 and up
Dr. 2048,FAMILY,3.9,1985.0,3.5,500000.0,Free,0.0,Everyone,Puzzle,"December 30, 2017",1.05,4.1 and up
DR Sebi's Alkaline List,FAMILY,4.0,68.0,5.5,5000.0,Free,0.0,Everyone,Education,"April 5, 2017",0.1,2.3 and up
NDS Emulator - For Android 6,GAME,4.1,14002.0,19.0,1000000.0,Free,0.0,Everyone,Arcade,"July 26, 2018",pb1.0.0.1,4.0.3 and up
Free DS Emulator,GAME,4.1,22896.0,19.0,1000000.0,Free,0.0,Everyone,Arcade,"July 26, 2018",pb1.0.0.1,4.0.3 and up
DS file,PRODUCTIVITY,4.1,10676.0,12.0,1000000.0,Free,0.0,Everyone,Productivity,"May 23, 2018",4.11.0,4.1 and up
DS finder,TOOLS,4.0,2596.0,32.0,500000.0,Free,0.0,Everyone,Tools,"July 19, 2018",2.0.1,5.0 and up
DS photo,VIDEO_PLAYERS,3.8,7335.0,13.0,1000000.0,Free,0.0,Everyone,Video Players & Editors,"July 17, 2018",Varies with device,Varies with device
DS video,VIDEO_PLAYERS,3.8,12443.0,13.0,1000000.0,Free,0.0,Everyone,Video Players & Editors,"August 6, 2018",Varies with device,Varies with device
DS cam,PRODUCTIVITY,3.6,3227.0,35.0,500000.0,Free,0.0,Everyone,Productivity,"July 26, 2018",3.0.1,4.1 and up
DS router,TOOLS,3.8,253.0,15.0,50000.0,Free,0.0,Everyone,Tools,"June 13, 2018",1.1.8,4.1 and up
EmuBox - Fast Retro Emulator,GAME,3.9,1576.0,43.0,50000.0,Free,0.0,Everyone,Arcade,"August 5, 2018",2.1.1,4.1 and up
DS App Manager,TOOLS,4.6,14.0,2.1,1000.0,Free,0.0,Everyone,Tools,"March 21, 2015",1.0,2.3 and up
Simple x3DS Emulator - BETA,GAME,4.3,0.0,13.0,50000.0,Free,0.0,Everyone,Arcade,"June 13, 2018",Varies with device,Varies with device
DS,FAMILY,4.9,15.0,23.0,100.0,Free,0.0,Everyone,Casual,"January 19, 2016",1,2.3 and up
DS Barometer - Altimeter and Weather Information,WEATHER,3.9,2962.0,4.2,100000.0,Free,0.0,Everyone,Weather,"July 9, 2018",3.67,2.3.3 and up
DS Companion,HEALTH_AND_FITNESS,4.3,0.0,4.6,50.0,Free,0.0,Everyone,Health & Fitness,"November 3, 2017",1.7,4.4 and up
DS-L4 Viewer,PHOTOGRAPHY,3.5,13.0,7.9,1000.0,Free,0.0,Everyone,Photography,"January 29, 2018",1.2.0.9,5.0 and up
DS-Admin,FAMILY,4.3,1.0,21.0,10.0,Free,0.0,Everyone,Education,"March 5, 2018",2.0,4.2 and up
DS-11 form,BUSINESS,4.3,3.0,28.0,100.0,Free,0.0,Everyone,Business,"April 27, 2018",1.7.7,4.1 and up
SmartCircle Remote DS,BUSINESS,4.3,2.0,1.6,500.0,Free,0.0,Everyone,Business,"May 22, 2018",2.983,5.0 and up
DS Speedometer & Odometer,MAPS_AND_NAVIGATION,3.9,22382.0,6.6,1000000.0,Free,0.0,Everyone,Maps & Navigation,"March 22, 2018",6.93,2.3.3 and up
DS Vision,BUSINESS,4.3,0.0,38.0,5.0,Free,0.0,Everyone,Business,"May 21, 2018",1.2,4.1 and up
Learn DS [BETA],FAMILY,4.3,9.0,5.0,500.0,Free,0.0,Everyone,Education,"February 12, 2017",0.5,4.0 and up
DS - xR,BUSINESS,4.3,2.0,1.4,10.0,Free,0.0,Everyone,Business,"November 21, 2017",1.0,4.4 and up
DS-Students,FAMILY,4.8,5.0,8.4,100.0,Free,0.0,Everyone,Education,"July 3, 2018",2.0,4.1 and up
DS Thermometer,WEATHER,3.7,631.0,3.0,100000.0,Free,0.0,Everyone,Weather,"May 30, 2015",2.20,2.3 and up
Deep Sleep Battery Saver,TOOLS,4.1,22032.0,3.7,1000000.0,Free,0.0,Everyone,Tools,"August 17, 2017",5.1,4.1 and up
DS Flashlight,TOOLS,4.0,127.0,5.8,10000.0,Free,0.0,Everyone,Tools,"May 30, 2015",1.31,2.2 and up
DS-82 form,BUSINESS,4.3,1.0,28.0,100.0,Free,0.0,Everyone,Business,"April 27, 2018",1.7.7,4.1 and up
dt Pro,FINANCE,4.8,4.0,4.5,1000.0,Free,0.0,Everyone,Finance,"May 16, 2017",3.10,2.2 and up
DT,LIFESTYLE,4.3,0.0,8.9,100.0,Free,0.0,Everyone,Lifestyle,"July 24, 2018",7.2.2,4.1 and up
DT Manager,PRODUCTIVITY,4.0,9.0,3.1,500.0,Free,0.0,Everyone,Productivity,"May 21, 2015",1.7,2.3 and up
DT-CAM,FAMILY,4.3,6.0,9.9,1000.0,Free,0.0,Everyone,Entertainment,"July 29, 2017",1.3,2.2 and up
DT Driving Test Theory,FAMILY,4.6,477.0,1.6,10000.0,Free,0.0,Everyone,Education,"February 22, 2018",1.1,4.0.3 and up
Truck Simulator DT 3D,FAMILY,3.8,110.0,22.0,5000.0,Free,0.0,Everyone,Simulation,"April 23, 2017",1.0.6,2.3 and up
WPBS-DT,FAMILY,5.0,3.0,6.3,500.0,Free,0.0,Everyone,Entertainment,"April 3, 2015",4.1.1,2.3.3 and up
ReadyOp DT,COMMUNICATION,4.6,8.0,1.1,1000.0,Free,0.0,Everyone,Communication,"July 6, 2018",1.0.56,2.3.3 and up
DT-VR,FAMILY,3.8,25.0,9.5,1000.0,Free,0.0,Everyone,Entertainment,"August 9, 2016",1.2,2.2 and up
Dt Tracking,AUTO_AND_VEHICLES,4.0,4.0,24.0,100.0,Free,0.0,Everyone,Auto & Vehicles,"October 28, 2016",0.20,4.0 and up
DT Simple Interval Timer,SPORTS,4.1,10.0,1.5,1000.0,Free,0.0,Everyone,Sports,"February 17, 2014",1.01,2.1 and up
DT Health,MEDICAL,4.3,1.0,24.0,10.0,Free,0.0,Everyone,Medical,"November 20, 2017",2.0.0,4.3 and up
DT CLOTHINGS,SHOPPING,5.0,1.0,7.9,10.0,Free,0.0,Everyone,Shopping,"July 25, 2018",1.0.1,4.1 and up
PAY DT,BUSINESS,4.3,0.0,5.3,1.0,Free,0.0,Everyone,Business,"February 6, 2018",1.1.0,4.0 and up
Test Application DT 02,ART_AND_DESIGN,4.3,0.0,1.2,0.0,Free,0.0,Everyone,Art & Design,"March 14, 2017",4.0,4.2 and up
Eat Right Diet (by Dt Shreya's Family Diet Clinic),HEALTH_AND_FITNESS,4.3,0.0,12.0,10.0,Free,0.0,Everyone,Health & Fitness,"August 7, 2018",1.0.7,5.0 and up
DT Practice,BUSINESS,4.3,6.0,5.7,500.0,Free,0.0,Everyone,Business,"October 6, 2017",1.1.0,4.4 and up
Dt. Jyothi Srinivas,HEALTH_AND_FITNESS,5.0,18.0,13.0,100.0,Free,0.0,Everyone,Health & Fitness,"February 6, 2018",1.0.6,4.1 and up
Johor DT Lock Screen,PERSONALIZATION,4.3,13.0,3.9,1000.0,Free,0.0,Everyone,Personalization,"January 17, 2018",1.1,4.0.3 and up
DT Technologies,SHOPPING,4.3,0.0,1.3,10.0,Free,0.0,Everyone,Shopping,"June 7, 2018",1.1,4.4 and up
DTPay,SHOPPING,4.5,18.0,0.970703125,1000.0,Free,0.0,Everyone,Shopping,"July 11, 2018",0.8.2,4.0 and up
"""i DT"" Fútbol. Todos Somos Técnicos.",SPORTS,4.3,27.0,3.6,500.0,Free,0.0,Everyone,Sports,"October 7, 2017",0.22,4.1 and up
MasterDT,SPORTS,4.3,24.0,4.1,100.0,Free,0.0,Everyone,Sports,"June 30, 2018",4.1,4.0.3 and up
Spring flowers theme couleurs d t space,ART_AND_DESIGN,5.0,1.0,2.9,100.0,Free,0.0,Everyone,Art & Design,"April 18, 2018",1.0.2,4.0 and up
Soccer Board Tactics,SPORTS,4.1,6231.0,8.9,100000.0,Free,0.0,Everyone,Sports,"February 9, 2018",10.36,4.2 and up
senior easy phone,PERSONALIZATION,3.9,168.0,2.1,50000.0,Free,0.0,Teen,Personalization,"March 27, 2015",1.0,2.3 and up
WhatsVPN - Unlimited Free VPN,TOOLS,4.7,24985.0,7.8,500000.0,Free,0.0,Everyone,Tools,"July 27, 2018",2.2.927,4.1 and up
du app,LIFESTYLE,3.5,7578.0,25.0,1000000.0,Free,0.0,Everyone,Lifestyle,"July 24, 2018",3.98,4.2 and up
DU Launcher - Boost Your Phone,PERSONALIZATION,4.5,67707.0,4.8,1000000.0,Free,0.0,Everyone,Personalization,"February 7, 2016",1.8.0.4,4.0 and up
DU Security,TOOLS,4.4,4847.0,3.2,100000.0,Free,0.0,Everyone,Tools,"June 29, 2016",3.0.0.2071,4.0 and up
DU Privacy-hide apps、sms、file,VIDEO_PLAYERS,4.4,21762.0,13.0,1000000.0,Free,0.0,Everyone,Video Players & Editors,"August 16, 2017",Varies with device,4.0.3 and up
DU Browser Mini(Small&Fast),TOOLS,4.2,20941.0,2.0,1000000.0,Free,0.0,Everyone,Tools,"December 23, 2016",1.12.23,4.0 and up
Lock Screen - DU Locker & Lock screen wallpaper,TOOLS,4.5,5174.0,4.7,100000.0,Free,0.0,Everyone,Tools,"April 26, 2018",2.0.0,4.0 and up
du View,FAMILY,3.8,935.0,22.0,50000.0,Free,0.0,Teen,Entertainment,"March 26, 2018",6.4.1,4.3 and up
DU Emoji Keyboard（Simeji）,TOOLS,4.3,19234.0,14.0,500000.0,Free,0.0,Everyone,Tools,"February 23, 2017",3.1.3,4.0.3 and up
"DU GIF Maker: GIF Maker, Video to GIF & GIF Editor",PHOTOGRAPHY,4.6,7605.0,4.3,500000.0,Free,0.0,Everyone,Photography,"April 10, 2018",1.2.2.2,4.3 and up
Upgrade for Android DU Master,TOOLS,3.6,12993.0,5.2,1000000.0,Free,0.0,Everyone,Tools,"January 9, 2017",1.3.0,2.3.3 and up
Modern: DU Launcher Theme,PERSONALIZATION,4.2,868.0,0.3017578125,50000.0,Free,0.0,Everyone,Personalization,"October 15, 2015",1.1,4.0 and up
Night: DU Launcher Theme,PERSONALIZATION,4.3,1419.0,0.4736328125,50000.0,Free,0.0,Everyone,Personalization,"October 15, 2015",1.1,4.0 and up
DU Collage Maker - Photo Collage & Grid & Layout,PHOTOGRAPHY,4.7,4595.0,2.5,100000.0,Free,0.0,Everyone,Photography,"September 4, 2017",1.4.0,4.0 and up
Du Chinese – Mandarin Lessons,FAMILY,4.8,3390.0,9.2,100000.0,Free,0.0,Everyone,Education,"October 3, 2017",1.5.0,4.1 and up
Hadith du jour,FAMILY,4.4,276.0,13.0,50000.0,Free,0.0,Everyone,Education,"March 22, 2016",Varies with device,Varies with device
Bible du Semeur-BDS (French),BOOKS_AND_REFERENCE,4.5,313.0,6.9,50000.0,Free,0.0,Everyone,Books & Reference,"August 4, 2018",0.7,1.0 and up
La citadelle du musulman,BOOKS_AND_REFERENCE,4.5,314.0,9.8,50000.0,Free,0.0,Everyone,Books & Reference,"March 17, 2016",2.10,2.3.3 and up
Voyance du pyromancien,FAMILY,4.3,22.0,16.0,5000.0,Free,0.0,Everyone,Entertainment,"July 13, 2018",1.0.3,4.1 and up
Citation du Jour - Motivation,FAMILY,4.1,321.0,0.892578125,100000.0,Free,0.0,Everyone,Education,"February 14, 2015",1.0,2.2 and up
La Poupée du Voyant,FAMILY,4.4,265.0,8.2,50000.0,Free,0.0,Everyone,Entertainment,"January 6, 2017",1.0.0,4.1 and up
Proverbes du monde,FAMILY,4.3,38.0,2.8,10000.0,Free,0.0,Everyone,Entertainment,"March 12, 2018",1.1.2.0,1.6 and up
iSmart DV,VIDEO_PLAYERS,3.6,5692.0,31.0,1000000.0,Free,0.0,Everyone,Video Players & Editors,"July 27, 2018",R1.4.14.B1.4,4.1 and up
dv Prompter,VIDEO_PLAYERS,3.7,321.0,1.3,50000.0,Free,0.0,Everyone,Video Players & Editors,"March 14, 2017",1.2.9,4.2 and up
Mini DV,AUTO_AND_VEHICLES,3.5,12.0,19.0,5000.0,Free,0.0,Everyone,Auto & Vehicles,"May 29, 2018",1.27,4.0 and up
DV-2019 Results,FAMILY,4.3,158.0,2.6,10000.0,Free,0.0,Everyone,Entertainment,"June 14, 2018",17.0,4.0 and up
DV-LOTTERY 2019 REGISTRATION,FAMILY,4.5,97.0,2.6,10000.0,Free,0.0,Everyone,Entertainment,"January 20, 2018",3.0,4.0 and up
DV-4036 by Somikon,PHOTOGRAPHY,4.3,17.0,44.0,1000.0,Free,0.0,Everyone,Photography,"January 19, 2017",0.0.5,4.3 and up
DV 2019 Entry Guide,BOOKS_AND_REFERENCE,4.5,92.0,5.1,10000.0,Free,0.0,Everyone,Books & Reference,"October 18, 2017",2.0.0,4.1 and up
Touch DV,PHOTOGRAPHY,4.3,1.0,11.0,50.0,Free,0.0,Everyone,Photography,"July 7, 2017",10.4,4.2 and up
DV 2019 - EDV Photo & Form,BOOKS_AND_REFERENCE,3.9,314.0,2.6,50000.0,Free,0.0,Everyone,Books & Reference,"October 24, 2016",6.0.0,4.0.3 and up
DV Car Service,MAPS_AND_NAVIGATION,4.6,10.0,25.0,100.0,Free,0.0,Everyone,Maps & Navigation,"August 9, 2017",1.002,4.0.3 and up
DV Lottery Photo Tool,PHOTOGRAPHY,4.0,223.0,1.7,50000.0,Free,0.0,Everyone,Photography,"October 28, 2017",1.06,4.2 and up
US DV Lottery 2020 Apply,TRAVEL_AND_LOCAL,4.6,41.0,2.0,10000.0,Free,0.0,Everyone,Travel & Local,"January 14, 2018",1.02,4.0 and up
DV-2019 PHOTO TOOL,FAMILY,4.3,21.0,2.5,1000.0,Free,0.0,Everyone,Entertainment,"January 20, 2018",5.0,4.0 and up
DV ASSIST,FAMILY,5.0,1.0,18.0,100.0,Free,0.0,Everyone,Education,"August 2, 2018",1.0,4.4 and up
4K Ultra Camera,PHOTOGRAPHY,4.2,382.0,2.9,100000.0,Free,0.0,Everyone,Photography,"July 30, 2018",39.272.12,2.2 and up
DV Lottery Simulator,FAMILY,4.6,13.0,1.3,1000.0,Free,0.0,Everyone,Entertainment,"October 20, 2016",1.1,4.1 and up
U.S.A DV Lottery Process,FAMILY,4.5,8.0,1.7,1000.0,Free,0.0,Everyone,Education,"March 12, 2017",1.0,4.1 and up
DV Statistics,SOCIAL,4.2,6.0,2.7,100.0,Free,0.0,Everyone,Social,"October 8, 2015",1.2,4.0.3 and up
DV 2018 Winners Guide,BOOKS_AND_REFERENCE,4.8,11.0,0.59375,1000.0,Free,0.0,Everyone,Books & Reference,"July 23, 2017",1.09,4.2 and up
MelifeCam-M,VIDEO_PLAYERS,3.5,81.0,22.0,10000.0,Free,0.0,Everyone,Video Players & Editors,"July 21, 2016",R1.3.21.3,4.1 and up
DV-2019 UK/British,FAMILY,4.6,166.0,4.2,5000.0,Free,0.0,Everyone,Entertainment,"March 11, 2018",3.0,4.0 and up
GoPlus Cam,VIDEO_PLAYERS,3.5,3484.0,41.0,500000.0,Free,0.0,Everyone,Video Players & Editors,"December 18, 2017",3.0.1,4.0.3 and up
DV Portfolio,TOOLS,4.3,0.0,16.0,50.0,Free,0.0,Everyone,Tools,"October 23, 2017",1.0,4.1 and up
DV Youth,LIFESTYLE,5.0,5.0,15.0,100.0,Free,0.0,Everyone,Lifestyle,"April 25, 2016",1.2,4.0.3 and up
DV - Digito Verificador,TOOLS,4.3,2.0,4.2,500.0,Free,0.0,Everyone,Tools,"March 2, 2017",1.0,4.0 and up
DV Web Design Tips,PRODUCTIVITY,4.3,1.0,5.1,10.0,Free,0.0,Teen,Productivity,"October 26, 2017",1.0.0,4.1 and up
4K VIDEO PLAYER ULTRA HD,VIDEO_PLAYERS,3.7,20.0,24.0,5000.0,Free,0.0,Everyone,Video Players & Editors,"May 1, 2017",7.0,2.3.3 and up
US DV Lottery 2019,TRAVEL_AND_LOCAL,4.6,14.0,4.0,1000.0,Free,0.0,Everyone,Travel & Local,"April 12, 2018",1.0,4.0 and up
BlueDV AMBE,COMMUNICATION,4.3,0.0,13.0,1000.0,Free,0.0,Everyone,Communication,"May 23, 2018",Varies with device,Varies with device
Hotel Insanity,GAME,4.2,3816.0,31.0,100000.0,Free,0.0,Teen,Arcade,"July 7, 2016",1.0,3.0 and up
DW - Breaking World News,NEWS_AND_MAGAZINES,4.4,17671.0,17.0,1000000.0,Free,0.0,Everyone 10+,News & Magazines,"August 6, 2018",2.3.10,4.2 and up
"DW Learn German - A1, A2, B1 and placement test",FAMILY,4.3,902.0,1.8,100000.0,Free,0.0,Everyone,Education,"September 28, 2017",1.0,4.4 and up
DW Spectrum™ IPVMS Mobile,BUSINESS,4.0,44.0,30.0,10000.0,Free,0.0,Everyone,Business,"June 19, 2018",18.1.18164,4.1 and up
DW Amharic by AudioNow Digital,NEWS_AND_MAGAZINES,4.5,322.0,31.0,10000.0,Free,0.0,Everyone,News & Magazines,"June 26, 2018",4.0.9,4.1 and up
News: DW Español,NEWS_AND_MAGAZINES,4.3,25.0,6.3,1000.0,Free,0.0,Everyone,News & Magazines,"April 26, 2018",1.0,4.1 and up
DW Contacts & Phone & Dialer,COMMUNICATION,4.3,21186.0,10.0,1000000.0,Free,0.0,Everyone,Communication,"August 4, 2018",Varies with device,Varies with device
DW,NEWS_AND_MAGAZINES,4.3,0.0,4.8,10000.0,Free,0.0,Everyone 10+,News & Magazines,"July 13, 2018",1.0.5,5.0 and up
DW Arabic By dw-arab.com,NEWS_AND_MAGAZINES,4.3,386.0,6.0,50000.0,Free,0.0,Everyone,News & Magazines,"October 27, 2017",3.2,4.1 and up
DW Espanol,NEWS_AND_MAGAZINES,4.3,0.0,5.8,100.0,Free,0.0,Everyone,News & Magazines,"June 5, 2018",1.0,4.2 and up
News :DW Bangali,NEWS_AND_MAGAZINES,4.3,1.0,6.3,10.0,Free,0.0,Everyone,News & Magazines,"July 2, 2018",1.0,4.1 and up
News: DW Hausa,NEWS_AND_MAGAZINES,4.9,9.0,6.3,1000.0,Free,0.0,Everyone,News & Magazines,"April 26, 2018",1.0,4.1 and up
DW Audio,FAMILY,4.9,38.0,5.0,1000.0,Free,0.0,Everyone,Education,"June 16, 2017",0.9.0,4.1 and up
DW فارسی By dw-arab.com,NEWS_AND_MAGAZINES,4.7,11.0,4.4,1000.0,Free,0.0,Everyone,News & Magazines,"March 26, 2017",1.0.0,4.1 and up
German Listening,FAMILY,4.8,18298.0,8.0,500000.0,Free,0.0,Everyone,Education,"July 23, 2018",2.94,2.3.3 and up
Deaf World DW,COMMUNICATION,4.3,298.0,13.0,10000.0,Free,0.0,Teen,Communication,"November 28, 2017",Varies with device,4.1 and up
DW Event,EVENTS,4.3,9.0,39.0,1000.0,Free,0.0,Everyone,Events,"May 29, 2018",2.32.2,4.1 and up
DW Witness,BUSINESS,4.0,6.0,3.5,500.0,Free,0.0,Everyone,Business,"May 14, 2018",1.1.2,5.0 and up
Fahrschule DW,FAMILY,4.3,5.0,3.9,1000.0,Free,0.0,Everyone,Education,"April 19, 2016",1.2,2.2 and up
Downvids Helper - One touch DW,VIDEO_PLAYERS,3.5,197.0,9.8,10000.0,Free,0.0,Everyone,Video Players & Editors,"February 5, 2017",1.0,4.0.3 and up
DW Tech Tools,BUSINESS,4.3,1.0,5.9,100.0,Free,0.0,Everyone,Business,"July 24, 2018",26.1,4.1 and up
DW Security,BUSINESS,5.0,6.0,15.0,100.0,Free,0.0,Everyone,Business,"July 25, 2018",69.1,4.1 and up
News: RFI Hausa,NEWS_AND_MAGAZINES,4.7,10.0,6.3,1000.0,Free,0.0,Everyone,News & Magazines,"April 28, 2018",1.0,4.1 and up
ZAK DW,BUSINESS,4.3,0.0,3.0,10.0,Free,0.0,Teen,Business,"November 13, 2015",1.0,4.1 and up
DW Contacts Wear,TOOLS,4.2,37.0,2.2,5000.0,Free,0.0,Everyone,Tools,"March 9, 2015",0.0.0.2,4.0 and up
Hausa Radio,NEWS_AND_MAGAZINES,4.4,3375.0,4.2,100000.0,Free,0.0,Everyone,News & Magazines,"July 31, 2018",4.1,4.1 and up
Digi Dex for DW Next Order @PS4,TOOLS,4.2,155.0,16.0,10000.0,Free,0.0,Everyone,Tools,"February 24, 2018",1.3,5.0 and up
DW Timer,TOOLS,5.0,9.0,1.5,100.0,Free,0.0,Everyone,Tools,"April 5, 2017",1.0,1.6 and up
DW Streaming,SOCIAL,4.3,0.0,13.0,1000.0,Free,0.0,Everyone,Social,"May 27, 2017",Varies with device,Varies with device
Rose Gold DW Watch Theme,PERSONALIZATION,4.3,1.0,3.3,100.0,Free,0.0,Everyone,Personalization,"July 25, 2018",1.1.1,4.0 and up
DW Maps,TRAVEL_AND_LOCAL,3.7,35.0,13.0,10000.0,Free,0.0,Everyone,Travel & Local,"June 6, 2017",1.9,2.3.3 and up
DW Uninstall Applications,TOOLS,4.3,0.0,2.5,10.0,Free,0.0,Everyone,Tools,"February 5, 2017",1.0,2.3 and up
Bodyworks DW,HEALTH_AND_FITNESS,4.3,0.0,10.0,10.0,Free,0.0,Everyone,Health & Fitness,"July 9, 2018",4.2.2,4.1 and up
DW Cleaner,TOOLS,4.3,7.0,3.0,500.0,Free,0.0,Everyone,Tools,"August 5, 2018",1.7,4.0 and up
DW Missed call cleaner patch,TOOLS,3.9,65.0,0.052734375,5000.0,Free,0.0,Everyone,Tools,"November 27, 2014",1.4,2.0 and up
Swahili Radio,NEWS_AND_MAGAZINES,4.5,171.0,4.8,10000.0,Free,0.0,Everyone,News & Magazines,"May 30, 2018",3.0,4.0 and up
Black Classic DW Watch Theme,PERSONALIZATION,4.3,1.0,2.9,100.0,Free,0.0,Everyone,Personalization,"July 25, 2018",1.1.1,4.0 and up
White Classic Petite Watch Theme for DW,LIFESTYLE,4.3,2.0,3.0,500.0,Free,0.0,Everyone,Lifestyle,"July 24, 2018",1.1.1,4.0 and up
D.W Bien Être,HEALTH_AND_FITNESS,4.3,0.0,40.0,10.0,Free,0.0,Everyone,Health & Fitness,"April 6, 2016",1.0,2.3 and up
Direct Express®,FINANCE,4.5,6156.0,6.6,500000.0,Free,0.0,Everyone,Finance,"May 9, 2017",1.0.10,4.0 and up
KeePass DX,TOOLS,4.3,0.0,13.0,5000.0,Free,0.0,Everyone,Tools,"August 2, 2018",Varies with device,Varies with device
Across Age DX,FAMILY,3.8,5964.0,48.0,500000.0,Free,0.0,Teen,Role Playing,"January 9, 2015",1.1.0,2.2 and up
Ham DX Cluster & Spots Finder,COMMUNICATION,4.5,115.0,2.8,5000.0,Free,0.0,Everyone,Communication,"July 15, 2016",1.4.4,4.1 and up
DX Alerts,LIFESTYLE,4.5,22.0,23.0,1000.0,Free,0.0,Everyone,Lifestyle,"July 19, 2016",2.0,4.0.3 and up
Piczle Lines DX,FAMILY,4.6,281.0,26.0,5000.0,Free,0.0,Everyone,Puzzle,"April 15, 2018",1.4.6,4.0 and up
PORTABLE SOCCER DX Lite,SPORTS,4.2,15068.0,2.5,1000000.0,Free,0.0,Everyone,Sports,"June 19, 2018",3.4,2.3 and up
DX Spots Free,TOOLS,4.5,46.0,24.0,1000.0,Free,0.0,Everyone,Tools,"May 18, 2018",2.0.402,4.1 and up
Bubble Shooter DX,FAMILY,4.2,636.0,4.0,100000.0,Free,0.0,Everyone,Casual,"June 21, 2018",1.21,4.0.3 and up
DX Alert,TOOLS,4.1,27.0,2.5,1000.0,Free,0.0,Everyone,Tools,"April 28, 2016",1.131,3.2 and up
Age of Procreation DX,FAMILY,4.3,1894.0,40.0,100000.0,Free,0.0,Mature 17+,Simulation,"April 22, 2016",1.441,2.3 and up
DX Simulation for OOO Dx Belt,FAMILY,4.6,67.0,31.0,10000.0,Free,0.0,Everyone,Simulation,"August 4, 2018",1.7,4.1 and up
Differential Dx Free,MEDICAL,4.0,238.0,13.0,50000.0,Free,0.0,Everyone 10+,Medical,"January 7, 2018",Varies with device,Varies with device
Tricky Bike Stunt Rider DX,FAMILY,4.4,16.0,45.0,500.0,Free,0.0,Everyone,Simulation;Education,"July 29, 2018",1.1.1,4.0 and up
DX Gashacon Sword for Ex-Aid Henshin,FAMILY,4.3,17.0,42.0,1000.0,Free,0.0,Everyone,Simulation,"July 14, 2018",1.0,4.1 and up
DX Simulation Belt for Build henshin,FAMILY,4.5,182.0,39.0,10000.0,Free,0.0,Everyone,Simulation,"July 11, 2018",2.0,4.1 and up
DX Simulation for Kabuto Henshin Belt 2018,FAMILY,4.6,14.0,7.2,5000.0,Free,0.0,Everyone,Simulation,"August 6, 2018",1.5,4.0.3 and up
DX Simulation for Decade Henshin Belt 2018,FAMILY,4.3,23.0,10.0,5000.0,Free,0.0,Everyone,Simulation,"August 6, 2018",1.6,4.0 and up
Elemental Galaxy Dx - Match3,FAMILY,4.0,127.0,14.0,10000.0,Free,0.0,Everyone,Puzzle,"March 11, 2014",1.0.9,2.2 and up
DX Simulation for Double Dx Henshin Belt 2018,FAMILY,4.6,33.0,11.0,5000.0,Free,0.0,Everyone,Simulation,"August 6, 2018",1.5,4.0.3 and up
Mircules DX Cluster Lite,COMMUNICATION,4.5,51.0,21.0,5000.0,Free,0.0,Everyone,Communication,"May 10, 2016",3.0,4.1 and up
DX Simulation Belt for Decade henshin,FAMILY,4.5,64.0,32.0,5000.0,Free,0.0,Everyone,Simulation,"July 27, 2018",3.0,4.1 and up
Chronolink DX Lite,FAMILY,4.3,2.0,47.0,10.0,Free,0.0,Everyone,Puzzle,"October 9, 2017",1,4.1 and up
Shoot! DX - lights for FREE,GAME,4.3,4.0,13.0,100.0,Free,0.0,Everyone,Action,"June 23, 2018",Varies with device,Varies with device
Human Dx,MEDICAL,4.8,6.0,16.0,500.0,Free,0.0,Everyone,Medical,"August 4, 2018",Human Dx,6.0 and up
MBU DX Cluster,TOOLS,4.0,5.0,1.6,500.0,Free,0.0,Everyone,Tools,"June 16, 2015",0.0.1,2.3.3 and up
Cloud DX Connected Health,HEALTH_AND_FITNESS,5.0,6.0,11.0,100.0,Free,0.0,Everyone,Health & Fitness,"July 19, 2017",1.7.10713 (281),4.4 and up
DX Simulation for X-aid Dx Belt,FAMILY,4.0,35.0,48.0,5000.0,Free,0.0,Everyone,Simulation,"August 4, 2018",1.6,4.1 and up
Dx Ludo,FAMILY,3.6,215.0,2.6,50000.0,Free,0.0,Everyone,Puzzle,"April 18, 2011",1.0,2.1 and up
My Dy Dice - 3D Dice Roller,LIFESTYLE,4.2,9.0,22.0,100.0,Free,0.0,Everyone,Lifestyle,"September 20, 2016",1.01,4.1 and up
Dr. D. Y. Patil Vidyapeeth GBS,FAMILY,4.0,3.0,5.3,100.0,Free,0.0,Everyone,Education,"February 14, 2017",1.0.1702140017,4.1 and up
KPS CHAUHAN DY/DX,FAMILY,4.9,37.0,10.0,100.0,Free,0.0,Everyone,Education,"July 28, 2018",1.0.32.1,4.1 and up
DY Fitness,HEALTH_AND_FITNESS,4.3,0.0,43.0,10.0,Free,0.0,Everyone,Health & Fitness,"August 6, 2018",4.4.1,4.1 and up
dy n fly,LIFESTYLE,4.3,1.0,4.8,50.0,Free,0.0,Everyone,Lifestyle,"March 5, 2018",1.0.3,4.0 and up
Cnady Selfie : You Can Dy Snap Camera,PERSONALIZATION,4.3,8.0,20.0,1000.0,Free,0.0,Everyone,Personalization,"January 6, 2018",2.6,4.1 and up
junainfo.dy.fi,TRAVEL_AND_LOCAL,4.3,8.0,1.9,100.0,Free,0.0,Everyone,Travel & Local,"October 21, 2015",0.0.9,4.0 and up
DY TECHNICAL GYAN,BUSINESS,4.0,2.0,3.3,10.0,Free,0.0,Everyone,Business,"January 17, 2018",1.1.0,4.0 and up
JONACK (D Story Teller),FAMILY,4.4,152.0,1.2,10000.0,Free,0.0,Everyone,Entertainment,"November 28, 2015",1.0,2.2 and up
Guardians of Ancora,FAMILY,4.4,969.0,26.0,50000.0,Free,0.0,Everyone,Educational;Action & Adventure,"July 20, 2018",2.9.1,2.3.3 and up
Cute Dolphin Keyboard,PERSONALIZATION,4.5,237.0,6.4,10000.0,Free,0.0,Everyone,Personalization,"July 30, 2018",1.279.13.93,4.0.3 and up
Truck Transport Raw Material,FAMILY,4.2,632.0,50.0,100000.0,Free,0.0,Everyone,Simulation,"July 20, 2018",1.4,4.1 and up
Hidden Camera Detector,TOOLS,3.9,167.0,2.5,10000.0,Free,0.0,Everyone,Tools,"November 8, 2017",1.0,4.0.3 and up
DYPhyzio-Physiology Forum,FAMILY,4.3,4.0,1.3,100.0,Free,0.0,Everyone,Education,"August 22, 2017",1.1,4.1 and up
DYPSOET,FAMILY,5.0,8.0,7.4,50.0,Free,0.0,Everyone,Education,"August 7, 2018",1.0.2,4.1 and up
Triceratops - Dino Robot,FAMILY,4.4,3032.0,30.0,1000000.0,Free,0.0,Everyone,Casual,"December 18, 2017",1.2.3,4.0 and up
Differential Equations Steps,FAMILY,3.6,1185.0,3.9,100000.0,Free,0.0,Everyone,Education,"April 11, 2017",5.3.0,4.0.3 and up
Dz Dinars Numbers to letters,PRODUCTIVITY,4.7,2807.0,9.8,100000.0,Free,0.0,Everyone,Productivity,"December 15, 2016",0.74 11.12.2016,4.0.3 and up
dz NEWS Algerie,NEWS_AND_MAGAZINES,4.2,2318.0,4.5,100000.0,Free,0.0,Everyone,News & Magazines,"December 13, 2014",2.3,2.3 and up
Siyaha Dz,TRAVEL_AND_LOCAL,4.5,289.0,9.8,10000.0,Free,0.0,Everyone,Travel & Local,"March 13, 2018",2.6.3,4.2 and up
CCP DZ : Fill out a check | Number in letters DZD,FINANCE,4.7,642.0,3.2,10000.0,Free,0.0,Everyone,Finance,"April 27, 2018",2018-04-27,4.0 and up
DZ Mobile Market,SHOPPING,4.3,59.0,6.0,10000.0,Free,0.0,Everyone,Shopping,"February 1, 2018",1.0.3-DzMobile,4.0.3 and up
3G DZ Configuration,COMMUNICATION,4.3,488.0,2.5,50000.0,Free,0.0,Everyone,Communication,"November 19, 2015",6.2.3,3.0 and up
3G/4G Config Dz,TOOLS,4.2,2058.0,2.3,100000.0,Free,0.0,Everyone,Tools,"May 15, 2017",3.0.2,4.0 and up
Drugs Dz - Algeria,MEDICAL,4.4,187.0,13.0,10000.0,Free,0.0,Everyone,Medical,"July 29, 2017",0.0.7,Varies with device
IRIS : Customer Service - DZ Algeria,TRAVEL_AND_LOCAL,4.7,57.0,7.0,1000.0,Free,0.0,Everyone,Travel & Local,"March 10, 2018",2018-03,4.0 and up
Numbers Into Words,PRODUCTIVITY,4.4,457.0,0.548828125,50000.0,Free,0.0,Everyone,Productivity,"May 6, 2014",1.2,2.1 and up
Météo Algérie DZ,WEATHER,4.1,1238.0,4.7,100000.0,Free,0.0,Everyone,Weather,"December 17, 2014",1.1.6,2.3 and up
DZ Popup Video Player,VIDEO_PLAYERS,4.5,83.0,4.5,5000.0,Free,0.0,Everyone,Video Players & Editors,"May 16, 2018",4.6,4.1 and up
DZ PROMOS - Promotions & Sale Alerts in Algeria,SHOPPING,4.1,331.0,10.0,50000.0,Free,0.0,Everyone,Shopping,"August 10, 2017",2.51,4.0.3 and up
JNews DZ - Algerian Newspapers,NEWS_AND_MAGAZINES,4.0,146.0,3.0,10000.0,Free,0.0,Everyone,News & Magazines,"July 16, 2016",2.4,2.3 and up
DZ-JOKER,GAME,4.3,6.0,18.0,100.0,Free,0.0,Everyone,Arcade,"May 4, 2017",1.0,2.3 and up
Super ball DZ,GAME,4.3,24.0,32.0,1000.0,Free,0.0,Teen,Action,"September 21, 2017",1.0.4,4.1 and up
Ouedkniss,SHOPPING,4.3,10355.0,0.8271484375,1000000.0,Free,0.0,Teen,Shopping,"June 19, 2018",1.5.1,4.0 and up
Files To SD Card Pro,TOOLS,4.2,994.0,2.8,100000.0,Free,0.0,Everyone,Tools,"May 18, 2018",6.0.0,5.0 and up
News Dz,SOCIAL,4.3,3.0,9.9,10.0,Free,0.0,Everyone,Social,"July 19, 2017",1.0,4.0 and up
My Ooredoo Algeria,TOOLS,4.2,3606.0,17.0,100000.0,Free,0.0,Everyone,Tools,"June 24, 2018",1.22.1,4.4 and up
Currency Exchange DZ,FINANCE,4.3,4.0,2.5,1000.0,Free,0.0,Everyone,Finance,"November 10, 2016",1.0,2.3 and up
PHARMAGUIDE (DZ),HEALTH_AND_FITNESS,4.1,131.0,3.4,5000.0,Free,0.0,Everyone,Health & Fitness,"April 1, 2016",1.06,1.6 and up
لعبة تقدر تربح DZ,FAMILY,4.2,238.0,6.8,10000.0,Free,0.0,Everyone,Education,"November 18, 2016",6.0.0.0,4.1 and up
DEM DZ,HEALTH_AND_FITNESS,4.3,2.0,0.9345703125,100.0,Free,0.0,Teen,Health & Fitness,"November 13, 2017",1.0,2.3.3 and up
chat dz,COMMUNICATION,5.0,8.0,29.0,100.0,Free,0.0,Teen,Communication,"March 14, 2018",1.0,4.1 and up
Devise Dz,FINANCE,4.0,26.0,3.6,1000.0,Free,0.0,Everyone,Finance,"May 29, 2017",1.0.0,4.0 and up
BAC DZ Questionnaire,FAMILY,4.0,38.0,13.0,5000.0,Free,0.0,Everyone,Education,"May 25, 2018",Varies with device,Varies with device
Ludo Dz,GAME,4.5,17.0,28.0,500.0,Free,0.0,Everyone,Board,"August 27, 2017",1.0,4.1 and up
ONEC DZ,FAMILY,4.3,40.0,3.1,1000.0,Free,0.0,Everyone,Education,"June 13, 2018",4.0,4.0.3 and up
Agent HQ for The Division,FAMILY,4.1,1060.0,2.5,100000.0,Free,0.0,Everyone,Entertainment,"February 17, 2018",0.35,4.0.3 and up
DZ Urgences,FAMILY,4.3,16.0,1.6,500.0,Free,0.0,Everyone,Education,"December 21, 2016",2.0,4.0 and up
infirmiers,MEDICAL,4.7,125.0,23.0,10000.0,Free,0.0,Everyone,Medical,"June 7, 2018",12,4.0.3 and up
DZ sim,TOOLS,4.4,417.0,15.0,10000.0,Free,0.0,Everyone,Tools,"April 26, 2018",3.0,4.2 and up
Tuberculose Dz,MEDICAL,4.9,26.0,6.1,1000.0,Free,0.0,Everyone,Medical,"November 6, 2016",1.0.7,4.1 and up
DZ Fly Algérie Horaire Vols,TRAVEL_AND_LOCAL,3.6,114.0,10.0,10000.0,Free,0.0,Everyone,Travel & Local,"October 31, 2016",2.0,4.0 and up
3G to 4G Converter - Simulator,TOOLS,4.2,268.0,2.4,10000.0,Free,0.0,Everyone,Tools,"February 21, 2018",3.0.0,4.1 and up
dekoreko-dz,SHOPPING,4.3,16.0,4.6,500.0,Free,0.0,Everyone,Shopping,"March 3, 2018",1.0.0,4.0.3 and up
ChangeDA - Cours du DZD sur le marché parallèle,FINANCE,4.4,188.0,3.3,10000.0,Free,0.0,Everyone,Finance,"July 28, 2018",2.5,4.2 and up
dz press,NEWS_AND_MAGAZINES,4.3,30.0,10.0,1000.0,Free,0.0,Everyone,News & Magazines,"July 30, 2015",1.8,4.0 and up
Tunisian Dinar: Exchange rate,FINANCE,4.5,625.0,3.8,10000.0,Free,0.0,Everyone,Finance,"March 30, 2018",2.10,4.0 and up
love sms good morning,COMMUNICATION,4.2,10.0,3.1,5000.0,Free,0.0,Everyone,Communication,"April 28, 2016",1.0,2.3 and up
Dz Camera,TOOLS,4.3,1.0,33.0,10.0,Free,0.0,Everyone,Tools,"November 19, 2017",1.0,4.3 and up
quran-DZ,SOCIAL,4.3,0.0,6.2,10.0,Free,0.0,Teen,Social,"June 13, 2018",1.1,4.2 and up
DZ Blagues,FAMILY,4.2,580.0,2.1,10000.0,Free,0.0,Everyone,Entertainment,"December 19, 2012",1.3,2.1 and up
DZ Register,PRODUCTIVITY,4.3,0.0,18.0,1.0,Free,0.0,Everyone,Productivity,"July 31, 2018",1.0.6,4.1 and up
Command & Conquer: Rivals,FAMILY,4.3,0.0,13.0,0.0,,0.0,Everyone 10+,Strategy,"June 28, 2018",Varies with device,Varies with device
Dungeon Keeper,FAMILY,4.0,69574.0,45.0,500000.0,Free,0.0,Everyone 10+,Strategy,"May 24, 2018",1.8.91,4.1 and up
POGO Games,FAMILY,3.8,32600.0,26.0,1000000.0,Free,0.0,Everyone,Casual,"February 22, 2017",1.4.10,4.1 and up
Heroes of Dragon Age,GAME,4.2,70389.0,28.0,1000000.0,Free,0.0,Teen,Action,"May 9, 2018",5.3.1,2.3.3 and up
Bejeweled Stars: Free Match 3,FAMILY,4.5,85484.0,13.0,1000000.0,Free,0.0,Everyone,Puzzle;Brain Games,"August 2, 2018",2.17.1,4.1 and up
Gear.Club - True Racing,GAME,4.4,140658.0,37.0,1000000.0,Free,0.0,Everyone,Racing,"August 1, 2018",1.21.2,4.3 and up
Plants vs. Zombies™ Watch Face,FAMILY,3.5,33178.0,3.1,1000000.0,Free,0.0,Everyone,Casual,"February 2, 2015",1.0.5,4.3 and up
Typical EA Game,FAMILY,4.6,33.0,3.3,100.0,Free,0.0,Everyone,Casual,"November 18, 2017",1.0,4.0 and up
i am EB,PHOTOGRAPHY,5.0,1.0,5.4,10.0,Free,0.0,Teen,Photography,"February 1, 2017",1.0,4.1 and up
EB-Link,BUSINESS,4.8,6.0,11.0,100.0,Free,0.0,Everyone,Business,"June 7, 2018",1.2.7,4.2 and up
Debra Care Conference,BUSINESS,4.3,0.0,30.0,50.0,Free,0.0,Everyone,Business,"June 15, 2018",5.29.02,5.0 and up
Exchange Bank - EB Mobile,FINANCE,4.6,8.0,31.0,1000.0,Free,0.0,Everyone,Finance,"May 2, 2018",18.1.79,5.0 and up
EB-TV,SPORTS,4.3,6.0,30.0,1000.0,Free,0.0,Everyone,Sports,"May 25, 2018",2.2.1,4.4 and up
Free E B Garamond Cool Font,PERSONALIZATION,4.2,410.0,6.1,100000.0,Free,0.0,Everyone,Personalization,"April 20, 2018",33.0,4.0.3 and up
EB Kit,BUSINESS,4.3,4.0,5.2,100.0,Free,0.0,Everyone,Business,"May 15, 2018",1.2,4.1 and up
Epson iProjection,PRODUCTIVITY,3.5,3930.0,18.0,1000000.0,Free,0.0,Everyone,Productivity,"March 22, 2018",3.0.0,4.0 and up
TN e Sevai TN EB Bill Patta Citta EC Birth All Hub,SOCIAL,3.7,23.0,16.0,5000.0,Free,0.0,Everyone,Social,"April 26, 2018",1.0,4.1 and up
EB Scanner,PRODUCTIVITY,5.0,9.0,25.0,50.0,Free,0.0,Everyone,Productivity,"February 11, 2018",1.7.8,4.0.3 and up
TNEB Bill Online Payment (Tamil),SOCIAL,4.3,7.0,2.3,5000.0,Free,0.0,Teen,Social,"July 13, 2018",2.0,4.0.3 and up
EB Demo for Android,FAMILY,4.3,0.0,13.0,10.0,Free,0.0,Teen,Entertainment,"May 17, 2017",1.0,4.1 and up
Mental Hospital:EB 2 Lite,GAME,4.1,5341.0,8.8,100000.0,Free,0.0,Teen,Action,"April 30, 2014",1.0,4.0 and up
EB Annual Meetings,BOOKS_AND_REFERENCE,3.5,11.0,15.0,1000.0,Free,0.0,Everyone,Books & Reference,"April 13, 2018",9.4.7.6,4.0 and up
UP EB Bill Payment & Details,SOCIAL,5.0,3.0,2.4,50.0,Free,0.0,Teen,Social,"July 11, 2018",2.0,4.0 and up
Tamilnadu EB Online Payment,FINANCE,3.7,155.0,3.9,100000.0,Free,0.0,Everyone,Finance,"July 30, 2018",1.0.0,4.0.3 and up
Online Kerala EB Bill Pay,FINANCE,4.0,37.0,3.9,5000.0,Free,0.0,Everyone,Finance,"November 16, 2017",1.0.0,4.0.3 and up
EB Remote Deposit,BUSINESS,4.3,0.0,9.0,10.0,Free,0.0,Everyone,Business,"May 10, 2018",5.1,4.1 and up
EB-Chat – For my Events,EVENTS,4.3,2.0,21.0,10.0,Free,0.0,Teen,Events,"November 16, 2017",1.4,3.0 and up
বাংলাflix,FAMILY,4.2,1111.0,7.3,100000.0,Free,0.0,Everyone,Entertainment,"June 5, 2018",3.6.1,4.1 and up
EB Experience,LIFESTYLE,4.3,0.0,1.8,1.0,Free,0.0,Everyone,Lifestyle,"October 19, 2017",1.0,4.0.3 and up
TNEB Quick Pay Easy,FINANCE,4.5,28.0,1.4,10000.0,Free,0.0,Teen,Finance,"January 29, 2018",1,3.0 and up
TNEB,BUSINESS,3.8,1777.0,0.92578125,100000.0,Free,0.0,Everyone,Business,"May 18, 2014",1.0,2.2 and up
Skin Disease,BEAUTY,4.0,1.0,2.2,100.0,Free,0.0,Everyone,Beauty,"August 30, 2017",1.0,2.2 and up
Bihar Land Records - RoR and EB Quick Pay,TOOLS,4.0,8.0,2.2,1000.0,Free,0.0,Everyone,Tools,"August 7, 2018",1.0.1,5.0 and up
TNEB Reading,TOOLS,4.1,28.0,2.5,10000.0,Free,0.0,Everyone,Tools,"October 19, 2017",1.3,4.1 and up
Eb & flow Yoga Studio,HEALTH_AND_FITNESS,4.3,0.0,7.3,10.0,Free,0.0,Everyone,Health & Fitness,"July 9, 2018",4.2.2,4.1 and up
Tamilnadu Electricity Info,TOOLS,3.6,216.0,0.7919921875,10000.0,Free,0.0,Everyone,Tools,"November 9, 2014",2.0,1.0 and up
"energyly (TNEB,BESCOM,MH,DL..)",TOOLS,3.9,627.0,4.1,10000.0,Free,0.0,Everyone,Tools,"February 21, 2017",6.0,4.0 and up
Paraglider Dashboard,SPORTS,4.6,549.0,2.8,50000.0,Free,0.0,Everyone,Sports,"March 3, 2018",2.1.4,4.0 and up
Goodbox - Mega App,COMMUNICATION,4.3,3429.0,13.0,100000.0,Free,0.0,Everyone,Communication,"March 8, 2018",1.10.279.2,4.2 and up
Exército Brasileiro,PRODUCTIVITY,4.7,1730.0,16.0,100000.0,Free,0.0,Everyone,Productivity,"February 1, 2018",1.5,4.1 and up
EB Cash Collections,BUSINESS,5.0,1.0,4.3,5.0,Free,0.0,Everyone,Business,"July 31, 2018",1.10,4.4 and up
TN Electricity (TNEB),LIFESTYLE,3.9,73.0,3.8,10000.0,Free,0.0,Everyone,Lifestyle,"December 21, 2016",8.0,2.3 and up
"Call Blocker - Blacklist, SMS Blocker",COMMUNICATION,4.2,30350.0,3.7,1000000.0,Free,0.0,Everyone,Communication,"January 16, 2018",10.0.0,4.1 and up
英漢字典 EC Dictionary,FAMILY,4.3,55408.0,13.0,1000000.0,Free,0.0,Everyone,Education,"January 8, 2018",Varies with device,Varies with device
EC - AP & Telangana,BOOKS_AND_REFERENCE,3.5,10.0,3.0,5000.0,Free,0.0,Everyone,Books & Reference,"November 10, 2017",1.0,4.0.3 and up
TN EC Online New,SOCIAL,4.3,7.0,2.3,1000.0,Free,0.0,Teen,Social,"July 21, 2018",2.1,4.0 and up
"TN Patta, Chitta, EC",TOOLS,4.1,633.0,3.8,100000.0,Free,0.0,Everyone,Tools,"October 21, 2016",6.7,2.3 and up
TN Patta Chitta EC Info,TOOLS,4.2,1611.0,2.7,100000.0,Free,0.0,Everyone,Tools,"August 6, 2018",5.0,4.4 and up
EC Security,LIFESTYLE,4.5,13.0,28.0,1000.0,Free,0.0,Everyone,Lifestyle,"May 9, 2017",1.17.0.0,2.3.3 and up
TN Patta Citta & EC,BOOKS_AND_REFERENCE,3.8,48.0,1.5,10000.0,Free,0.0,Everyone,Books & Reference,"March 27, 2018",1.0,3.0 and up
Ec Solutions Mobile,BUSINESS,4.3,0.0,4.0,10.0,Free,0.0,Everyone,Business,"November 20, 2016",1.02,4.1 and up
Encumbrance Certificate - (Obsolete),BUSINESS,3.9,184.0,0.046875,50000.0,Free,0.0,Everyone,Business,"August 12, 2014",1.1,2.3 and up
"My Handbook : EE, EC, EI, E&T, EEE, EECS",FAMILY,4.5,3776.0,7.7,100000.0,Free,0.0,Everyone,Education,"July 24, 2017",8.07.021,4.0 and up
ec-Work,PRODUCTIVITY,4.3,3.0,26.0,100.0,Free,0.0,Everyone,Productivity,"July 9, 2018",1.12,5.0 and up
ec.tv,LIFESTYLE,4.3,0.0,8.6,50.0,Free,0.0,Everyone,Lifestyle,"November 11, 2016",1.0,4.1 and up
EC MANAGER,VIDEO_PLAYERS,4.3,2.0,17.0,100.0,Free,0.0,Everyone,Video Players & Editors,"June 13, 2018",8.3.13.6,4.1 and up
Barry EC,TOOLS,4.1,14.0,3.8,1000.0,Free,0.0,Everyone,Tools,"December 18, 2017",1.278.0037,2.3.3 and up
New Holland Agriculture T5 EC,PRODUCTIVITY,4.6,12.0,15.0,1000.0,Free,0.0,Everyone,Productivity,"February 24, 2017",1.2,4.0.3 and up
tv-ec,FAMILY,4.3,1.0,3.4,50.0,Free,0.0,Everyone,Entertainment,"April 7, 2018",8.1,4.0.3 and up
EC Taximeter,PRODUCTIVITY,3.9,162.0,5.0,10000.0,Free,0.0,Everyone,Productivity,"May 14, 2018",3.0.21,4.0 and up
Walk Freely (Ec Shlire),TOOLS,4.7,62.0,2.3,1000.0,Free,0.0,Everyone,Tools,"November 13, 2017",1.1.3,4.1 and up
EC Apps List,TOOLS,4.5,2.0,1.6,100.0,Free,0.0,Everyone,Tools,"February 12, 2015",1.3,4.0 and up
EC Calgary,FAMILY,5.0,6.0,8.1,100.0,Free,0.0,Teen,Education,"June 26, 2018",3.8.0,4.1 and up
Victoria EC,TOOLS,5.0,5.0,3.8,500.0,Free,0.0,Everyone,Tools,"March 30, 2018",1.283.0037,2.3.3 and up
EC SPORTS,SPORTS,5.0,1.0,6.3,10.0,Free,0.0,Everyone,Sports,"May 26, 2015",4.1.1,2.3.3 and up
ECナビ×シュフー,LIFESTYLE,4.0,576.0,7.4,50000.0,Free,0.0,Everyone,Lifestyle,"June 7, 2018",1.0.2,4.0 and up
EC Designer 2.0,TOOLS,4.3,0.0,12.0,50.0,Free,0.0,Everyone,Tools,"July 9, 2018",0.0.44,4.0 and up
Arrayanes EC,LIFESTYLE,4.3,2.0,7.9,100.0,Free,0.0,Everyone,Lifestyle,"June 27, 2018",3.5,4.4 and up
EC Reps,BUSINESS,4.0,1.0,5.4,100.0,Free,0.0,Everyone,Business,"March 15, 2017",1.10,4.0 and up
EC QR,PRODUCTIVITY,4.3,0.0,4.0,10.0,Free,0.0,Everyone,Productivity,"July 24, 2018",1.0.2,4.1 and up
EC Tax,FINANCE,4.9,8.0,3.1,500.0,Free,0.0,Everyone,Finance,"February 9, 2018",1.2,4.0.3 and up
EC Fairgrounds,FAMILY,5.0,3.0,5.5,500.0,Free,0.0,Everyone,Entertainment,"July 13, 2018",erie1.3.23.42-release,4.4 and up
CompactiMa EC pH Calibration,BOOKS_AND_REFERENCE,4.3,0.0,8.4,100.0,Free,0.0,Everyone,Books & Reference,"December 22, 2016",1.1.2,4.1 and up
Kiamichi EC,TOOLS,4.6,7.0,3.9,1000.0,Free,0.0,Everyone,Tools,"February 23, 2018",1.283.0037,2.3.3 and up
EC Games Datecs,SPORTS,4.3,76.0,0.3212890625,10000.0,Free,0.0,Everyone,Sports,"February 12, 2016",4.4,2.1 and up
TN Patta /Chitta /EC New,SOCIAL,4.8,5.0,3.0,100.0,Free,0.0,Teen,Social,"July 20, 2018",1.0,4.0 and up
HOLSTON EC,TOOLS,4.1,7.0,4.2,1000.0,Free,0.0,Everyone,Tools,"January 23, 2018",1.278.0037,2.3.3 and up
FILL EC,BUSINESS,4.1,13.0,3.8,100.0,Free,0.0,Everyone,Business,"April 23, 2018",1.0,4.0.3 and up
Marítimo EC,TOOLS,4.3,1.0,5.3,10.0,Free,0.0,Everyone,Tools,"February 14, 2018",1.9.8,4.0 and up
EC-Contractors,HOUSE_AND_HOME,4.3,0.0,6.0,1.0,Free,0.0,Everyone,House & Home,"April 25, 2018",14.01,4.0.3 and up
GATE Syllabus for EC 2018 & Notifications,FAMILY,4.7,23.0,4.3,1000.0,Free,0.0,Everyone,Education,"August 28, 2017",1.3,4.4 and up
EC Sampler,PRODUCTIVITY,4.3,0.0,30.0,1.0,Free,0.0,Everyone,Productivity,"July 31, 2018",1.4,4.0.3 and up
EC Mover,GAME,5.0,5.0,4.6,10.0,Free,0.0,Everyone,Racing,"August 1, 2018",1.11,4.0.3 and up
SCS eC,PRODUCTIVITY,4.4,7.0,17.0,100.0,Free,0.0,Everyone,Productivity,"October 21, 2016",1.0.1,4.1 and up
EF Mentor: Words,FAMILY,4.0,403.0,39.0,50000.0,Free,0.0,Teen,Education,"July 30, 2018",1.7.0.00115,4.1 and up
EF Smart English for Phone,FAMILY,3.5,208.0,13.0,10000.0,Free,0.0,Everyone,Education,"June 29, 2018",1.2.1,4.4 and up
EF Mentor: Sounds,FAMILY,4.3,19.0,6.9,5000.0,Free,0.0,Everyone,Education,"August 16, 2017",1.0.1.00613,4.1 and up
EF English Live Business,FAMILY,3.6,496.0,14.0,100000.0,Free,0.0,Everyone,Education,"May 4, 2018",2.0.1,4.4 and up
EF English Live for phone,FAMILY,3.6,2210.0,15.0,100000.0,Free,0.0,Everyone,Education,"July 24, 2018",3.1.0,5.0 and up
EF Smart English,FAMILY,3.7,150.0,11.0,5000.0,Free,0.0,Everyone,Education,"June 11, 2018",1.6.0,4.4 and up
EF Parеnts,FAMILY,4.1,435.0,17.0,50000.0,Free,0.0,Everyone,Education,"June 21, 2018",3.1.0,4.1 and up
English Bite,FAMILY,3.5,268.0,9.8,10000.0,Free,0.0,Everyone,Education,"January 25, 2016",1.3.0,4.0 and up
EF/VR – VR Tours of EF Schools,FAMILY,3.6,17.0,15.0,1000.0,Free,0.0,Teen,Education,"September 15, 2015",1.0.05,4.0 and up
EF Events,EVENTS,5.0,7.0,4.4,100.0,Free,0.0,Teen,Events,"October 5, 2017",Varies with device,Varies with device
EF Summits,TRAVEL_AND_LOCAL,4.3,0.0,19.0,100.0,Free,0.0,Everyone,Travel & Local,"May 20, 2018",1.1.3,4.4 and up
Travelmoji,FAMILY,3.9,13.0,10.0,500.0,Free,0.0,Everyone,Education,"June 24, 2016",2.0,4.3 and up
EF Forms,BUSINESS,5.0,2.0,23.0,50.0,Free,0.0,Everyone,Business,"July 24, 2018",1.29,4.4 and up
EFAmbassador,FAMILY,4.3,5.0,10.0,100.0,Free,0.0,Everyone,Education,"July 10, 2018",1.2,5.0 and up
EF App,BUSINESS,5.0,8.0,20.0,100.0,Free,0.0,Everyone,Business,"January 23, 2017",1.0.5,4.4 and up
EF Coach,HEALTH_AND_FITNESS,4.8,17.0,14.0,500.0,Free,0.0,Everyone,Health & Fitness,"March 12, 2018",1.1.1,4.4 and up
e-Docente EI/anos iniciais EF,FAMILY,4.3,2.0,2.3,1000.0,Free,0.0,Everyone,Education,"May 22, 2018",1.0.0,4.1 and up
[EF]ShoutBox,COMMUNICATION,4.3,3.0,2.5,100.0,Free,0.0,Teen,Communication,"August 7, 2018",Build 54,4.0.3 and up
EF Catalogues · Kataloge,BUSINESS,4.3,15.0,4.3,500.0,Free,0.0,Everyone,Business,"September 21, 2016",1.0.1 (1.5.1),4.0 and up
EF Staff,PRODUCTIVITY,4.3,0.0,11.0,100.0,Free,0.0,Everyone,Productivity,"May 8, 2018",1.2,4.2 and up
EF Academy,HEALTH_AND_FITNESS,5.0,4.0,15.0,50.0,Free,0.0,Everyone,Health & Fitness,"March 23, 2018",7.7.3,4.1 and up
EF First,FAMILY,4.3,0.0,1.6,1.0,Free,0.0,Everyone,Entertainment,"February 9, 2018",1.0,4.0.3 and up
Financial Calculator Pro EF,FINANCE,4.3,634.0,2.0,50000.0,Free,0.0,Everyone,Finance,"October 4, 2013",2.1.0.9,2.1 and up
EF Calculator,PRODUCTIVITY,4.7,19.0,13.0,1000.0,Free,0.0,Everyone,Productivity,"September 20, 2017",1.6.1,Varies with device
EF Utilities,TOOLS,4.3,0.0,3.6,5.0,Free,0.0,Everyone,Tools,"June 7, 2018",1.1.0,4.3 and up
EF Financial Control Free,FINANCE,4.4,58.0,3.7,10000.0,Free,0.0,Everyone,Finance,"May 6, 2018",1.9.0,4.0.3 and up
أحداث وحقائق | خبر عاجل في اخبار العالم,NEWS_AND_MAGAZINES,4.8,311.0,14.0,5000.0,Free,0.0,Everyone 10+,News & Magazines,"July 15, 2018",2.9.19a,4.2 and up
Diário Escola Mestres EF,FAMILY,4.3,11.0,6.6,1000.0,Free,0.0,Everyone,Education,"July 31, 2018",3.0.18 Fundamental,4.0 and up
EF Jumper,GAME,4.3,4.0,5.1,100.0,Free,0.0,Everyone,Arcade,"July 13, 2017",Build 12,2.2 - 7.1.1
StudyLock - Education First,PARENTING,4.1,27.0,4.6,1000.0,Free,0.0,Everyone,Parenting,"October 12, 2017",1.13,4.1 and up
E.F.JUVENTUD MADRID,SPORTS,4.3,3.0,5.3,100.0,Free,0.0,Everyone,Sports,"July 13, 2017",1.1,4.0.3 and up
English Conversation Courses,FAMILY,4.6,22165.0,6.8,1000000.0,Free,0.0,Everyone,Education,"June 28, 2018",4.1806.3,4.0 and up
eG Monitor,PRODUCTIVITY,4.6,8.0,7.5,100.0,Free,0.0,Everyone,Productivity,"July 27, 2018",2.0.7,4.1 and up
E.G. Chess Free,GAME,4.0,505.0,23.0,10000.0,Free,0.0,Everyone,Board,"December 6, 2014",1.0.28,2.3 and up
EG-Boost,BUSINESS,4.1,25.0,2.4,1000.0,Free,0.0,Everyone,Business,"November 27, 2017",7.0,2.3.3 and up
EG Mantenimiento,BUSINESS,4.3,1.0,25.0,50.0,Free,0.0,Teen,Business,"May 30, 2018",0.0.3,4.1 and up
EG CrossPad - ASPECT4,BUSINESS,4.3,4.0,30.0,1000.0,Free,0.0,Everyone,Business,"July 3, 2018",1.6.07,4.1 and up
EG CrossPad,BUSINESS,4.3,3.0,13.0,1000.0,Free,0.0,Everyone,Business,"December 19, 2016",Varies with device,Varies with device
EG Player,FAMILY,4.3,1.0,13.0,100.0,Free,0.0,Everyone,Entertainment,"December 20, 2017",Final,4.0 and up
Bee Mobile EG,FINANCE,4.2,883.0,6.5,100000.0,Free,0.0,Everyone,Finance,"May 5, 2018",3.1.9,4.0 and up
EG,PRODUCTIVITY,4.3,3.0,4.4,100.0,Free,0.0,Everyone,Productivity,"July 1, 2016",4.2,4.0.3 and up
EG SIM CARD (EGSIMCARD),TRAVEL_AND_LOCAL,4.4,105.0,5.0,10000.0,Free,0.0,Everyone,Travel & Local,"May 2, 2018",2.5,2.3 and up
EG Movi,TOOLS,4.2,40.0,7.4,1000.0,Free,0.0,Everyone,Tools,"May 12, 2017",0.9.1,3.2 and up
EG Groups,EVENTS,4.3,0.0,1.1,10.0,Free,0.0,Everyone,Events,"October 15, 2017",1.0.0,4.0 and up
EG Way Life,SOCIAL,4.3,0.0,1.1,50.0,Free,0.0,Everyone,Social,"April 27, 2016",1.0,4.1 and up
EG Tax Service,FINANCE,4.3,1.0,38.0,100.0,Free,0.0,Everyone,Finance,"April 23, 2018",1.0.0,4.1 and up
qEG APP / Química EG SRL,TOOLS,4.3,0.0,0.115234375,10.0,Free,0.0,Everyone,Tools,"July 24, 2018",1.0,4.0 and up
EGW Writings 2,BOOKS_AND_REFERENCE,4.7,6547.0,16.0,100000.0,Free,0.0,Everyone,Books & Reference,"December 8, 2017",4.0.3,4.0.3 and up
EGW Writings,BOOKS_AND_REFERENCE,4.7,24278.0,3.1,1000000.0,Free,0.0,Everyone,Books & Reference,"December 27, 2017",2.1.2,2.2 and up
Bible with EGW Comments,BOOKS_AND_REFERENCE,4.7,3776.0,12.0,100000.0,Free,0.0,Everyone,Books & Reference,"February 7, 2018",2.12.0,4.1 and up
Eg Call,COMMUNICATION,4.2,91.0,6.0,10000.0,Free,0.0,Everyone,Communication,"February 26, 2017",3.8.6,2.2 and up
EG India,LIFESTYLE,5.0,3.0,4.0,100.0,Free,0.0,Everyone,Lifestyle,"July 29, 2018",1.1.3,4.0.3 and up
Fashion Pony Girls Dress Up Makeup Game,FAMILY,4.5,256.0,30.0,10000.0,Free,0.0,Everyone,Simulation,"July 13, 2018",1.7,4.0 and up
My Little Pony Celebration,FAMILY,4.3,63192.0,17.0,1000000.0,Free,0.0,Everyone,Simulation;Pretend Play,"July 22, 2016",1.0.0,2.3 and up
Equestria Girl Snapchat Addict,FAMILY,4.3,20.0,31.0,1000.0,Free,0.0,Everyone,Educational,"April 19, 2018",1.0.0,4.0 and up
L.A. Crime Stories 2 Mad City Crime,GAME,4.2,3946.0,42.0,100000.0,Free,0.0,Teen,Racing,"March 30, 2017",1.04,2.3 and up
SDA Sabbath School Quarterly,BOOKS_AND_REFERENCE,4.7,14773.0,6.4,500000.0,Free,0.0,Everyone,Books & Reference,"October 9, 2017",4.1.92,3.0 and up
Sirens Fashion Style Game,FAMILY,4.3,2282.0,22.0,500000.0,Free,0.0,Everyone,Simulation,"February 20, 2018",1.0,4.0 and up
Propertyfinder,LIFESTYLE,4.2,1506.0,11.0,100000.0,Free,0.0,Everyone,Lifestyle,"August 7, 2018",6.5.2,4.4 and up
My Little Pony: Story Creator,FAMILY,4.2,11002.0,21.0,1000000.0,Free,0.0,Everyone,Education;Action & Adventure,"May 11, 2017",1.0,4.0.3 and up
Pocket Little Pony,FAMILY,4.1,47576.0,14.0,1000000.0,Free,0.0,Everyone 10+,Simulation,"March 1, 2017",1.95,4.0 and up
Dance Magic Fashion Style Games,FAMILY,4.6,2533.0,46.0,100000.0,Free,0.0,Everyone,Simulation,"February 27, 2018",1.0,4.0 and up
Fashion Girls Dress up Makeup,FAMILY,4.4,115.0,31.0,10000.0,Free,0.0,Everyone,Simulation,"July 13, 2018",1.0,4.0 and up
Home Pony 2,FAMILY,4.0,20977.0,26.0,1000000.0,Free,0.0,Everyone,Simulation,"June 18, 2018",1.4.5,4.0 and up
Eh Volevi!,FAMILY,3.9,1619.0,7.0,100000.0,Free,0.0,Everyone,Entertainment,"October 7, 2017",1.2.1,4.0 and up
VITEK EH DVR Viewer (Pro),TOOLS,3.5,78.0,3.3,10000.0,Free,0.0,Everyone,Tools,"October 11, 2013",1.2.10,2.2 and up
Eh Bee Wallpapers HD,PERSONALIZATION,5.0,4.0,3.9,100.0,Free,0.0,Everyone,Personalization,"April 24, 2018",1.0,4.1 and up
EH!,LIFESTYLE,4.6,10.0,8.7,1000.0,Free,0.0,Everyone,Lifestyle,"July 18, 2018",7.2.2,4.1 and up
Arogyam EH,MEDICAL,3.6,18.0,3.5,1000.0,Free,0.0,Everyone,Medical,"May 12, 2018",1.9,4.0.3 and up
Betul Ke Bohong Eh?,GAME,4.2,601.0,6.4,100000.0,Free,0.0,Everyone,Trivia,"April 3, 2015",1.0.1,2.3 and up
EH National Mobile Banking,FINANCE,4.3,0.0,13.0,50.0,Free,0.0,Everyone,Finance,"October 12, 2017",5.2.12,4.2 and up
EH Autolink,BUSINESS,4.3,1.0,0.8994140625,100.0,Free,0.0,Everyone,Business,"March 11, 2016",1.0,3.0 and up
Eh Amego!,GAME,3.8,13388.0,7.1,500000.0,Free,0.0,Everyone,Arcade,"August 24, 2015",2.0.5,2.2 and up
Eh Plus English Application,FAMILY,4.3,1.0,0.853515625,100.0,Free,0.0,Everyone,Education,"May 27, 2015",1.1,4.0 and up
My Theme Park: RollerCoaster & Water Park Tycoon,FAMILY,4.2,128.0,41.0,10000.0,Free,0.0,Everyone 10+,Strategy,"June 12, 2018",1.50,4.2 and up
Doomsday Preppers™,FAMILY,4.2,137167.0,52.0,1000000.0,Free,0.0,Everyone,Strategy,"January 17, 2017",130.48.08,4.0.3 and up
TAXI DRIVER,FAMILY,3.7,7203.0,32.0,1000000.0,Free,0.0,Everyone,Simulation,"January 11, 2016",1.0,4.0 and up
MazeMilitia Classic Multiplayer Shooting Game,GAME,4.4,1294.0,44.0,50000.0,Free,0.0,Mature 17+,Action,"March 8, 2018",1.2,4.1 and up
Endress+Hauser Operations,BUSINESS,4.5,234.0,3.4,10000.0,Free,0.0,Everyone,Business,"April 16, 2018",2.4.3.1523,4.0 and up
Driving School 3D 2017,FAMILY,3.9,5075.0,48.0,500000.0,Free,0.0,Everyone,Simulation,"April 4, 2017",2.1.5,3.0 and up
Horror Hospital,GAME,3.7,63986.0,26.0,1000000.0,Free,0.0,Teen,Action,"October 10, 2017",6.0,2.3 and up
Ludo Family Dice Game,FAMILY,4.2,3593.0,19.0,500000.0,Free,0.0,Everyone,Board;Brain Games,"March 7, 2018",1.4,4.1 and up
Mad Skills Motocross,GAME,4.0,32522.0,44.0,1000000.0,Free,0.0,Everyone,Racing,"January 25, 2016",1.2.0,2.0 and up
Masterchef Cooking Games: Fun Restaurant & Kitchen,FAMILY,3.9,1036.0,33.0,100000.0,Free,0.0,Everyone,Casual,"July 6, 2018",2.6,2.3 and up
Grand Bat Superhero Flying Assault Rescue Mission,GAME,4.4,1094.0,37.0,500000.0,Free,0.0,Teen,Action,"July 9, 2018",1.1,4.1 and up
eHub,BUSINESS,4.2,6969.0,4.8,100000.0,Free,0.0,Everyone,Business,"June 29, 2018",3.9.11,4.4 and up
Heart Surgery Emergency Doctor,FAMILY,4.1,2248.0,29.0,100000.0,Free,0.0,Teen,Educational,"April 28, 2017",1.3,4.0 and up
RUN JUMP RUN-fun games for free,GAME,4.4,661.0,42.0,100000.0,Free,0.0,Everyone,Action,"April 20, 2018",1.5.2,3.0 and up
Ei Samay - Bengali News Paper,NEWS_AND_MAGAZINES,4.3,20620.0,13.0,1000000.0,Free,0.0,Everyone,News & Magazines,"July 17, 2018",Varies with device,Varies with device
EI HabitTracker,FAMILY,4.3,2.0,0.9580078125,100.0,Free,0.0,Everyone,Education,"August 17, 2017",1.40.170809,4.0.3 and up
NEMA ei,BUSINESS,5.0,4.0,12.0,100.0,Free,0.0,Everyone,Business,"November 6, 2017",1.0.4,4.4 and up
ei,COMMUNICATION,4.3,2.0,4.5,10.0,Free,0.0,Teen,Communication,"July 16, 2018",0.0.10,4.4 and up
the Egg - crack the egg,FAMILY,4.1,211.0,14.0,10000.0,Free,0.0,Everyone,Casual,"November 21, 2016",1.1.0,2.3 and up
Yeled EI,FAMILY,4.3,0.0,15.0,100.0,Free,0.0,Everyone,Education,"April 26, 2018",0.62,4.1 and up
Code on the egg,TOOLS,3.9,146.0,0.765625,10000.0,Free,0.0,Everyone,Tools,"April 10, 2017",1.15,2.2 and up
Sensenuts eI,BUSINESS,4.3,0.0,13.0,5.0,Free,0.0,Everyone,Business,"August 2, 2018",Varies with device,Varies with device
EI!,PRODUCTIVITY,4.3,0.0,7.7,10.0,Free,0.0,Everyone,Productivity,"July 19, 2018",1.1.14,4.1 and up
EI App 1,FAMILY,4.3,0.0,13.0,10.0,Free,0.0,Everyone,Education,"November 23, 2017",1.0.4,4.1 and up
EI Calculator,TOOLS,4.0,8.0,1.5,100.0,Free,0.0,Everyone,Tools,"May 23, 2016",1.3,1.6 and up
Verdant EI,TOOLS,4.3,0.0,13.0,50.0,Free,0.0,Everyone,Tools,"November 6, 2017",1.1.4,4.1 and up
Ei-ij Spelling Dutch,FAMILY,4.3,20.0,3.2,10000.0,Free,0.0,Everyone,Education,"December 12, 2017",2.1,4.0 and up
Esporte Interativo - Notícias e Resultados Ao Vivo,SPORTS,4.4,4600.0,21.0,500000.0,Free,0.0,Everyone,Sports,"January 14, 2018",6.2.6,4.1 and up
ei Calc,TOOLS,5.0,2.0,19.0,10.0,Free,0.0,Everyone,Tools,"October 12, 2015",1.2.2,2.3 and up
Disaster Will Strike,FAMILY,4.5,14692.0,45.0,1000000.0,Free,0.0,Everyone,Puzzle,"July 19, 2018",1.173.126,4.1 and up
Egg: clicker,FAMILY,3.7,40678.0,15.0,1000000.0,Free,0.0,Everyone,Casual,"May 22, 2017",2.1.3,4.0 and up
EI App 2,FAMILY,4.3,0.0,13.0,10.0,Free,0.0,Everyone,Education,"November 23, 2017",1.0.4,4.1 and up
Tamago Tap Clicker Egg,FAMILY,3.6,209.0,16.0,50000.0,Free,0.0,Everyone,Casual,"October 19, 2016",1.1,2.3 and up
Esporte Interativo Plus,SPORTS,3.7,27179.0,20.0,1000000.0,Free,0.0,Everyone,Sports,"July 30, 2018",5.12.1,4.1 and up
EI国际,FAMILY,4.7,15.0,5.2,1000.0,Free,0.0,Everyone,Education,"September 9, 2016",1.0.4,4.0 and up
Aaj Bangla: ei samay er khobor,NEWS_AND_MAGAZINES,4.9,34.0,3.8,1000.0,Free,0.0,Everyone,News & Magazines,"January 15, 2017",6.7,2.3 and up
"Kolkata News:Anandbazar Patrika,ei samay&AllRating",NEWS_AND_MAGAZINES,5.0,10.0,5.0,100.0,Free,0.0,Everyone,News & Magazines,"July 14, 2018",1.0,4.0.3 and up
Ei Somoy & Dainik Sangbad & Statesman (PDF),NEWS_AND_MAGAZINES,4.0,4.0,5.3,100.0,Free,0.0,Everyone,News & Magazines,"July 25, 2018",25072018,4.0 and up
TAMAGO Monsters Returns,GAME,4.1,104583.0,37.0,1000000.0,Free,0.0,Everyone,Arcade,"August 18, 2016",3.45,2.3 and up
EJ.by,NEWS_AND_MAGAZINES,4.3,10.0,2.3,500.0,Free,0.0,Everyone,News & Magazines,"October 27, 2015",1.2,4.0.3 and up
Super Sport Car Simulator,FAMILY,4.2,58553.0,50.0,1000000.0,Free,0.0,Everyone,Simulation,"December 25, 2016",3.1,2.3.3 and up
EJ Insight,NEWS_AND_MAGAZINES,4.0,33.0,0.2734375,1000.0,Free,0.0,Everyone,News & Magazines,"September 30, 2014",1.0,4.0 and up
Ambulance Rescue Simulator 17,FAMILY,4.3,6669.0,31.0,1000000.0,Free,0.0,Everyone,Simulation,"March 1, 2018",1.0.8,2.3 and up
EJ Trívia Game,FAMILY,4.3,1.0,19.0,1.0,Free,0.0,Everyone,Puzzle,"July 19, 2018",1.0,4.1 and up
EJ messenger,COMMUNICATION,5.0,1.0,25.0,10.0,Free,0.0,Teen,Communication,"October 18, 2017",1.0,4.0 and up
Traffic Sniper Counter Attack,GAME,4.3,5339.0,38.0,1000000.0,Free,0.0,Teen,Action,"December 5, 2017",1.0,2.3 and up
Rope Superhero Unlimited,GAME,4.4,6735.0,26.0,1000000.0,Free,0.0,Mature 17+,Action,"May 10, 2017",1.1,2.3 and up
Painel EJ SSH - INTERNET GRÁTIS,TOOLS,4.3,10.0,13.0,50.0,Free,0.0,Everyone,Tools,"July 30, 2018",5.1,4.1 and up
EJ Ecuador,LIFESTYLE,4.3,9.0,6.8,100.0,Free,0.0,Teen,Lifestyle,"November 22, 2016",3.0.16,4.0 and up
Ej-buy,BUSINESS,4.3,2.0,4.1,5.0,Free,0.0,Everyone,Business,"August 2, 2018",1.2.0,4.1 and up
Extreme Super Car Driving 3D,GAME,3.9,23104.0,48.0,1000000.0,Free,0.0,Everyone,Racing,"August 5, 2015",2.2,2.3.3 and up
Footej Camera,PHOTOGRAPHY,4.3,13258.0,13.0,1000000.0,Free,0.0,Everyone,Photography,"June 20, 2018",2.3.0 build 180,5.0 and up
Fast Racing Car Simulator,GAME,3.8,8482.0,45.0,1000000.0,Free,0.0,Everyone,Racing,"August 10, 2015",1.3,2.3.3 and up
パーリーゲイツ公式通販｜EJ STYLE（イージェイスタイル）,SHOPPING,4.3,1.0,9.3,100.0,Free,0.0,Everyone,Shopping,"November 16, 2017",3.0,4.0.3 and up
Beach Head Shooting Assault,GAME,3.8,555.0,44.0,100000.0,Free,0.0,Teen,Action,"March 2, 2018",1.0,4.0 and up
Stickman Warriors Heroes 2,GAME,4.4,13714.0,41.0,1000000.0,Free,0.0,Everyone 10+,Action,"April 15, 2017",1.0.4,4.0.3 and up
Luxury Car Simulator,FAMILY,3.9,35989.0,46.0,1000000.0,Free,0.0,Everyone,Simulation,"August 7, 2015",2.3,2.3.3 and up
Dubai Racing,GAME,4.2,16237.0,23.0,500000.0,Free,0.0,Everyone,Racing,"December 23, 2015",1.9.1,2.3 and up
Office Bike Racing Simulator,FAMILY,3.8,21149.0,30.0,1000000.0,Free,0.0,Everyone,Simulation,"October 9, 2015",2.1,2.3 and up
Pregnant Mom Surgery Newborn Twins Baby Birth Care,FAMILY,4.3,95.0,28.0,10000.0,Free,0.0,Teen,Educational,"February 24, 2018",1.0,4.1 and up
Pet Beauty Salon,FAMILY,3.8,20292.0,47.0,1000000.0,Free,0.0,Everyone,Educational;Creativity,"May 24, 2015",1.2,2.3 and up
Nights Keeper (do not disturb),LIFESTYLE,4.5,16426.0,1.6,500000.0,Free,0.0,Everyone,Lifestyle,"February 26, 2017",2.7.8,2.2 and up
Lily & Leo - Crazy Circus Day,FAMILY,3.6,8091.0,43.0,1000000.0,Free,0.0,Everyone,Casual;Pretend Play,"June 5, 2018",1.0.8,4.1 and up
"Period Tracker, Pregnancy Calculator & Calendar 🌸",HEALTH_AND_FITNESS,4.3,0.0,13.0,10000.0,Free,0.0,Everyone,Health & Fitness,"August 1, 2018",Varies with device,Varies with device
Fake Call From Wengie Prank,FAMILY,3.5,352.0,3.8,50000.0,Free,0.0,Everyone,Entertainment,"July 23, 2017",1.0,3.0 and up
Robot Fighting Games™ - Real Boxing Champions 3D,GAME,4.4,30.0,47.0,5000.0,Free,0.0,Everyone,Action,"July 2, 2018",1.1,4.1 and up
Ghost Hunting camera,GAME,3.5,3048.0,24.0,500000.0,Free,0.0,Teen,Action,"March 6, 2017",1.1,2.3 and up
Santa Panda Bubble Christmas,GAME,4.1,101.0,31.0,10000.0,Free,0.0,Everyone,Arcade,"March 14, 2017",1.5,4.0 and up
TeamWard – live help for LoL,FAMILY,4.8,3136.0,2.7,100000.0,Free,0.0,Everyone,Entertainment,"June 27, 2018",2.19.6,4.0.3 and up
3D Metal Piano Keys Keyboard Theme,FOOD_AND_DRINK,4.4,467.0,7.3,100000.0,Free,0.0,Everyone,Food & Drink,"July 1, 2018",6.7.1,4.0.3 and up
Do Not Disturb! 2 - Challenge Your Prank Skills!,FAMILY,4.0,34417.0,48.0,1000000.0,Free,0.0,Everyone,Educational,"August 6, 2018",1.0.9,4.1 and up
Local weather Forecast,WEATHER,4.4,5482.0,12.0,1000000.0,Free,0.0,Everyone,Weather,"August 7, 2018",2.42,4.0.3 and up
Kiss Me! Lip Kissing Test,FAMILY,3.5,191.0,5.0,50000.0,Free,0.0,Everyone,Entertainment,"May 18, 2018",5.0,4.1 and up
Smoke Effect Name Art Maker-Avatar Text Art Editor,PERSONALIZATION,4.3,1961.0,6.6,100000.0,Free,0.0,Everyone,Personalization,"June 29, 2018",1.0,4.1 and up
ek tuhi,VIDEO_PLAYERS,4.7,316.0,2.8,10000.0,Free,0.0,Everyone,Video Players & Editors,"July 4, 2014",1.0,4.0 and up
Master E.K,FAMILY,5.0,90.0,13.0,1000.0,Free,0.0,Everyone,Education,"August 11, 2017",1.5.0,4.4 and up
EK Platinum,LIFESTYLE,3.8,52.0,10.0,10000.0,Free,0.0,Everyone,Lifestyle,"December 26, 2017",1.0.6®,4.0 and up
EK Bailey Preaching Conference,EVENTS,5.0,3.0,30.0,500.0,Free,0.0,Everyone,Events,"July 2, 2018",5.30.01,5.1 and up
Ek Maratha,SOCIAL,4.8,725.0,3.7,10000.0,Free,0.0,Teen,Social,"October 12, 2016",7.5.3,2.2 and up
Ek Onkar,FAMILY,4.9,107.0,18.0,10000.0,Free,0.0,Everyone,Entertainment,"April 3, 2016",1.3,4.0 and up
Pyaar Ek Dhoka hai Game - Anti Valentines,FAMILY,4.3,8.0,17.0,100.0,Free,0.0,Everyone,Casual,"February 11, 2018",3,4.1 and up
Pyaar Ek Dhoka,FAMILY,5.0,18.0,1.3,50.0,Free,0.0,Everyone,Casual,"February 13, 2018",1.0,4.3 and up
Ek Biladi Jadi Video Song,FAMILY,4.3,3.0,3.7,5000.0,Free,0.0,Everyone,Entertainment,"October 20, 2016",4.1,4.0 and up
Duaa Ek Ibaadat,BOOKS_AND_REFERENCE,4.9,122.0,26.0,5000.0,Free,0.0,Everyone,Books & Reference,"April 10, 2016",1.5,2.2 and up
Ek Onkar Mantras,LIFESTYLE,4.9,82.0,5.0,5000.0,Free,0.0,Everyone,Lifestyle,"August 7, 2016",1.0,4.1 and up
Alex Fuel Calculator for EK,TOOLS,4.9,19.0,3.3,500.0,Free,0.0,Everyone,Tools,"June 15, 2018",1.8,2.1 and up
Ringtones Of Ek Onkar,FAMILY,4.5,6.0,3.9,1000.0,Free,0.0,Everyone,Entertainment,"May 31, 2017",1.0,4.0.3 and up
EK Carevec,FAMILY,4.3,1.0,29.0,10.0,Free,0.0,Teen,Entertainment,"July 17, 2018",2.177.5489,4.3 and up
Ek Kahani Aisi Bhi Season 2 - The Horror Story,FAMILY,4.5,28.0,5.6,1000.0,Free,0.0,Teen,Entertainment,"July 20, 2018",1.3,5.0 and up
Ek Bander Ne Kholi Dukan,FAMILY,5.0,10.0,3.0,10000.0,Free,0.0,Everyone,Entertainment,"June 26, 2017",1.0.9,4.0 and up
Hum Ek Hain 2.02,SOCIAL,5.0,2.0,1.8,10.0,Free,0.0,Teen,Social,"March 18, 2018",1.0,5.0 and up
Ek IRA,COMMUNICATION,4.3,0.0,5.7,10.0,Free,0.0,Everyone,Communication,"July 27, 2018",0.3.1,4.1 and up
Sanu Ek Pal Chain - Raid,TOOLS,4.3,1.0,2.6,500.0,Free,0.0,Everyone,Tools,"May 12, 2018",2.0,4.4W and up
Sai Baba - Sabka Malik Ek,PRODUCTIVITY,4.9,42.0,38.0,1000.0,Free,0.0,Everyone,Productivity,"May 26, 2018",1.4,4.0 and up
Ek Vote,PRODUCTIVITY,5.0,43.0,6.2,500.0,Free,0.0,Everyone,Productivity,"November 7, 2017",1.1,4.0.3 and up
Asha Ek Hope - ALS/ MND,MEDICAL,5.0,2.0,11.0,100.0,Free,0.0,Everyone,Medical,"May 23, 2018",1.1.0,4.1 and up
Meslek Lisesi YGS Ek Puan,FAMILY,4.3,11.0,1.5,1000.0,Free,0.0,Everyone,Education,"January 8, 2017",1.0,4.0 and up
Mahila Vashikaran(Ek rat me)-Hindi,FAMILY,4.3,0.0,4.0,1000.0,Free,0.0,Everyone,Entertainment,"January 23, 2018",1.1,4.0.3 and up
Ek Kauwa Pyasa Tha,FAMILY,4.1,35.0,3.1,50000.0,Free,0.0,Everyone,Entertainment,"June 25, 2017",1.3.6,4.0 and up
Video Maker with Photo and Music,PHOTOGRAPHY,4.3,4871.0,30.0,1000000.0,Free,0.0,Everyone,Photography,"March 19, 2018",1.0.2,4.1 and up
SIM Card Info,TOOLS,4.1,4234.0,1.9,1000000.0,Free,0.0,Everyone,Tools,"May 25, 2018",5.3.9,4.0 and up
Toilet Ek Prem Katha Songs Lyrics in Hindi,FAMILY,4.7,3.0,2.0,1000.0,Free,0.0,Everyone,Entertainment,"August 10, 2017",1.0,4.1 and up
Ek Do Teen Song Videos - Baaghi 2 Video Songs,FAMILY,4.3,2.0,4.5,1000.0,Free,0.0,Everyone,Entertainment,"March 20, 2018",1.4.1,4.0.3 and up
Sanu Ek Pal Chain Song Videos - RAID Movie Songs,FAMILY,4.9,11.0,4.3,5000.0,Free,0.0,Everyone,Entertainment,"March 8, 2018",1.2.8,4.0.3 and up
"Phogy, 3D Camera",PHOTOGRAPHY,4.0,35725.0,9.9,1000000.0,Free,0.0,Everyone,Photography,"February 11, 2015",1.40,4.0 and up
Ek Qissa He Quran Se (Qurani Waqiyat),FAMILY,5.0,4.0,2.0,100.0,Free,0.0,Everyone,Entertainment,"October 30, 2017",1.0,4.0 and up
Lyrics of Ek Paheli Leela,FAMILY,5.0,4.0,2.3,500.0,Free,0.0,Everyone,Entertainment,"April 23, 2016",1.0,4.0 and up
Ek-yatri: Travel where you Belong,TRAVEL_AND_LOCAL,4.3,0.0,29.0,1.0,Free,0.0,Everyone,Travel & Local,"August 1, 2018",1.0.0,4.4 and up
Sabka Malik Ek Sai,SOCIAL,4.2,17.0,5.1,1000.0,Free,0.0,Teen,Social,"May 25, 2013",1.3,2.2 and up
Voice Lock Screen,LIFESTYLE,3.7,6667.0,2.7,1000000.0,Free,0.0,Everyone,Lifestyle,"April 2, 2018",2.4.2,4.0 and up
el,FAMILY,4.3,32405.0,47.0,1000000.0,Free,0.0,Everyone,Casual,"December 18, 2014",1.2.1,4.2 and up
El Pollo Loco - Loco Rewards,FOOD_AND_DRINK,4.0,848.0,25.0,100000.0,Free,0.0,Everyone,Food & Drink,"February 23, 2018",2.1,4.1 and up
Learn English with El Chavo.,FAMILY,4.2,6133.0,7.0,100000.0,Free,0.0,Everyone,Education,"October 1, 2015",6.2,2.3.3 and up
El Nuevo Día,NEWS_AND_MAGAZINES,4.1,8011.0,13.0,500000.0,Free,0.0,Everyone 10+,News & Magazines,"June 13, 2018",4.11.2,4.1 and up
El Nueve,NEWS_AND_MAGAZINES,4.3,221.0,3.2,50000.0,Free,0.0,Teen,News & Magazines,"October 16, 2017",1.1.3,4.0.3 and up
El Laberinto del Demonio 3D,FAMILY,4.0,20421.0,31.0,1000000.0,Free,0.0,Teen,Puzzle,"August 20, 2015",1.5,2.3 and up
El Falı,FAMILY,4.8,36968.0,16.0,1000000.0,Free,0.0,Everyone,Entertainment,"November 3, 2017",1.2.9,2.3 and up
El Laberinto del Demonio 2,FAMILY,4.1,3654.0,25.0,100000.0,Free,0.0,Teen,Puzzle,"April 14, 2017",1.0.1,4.0 and up
TV Local El Salvador,FAMILY,4.3,323.0,3.6,10000.0,Free,0.0,Everyone,Entertainment,"May 8, 2018",1,4.0.3 and up
Tigo Money El Salvador,FINANCE,4.3,4642.0,3.5,100000.0,Free,0.0,Everyone,Finance,"July 23, 2018",5.0.0,4.2 and up
Explora con el Chavo,FAMILY,4.3,0.0,13.0,100000.0,Free,0.0,Everyone,Educational,"June 26, 2018",Varies with device,Varies with device
El Dorado App,TRAVEL_AND_LOCAL,4.4,221.0,33.0,10000.0,Free,0.0,Everyone,Travel & Local,"April 6, 2018",2.4,4.1 and up
Adivina el cantante de Trap y Reggaeton,GAME,4.5,1914.0,24.0,100000.0,Free,0.0,Everyone,Trivia,"June 29, 2018",3.6.7z,4.0.3 and up
The translator,TOOLS,4.5,23805.0,4.1,1000000.0,Free,0.0,Everyone,Tools,"August 13, 2017",2.0.4,4.0.3 and up
The dollar in mexico,FINANCE,4.5,4254.0,3.2,100000.0,Free,0.0,Everyone,Finance,"August 29, 2017",2.5,4.0 and up
OWLIE BOO,FAMILY,4.6,834.0,22.0,100000.0,Free,0.0,Everyone,Puzzle;Education,"March 15, 2018",1.8.11,4.0 and up
Adivina el Emoji,GAME,4.3,2536.0,32.0,100000.0,Free,0.0,Everyone,Trivia,"October 2, 2016",1.00,4.0.3 and up
The Holy Rosary,LIFESTYLE,4.7,56197.0,15.0,1000000.0,Free,0.0,Everyone,Lifestyle,"August 6, 2018",1.6.17,1.6 and up
Get 'Em,GAME,4.1,7904.0,21.0,500000.0,Free,0.0,Everyone 10+,Action,"October 26, 2016",1.6.7,4.0.3 and up
EM Launcher for EMUI,PERSONALIZATION,4.1,3175.0,2.3,500000.0,Free,0.0,Everyone,Personalization,"April 6, 2018",1.0.6,4.1 and up
Beach Shoot Em Up: Head Hunter,GAME,4.4,1218.0,15.0,500000.0,Free,0.0,Everyone 10+,Action,"March 6, 2018",1.0.9,2.3 and up
Connect'Em,FAMILY,4.5,49381.0,6.8,1000000.0,Free,0.0,Everyone,Puzzle,"June 25, 2018",1.0.17,2.0 and up
Stick 'Em Up 2 Starter Edition,GAME,3.8,2102.0,40.0,100000.0,Free,0.0,Everyone 10+,Action,"September 11, 2015",1.1.3,4.0.3 and up
PlayTexas Hold'em Poker Free,GAME,3.8,3543.0,13.0,1000000.0,Free,0.0,Teen,Card,"March 10, 2018",Varies with device,Varies with device
Shoot Em Down Free,FAMILY,3.7,2850.0,39.0,500000.0,Free,0.0,Everyone,Puzzle,"February 9, 2018",23,2.3 and up
Game for KIDS: KIDS match'em,FAMILY,4.4,7006.0,6.9,1000000.0,Free,0.0,Everyone,Education,"October 23, 2016",1.17,2.3 and up
Texas Hold'em Poker,GAME,3.6,12846.0,14.0,1000000.0,Free,0.0,Teen,Casino,"December 29, 2017",3.3,4.1 and up
Poker Live! 3D Texas Hold'em,GAME,4.3,6143.0,37.0,100000.0,Free,0.0,Teen,Casino,"July 25, 2018",Varies with device,4.0.3 and up
Fun Texas Hold'em Poker,GAME,4.5,32831.0,24.0,500000.0,Free,0.0,Teen,Casino,"May 12, 2017",17.05.11,4.0.3 and up
Elevator Simulator Lift EM ALL,FAMILY,4.4,2941.0,28.0,100000.0,Free,0.0,Teen,Simulation,"July 31, 2018",2.4.1343-prod,4.0.3 and up
Punch em,GAME,4.1,2208.0,4.4,500000.0,Free,0.0,Everyone,Arcade,"May 24, 2018",2.0.8,4.1 and up
Boyaa Poker (En) – Social Texas Hold’em,GAME,4.3,71468.0,51.0,1000000.0,Free,0.0,Teen,Card,"June 12, 2018",5.8.0,4.1 and up
Connect'Em Halloween,FAMILY,4.5,6673.0,4.4,500000.0,Free,0.0,Everyone,Puzzle,"September 23, 2016",1.0.7,2.0 and up
HANGAME Casino - Baccarat & Texas Hold'em,GAME,4.1,8608.0,46.0,500000.0,Free,0.0,Teen,Casino,"May 17, 2018",1.4.5,4.1 and up
Yoong: Kick 'Em Up!,SPORTS,4.3,7107.0,33.0,100000.0,Free,0.0,Everyone,Sports,"December 16, 2015",1.1.1,4.0.3 and up
Telemundo Deportes - En Vivo,SPORTS,4.5,36255.0,25.0,1000000.0,Free,0.0,Everyone,Sports,"August 1, 2018",5.10.5,4.1 and up
Holy Knight EN,FAMILY,4.0,26202.0,41.0,1000000.0,Free,0.0,Teen,Role Playing,"May 5, 2018",1.1.700,2.3 and up
English in a Month Free,FAMILY,3.8,6577.0,13.0,1000000.0,Free,0.0,Everyone,Education,"July 23, 2017",1.28,4.1 and up
Learn Body Parts in English,FAMILY,4.0,7243.0,42.0,1000000.0,Free,0.0,Everyone,Education,"December 6, 2016",5.13,2.3 and up
Learn English Daily,FAMILY,4.5,7881.0,53.0,500000.0,Free,0.0,Everyone,Education,"May 6, 2018",7.0,4.0 and up
RightNow English Conversation,FAMILY,4.0,5118.0,11.0,1000000.0,Free,0.0,Everyone,Education,"March 2, 2018",1.4.1,2.3 and up
English Audio Books - Librivox,FAMILY,4.0,10773.0,10.0,1000000.0,Free,0.0,Everyone,Education,"November 29, 2017",8.02,4.1 and up
Learn Top 300 English Words,FAMILY,4.7,61600.0,3.4,1000000.0,Free,0.0,Everyone,Education,"February 24, 2018",3.1,2.3 and up
EO.TRADE - Coin sale,FINANCE,4.3,95.0,1.5,10000.0,Free,0.0,Everyone,Finance,"June 5, 2018",0.3,4.0.3 and up
EO Network,BUSINESS,3.5,13.0,21.0,1000.0,Free,0.0,Teen,Business,"September 20, 2017",1.0.3,4.4 and up
EO Mumbai,COMMUNICATION,4.3,0.0,11.0,10.0,Free,0.0,Everyone,Communication,"February 21, 2018",1.02,4.1 and up
EO SouthAsia,BUSINESS,4.2,8.0,19.0,100.0,Free,0.0,Teen,Business,"April 25, 2018",1.0.23,4.1 and up
EO RAIPUR,SOCIAL,4.3,1.0,4.2,10.0,Free,0.0,Teen,Social,"June 21, 2017",1.0,4.0.3 and up
EO Forum,BUSINESS,4.3,0.0,1.1,100.0,Free,0.0,Everyone,Business,"April 5, 2013",1.1,2.1 and up
EO Events,BUSINESS,4.3,0.0,11.0,10.0,Free,0.0,Teen,Business,"June 21, 2018",v2.7.11.27,4.1 and up
EO KOREA,BUSINESS,4.3,0.0,14.0,50.0,Free,0.0,Teen,Business,"December 4, 2017",1.0.7,2.2 and up
EO App. SelfCompassion to you,HEALTH_AND_FITNESS,4.3,1.0,13.0,100.0,Free,0.0,Everyone,Health & Fitness,"September 12, 2015",Varies with device,Varies with device
EO GSEA,BUSINESS,4.3,1.0,30.0,10.0,Free,0.0,Everyone,Business,"January 4, 2018",1.0.0,4.4 and up
EO SA Benefits,BUSINESS,4.3,0.0,0.505859375,10.0,Free,0.0,Everyone,Business,"August 25, 2014",1.0,2.3.3 and up
FAST EO,EVENTS,5.0,1.0,13.0,10.0,Free,0.0,Everyone,Events,"May 15, 2018",1.0.3,4.1 and up
23rd QM BDE EO,BUSINESS,4.3,0.0,6.3,10.0,Free,0.0,Everyone,Business,"September 27, 2017",1.0.0,4.1 and up
EO Bijbel Open,LIFESTYLE,4.3,102.0,41.0,10000.0,Free,0.0,Everyone,Lifestyle,"November 24, 2016",2.0.0,4.0.3 and up
EO LAC,LIFESTYLE,4.3,0.0,18.0,10.0,Free,0.0,Everyone,Lifestyle,"January 17, 2017",1.1,4.1 and up
EO Hub,BUSINESS,4.3,0.0,5.2,50.0,Free,0.0,Teen,Business,"February 6, 2018",3.5.4,4.1 and up
Kenny e o Cupcake,FAMILY,4.3,0.0,6.7,1.0,Free,0.0,Everyone,Arcade;Action & Adventure,"July 19, 2018",1.0,2.1 and up
EO,BUSINESS,4.3,0.0,3.1,50.0,Free,0.0,Everyone,Business,"July 1, 2015",1.0,4.0.3 and up
4Eternity EO,BUSINESS,4.3,0.0,2.0,10.0,Free,0.0,Everyone,Business,"January 17, 2018",1.2,4.1 and up
Masha and the Bear,FAMILY,4.4,15105.0,36.0,1000000.0,Free,0.0,Everyone,Education,"June 11, 2018",3.1.8,4.3 and up
EO Hotels,TRAVEL_AND_LOCAL,4.3,4.0,11.0,100.0,Free,0.0,Everyone,Travel & Local,"June 4, 2017",2.0,4.0.3 and up
Masha and the Bear: Evolution,FAMILY,4.5,2062.0,42.0,500000.0,Free,0.0,Everyone,Strategy;Education,"June 14, 2018",1.0.9,4.0 and up
Cryptocurrency Trading - How To Trade Crypto,FINANCE,4.3,1.0,23.0,100.0,Free,0.0,Everyone,Finance,"March 16, 2018",1.0,4.1 and up
Masha and the Bear. Games for kids,FAMILY,4.6,6231.0,31.0,1000000.0,Free,0.0,Everyone,Educational;Pretend Play,"July 13, 2018",2.6,4.0.3 and up
Urban Car Simulator,FAMILY,4.2,23292.0,20.0,1000000.0,Free,0.0,Everyone,Simulation,"September 19, 2017",1.4,2.3 and up
Bluetooth Pair,TOOLS,3.5,1960.0,2.7,1000000.0,Free,0.0,Everyone,Tools,"August 4, 2018",2.5,4.1 and up
EP FCU,FINANCE,4.3,2.0,2.8,100.0,Free,0.0,Everyone,Finance,"March 22, 2018",3.0.6,4.1 and up
EP Home Energy Hub,PRODUCTIVITY,4.3,4.0,13.0,100.0,Free,0.0,Everyone,Productivity,"June 21, 2018",3.4.2,4.4 and up
EP,BUSINESS,4.3,3.0,2.1,100.0,Free,0.0,Everyone,Business,"November 13, 2015",1.0.1,2.3.3 and up
EP Mobile,MEDICAL,4.3,267.0,2.3,50000.0,Free,0.0,Everyone,Medical,"July 8, 2018",2.18,4.0 and up
EP RSS Reader,COMMUNICATION,3.8,4.0,0.87109375,100.0,Free,0.0,Everyone,Communication,"July 16, 2018",0.99,4.0.3 and up
EP Cloud,PRODUCTIVITY,4.3,9.0,2.3,10.0,Free,0.0,Everyone,Productivity,"July 26, 2018",2.2.2,4.1 and up
eP Scanner,EVENTS,4.3,0.0,20.0,100.0,Free,0.0,Everyone,Events,"October 13, 2017",1.5,4.4 and up
EP Church Annapolis,LIFESTYLE,5.0,2.0,8.8,100.0,Free,0.0,Everyone,Lifestyle,"January 14, 2017",1.0,4.1 and up
EP Horlogerie,LIFESTYLE,4.9,18.0,24.0,1000.0,Free,0.0,Everyone,Lifestyle,"March 28, 2018",4.0.2,4.0.3 and up
ep-liggare - Elektronisk personalliggare,TOOLS,4.3,0.0,21.0,100.0,Free,0.0,Everyone,Tools,"June 26, 2018",1.1.0,4.1 and up
EP Radio,FAMILY,5.0,3.0,0.150390625,50.0,Free,0.0,Everyone,Entertainment,"March 26, 2018",1.0,3.0 and up
EP Joaillerie,LIFESTYLE,4.3,54.0,21.0,5000.0,Free,0.0,Teen,Lifestyle,"March 28, 2018",4.0.2,4.0.3 and up
Tester EP,TOOLS,4.3,9.0,4.8,100.0,Free,0.0,Everyone,Tools,"May 15, 2018",3.0,2.1 and up
The Great Wobo Escape Ep. 1,GAME,4.2,5449.0,20.0,500000.0,Free,0.0,Everyone 10+,Action,"September 13, 2016",1.0.3386,4.1 and up
The Visitor: Ep.2 - Sleepover Slaughter,GAME,4.3,5731.0,31.0,1000000.0,Free,0.0,Mature 17+,Adventure,"January 2, 2018",1.1.5,4.1 and up
EP Research Service,BOOKS_AND_REFERENCE,4.7,14.0,27.0,1000.0,Free,0.0,Everyone,Books & Reference,"March 5, 2018",1.9,4.1 and up
eP Finder,AUTO_AND_VEHICLES,4.3,0.0,6.3,10.0,Free,0.0,Everyone,Auto & Vehicles,"June 21, 2018",1.0,4.4 and up
EP Music,FAMILY,4.3,0.0,11.0,10.0,Free,0.0,Everyone,Entertainment,"July 26, 2017",1.0,4.1 and up
EP Kalkulator el. energije,TOOLS,4.4,13.0,1.5,100.0,Free,0.0,Everyone,Tools,"February 20, 2015",4.0,4.0 and up
The Visitor: Ep.1 - Kitty Cat Carnage,GAME,4.4,3017.0,39.0,500000.0,Free,0.0,Mature 17+,Adventure,"January 2, 2018",1.3.7,4.3 and up
Dr.Slender Ep 1 Guide (Eng),GAME,4.0,454.0,27.0,10000.0,Free,0.0,Teen,Arcade,"December 2, 2014",1.0,2.3 and up
Decay: The Mare - Ep.1 (Trial),GAME,3.6,5291.0,7.2,100000.0,Free,0.0,Teen,Adventure,"May 24, 2014",2.0,2.2 and up
EP Search and Find,FAMILY,4.3,20.0,23.0,500.0,Free,0.0,Everyone,Casual,"May 27, 2015",1.0.0,2.3 and up
What's Your Story?™ ft Charmed,FAMILY,4.1,39661.0,47.0,1000000.0,Free,0.0,Teen,Role Playing,"August 2, 2018",1.10.4,5.0 and up
EP Gem Hunter,GAME,4.6,79.0,31.0,1000.0,Free,0.0,Everyone 10+,Action,"January 17, 2016",1.1.0,2.3 and up
EP Chain Reaction,FAMILY,3.9,249.0,21.0,10000.0,Free,0.0,Everyone,Casual;Brain Games,"April 10, 2016",1.2.2,2.3 and up
Gate Of Death Ep: 1,GAME,4.4,7.0,34.0,100.0,Free,0.0,Everyone,Adventure,"October 7, 2016",1.1,2.3 and up
EP Mobil,SHOPPING,4.3,3.0,5.3,100.0,Free,0.0,Everyone,Shopping,"July 18, 2018",1.9,4.1 and up
Dentist Surgery ER Emergency Doctor Hospital Games,FAMILY,3.5,2580.0,53.0,100000.0,Free,0.0,Everyone,Simulation,"July 6, 2018",10,4.1 and up
ER,LIFESTYLE,4.3,2.0,28.0,500.0,Free,0.0,Everyone,Lifestyle,"September 1, 2017",1.1.2,2.3.3 and up
Noot-Noot-er!,FAMILY,4.5,74.0,2.8,5000.0,Free,0.0,Everyone,Entertainment,"November 22, 2017",2.0,4.0.3 and up
Doctor X - ER On Wheels,FAMILY,3.6,12781.0,51.0,1000000.0,Free,0.0,Everyone,Casual;Pretend Play,"June 6, 2018",1.0.9,4.1 and up
Foot Surgery Hospital Simulator: ER Doctor Games,FAMILY,3.9,314.0,28.0,100000.0,Free,0.0,Everyone,Casual,"January 15, 2018",1.1,5.1 and up
ER Heart Surgery - Emergency Simulator Game,FAMILY,4.3,429.0,40.0,100000.0,Free,0.0,Everyone,Educational,"July 19, 2018",2.0,4.1 and up
Pregnant Mom ER Emergency Doctor Hospital Games,FAMILY,4.0,325.0,27.0,50000.0,Free,0.0,Everyone,Educational,"June 12, 2018",1.2,4.1 and up
Doctr – ER wait times in Canada,MEDICAL,4.2,980.0,13.0,50000.0,Free,0.0,Everyone,Medical,"August 4, 2018",2.2.2926,Varies with device
Plastic Surgery Surgeon Simulator Er Doctor Games,FAMILY,3.7,3482.0,37.0,500000.0,Free,0.0,Everyone,Casual,"August 7, 2018",1.6,4.4 and up
Shoulder Surgery ER Emergency Doctor Game,FAMILY,3.9,55.0,46.0,10000.0,Free,0.0,Teen,Educational,"November 7, 2017",1.0.1,4.0 and up
Superhero Doctor 3 ER Surgery,FAMILY,4.2,2801.0,50.0,500000.0,Free,0.0,Everyone,Casual,"March 22, 2017",1.0,4.0.3 and up
Mom Doctor ER Emergency Family Game,FAMILY,3.5,173.0,49.0,10000.0,Free,0.0,Everyone,Educational,"January 26, 2018",1.0.0,4.1 and up
"ER Emergency Hospital - Brain, Knee, Eye Surgery",FAMILY,3.8,25.0,41.0,1000.0,Free,0.0,Teen,Educational,"July 21, 2017",1.1,2.3 and up
Multi Surgery Hospital Pro: Virtual Doctor ER Game,FAMILY,4.2,23.0,33.0,1000.0,Free,0.0,Teen,Casual,"April 3, 2018",1.0,4.1 and up
Clumsy Santa ER Surgery,FAMILY,4.1,214.0,46.0,100000.0,Free,0.0,Teen,Casual,"December 22, 2016",1.0,4.0.3 and up
Little Eye Surgery Simulator - ER Doctor Game,FAMILY,4.4,12.0,19.0,1000.0,Free,0.0,Teen,Casual,"April 20, 2018",1.0,2.3 and up
Spinal Cord Surgery Doctor: Operation ER surgery,FAMILY,3.7,52.0,32.0,10000.0,Free,0.0,Everyone 10+,Role Playing,"February 26, 2018",1.0,4.1 and up
ER Neck Surgery: Hospital Christmas Emergency,FAMILY,4.3,11.0,30.0,5000.0,Free,0.0,Everyone 10+,Role Playing,"November 24, 2017",1.0.1,4.1 and up
Crazy ER Open Heart Surgery Simulator,FAMILY,4.0,2936.0,45.0,500000.0,Free,0.0,Everyone,Simulation,"October 26, 2017",1.5,4.0 and up
ER Injection Simulator: Blood Test Doctor Hospital,FAMILY,4.2,3263.0,47.0,1000000.0,Free,0.0,Everyone 10+,Role Playing,"May 29, 2018",2.6.4,4.1 and up
Heart Surgery Doctor - ER Emergency Game,FAMILY,3.9,2510.0,48.0,500000.0,Free,0.0,Everyone 10+,Educational,"July 19, 2018",2.1,4.1 and up
ER Assist,PRODUCTIVITY,5.0,3.0,28.0,10.0,Free,0.0,Everyone,Productivity,"December 6, 2016",0.1.7,4.1 and up
Blood Injection : ER Emergency Doctor ER injection,FAMILY,3.5,246.0,35.0,50000.0,Free,0.0,Teen,Casual,"September 23, 2016",1.0,2.3 and up
Lead'er,FINANCE,4.1,54.0,5.8,5000.0,Free,0.0,Everyone,Finance,"March 20, 2018",1.5,4.0 and up
Doctor Games For Girls - Hospital ER,FAMILY,4.5,51.0,39.0,5000.0,Free,0.0,Everyone,Casual,"April 16, 2018",2.1,4.1 and up
Open Heart Surgery Hospital ER: Crazy Doctor Sim,FAMILY,4.7,7.0,25.0,1000.0,Free,0.0,Teen,Casual,"April 5, 2018",1.0,4.1 and up
Hand Doctor Games ER Surgery Simulator,FAMILY,4.1,120.0,32.0,10000.0,Free,0.0,Everyone,Casual,"March 13, 2018",2.0,4.1 and up
Get SMART ER/LA Opioids,MEDICAL,4.3,0.0,8.9,500.0,Free,0.0,Everyone,Medical,"April 26, 2018",36,4.0.3 and up
DMC ER Now,MEDICAL,4.3,6.0,5.3,1000.0,Free,0.0,Everyone,Medical,"March 16, 2017",1.4,2.3 and up
FAHREDDİN er-RÂZİ TEFSİRİ,BOOKS_AND_REFERENCE,4.3,9.0,20.0,1000.0,Free,0.0,Everyone,Books & Reference,"March 19, 2018",1.1,4.0.3 and up
Cardinal Glennon ER Reference,MEDICAL,4.2,19.0,20.0,1000.0,Free,0.0,Everyone 10+,Medical,"September 21, 2017",1.8.3,4.1 and up
SnakeBite911 ER,MEDICAL,4.3,1.0,42.0,500.0,Free,0.0,Everyone,Medical,"October 9, 2017",1.2,4.1 and up
ES Audio Player ( Shortcut ),VIDEO_PLAYERS,4.2,1236.0,0.0322265625,100000.0,Free,0.0,Everyone,Video Players & Editors,"July 17, 2013",1.1,2.2 and up
ES Disk Analyzer - Storage Space,PRODUCTIVITY,4.7,5867.0,4.4,100000.0,Free,0.0,Everyone,Productivity,"October 31, 2017",1.0.2.9,4.0 and up
ES App Locker,TOOLS,4.3,32207.0,3.4,1000000.0,Free,0.0,Everyone,Tools,"August 16, 2017",1.1.8.2,2.1 and up
ES Chromecast plugin,LIBRARIES_AND_DEMO,4.2,23859.0,0.83984375,1000000.0,Free,0.0,Everyone,Libraries & Demo,"October 29, 2014",1.0,4.0 and up
ES Material Theme for Pro,PRODUCTIVITY,4.2,14428.0,1.2,1000000.0,Free,0.0,Everyone,Productivity,"December 3, 2015",2.0.3,2.2 and up
ES Holo Theme for Pro,PRODUCTIVITY,4.2,4737.0,1.7,500000.0,Free,0.0,Everyone,Productivity,"November 26, 2015",2.0.3,2.0 and up
ES File Explorer,TOOLS,4.1,278.0,2.8,100000.0,Free,0.0,Everyone,Tools,"July 2, 2018",3.1.5,4.0 and up
ES Dark Theme for free,TOOLS,4.2,7851.0,0.35546875,1000000.0,Free,0.0,Everyone,Tools,"August 22, 2017",2.0.7,4.0 and up
ES Classic Theme,TOOLS,4.3,20865.0,2.2,1000000.0,Free,0.0,Everyone,Tools,"October 30, 2015",2.0.3,2.1 and up
ES Themes -- Classic Theme,PERSONALIZATION,4.4,77609.0,1.9,1000000.0,Free,0.0,Everyone,Personalization,"April 24, 2015",1.14,1.6 and up
ES Holo Theme,TOOLS,4.3,11449.0,1.7,500000.0,Free,0.0,Everyone,Tools,"February 2, 2016",2.0.4,2.0 and up
"ES File Explorer & Manager, Locker Xplorer 2018",TOOLS,3.5,11.0,3.0,1000.0,Free,0.0,Everyone,Tools,"March 17, 2018",1.2,4.2 and up
ES Summer Chill Theme for Free,TOOLS,4.3,940.0,0.3779296875,100000.0,Free,0.0,Everyone,Tools,"August 24, 2017",2.0.7,4.0 and up
OpenGL ES Extensions - The OpenGL Utility,TOOLS,4.2,513.0,2.0,50000.0,Free,0.0,Everyone,Tools,"May 6, 2018",5.0.5,4.0 and up
File Ex - ES File Explorer,TOOLS,4.2,24.0,5.0,1000.0,Free,0.0,Everyone,Tools,"December 27, 2017",1.1.6,4.2 and up
OpenGL ES CapsViewer,TOOLS,4.6,78.0,0.3662109375,10000.0,Free,0.0,Everyone,Tools,"April 1, 2018",0.6,4.3 and up
ES-IPTV,VIDEO_PLAYERS,4.0,944.0,11.0,50000.0,Free,0.0,Everyone,Video Players & Editors,"October 15, 2017",4.2.1,4.1 and up
OpenGL-ES Info,TOOLS,4.3,249.0,0.611328125,10000.0,Free,0.0,Everyone,Tools,"August 8, 2013",1.4,1.6 and up
Dr. ES PV Calculator,TOOLS,5.0,19.0,11.0,500.0,Free,0.0,Everyone,Tools,"March 11, 2018",3.4.7.2.16,4.1 and up
ES File Explorer & File Manager 2018,TOOLS,3.8,24.0,2.9,5000.0,Free,0.0,Everyone,Tools,"March 17, 2018",1.1,4.2 and up
HTC Sense Input - ES,TOOLS,4.3,3509.0,6.5,1000000.0,Free,0.0,Everyone,Tools,"October 30, 2015",1.0.612919,5.0 and up
ES Billing System (Offline App),PRODUCTIVITY,5.0,1.0,4.2,100.0,Free,0.0,Everyone,Productivity,"May 17, 2018",1.0,4.1 and up
ES Anywhere,BUSINESS,4.7,10.0,13.0,100.0,Free,0.0,Everyone,Business,"April 28, 2017",Varies with device,4.0.3 and up
YEBIS OpenGL ES 3.0 Tech Demo,FAMILY,4.6,380.0,6.7,10000.0,Free,0.0,Everyone,Entertainment,"March 11, 2014",1.0,4.3 and up
Advanced calculator fx 991 es plus & 991 ms plus,FAMILY,4.7,7252.0,9.2,500000.0,Free,0.0,Everyone,Education,"August 2, 2018",3.3.1-build-02-08-2018-19-release,4.0 and up
ES Solar,BUSINESS,5.0,3.0,4.7,100.0,Free,0.0,Everyone,Business,"May 17, 2018",1.2,4.1 and up
¿Es Vegan?,FOOD_AND_DRINK,4.6,438.0,1.7,10000.0,Free,0.0,Everyone,Food & Drink,"August 1, 2017",2.2.3,3.0 and up
ES-1,COMMUNICATION,4.3,6.0,2.7,500.0,Free,0.0,Everyone,Communication,"July 5, 2016",1.0,1.6 and up
School scientific calculator fx 500 es plus 500 ms,FAMILY,4.6,1553.0,9.2,100000.0,Free,0.0,Everyone,Education,"August 2, 2018",3.3.1-build-02-08-2018-19-release,4.0 and up
Esto Es Guerra TVN,FAMILY,4.5,1303.0,13.0,100000.0,Free,0.0,Everyone,Entertainment,"July 24, 2018",1.7.2,4.1 and up
ET Markets : NSE & BSE India,FINANCE,4.2,24980.0,9.2,1000000.0,Free,0.0,Everyone,Finance,"July 16, 2018",2.1.3,4.1 and up
ET Telecom from Economic Times,NEWS_AND_MAGAZINES,4.7,273.0,6.3,10000.0,Free,0.0,Everyone,News & Magazines,"August 7, 2018",2.9.0,4.1 and up
Economic Times : Market News Go Edition,NEWS_AND_MAGAZINES,4.3,39.0,4.2,5000.0,Free,0.0,Everyone,News & Magazines,"April 18, 2018",1.0.4,4.1 and up
Hymnes et Louanges,BOOKS_AND_REFERENCE,4.4,1877.0,5.7,100000.0,Free,0.0,Everyone,Books & Reference,"March 21, 2017",2.4.1,4.1 and up
Lire avec Sami et Julie,FAMILY,3.6,569.0,18.0,100000.0,Free,0.0,Everyone,Educational;Education,"June 13, 2014",1.2,2.2 and up
Lettre et demande d'emploi,FAMILY,4.6,302.0,9.9,100000.0,Free,0.0,Everyone,Education,"January 2, 2018",1.0,4.0 and up
Recettes Faciles et Rapides,FOOD_AND_DRINK,4.3,95.0,12.0,50000.0,Free,0.0,Everyone,Food & Drink,"January 6, 2018",3.0.1,2.3 and up
Blagues et Histoires Drôles,FAMILY,3.9,859.0,5.3,100000.0,Free,0.0,Teen,Entertainment,"February 18, 2017",0.0.2,4.1 and up
Lettre de motivation et CV,FAMILY,4.3,979.0,9.9,100000.0,Free,0.0,Everyone,Education,"July 30, 2018",2.0,4.0 and up
CNBC: Breaking Business News & Live Market Data,FINANCE,4.2,24666.0,13.0,1000000.0,Free,0.0,Everyone,Finance,"July 13, 2018",Varies with device,Varies with device
Beauty and the Beast,FAMILY,4.4,70883.0,31.0,1000000.0,Free,0.0,Everyone,Puzzle;Creativity,"August 7, 2018",1.7.6,4.2 and up
EU Mobile Money,FINANCE,3.9,460.0,6.1,100000.0,Free,0.0,Everyone,Finance,"July 16, 2018",1.6,4.0 and up
European Union Simulator,FAMILY,3.6,688.0,26.0,50000.0,Free,0.0,Everyone,Simulation,"September 20, 2016",1.2,4.0.3 and up
EU Charter,BOOKS_AND_REFERENCE,4.6,33.0,37.0,1000.0,Free,0.0,Everyone,Books & Reference,"January 16, 2017",1.0.3,4.0 and up
EU Council,COMMUNICATION,4.3,7.0,19.0,1000.0,Free,0.0,Everyone,Communication,"July 4, 2018",1.3.0,4.4 and up
myLPG.eu,TRAVEL_AND_LOCAL,4.2,556.0,4.4,50000.0,Free,0.0,Everyone,Travel & Local,"July 25, 2018",1.95,4.0 and up
EU Economy,PRODUCTIVITY,3.6,47.0,0.8583984375,5000.0,Free,0.0,Everyone,Productivity,"December 19, 2017",9.0,4.2 and up
Flag of European Union,PERSONALIZATION,4.2,36.0,5.3,1000.0,Free,0.0,Everyone,Personalization,"December 10, 2016",2.0,2.3.3 and up
EU Data Protection,BOOKS_AND_REFERENCE,3.5,29.0,17.0,1000.0,Free,0.0,Everyone,Books & Reference,"July 15, 2016",2.0,4.0.3 and up
Flag Of European Union LWP,PERSONALIZATION,4.3,88.0,4.2,1000.0,Free,0.0,Everyone,Personalization,"January 24, 2018",7.0,4.0.3 and up
European Union Flag LWP,PERSONALIZATION,4.3,3.0,5.3,100.0,Free,0.0,Everyone,Personalization,"August 29, 2016",1.1,4.1 and up
Council Voting Calculator,COMMUNICATION,3.9,33.0,3.4,5000.0,Free,0.0,Everyone,Communication,"January 6, 2017",2.3.0,4.1 and up
EU FTL Calculator,BUSINESS,3.6,60.0,1.8,10000.0,Free,0.0,Everyone,Business,"June 1, 2018",1.5.1,4.1 and up
The EU Relocation Programme,FAMILY,4.3,27.0,12.0,1000.0,Free,0.0,Everyone,Education,"July 28, 2016",1.0,4.0 and up
Passenger rights,TRAVEL_AND_LOCAL,3.9,442.0,2.5,50000.0,Free,0.0,Everyone,Travel & Local,"January 16, 2018",1.1.3,4.0.3 and up
EU Mobile Money Partenaire Commercial,FINANCE,4.3,70.0,3.9,10000.0,Free,0.0,Everyone,Finance,"May 14, 2018",1.3,4.0.3 and up
Eurostat Country Profiles,PRODUCTIVITY,3.7,87.0,2.0,10000.0,Free,0.0,Everyone,Productivity,"April 12, 2018",37.0,4.0.3 and up
EU in the World,FAMILY,4.3,8.0,7.2,100.0,Free,0.0,Everyone,Entertainment,"March 2, 2018",1.1.1,4.1 and up
My EU,FAMILY,3.8,4.0,13.0,100.0,Free,0.0,Everyone,Education,"May 15, 2017",3.2.1,4.1 and up
Invasion: Defend EU,GAME,4.3,7.0,20.0,50.0,Free,0.0,Everyone,Arcade,"December 8, 2017",1.0.|,2.3 and up
R-EU-READY,GAME,4.1,13.0,16.0,500.0,Free,0.0,Everyone,Trivia,"March 2, 2016",1.5,2.2 and up
taxi.eu,TRAVEL_AND_LOCAL,4.1,1865.0,22.0,100000.0,Free,0.0,Everyone,Travel & Local,"June 28, 2018",10.7.1388,4.4 and up
CVRIA,BUSINESS,4.7,68.0,3.5,10000.0,Free,0.0,Everyone,Business,"May 11, 2017",1.1.10,4.4 and up
Speed Racing Ultimate 2,GAME,4.1,66894.0,13.0,1000000.0,Free,0.0,Everyone 10+,Racing,"July 21, 2018",Varies with device,Varies with device
EU Flag Live Wallpaper,PERSONALIZATION,4.3,19.0,2.3,1000.0,Free,0.0,Everyone,Personalization,"June 9, 2016",1.0,2.3 and up
European Solidarity Corps,SOCIAL,3.6,9.0,21.0,1000.0,Free,0.0,Teen,Social,"July 5, 2018",1.2.0,4.4 and up
Have your say on Europe,COMMUNICATION,3.8,19.0,21.0,500.0,Free,0.0,Everyone,Communication,"April 19, 2018",1.1.0,4.1 and up
EU CBRNE Glossary,LIBRARIES_AND_DEMO,4.3,3.0,20.0,500.0,Free,0.0,Everyone,Libraries & Demo,"June 15, 2016",1.0.0,4.4 and up
Doorstep EU,NEWS_AND_MAGAZINES,4.5,67.0,12.0,1000.0,Free,0.0,Everyone,News & Magazines,"June 26, 2018",1.8,4.1 and up
Autoroute.EU,BUSINESS,4.3,10.0,2.7,1000.0,Free,0.0,Everyone,Business,"July 19, 2016",2.6,4.0.3 and up
Invasive Alien Species Europe,FAMILY,4.5,13.0,13.0,1000.0,Free,0.0,Everyone,Education,"November 20, 2017",1.0.6,4.4 and up
Countries of the European Union (Quiz),GAME,4.3,11.0,7.0,100.0,Free,0.0,Everyone,Trivia,"February 3, 2018",1.3,5.0 and up
EU Exit poll,LIFESTYLE,5.0,10.0,9.4,100.0,Free,0.0,Everyone,Lifestyle,"July 15, 2016",1.6,4.1 and up
Schengen/EU App,TOOLS,4.0,24.0,11.0,1000.0,Free,0.0,Everyone,Tools,"February 27, 2018",1.0,4.1 and up
EU WHO War,FAMILY,4.3,0.0,1.2,50.0,Free,0.0,Everyone,Education,"December 23, 2013",1.0,3.0 and up
Lazionews.eu,NEWS_AND_MAGAZINES,4.3,25.0,18.0,1000.0,Free,0.0,Everyone,News & Magazines,"May 18, 2018",1.0.1,4.0 and up
Brexit EU,FAMILY,4.4,7.0,7.5,500.0,Free,0.0,Everyone,Casual,"March 10, 2016",1.0,2.3 and up
EU Life Explorer,NEWS_AND_MAGAZINES,4.0,2.0,12.0,50.0,Free,0.0,Everyone,News & Magazines,"May 8, 2017",1.1,4.1 and up
E.U. Trademark Search Tool,BUSINESS,4.3,0.0,3.1,10.0,Free,0.0,Everyone,Business,"March 29, 2018",1.5,4.0.3 and up
Dotti EU,BUSINESS,4.3,15.0,4.3,1000.0,Free,0.0,Everyone,Business,"May 9, 2018",2.1.18,4.4 and up
daskal.eu,FAMILY,5.0,5.0,15.0,50.0,Free,0.0,Everyone,Education,"October 6, 2017",2.3.3,4.4 and up
Intra- and extra-EU trade data,FINANCE,4.3,1.0,2.5,100.0,Free,0.0,Everyone,Finance,"December 16, 2015",1.0.5,4.0 and up
Programi podrške EU,COMMUNICATION,4.3,0.0,5.4,100.0,Free,0.0,Everyone,Communication,"January 15, 2018",1.0.3,4.1 and up
EU FP7 Adventure,BUSINESS,4.3,2.0,5.2,100.0,Free,0.0,Everyone,Business,"February 15, 2013",1,2.2 and up
GastroHunter.EU,LIFESTYLE,4.3,1.0,1.5,10.0,Free,0.0,Everyone,Lifestyle,"April 23, 2015",1.0,4.3 and up
EU IP Codes,BOOKS_AND_REFERENCE,4.3,2.0,0.947265625,100.0,Free,0.0,Everyone,Books & Reference,"January 8, 2014",1.0.4,4.0 and up
MOTOBAZAR EU,LIFESTYLE,4.3,1.0,2.0,100.0,Free,0.0,Everyone,Lifestyle,"May 6, 2018",1.2.36,4.0.3 and up
TattooSupplies.eu,SHOPPING,4.3,31.0,34.0,1000.0,Free,0.0,Everyone,Shopping,"August 9, 2017",1.3.1,4.1 and up
VAT Checker for EU company,BUSINESS,4.7,78.0,13.0,1000.0,Free,0.0,Everyone,Business,"January 24, 2017",Varies with device,Varies with device
Inbox.eu,COMMUNICATION,3.7,98.0,9.7,10000.0,Free,0.0,Everyone,Communication,"July 11, 2018",6.4.7,4.3 and up
CALIOPE EU: Air Quality,HEALTH_AND_FITNESS,3.9,21.0,2.2,1000.0,Free,0.0,Everyone,Health & Fitness,"October 30, 2015",1.1.2,4.0 and up
Konferencija.eu,BUSINESS,4.3,3.0,1.6,10.0,Free,0.0,Everyone,Business,"March 21, 2017",1.0.2,4.0 and up
Reisedealz.eu,SOCIAL,4.3,0.0,10.0,10.0,Free,0.0,Everyone,Social,"September 24, 2015",1.0,4.0 and up
EU GDPR RiskCalc,BUSINESS,4.3,1.0,13.0,50.0,Free,0.0,Everyone,Business,"October 3, 2017",1.0.0,4.2 and up
EU Whoiswho,BUSINESS,4.3,0.0,2.7,10.0,Free,0.0,Everyone,Business,"December 1, 2016",0.0.1,4.0 and up
EU Brazil Green Business Forum,PRODUCTIVITY,4.3,0.0,8.7,10.0,Free,0.0,Everyone,Productivity,"April 18, 2017",1.7.1,2.1 and up
EU-Schwerbehinderung,NEWS_AND_MAGAZINES,4.3,3.0,32.0,100.0,Free,0.0,Everyone 10+,News & Magazines,"July 16, 2018",2.0.3.53,6.0 and up
SK Bosnia Online EU Teplice,SPORTS,4.3,2.0,10.0,5.0,Free,0.0,Everyone,Sports,"August 21, 2017",1.2,4.0 and up
TrainPal EU- Book German Train Tickets,MAPS_AND_NAVIGATION,4.3,1.0,21.0,100.0,Free,0.0,Everyone,Maps & Navigation,"March 29, 2018",1.0.0,4.2 and up
NativeScript Developer Day EU,BUSINESS,4.3,2.0,12.0,100.0,Free,0.0,Everyone,Business,"September 23, 2017",1.2,4.2 and up
EU FP7 SAM,BUSINESS,4.3,0.0,9.7,10.0,Free,0.0,Everyone,Business,"March 12, 2015",1.0.3,4.0 and up
Rail Planner Eurail/Interrail,MAPS_AND_NAVIGATION,4.2,3596.0,31.0,1000000.0,Free,0.0,Everyone,Maps & Navigation,"June 15, 2018",3.0.1 (70),4.0 and up
eu sou franky,BUSINESS,3.7,195.0,4.0,10000.0,Free,0.0,Everyone,Business,"November 21, 2016",1.0.1,4.0 and up
efootwear.eu - online store,SHOPPING,4.5,928.0,8.6,100000.0,Free,0.0,Everyone,Shopping,"August 2, 2018",1.7.0,4.4 and up
ChargeHub - Find EV & Tesla Charging Stations,MAPS_AND_NAVIGATION,4.6,796.0,25.0,50000.0,Free,0.0,Everyone,Maps & Navigation,"May 18, 2018",6.7.0,4.0.3 and up
PlugShare,MAPS_AND_NAVIGATION,4.7,4501.0,26.0,100000.0,Free,0.0,Teen,Maps & Navigation,"July 25, 2018",3.5.1,4.0.3 and up
NEXTCHARGE - Charging Stations,MAPS_AND_NAVIGATION,4.3,891.0,6.4,50000.0,Free,0.0,Everyone,Maps & Navigation,"July 26, 2018",4.5.1,4.1 and up
EV Stations Hawaii,MAPS_AND_NAVIGATION,3.6,7.0,2.5,1000.0,Free,0.0,Everyone,Maps & Navigation,"May 30, 2017",3.0.6,4.1 and up
JuiceNet - Smart EV Charging,MAPS_AND_NAVIGATION,3.5,106.0,24.0,5000.0,Free,0.0,Everyone,Maps & Navigation,"July 9, 2018",2.1.223,4.0 and up
Zap-Map: EV charging points UK,MAPS_AND_NAVIGATION,3.8,181.0,9.8,10000.0,Free,0.0,Everyone,Maps & Navigation,"July 6, 2018",4.0.4,4.1 and up
EV Charging,MAPS_AND_NAVIGATION,3.5,8.0,32.0,1000.0,Free,0.0,Everyone,Maps & Navigation,"August 1, 2017",2.0.0,4.1 and up
CHOSEN - EV Smart Charger,AUTO_AND_VEHICLES,4.3,1.0,19.0,10.0,Free,0.0,Everyone,Auto & Vehicles,"August 7, 2018",3.4.4,4.2 and up
Electric Car Charging Points: Ev charger Stations,MAPS_AND_NAVIGATION,4.5,8.0,8.1,100.0,Free,0.0,Everyone,Maps & Navigation,"August 3, 2018",1.3,4.1 and up
To-U - free EV public charging,TRAVEL_AND_LOCAL,4.4,75.0,19.0,1000.0,Free,0.0,Everyone,Travel & Local,"May 23, 2018",2.9.0,4.1 and up
Light Meter - EV,PHOTOGRAPHY,4.0,26.0,8.5,1000.0,Free,0.0,Everyone,Photography,"August 2, 2018",4.1.1,4.4 and up
Mas Akıllı Ev,HOUSE_AND_HOME,4.3,13.0,43.0,100.0,Free,0.0,Everyone,House & Home,"April 18, 2018",3.2,4.4 and up
EV Finder,TOOLS,4.3,29.0,23.0,1000.0,Free,0.0,Everyone,Tools,"February 7, 2017",2.7,2.3 and up
SpeedApp EV,AUTO_AND_VEHICLES,4.3,0.0,48.0,5.0,Free,0.0,Everyone,Auto & Vehicles,"July 4, 2018",1.2,6.0 and up
EV Real Estate Search,LIFESTYLE,4.1,88.0,20.0,5000.0,Free,0.0,Everyone,Lifestyle,"July 13, 2018",5.600.49,4.0.3 and up
Ev Dizayn,LIFESTYLE,3.6,30.0,5.2,5000.0,Free,0.0,Everyone,Lifestyle,"March 4, 2015",1.0,4.0 and up
Power Plug EV charger,MAPS_AND_NAVIGATION,3.7,13.0,3.9,1000.0,Free,0.0,Everyone,Maps & Navigation,"December 22, 2014",1.1,2.3.3 and up
Builder Craft: House Building & Exploration,FAMILY,4.2,20807.0,52.0,1000000.0,Free,0.0,Everyone 10+,Simulation,"August 2, 2017",1.3,4.1 and up
Texas Hold'em EV Calculator,TOOLS,3.7,6.0,1.3,1000.0,Free,0.0,Everyone,Tools,"November 8, 2015",1.0,2.3 and up
Bird - Enjoy The Ride,TRAVEL_AND_LOCAL,4.3,2649.0,25.0,500000.0,Free,0.0,Everyone,Travel & Local,"August 3, 2018",4.1.1,4.4 and up
AÖF Ev İdaresi 1. Sınıf,FAMILY,4.3,2.0,11.0,1000.0,Free,0.0,Everyone,Education,"July 15, 2018",3.0,4.1 and up
EV Bon Dictionary,FAMILY,4.3,11.0,16.0,500.0,Free,0.0,Everyone,Education,"October 28, 2017",2.0,4.0 and up
myChevrolet,LIFESTYLE,3.5,6747.0,13.0,1000000.0,Free,0.0,Everyone,Lifestyle,"June 11, 2018",Varies with device,Varies with device
EV Calculator,TOOLS,4.9,85.0,19.0,1000.0,Free,0.0,Everyone,Tools,"July 5, 2018",1.20,4.1 and up
EvAk Smart Home,LIFESTYLE,4.3,14.0,13.0,500.0,Free,0.0,Everyone,Lifestyle,"March 13, 2018",1.1.1,4.1 and up
PokeType - Dex,FAMILY,4.6,36813.0,33.0,500000.0,Free,0.0,Everyone,Entertainment,"May 1, 2018",4.2.0,4.1 and up
Home Security Camera WardenCam - reuse old phones,HOUSE_AND_HOME,4.3,43847.0,13.0,1000000.0,Free,0.0,Everyone,House & Home,"July 6, 2018",Varies with device,Varies with device
Doll House Design & Decoration 2: Girls House Game,FAMILY,3.9,2338.0,45.0,100000.0,Free,0.0,Everyone,Simulation,"May 29, 2018",1.1,4.1 and up
Lux Home Decorating Room Games,FAMILY,4.0,1518.0,13.0,100000.0,Free,0.0,Everyone,Casual,"October 20, 2017",2.0,4.1 and up
eCooltra: scooter sharing. Share electric scooters,TRAVEL_AND_LOCAL,4.2,2822.0,27.0,100000.0,Free,0.0,Everyone,Travel & Local,"July 27, 2018",1.21.2,4.1 and up
E.W. James & Sons,SHOPPING,4.3,2.0,4.9,500.0,Free,0.0,Everyone,Shopping,"April 11, 2018",3.0.2,5.0 and up
EW Manager,BUSINESS,4.3,0.0,4.4,10.0,Free,0.0,Everyone,Business,"February 20, 2018",1.0.0,4.1 and up
PeopleTV - Watch Celebrity News,FAMILY,4.3,2223.0,8.6,100000.0,Free,0.0,Teen,Entertainment,"March 28, 2018",1.2.0.8,4.1 and up
ew-Magazin,NEWS_AND_MAGAZINES,4.3,2.0,13.0,100.0,Free,0.0,Everyone,News & Magazines,"December 13, 2016",3.5.0,4.0 and up
EW PDF,BOOKS_AND_REFERENCE,4.3,0.0,8.7,5.0,Free,0.0,Everyone,Books & Reference,"February 14, 2018",1.0.2,4.4 and up
EW Gate,BUSINESS,4.3,0.0,12.0,50.0,Free,0.0,Everyone,Business,"April 16, 2018",3.07,4.0 and up
E W Bookkeeping & Accountancy,FINANCE,4.3,1.0,29.0,100.0,Free,0.0,Everyone,Finance,"April 23, 2018",1.0.0,4.1 and up
News 5 Cleveland,NEWS_AND_MAGAZINES,3.7,1032.0,13.0,100000.0,Free,0.0,Everyone,News & Magazines,"July 5, 2018",Varies with device,Varies with device
EW Login,BUSINESS,4.3,0.0,5.8,10.0,Free,0.0,Everyone,Business,"December 13, 2017",1.0.0,4.0.3 and up
Water Surfer Racing In Moto,GAME,4.3,2233.0,36.0,1000000.0,Free,0.0,Everyone,Racing,"February 28, 2018",1.1,2.3 and up
EW Handbook,BUSINESS,4.3,1.0,17.0,100.0,Free,0.0,Everyone,Business,"June 11, 2015",4,2.3.3 and up
Mee-EW,TOOLS,4.3,0.0,17.0,5.0,Free,0.0,Everyone,Tools,"August 2, 2018",1.0.1,4.1 and up
"Ew, the small alien",GAME,4.3,5.0,13.0,10.0,Free,0.0,Everyone,Adventure,"January 21, 2017",Varies with device,2.3 and up
The List,NEWS_AND_MAGAZINES,3.5,66.0,12.0,10000.0,Free,0.0,Everyone,News & Magazines,"June 1, 2017",6.11,4.1 and up
EW MOTION THERAPY,HEALTH_AND_FITNESS,4.3,0.0,7.1,10.0,Free,0.0,Everyone,Health & Fitness,"July 9, 2018",4.2.2,4.1 and up
EW Neuron Scan,TOOLS,4.3,1.0,6.5,10.0,Free,0.0,Everyone,Tools,"January 31, 2018",1.6.2,5.0 and up
ABC15 Arizona,NEWS_AND_MAGAZINES,3.6,1820.0,13.0,100000.0,Free,0.0,Everyone,News & Magazines,"July 5, 2018",Varies with device,Varies with device
KMTV 3 News Now,NEWS_AND_MAGAZINES,3.8,265.0,13.0,10000.0,Free,0.0,Everyone 10+,News & Magazines,"July 5, 2018",Varies with device,Varies with device
Raytheon F-16 EW 360 VR,FAMILY,4.5,6.0,22.0,500.0,Free,0.0,Everyone,Entertainment,"June 9, 2017",1.0.01,4.4 and up
TMJ4.com - WTMJ-TV Milwaukee,NEWS_AND_MAGAZINES,3.8,728.0,13.0,50000.0,Free,0.0,Everyone 10+,News & Magazines,"July 5, 2018",Varies with device,Varies with device
Food Network,FAMILY,4.1,7823.0,13.0,500000.0,Free,0.0,Teen,Entertainment,"July 27, 2018",Varies with device,Varies with device
Storm Shield,WEATHER,3.5,2000.0,14.0,100000.0,Free,0.0,Everyone,Weather,"July 31, 2018",4.1.12,5.0 and up
Beard Live Camera Photo Editor,BEAUTY,4.7,900.0,30.0,5000.0,Free,0.0,Everyone,Beauty,"March 25, 2018",1.1,4.0.3 and up
WPTV 5 West Palm Beach,NEWS_AND_MAGAZINES,3.8,1093.0,13.0,100000.0,Free,0.0,Everyone 10+,News & Magazines,"July 5, 2018",Varies with device,Varies with device
WKBW 7 Eyewitness News,NEWS_AND_MAGAZINES,4.0,509.0,13.0,50000.0,Free,0.0,Everyone,News & Magazines,"July 5, 2018",Varies with device,Varies with device
Web Browser for Android,COMMUNICATION,4.1,55110.0,4.3,1000000.0,Free,0.0,Everyone,Communication,"June 20, 2018",2.2,4.0 and up
Garden Fever - Free!,FAMILY,3.9,13253.0,12.0,1000000.0,Free,0.0,Everyone,Puzzle,"August 9, 2016",2.1.080,2.3 and up
GO Weather EX Theme White,WEATHER,4.2,8723.0,4.6,500000.0,Free,0.0,Everyone,Weather,"August 27, 2014",1.0,2.2 and up
MIUI Style GO Weather EX,WEATHER,4.2,2115.0,1.1,500000.0,Free,0.0,Everyone,Weather,"July 4, 2014",1.3,1.6 and up
Ex Explorer : Dual view exproler / file manager,TOOLS,3.9,361.0,13.0,50000.0,Free,0.0,Everyone,Tools,"July 12, 2018",Varies with device,Varies with device
Get Over Your Ex,DATING,4.1,10.0,11.0,5000.0,Free,0.0,Everyone,Dating,"April 12, 2017",1.1,4.0.3 and up
Money Manager Ex for Android,FINANCE,4.2,2695.0,13.0,100000.0,Free,0.0,Everyone,Finance,"February 26, 2018",Varies with device,Varies with device
Aurum Blade EX,FAMILY,4.3,28151.0,17.0,1000000.0,Free,0.0,Everyone 10+,Role Playing,"June 4, 2015",1.0.2,2.2 and up
SCI-Ex,HEALTH_AND_FITNESS,3.5,8.0,7.9,1000.0,Free,0.0,Everyone,Health & Fitness,"June 28, 2018",1.0060.b0060,5.0 and up
Papyrus Ex,TOOLS,4.6,1092.0,0.185546875,100000.0,Free,0.0,Everyone,Tools,"June 27, 2012",2.3.3,2.1 and up
GLASS GO Launcher EX Theme,PERSONALIZATION,4.2,18280.0,6.0,1000000.0,Free,0.0,Everyone,Personalization,"January 8, 2015",1.28,1.6 and up
Moonlight GO Weather EX,WEATHER,4.2,11510.0,3.5,1000000.0,Free,0.0,Everyone,Weather,"August 28, 2014",1.4,2.2 and up
My Ex Girlfriend Comes Back,FAMILY,3.7,3258.0,26.0,500000.0,Free,0.0,Everyone,Casual,"March 4, 2016",1.0.0,2.3 and up
Gods Wars Ex : Vampire,FAMILY,3.9,1550.0,21.0,100000.0,Free,0.0,Teen,Role Playing,"October 28, 2017",1.0.6,3.0 and up
BakaReader EX,BOOKS_AND_REFERENCE,4.3,8894.0,2.3,100000.0,Free,0.0,Everyone,Books & Reference,"July 23, 2018",1.1.51,4.0 and up
Ex Quotes,LIFESTYLE,4.4,129.0,8.1,50000.0,Free,0.0,Everyone 10+,Lifestyle,"June 16, 2018",3.0.1,4.1 and up
Ex Service Taxis,BUSINESS,3.5,15.0,8.0,1000.0,Free,0.0,Everyone,Business,"October 21, 2015",20.7.9.2,2.3 and up
Rejoin Your Ex,SOCIAL,4.3,0.0,29.0,100.0,Free,0.0,Everyone,Social,"May 26, 2015",2.0,2.3.3 and up
How To Get Your Ex Back Fast,LIFESTYLE,4.0,22.0,19.0,5000.0,Free,0.0,Everyone,Lifestyle,"February 7, 2018",15.0,4.0.3 and up
Virtual Dice EX,GAME,4.3,40.0,3.6,5000.0,Free,0.0,Everyone,Board,"March 15, 2016",2.8,3.0 and up
Black Theme Go Launcher EX,PERSONALIZATION,4.1,285.0,3.9,50000.0,Free,0.0,Teen,Personalization,"October 3, 2017",5.0,2.3 and up
EY Team Connect,PRODUCTIVITY,4.3,0.0,38.0,50.0,Free,0.0,Everyone,Productivity,"June 8, 2018",1.20180531.3,5.0 and up
EY eMentor,FAMILY,4.3,5.0,44.0,500.0,Free,0.0,Everyone,Education,"November 3, 2016",1.0.0,4.4 and up
EY Conferences,BUSINESS,4.3,1.0,30.0,1000.0,Free,0.0,Everyone,Business,"May 16, 2018",5.28,5.0 and up
EY Africa,BUSINESS,4.3,0.0,8.4,100.0,Free,0.0,Everyone,Business,"April 9, 2018",1.42.180409,4.2 and up
EY Expenses,FINANCE,4.3,0.0,10.0,1000.0,Free,0.0,Everyone,Finance,"July 9, 2018",1.1,4.1 and up
EY Tax Briefing,BUSINESS,4.3,3.0,15.0,100.0,Free,0.0,Everyone,Business,"March 21, 2018",1.0,4.1 and up
EY Digital Direct,BUSINESS,4.3,0.0,27.0,5.0,Free,0.0,Everyone,Business,"August 3, 2018",2.0,6.0 and up
EY India Tax Insights,BUSINESS,4.7,87.0,5.1,10000.0,Free,0.0,Everyone,Business,"July 15, 2017",0.0.1,4.1 and up
EY Forensics,FINANCE,4.9,7.0,3.4,1000.0,Free,0.0,Everyone,Finance,"June 17, 2016",1.0.1,4.0.3 and up
EY India CFO Insights,BUSINESS,4.7,37.0,10.0,5000.0,Free,0.0,Everyone,Business,"June 29, 2018",1.5,4.1 and up
EY Digital Tax AR,BUSINESS,4.3,2.0,19.0,100.0,Free,0.0,Everyone,Business,"September 29, 2017",1.6,4.0 and up
EY ATL Fuel Calculator,PRODUCTIVITY,4.4,15.0,3.1,500.0,Free,0.0,Everyone,Productivity,"July 21, 2018",12,2.1 and up
Fuel Calculator for EY,TOOLS,4.7,32.0,2.7,1000.0,Free,0.0,Everyone,Tools,"June 15, 2018",1.11,2.1 and up
EY Digi India Personal Tax,BUSINESS,4.0,2.0,1.7,100.0,Free,0.0,Everyone,Business,"May 24, 2018",5.0,4.0.3 and up
EY Catalyst Reader,BUSINESS,4.3,1.0,8.4,5.0,Free,0.0,Everyone,Business,"April 10, 2018",1.2.1,5.0 - 7.1.1
Pink Guy - Ey B0ss,FAMILY,4.7,13.0,1.2,500.0,Free,0.0,Everyone,Entertainment,"May 4, 2016",1.0,4.0.3 and up
EY Staff ENTERTAINER,LIFESTYLE,4.3,218.0,19.0,10000.0,Free,0.0,Everyone,Lifestyle,"January 16, 2017",1.0.3,2.3 and up
EY EMEIA Diversity & Inclusion,BUSINESS,4.3,4.0,12.0,500.0,Free,0.0,Everyone,Business,"November 25, 2016",1.0.0,4.4 and up
Ey Sey Storytime រឿងនិទានតាឥសី,FAMILY,4.7,1327.0,44.0,10000.0,Free,0.0,Everyone,Education;Education,"May 18, 2017",1.2.2,4.0.3 and up
EY Football,SPORTS,4.3,0.0,26.0,10.0,Free,0.0,Everyone,Sports,"August 14, 2017",1.0,4.1 and up
Amleen Ey,SOCIAL,4.3,0.0,19.0,1.0,Free,0.0,Everyone,Social,"July 24, 2017",1.0,4.1 and up
EY Events Switzerland,PRODUCTIVITY,4.3,1.0,18.0,500.0,Free,0.0,Teen,Productivity,"June 29, 2018",7.17.2.3,5.0 and up
EY TaxLaw NL,BUSINESS,4.3,9.0,3.3,100.0,Free,0.0,Everyone,Business,"July 3, 2018",3.0.1,4.1 and up
EY-Parthenon,BUSINESS,4.3,1.0,30.0,5.0,Free,0.0,Everyone,Business,"June 25, 2018",5.30.01,5.1 and up
EY Belgium Inhouse Day 2018,EVENTS,4.3,0.0,24.0,10.0,Free,0.0,Everyone,Events,"May 14, 2018",18.4.8.0,4.1 and up
Tenh Ey,SHOPPING,4.3,0.0,4.5,10.0,Free,0.0,Everyone,Shopping,"March 31, 2017",1.0.1,4.4 and up
EY Oil & Gas,BUSINESS,4.6,20.0,15.0,1000.0,Free,0.0,Everyone,Business,"October 12, 2017",1.4.36,4.0.3 and up
Coupe Adhémar EY 2017,SOCIAL,4.3,6.0,10.0,50.0,Free,0.0,Teen,Social,"December 26, 2016",1.3,4.1 and up
哈哈姆特不EY,COMMUNICATION,4.3,239.0,18.0,10000.0,Free,0.0,Everyone,Communication,"July 31, 2018",1.3.4,4.4 and up
Adhenarcos - Coupe Adhemar EY 2018,FAMILY,4.3,0.0,13.0,100.0,Free,0.0,Teen,Entertainment,"January 10, 2018",1.0,4.1 and up
Third Eye,TOOLS,4.4,19877.0,4.5,1000000.0,Free,0.0,Everyone,Tools,"January 7, 2018",1.1.6,4.0 and up
Sudoku Master,GAME,4.4,58387.0,3.3,1000000.0,Free,0.0,Everyone,Word,"December 13, 2013",1.1.2,2.1 and up
Hey That's Pretty Good!,TOOLS,4.6,222.0,10.0,10000.0,Free,0.0,Everyone,Tools,"July 29, 2016",4.2.0,2.3 and up
I am Dentist - Save my Teeth,FAMILY,4.3,7443.0,33.0,100000.0,Free,0.0,Everyone,Casual,"September 29, 2016",1.0.11,3.0 and up
Best Auto Call Recorder Free,COMMUNICATION,3.7,7.0,4.3,500.0,Free,0.0,Everyone,Communication,"October 2, 2017",2.1,4.1 and up
FilterGrid - Cam&Photo Editor,PHOTOGRAPHY,4.6,126338.0,9.6,1000000.0,Free,0.0,Everyone,Photography,"March 15, 2017",2.0.5,4.0 and up
EyPools,HOUSE_AND_HOME,4.3,2.0,0.640625,100.0,Free,0.0,Everyone,House & Home,"November 24, 2017",1.3,4.0 and up
EZ Video Download for Facebook,SOCIAL,4.1,34079.0,1.3,1000000.0,Free,0.0,Teen,Social,"March 14, 2017",2.001,4.0.3 and up
EZCast – Cast Media to TV,VIDEO_PLAYERS,3.6,32112.0,13.0,1000000.0,Free,0.0,Everyone,Video Players & Editors,"July 4, 2018",Varies with device,Varies with device
EZ Cleaner - Booster Optimizer,TOOLS,4.4,6801.0,2.8,500000.0,Free,0.0,Everyone,Tools,"January 8, 2018",1.3.1,4.0.3 and up
EZ PZ RPG,FAMILY,3.8,70903.0,47.0,1000000.0,Free,0.0,Everyone 10+,Role Playing,"October 27, 2016",2.164.4,2.3 and up
EZ Receipts,FINANCE,4.0,2187.0,13.0,100000.0,Free,0.0,Everyone,Finance,"August 1, 2018",Varies with device,Varies with device
EZ Web Video Cast | Chromecast,VIDEO_PLAYERS,4.1,1276.0,4.6,100000.0,Free,0.0,Everyone,Video Players & Editors,"December 14, 2017",1.0,4.4 and up
EZ File Manager(Root Explorer),PRODUCTIVITY,3.5,626.0,1.2,100000.0,Free,0.0,Everyone,Productivity,"June 23, 2015",1.1,3.2 and up
EZ Launcher,PERSONALIZATION,4.2,18926.0,2.9,1000000.0,Free,0.0,Everyone,Personalization,"September 28, 2013",0.5.2 beta,2.2 and up
Ez Mirror Match,GAME,4.4,3344.0,36.0,500000.0,Free,0.0,Everyone,Arcade,"January 3, 2018",2.1,4.0 and up
EZ Notes Lite,PRODUCTIVITY,4.4,69.0,3.5,1000.0,Free,0.0,Everyone,Productivity,"July 8, 2016",2.79,4.0 and up
EZ Bluetooth,TOOLS,4.2,789.0,13.0,50000.0,Free,0.0,Everyone,Tools,"August 5, 2014",Varies with device,Varies with device
Dream EZ,HEALTH_AND_FITNESS,4.1,107.0,50.0,10000.0,Free,0.0,Everyone,Health & Fitness,"March 24, 2016",1.0.0,3.0 and up
EZ TV Player,VIDEO_PLAYERS,3.5,51.0,11.0,10000.0,Free,0.0,Everyone,Video Players & Editors,"June 26, 2018",8.0.9,5.0 and up
EZ-GUI Ground Station,TOOLS,4.7,3696.0,29.0,50000.0,Free,0.0,Everyone,Tools,"August 10, 2017",4.5,4.3 and up
E-Z App™ Train Control,TOOLS,4.3,33.0,46.0,1000.0,Free,0.0,Everyone,Tools,"December 6, 2016",1.0,4.3 and up
EZ App Installer,TOOLS,4.1,533.0,1.4,100000.0,Free,0.0,Everyone,Tools,"July 22, 2017",1.4.13,4.0 and up
EZ Clock & Weather Widget,WEATHER,4.2,6849.0,1.2,1000000.0,Free,0.0,Everyone,Weather,"March 5, 2014",v1.9.6 beta 1,2.1 and up
EZ Usenet for Easynews®,VIDEO_PLAYERS,3.9,244.0,13.0,10000.0,Free,0.0,Everyone,Video Players & Editors,"June 23, 2016",Varies with device,Varies with device
EZ Wifi Notification,COMMUNICATION,4.3,260.0,0.1884765625,10000.0,Free,0.0,Everyone,Communication,"August 11, 2014",1.8,2.2 and up
EZ-VPNGate,TOOLS,4.3,36.0,12.0,5000.0,Free,0.0,Everyone,Tools,"August 21, 2017",1.0.7,4.0.3 and up
EZ Switch Widget,PRODUCTIVITY,4.2,2412.0,0.1875,100000.0,Free,0.0,Everyone,Productivity,"September 27, 2012",0.1.8 beta,2.2 and up
F&M Bank - EZ Banking,FINANCE,3.9,49.0,3.9,10000.0,Free,0.0,Everyone,Finance,"February 24, 2017",3.34.0+1702241319.a,4.1 and up
EZ Financial Calculator,FINANCE,4.4,32.0,2.3,1000.0,Free,0.0,Everyone,Finance,"January 13, 2018",2.3,4.4 and up
EZ Quran,BOOKS_AND_REFERENCE,4.6,595.0,8.5,50000.0,Free,0.0,Everyone,Books & Reference,"June 28, 2016",6.0,4.1 and up
EZ Screenshot,TOOLS,4.4,55.0,1.4,5000.0,Free,0.0,Everyone,Tools,"September 12, 2017",1.1.4,5.0 and up
EZ Utilities Extension,TOOLS,3.9,33.0,0.4619140625,5000.0,Free,0.0,Everyone,Tools,"May 5, 2016",9.0,6.0 and up
EZ game screen recorder with audio 1080P,VIDEO_PLAYERS,4.1,40.0,3.9,1000.0,Free,0.0,Everyone,Video Players & Editors,"July 13, 2017",1.0.0,5.0 and up
HTC Sense Input - FA,TOOLS,4.6,1420.0,1.6,100000.0,Free,0.0,Everyone,Tools,"November 9, 2015",1.0.606863,5.0 and up
"FEABIE: Feedees, BBW, BHM & FA",DATING,3.7,1212.0,13.0,100000.0,Free,0.0,Mature 17+,Dating,"February 16, 2018",4.4.1,4.1 and up
Test Server SMS FA,COMMUNICATION,4.3,0.0,1.8,5.0,Free,0.0,Everyone,Communication,"July 27, 2018",1.0,4.0.3 and up
All Social Networks,SOCIAL,4.2,22650.0,1.5,1000000.0,Free,0.0,Everyone,Social,"May 21, 2018",2.4.12,4.0 and up
Facebook Face to Face Events,BUSINESS,4.4,4518.0,26.0,1000000.0,Free,0.0,Everyone,Business,"March 1, 2018",1.5,4.1 and up
FA Part 1 & 2 Past Papers Solved Free – Offline,BOOKS_AND_REFERENCE,3.9,46.0,3.0,5000.0,Free,0.0,Everyone,Books & Reference,"April 30, 2018",1.1,4.0 and up
Hertfordshire FA,SPORTS,4.3,0.0,3.6,500.0,Free,0.0,Everyone,Sports,"January 18, 2017",1.3,4.0.3 and up
Farsi Keyboard,TOOLS,4.3,9716.0,1.3,1000000.0,Free,0.0,Everyone,Tools,"April 10, 2018",4.7,4.0 and up
Dio Fa Cose,FAMILY,4.3,35.0,1.3,1000.0,Free,0.0,Everyone,Entertainment,"March 15, 2018",1.0,2.3.3 and up
FaFaFa™ Gold Casino: Free slot machines,GAME,4.3,11051.0,44.0,1000000.0,Free,0.0,Teen,Casino,"June 25, 2018",1.9.58,4.0.3 and up
F.A Sumon songs,FAMILY,4.3,6.0,5.4,1000.0,Free,0.0,Everyone,Entertainment,"March 18, 2018",1.1,4.1 and up
NCLEX-RN Q&A FLASH CARDS - FA Davis,MEDICAL,4.3,2.0,7.6,1000.0,Free,0.0,Everyone,Medical,"July 19, 2018",2.7.6,5.0 and up
LEADS FA,FINANCE,4.3,31.0,14.0,1000.0,Free,0.0,Everyone,Finance,"October 17, 2017",1.0,4.1 and up
All AJK Board Matric Fa Fsc Results,FAMILY,4.3,0.0,2.6,10.0,Free,0.0,Everyone,Education,"July 22, 2018",1.0,4.0 and up
Authy 2-Factor Authentication,TOOLS,4.3,15070.0,6.3,1000000.0,Free,0.0,Everyone,Tools,"July 30, 2018",23.2.7,4.0.3 and up
Flash Light on Call & SMS,TOOLS,4.1,25438.0,3.2,1000000.0,Free,0.0,Everyone,Tools,"April 24, 2018",1.2.3,4.0.3 and up
Facebook Creator,SOCIAL,4.2,3895.0,13.0,1000000.0,Free,0.0,Teen,Social,"June 27, 2018",176.0.0.29.0,4.4 and up
Swift for Facebook Lite,SOCIAL,4.3,9562.0,5.8,500000.0,Free,0.0,Teen,Social,"May 31, 2018",4.1.0,Varies with device
Friendly for Facebook,SOCIAL,4.5,42621.0,23.0,1000000.0,Free,0.0,Teen,Social,"August 7, 2018",2.1.05,4.4 and up
Mini for fb lite,TOOLS,4.0,710.0,1.1,100000.0,Free,0.0,Everyone,Tools,"May 24, 2018",1.0,2.3 and up
Faster for Facebook Lite,SOCIAL,4.3,24456.0,4.6,1000000.0,Free,0.0,Teen,Social,"May 29, 2018",4.7,4.1 and up
Facebook Ads Manager,BUSINESS,4.1,19051.0,13.0,1000000.0,Free,0.0,Everyone,Business,"August 1, 2018",99.0.0.35.75,4.1 and up
Puffin for Facebook,SOCIAL,4.0,10743.0,13.0,500000.0,Free,0.0,Teen,Social,"December 28, 2017",7.0.4.17908,4.1 and up
Lite for Facebook Messenger,COMMUNICATION,4.3,76498.0,4.3,1000000.0,Free,0.0,Teen,Communication,"June 20, 2018",6.3.2,Varies with device
Profile Tracker - Who Viewed My Facebook Profile,SOCIAL,4.7,37090.0,4.8,500000.0,Free,0.0,Teen,Social,"August 1, 2018",5.4,4.1 and up
Who viewed my fb profile pro★★,FAMILY,4.5,6396.0,4.2,100000.0,Free,0.0,Everyone,Entertainment,"August 17, 2017",24.4,4.1 and up
Video Downloader For FB: Save FB Videos 2018,TOOLS,4.3,434.0,3.6,50000.0,Free,0.0,Everyone,Tools,"August 8, 2018",1.1.9,4.0.3 and up
Pink Color for Facebook,SOCIAL,4.1,5285.0,4.0,500000.0,Free,0.0,Everyone,Social,"July 1, 2018",2.0.5,4.1 and up
"Stickers for Imo, fb, whatsapp",SOCIAL,4.4,214.0,8.7,10000.0,Free,0.0,Teen,Social,"October 23, 2016",1.0.0.2,2.3 and up
Downloader plus for FB,SOCIAL,4.3,4.0,5.1,500.0,Free,0.0,Everyone,Social,"December 23, 2017",1.3,4.2 and up
Cover Camera for FB,PHOTOGRAPHY,3.8,742.0,1.8,100000.0,Free,0.0,Everyone,Photography,"March 9, 2014",3.0.0,2.2 and up
MB Notifications for FB (Free),SOCIAL,3.9,3047.0,1.5,100000.0,Free,0.0,Teen,Social,"April 29, 2015",1.17.0,2.3 and up
MultiMessage for FB Messenger,PRODUCTIVITY,4.2,182.0,7.0,50000.0,Free,0.0,Everyone,Productivity,"April 28, 2018",1.0.1,4.2 and up
Messenger Kids – Safer Messaging and Video Chat,FAMILY,4.2,3478.0,13.0,500000.0,Free,0.0,Everyone,Communication;Creativity,"August 6, 2018",33.0.0.22.76,4.4 and up
FB Live,BUSINESS,3.7,27.0,18.0,5000.0,Free,0.0,Everyone,Business,"May 17, 2018",1.2.0,5.0 and up
Phoenix - Facebook & Messenger,SOCIAL,4.3,9606.0,3.4,100000.0,Free,0.0,Teen,Social,"July 18, 2018",2.2.0717,5.0 and up
Faster Social for Facebook,SOCIAL,4.2,1236.0,3.3,100000.0,Free,0.0,Teen,Social,"August 2, 2018",1.8,4.3 and up
Check Your Visitors on FB ?,SOCIAL,3.6,40.0,1.5,5000.0,Free,0.0,Everyone,Social,"February 17, 2017",4.4,4.2 and up
Videos downloader for Facebook:fast fb video saver,VIDEO_PLAYERS,4.3,20.0,5.1,5000.0,Free,0.0,Everyone,Video Players & Editors,"April 27, 2018",1.0.0,4.0.3 and up
Stickers for Facebook,SOCIAL,4.3,11066.0,10.0,1000000.0,Free,0.0,Everyone,Social,"March 13, 2018",1.4,4.4 and up
Video Download For FB,TOOLS,4.3,444.0,1.6,100000.0,Free,0.0,Everyone,Tools,"July 14, 2017",1.0,3.0 and up
Video Downloader for FB : Video Download with Link,VIDEO_PLAYERS,4.5,1060.0,3.2,100000.0,Free,0.0,Everyone,Video Players & Editors,"December 20, 2017",2.1,4.0 and up
Video Downloader for FB,TOOLS,4.3,53.0,3.0,5000.0,Free,0.0,Everyone,Tools,"August 1, 2018",1.0.1,4.0.3 and up
FB Photographie,PHOTOGRAPHY,4.7,37.0,10.0,1000.0,Free,0.0,Everyone,Photography,"May 22, 2016",2.0,4.0 and up
Lite Messenger for Facebook Lite,SOCIAL,3.8,108.0,2.8,10000.0,Free,0.0,Teen,Social,"May 28, 2018",3.1,4.2 and up
Download Facebook Photo Albums,TOOLS,4.0,3840.0,2.5,100000.0,Free,0.0,Everyone,Tools,"June 2, 2017",2.4,4.4 and up
Mini for Facebook lite,SOCIAL,4.1,260.0,1.3,10000.0,Free,0.0,Teen,Social,"June 21, 2018",1.2,3.0 and up
FB Advanced Search,SOCIAL,4.3,2.0,11.0,50.0,Free,0.0,Teen,Social,"July 21, 2018",1.1.1,4.4 and up
funny Image Comments for FB,SOCIAL,3.9,19.0,15.0,5000.0,Free,0.0,Teen,Social,"February 13, 2018",2.0,4.1 and up
IDM for Facebook ★ Downloader,PRODUCTIVITY,4.3,1905.0,3.1,100000.0,Free,0.0,Everyone,Productivity,"October 17, 2015",7.95,2.3 and up
EasyLive - FB Live Helper,BUSINESS,4.3,6.0,3.7,500.0,Free,0.0,Teen,Business,"June 25, 2018",1.9.0,5.0 and up
HD VideoDownlaoder For Fb : XXVideo Downloader,VIDEO_PLAYERS,4.2,61.0,6.1,10000.0,Free,0.0,Everyone,Video Players & Editors,"July 30, 2018",1.0.3,4.0.3 and up
Barca News - app for Barcelona FC Fans,SPORTS,4.5,207.0,4.5,10000.0,Free,0.0,Everyone,Sports,"November 13, 2017",2.6.0,4.0 and up
FC Barcelona Fantasy Manager: Real football mobile,SPORTS,4.4,15221.0,30.0,1000000.0,Free,0.0,Everyone,Sports,"October 2, 2017",7.30.005,4.0.3 and up
Classic FC 64 IN 1,FAMILY,4.2,1749.0,6.2,100000.0,Free,0.0,Everyone,Casual,"December 29, 2017",1.0.0,2.3 and up
FC Barcelona Official Keyboard,SPORTS,4.7,5229.0,20.0,500000.0,Free,0.0,Everyone,Sports,"May 17, 2018",2.1.0.0.15734,4.1 and up
Barcelona Live 2018—Goals & News for Barca FC Fans,SPORTS,4.6,342.0,38.0,10000.0,Free,0.0,Everyone,Sports,"August 6, 2018",2.22.0,4.2 and up
Barcelona News - Sportfusion,SPORTS,4.4,382.0,20.0,10000.0,Free,0.0,Everyone,Sports,"March 6, 2018",3.953,4.1 and up
Barcelona Calendar,SPORTS,4.4,670.0,3.1,10000.0,Free,0.0,Everyone,Sports,"November 17, 2017",2.2,4.0.3 and up
"Barca News - FC Barcelona, World Foot & Transfers",SPORTS,4.8,160.0,6.4,10000.0,Free,0.0,Everyone,Sports,"August 4, 2018",4.0,4.1 and up
FC BARCELONA EVENTS,SPORTS,4.3,6.0,11.0,100.0,Free,0.0,Everyone,Sports,"April 22, 2018",v2.7.11.16,4.1 and up
Cambridge English FC,FAMILY,4.4,761.0,11.0,50000.0,Free,0.0,Everyone,Education,"October 6, 2016",2.1.0,4.0 and up
Barcelona Live - Goal Score & News for Barca Fans,SPORTS,4.4,38.0,2.6,10000.0,Free,0.0,Everyone,Sports,"August 17, 2017",1.0,4.0 and up
FCB Connect - FC Barcelona,SOCIAL,4.5,795.0,21.0,50000.0,Free,0.0,Teen,Social,"June 7, 2018",2.1.5,4.1 and up
1. FC Köln App,SPORTS,4.6,2019.0,41.0,100000.0,Free,0.0,Everyone,Sports,"July 20, 2018",1.13.0,4.4 and up
FC Porto,SPORTS,4.9,15883.0,21.0,100000.0,Free,0.0,Everyone,Sports,"June 19, 2018",2.6.0,4.0.3 and up
Fulham FC,SPORTS,4.3,401.0,2.8,10000.0,Free,0.0,Everyone,Sports,"August 9, 2017",5.0,2.3 and up
Barcelona FC Noticias Live,NEWS_AND_MAGAZINES,4.3,2.0,3.6,500.0,Free,0.0,Everyone,News & Magazines,"February 4, 2018",2.0,4.0.3 and up
Chelsea FC Official Keyboard,PRODUCTIVITY,4.5,91397.0,14.0,1000000.0,Free,0.0,Everyone,Productivity,"July 3, 2018",3.4.4,5.0 and up
Burnley FC,SPORTS,4.9,195.0,29.0,5000.0,Free,0.0,Everyone,Sports,"August 1, 2018",2018.8.1,4.4 and up
Barcelona Wallpaper HD,PERSONALIZATION,4.5,93.0,5.7,10000.0,Free,0.0,Everyone,Personalization,"February 28, 2018",1.10,4.1 and up
Sydney FC Official App,SPORTS,4.6,57.0,17.0,5000.0,Free,0.0,Everyone,Sports,"June 26, 2018",3.0.0,4.1 and up
Birmingham City FC,SPORTS,4.5,191.0,28.0,10000.0,Free,0.0,Everyone,Sports,"August 1, 2018",2018.8.1,4.4 and up
FC Browser - Focus Privacy Browser,COMMUNICATION,4.1,26.0,4.6,1000.0,Free,0.0,Everyone,Communication,"November 24, 2017",1.0,5.0 and up
My AEK - Official ΑΕΚ FC app,SPORTS,4.8,3346.0,13.0,50000.0,Free,0.0,Everyone,Sports,"January 18, 2018",2.0.2,Varies with device
FC Parking,MAPS_AND_NAVIGATION,4.3,0.0,19.0,500.0,Free,0.0,Everyone,Maps & Navigation,"December 1, 2017",1.0.0,4.1 and up
Noticias FC Barcelona,NEWS_AND_MAGAZINES,5.0,4.0,3.1,100.0,Free,0.0,Everyone,News & Magazines,"June 15, 2018",1.3,4.4 and up
Middlesbrough FC Official,SPORTS,4.5,152.0,36.0,10000.0,Free,0.0,Everyone,Sports,"May 29, 2018",2018.5.25,4.4 and up
The 5th Stand,SPORTS,4.8,1697.0,17.0,100000.0,Free,0.0,Everyone,Sports,"July 31, 2018",1.2.677,4.4 and up
FC Zenit official Android app,SPORTS,4.5,5675.0,49.0,100000.0,Free,0.0,Everyone,Sports,"April 18, 2018",3.0.10,4.1 and up
Fan App for Portsmouth FC,SPORTS,4.5,53.0,12.0,1000.0,Free,0.0,Teen,Sports,"August 6, 2016",060816,4.2 and up
Latest Barcelona News 24h,NEWS_AND_MAGAZINES,4.5,104.0,3.0,10000.0,Free,0.0,Everyone,News & Magazines,"January 6, 2018",1.3,4.0 and up
Fan App for Reading FC,SPORTS,3.6,9.0,13.0,500.0,Free,0.0,Teen,Sports,"August 6, 2016",060816,4.2 and up
Deportivo Toluca FC,SPORTS,4.7,2317.0,5.9,50000.0,Free,0.0,Everyone,Sports,"July 26, 2018",2.0.20,5.0 and up
Underdog FC,SPORTS,4.6,216.0,40.0,10000.0,Free,0.0,Everyone,Sports,"August 2, 2018",23.17,4.1 and up
Las Vegas Lights FC,SPORTS,4.9,10.0,14.0,500.0,Free,0.0,Everyone,Sports,"March 9, 2018",2.0.833.18,4.0.3 and up
APOEL FC,SPORTS,4.6,688.0,13.0,10000.0,Free,0.0,Everyone,Sports,"January 7, 2015",Varies with device,Varies with device
FD Shift Calendar Widget,TOOLS,4.1,981.0,0.0712890625,100000.0,Free,0.0,Everyone,Tools,"March 16, 2011",1.2.4,1.6 and up
Bank FD Interest Calculator,FINANCE,4.5,166.0,3.5,10000.0,Free,0.0,Everyone,Finance,"January 7, 2018",2.5,4.0.3 and up
FD VR Video Player - (Stored),FAMILY,3.9,751.0,17.0,100000.0,Free,0.0,Everyone,Entertainment,"November 30, 2016",3.6.1,4.4 and up
FD Mobile,FAMILY,3.9,53.0,7.9,5000.0,Free,0.0,Everyone,Entertainment,"September 20, 2017",2.1.2,4.0.3 and up
Formula DRIFT,SPORTS,4.6,169.0,19.0,10000.0,Free,0.0,Everyone,Sports,"July 27, 2018",2.0.855.33,4.0.3 and up
FD VR - Virtual 3D Web Browser,FAMILY,3.8,729.0,30.0,100000.0,Free,0.0,Everyone,Entertainment,"March 9, 2018",4.6.12c,4.4 and up
FD Community FCU Mobile,FINANCE,4.7,175.0,12.0,1000.0,Free,0.0,Everyone,Finance,"June 12, 2018",5.9.1.0,5.0 and up
Female Daily,BEAUTY,3.9,4354.0,42.0,100000.0,Free,0.0,Teen,Beauty,"August 6, 2018",2.5.1,4.0.3 and up
FD VR - Virtual App Launcher,LIBRARIES_AND_DEMO,4.1,1463.0,7.4,100000.0,Free,0.0,Everyone,Libraries & Demo,"November 30, 2016",3.6.1,4.4 and up
FD VR Player - for 360 Youtube,FAMILY,3.9,100.0,9.1,10000.0,Free,0.0,Everyone,Entertainment,"November 30, 2016",3.6.1,4.4 and up
FD VR Store -VR Games and Apps,FAMILY,4.0,105.0,7.5,10000.0,Free,0.0,Everyone,Simulation,"November 30, 2016",3.6.1,4.4 and up
Policy And FD Manager,FINANCE,4.3,20.0,4.8,500.0,Free,0.0,Everyone,Finance,"June 9, 2018",14,4.4 and up
FD VR - Virtual Reality Camera,FAMILY,4.0,1007.0,7.4,100000.0,Free,0.0,Everyone,Entertainment,"November 30, 2016",3.6.1,4.4 and up
Sports Lite,SPORTS,4.4,16.0,4.9,1000.0,Free,0.0,Everyone,Sports,"July 31, 2018",1.0,4.0.3 and up
FD VR Theater - for Youtube VR,FAMILY,4.1,4585.0,9.1,1000000.0,Free,0.0,Everyone,Entertainment,"November 30, 2016",3.6.1,4.4 and up
Story Time FD,FAMILY,5.0,2.0,4.2,10.0,Free,0.0,Everyone 10+,Simulation,"March 25, 2016",1.1,1.6 and up
FD Calculator | Term Deposit | Fixed Deposit,FINANCE,4.8,12.0,2.7,1000.0,Free,0.0,Everyone,Finance,"June 13, 2018",2.1,5.0 and up
Financial Calculator India,FINANCE,4.6,13819.0,3.9,1000000.0,Free,0.0,Everyone,Finance,"July 4, 2018",3.3,4.0 and up
"FD Calculator (EMI, SIP, RD & Loan Eligilibility)",FINANCE,5.0,104.0,2.3,1000.0,Free,0.0,Everyone,Finance,"August 7, 2018",2.1.0,4.1 and up
FD VR Cardboard Featured 360 Videos,FAMILY,4.2,76.0,35.0,10000.0,Free,0.0,Everyone,Entertainment,"December 19, 2017",4.5.1c,4.4 and up
"EMI, FD, RD - Bank Calculator",FINANCE,4.7,42.0,3.5,5000.0,Free,0.0,Everyone,Finance,"April 2, 2017",2.3,4.1 and up
FD VR Player - for Youtube 3D,FAMILY,4.0,2378.0,9.1,500000.0,Free,0.0,Everyone,Entertainment,"November 30, 2016",3.6.1,4.4 and up
RD/FD Calculator,FINANCE,4.4,92.0,1.5,10000.0,Free,0.0,Everyone,Finance,"January 31, 2017",1.2.1,4.0.3 and up
FD VR Music Videos - MTV Pop and Rap in 360,FAMILY,4.9,15.0,26.0,1000.0,Free,0.0,Everyone,Entertainment,"December 19, 2017",4.5.3c,4.4 and up
FD VR - Virtual Photo Gallery,FAMILY,3.5,179.0,7.4,10000.0,Free,0.0,Everyone,Entertainment,"November 30, 2016",3.6.1,4.4 and up
Fix Deposit Calculator (FD),FINANCE,4.1,7.0,2.1,1000.0,Free,0.0,Everyone,Finance,"February 6, 2018",1.0,4.0.3 and up
FD Interest Calculator,FINANCE,4.2,17.0,4.7,5000.0,Free,0.0,Everyone,Finance,"January 18, 2015",2.7,3.0 and up
Deposit Calculator FD & RD,FINANCE,4.4,18.0,3.4,10000.0,Free,0.0,Everyone,Finance,"January 21, 2017",1.1,3.0 and up
FD Fotografia,PHOTOGRAPHY,4.3,2.0,4.2,100.0,Free,0.0,Everyone,Photography,"January 17, 2018",0.0.9,4.1 and up
Banking Calculator,FINANCE,4.5,3704.0,4.6,100000.0,Free,0.0,Everyone,Finance,"March 20, 2018",34,2.3 and up
FD Fitness,HEALTH_AND_FITNESS,4.3,3.0,21.0,50.0,Free,0.0,Everyone,Health & Fitness,"July 4, 2018",6.3.1,4.0.3 and up
EMI/FD/RD/PV/IRR/BEP/EOQ Calc,FINANCE,4.5,58.0,2.7,10000.0,Free,0.0,Everyone,Finance,"December 9, 2015",1.6.3,3.0 and up
EMI Calculator | FD Calculator | RD calculator,FINANCE,4.6,106.0,4.4,10000.0,Free,0.0,Everyone,Finance,"March 19, 2018",5.3,4.0.3 and up
LineStar for FanDuel,SPORTS,4.3,1539.0,14.0,50000.0,Free,0.0,Teen,Sports,"June 6, 2018",3.0.3,4.0.3 and up
HD Video Download for Facebook,VIDEO_PLAYERS,4.4,20755.0,17.0,1000000.0,Free,0.0,Everyone,Video Players & Editors,"March 16, 2018",4.0.3,4.1 and up
Santa Fe FCU Mobile Banking,FINANCE,4.3,12.0,9.0,1000.0,Free,0.0,Everyone,Finance,"January 22, 2018",1.18.4,4.0 and up
FE Connect,TOOLS,4.8,24.0,4.5,5000.0,Free,0.0,Everyone,Tools,"September 14, 2017",2.3.0,4.0.3 and up
FE CREDIT - TET VUI,FINANCE,4.1,125.0,15.0,50000.0,Free,0.0,Everyone,Finance,"March 6, 2018",1.2.1,4.1 and up
Comunidad De Fe Minitries,LIFESTYLE,5.0,19.0,11.0,500.0,Free,0.0,Everyone,Lifestyle,"March 1, 2018",1.1,4.1 and up
FE Other Disciplines Engineering Exam Prep,FAMILY,4.3,0.0,21.0,100.0,Free,0.0,Everyone,Education,"July 27, 2018",5.33.3669,5.0 and up
FE EN ACCIÓN RADIO,FAMILY,4.3,1.0,2.9,10.0,Free,0.0,Everyone,Entertainment,"July 5, 2018",1.4,5.0 and up
FE Electric & Comp Engineering,FAMILY,4.3,2.0,20.0,500.0,Free,0.0,Everyone,Education,"July 27, 2018",5.33.3669,5.0 and up
Caprock Santa Fe Credit Union,FINANCE,4.3,0.0,2.9,100.0,Free,0.0,Everyone,Finance,"March 23, 2018",3.0.6,4.1 and up
FE Chemical Engineering Exam Prep,FAMILY,4.3,2.0,20.0,100.0,Free,0.0,Everyone,Education,"July 27, 2018",5.33.3669,5.0 and up
Santa Fe Map and Walks,TRAVEL_AND_LOCAL,4.3,2.0,47.0,1000.0,Free,0.0,Everyone,Travel & Local,"April 20, 2018",32,4.0 and up
FE IP,TOOLS,4.3,3.0,12.0,1000.0,Free,0.0,Everyone,Tools,"October 27, 2017",1.51,3.0 and up
Safe Santa Fe,FAMILY,5.0,2.0,12.0,1000.0,Free,0.0,Everyone,Education,"July 4, 2016",1.0,4.0 and up
Santa Fe New Mexican e-Edition,NEWS_AND_MAGAZINES,4.1,25.0,17.0,1000.0,Free,0.0,Everyone,News & Magazines,"June 21, 2018",4.7.4.18.0621,4.1 and up
L!FE Premium Training,HEALTH_AND_FITNESS,4.3,2.0,10.0,100.0,Free,0.0,Everyone,Health & Fitness,"July 9, 2018",4.2.2,4.1 and up
Theme for Galaxy Note FE Launcher | Live Wallpaper,PERSONALIZATION,4.3,2.0,26.0,100.0,Free,0.0,Everyone,Personalization,"December 22, 2017",1.0,4.0 and up
Theme for Galaxy Note FE,PERSONALIZATION,4.3,3.0,9.2,100.0,Free,0.0,Everyone,Personalization,"July 29, 2017",1.0,2.3.3 and up
Note FE Theme And Launcher For Samsung Galaxy,PERSONALIZATION,4.4,7.0,9.8,1000.0,Free,0.0,Everyone,Personalization,"August 28, 2017",1.0,4.0 and up
La Fe de Jesus,BOOKS_AND_REFERENCE,4.3,8.0,0.642578125,1000.0,Free,0.0,Everyone,Books & Reference,"January 31, 2017",Varies with device,3.0 and up
Santa Fe Indian Market,FAMILY,3.8,4.0,30.0,500.0,Free,0.0,Everyone,Entertainment,"July 23, 2018",5.11,5.0 and up
FE Connect Fhoton,TOOLS,4.3,0.0,1.8,100.0,Free,0.0,Everyone,Tools,"November 28, 2017",1.1,4.0.3 and up
La Fe de Jesús,BOOKS_AND_REFERENCE,4.3,10.0,2.9,500.0,Free,0.0,Everyone,Books & Reference,"August 23, 2017",1,4.0.3 and up
Santa Fe Espresso & News,FOOD_AND_DRINK,4.3,0.0,15.0,10.0,Free,0.0,Everyone,Food & Drink,"October 12, 2017",1.2.2,4.4 and up
Santa Fe Sentry,HOUSE_AND_HOME,4.3,0.0,5.3,100.0,Free,0.0,Everyone,House & Home,"August 7, 2017",1.6.0,4.1 and up
Santa Fe Thrive,HEALTH_AND_FITNESS,5.0,2.0,8.3,50.0,Free,0.0,Everyone,Health & Fitness,"July 9, 2018",4.2.2,4.1 and up
FE Connect Drive-Tech,BUSINESS,4.3,0.0,20.0,100.0,Free,0.0,Everyone,Business,"February 12, 2018",1.2.1.0,4.1 and up
FE Mix - Jokes - Status - Wallpaper,FAMILY,4.3,3.0,3.0,1000.0,Free,0.0,Everyone,Entertainment,"June 2, 2018",2.1,4.4 and up
Frases Cristianas de Esperanza y Fe,SOCIAL,4.3,2.0,5.6,100.0,Free,0.0,Everyone,Social,"October 18, 2017",1.0,2.3 and up
Theme for Samsung Galaxy Note FE,PERSONALIZATION,4.5,52.0,7.9,10000.0,Free,0.0,Everyone,Personalization,"July 4, 2017",1.0,2.3.3 and up
Santa Fe VIP Tours,TRAVEL_AND_LOCAL,4.3,1.0,22.0,100.0,Free,0.0,Everyone,Travel & Local,"August 19, 2017",2.8,4.0 and up
Santa Fe App,SPORTS,4.3,196.0,5.0,5000.0,Free,0.0,Everyone,Sports,"August 9, 2017",2.1.0,4.0.3 and up
Curso Básico y Avanzado la Fe de Jesús Audio-Texto,FAMILY,4.3,0.0,11.0,10.0,Free,0.0,Everyone 10+,Education,"July 12, 2018",1.0,4.0 and up
Ríos de Fe,LIFESTYLE,5.0,141.0,15.0,1000.0,Free,0.0,Everyone,Lifestyle,"March 24, 2018",1.8,4.1 and up
Theme For Galaxy Note FE,PERSONALIZATION,4.3,0.0,7.5,100.0,Free,0.0,Everyone,Personalization,"April 19, 2018",1.1,4.1 and up
Le Fe de Jesus,BOOKS_AND_REFERENCE,4.3,3.0,4.1,500.0,Free,0.0,Everyone,Books & Reference,"December 17, 2015",1.0,2.3.3 and up
FG Wallet,FINANCE,4.3,9.0,12.0,1000.0,Free,0.0,Everyone,Finance,"June 6, 2018",2.1,6.0 and up
FG On-The-Go,TOOLS,4.9,55.0,25.0,1000.0,Free,0.0,Everyone,Tools,"June 29, 2018",2.01.0.2,4.1 and up
FG Autumn Photo Puzzle,FAMILY,4.3,0.0,4.6,10.0,Free,0.0,Everyone,Puzzle,"August 23, 2017",1.0,4.0 and up
Radio FG Paris Underground,FAMILY,4.3,3.0,1.7,100.0,Free,0.0,Teen,Entertainment,"July 26, 2015",2,2.2 and up
FG Radio - Radios de France,FAMILY,4.3,0.0,6.5,10.0,Free,0.0,Everyone,Entertainment,"June 10, 2018",1.0,4.2 and up
FG SPINNER,GAME,4.3,2.0,36.0,10.0,Free,0.0,Everyone,Board,"April 6, 2018",0.90,4.0.3 and up
FG Finder,TOOLS,4.3,154.0,17.0,10000.0,Free,0.0,Everyone,Tools,"July 16, 2018",2.1.0,4.1 and up
FG. Chic - House Lounge Musique - Radios de France,FAMILY,4.3,1.0,6.5,50.0,Free,0.0,Everyone,Entertainment,"June 9, 2018",1.0,4.2 and up
BROTHER IN WARS: GUNNER CITY WARLORDS,GAME,4.3,8649.0,39.0,1000000.0,Free,0.0,Teen,Action,"July 26, 2018",1.0.3,4.2 and up
FG VOC,BUSINESS,4.8,6.0,7.7,1000.0,Free,0.0,Everyone,Business,"August 7, 2018",2.1.5,4.1 and up
Modern Sniper Strike: Best Commando Action 2k18,GAME,4.1,164.0,17.0,10000.0,Free,0.0,Everyone,Action,"August 23, 2017",1.0,2.3 and up
FG Rockstar,FAMILY,4.3,1.0,30.0,10.0,Free,0.0,Everyone,Education,"August 2, 2018",1.1.5,4.1 and up
POLARIS 2MFG,FAMILY,4.8,1228.0,29.0,10000.0,Free,0.0,Everyone,Education,"March 28, 2018",1.7,4.1 and up
Gun Disassembly 2,FAMILY,4.1,26347.0,48.0,1000000.0,Free,0.0,Everyone 10+,Entertainment,"September 15, 2017",14.0.1,2.2 and up
Fields of Battle,GAME,4.1,71476.0,50.0,1000000.0,Free,0.0,Everyone 10+,Action,"April 21, 2018",2.14,4.0 and up
Leghe Fantagazzetta,SPORTS,4.1,79464.0,27.0,1000000.0,Free,0.0,Everyone,Sports,"August 6, 2018",5.0.8,4.4 and up
Field Goal Tournament,SPORTS,3.7,2980.0,21.0,100000.0,Free,0.0,Everyone,Sports,"September 1, 2015",1.2.8,2.3 and up
Disney Princess Palace Pets,FAMILY,3.9,60097.0,19.0,1000000.0,Free,0.0,Everyone,Entertainment;Pretend Play,"February 10, 2018",5.1,4.2 and up
Scary Video Maker,FAMILY,3.7,9296.0,28.0,500000.0,Free,0.0,Teen,Entertainment,"July 24, 2018",1.14,4.1 and up
SnowMobile Parking Adventure,GAME,3.6,12257.0,49.0,1000000.0,Free,0.0,Everyone,Racing,"September 9, 2016",1.4,2.3 and up
Zombie Sniper 3D III,GAME,3.9,8122.0,23.0,500000.0,Free,0.0,Mature 17+,Action,"February 28, 2017",1.8,2.3 and up
HD Themes Volvo FH Trucks,PERSONALIZATION,4.4,40.0,13.0,5000.0,Free,0.0,Teen,Personalization,"June 21, 2016",1.0,2.3.3 and up
Familial Hypercholesterolaemia,MEDICAL,4.3,0.0,34.0,10.0,Free,0.0,Everyone,Medical,"July 5, 2018",2.0.1,4.1 and up
Themes Volvo FH 16 Trucks,PERSONALIZATION,4.3,38.0,16.0,10000.0,Free,0.0,Teen,Personalization,"June 17, 2016",1.0,2.3.3 and up
FH Calculator,HEALTH_AND_FITNESS,4.3,9.0,0.96875,500.0,Free,0.0,Everyone,Health & Fitness,"June 4, 2015",1.0,4.0 and up
Top Themes Volvo FH Trucks,PERSONALIZATION,4.3,9.0,18.0,1000.0,Free,0.0,Teen,Personalization,"June 19, 2018",1.0,4.1 and up
Top Puzzles Volvo FH Trucks,FAMILY,4.3,4.0,8.1,500.0,Free,0.0,Teen,Puzzle,"November 20, 2016",1.0,4.0 and up
Wallpapers Volvo FH 16 Trucks,PERSONALIZATION,4.2,13.0,15.0,1000.0,Free,0.0,Teen,Personalization,"June 18, 2016",1.0,2.3.3 and up
Puzzles Volvo FH 16 Trucks,FAMILY,4.8,10.0,8.2,1000.0,Free,0.0,Teen,Puzzle,"December 2, 2016",1.0,4.0 and up
Jigsaw Volvo FH 16 Trucks,FAMILY,5.0,5.0,8.1,1000.0,Free,0.0,Teen,Puzzle,"December 1, 2016",1.0,4.0 and up
studentsLife by FH Kärnten,FAMILY,4.4,108.0,13.0,5000.0,Free,0.0,Everyone,Education,"March 30, 2018",4.0.1,4.4 and up
FH® Cost Lookup / FH® CCSalud,MEDICAL,4.5,30.0,4.1,1000.0,Free,0.0,Everyone,Medical,"June 21, 2017",4.1.0,4.0.3 and up
FH Kufstein App,FAMILY,4.3,9.0,20.0,500.0,Free,0.0,Everyone,Education,"November 20, 2017",2.3.1,4.4 and up
FH App,BUSINESS,4.9,27.0,6.0,100.0,Free,0.0,Everyone,Business,"July 26, 2018",1.0.90,4.0 and up
HD Wallpapers Volvo FH Trucks,PERSONALIZATION,4.3,4.0,17.0,500.0,Free,0.0,Teen,Personalization,"June 21, 2016",1.0,2.3.3 and up
Jigsaw Puzzles Volvo FH Truck Game,FAMILY,4.3,4.0,4.7,100.0,Free,0.0,Teen,Puzzle,"July 24, 2017",1.0,4.0.3 and up
Themes Volvo FH Trucks,PERSONALIZATION,4.3,14.0,14.0,1000.0,Free,0.0,Teen,Personalization,"June 17, 2016",1.0,2.3.3 and up
FH School,FAMILY,5.0,4.0,5.8,100.0,Free,0.0,Everyone,Education,"April 11, 2018",1.0.1,4.0.3 and up
FH Wallet,FINANCE,4.3,0.0,9.9,1.0,Free,0.0,Everyone,Finance,"July 26, 2018",1.0.0,4.1 and up
FH Dortmund FB4,FAMILY,4.3,40.0,9.9,1000.0,Free,0.0,Everyone,Education,"May 22, 2018",1.2.0,4.0.3 and up
Fast Motorcycle Driver 2016,GAME,4.2,28151.0,49.0,1000000.0,Free,0.0,Everyone 10+,Racing,"December 25, 2016",1.2,2.3.3 and up
Wallpapers Volvo FH Truck,PERSONALIZATION,4.2,4.0,14.0,100.0,Free,0.0,Teen,Personalization,"July 31, 2016",1.0,2.3.3 and up
HD Jigsaw Volvo FH Trucks,FAMILY,4.3,2.0,7.6,500.0,Free,0.0,Teen,Puzzle,"November 29, 2016",1.0,4.0 and up
Jigsaw Puzzles Volvo FH Trucks,FAMILY,4.3,3.0,7.8,1000.0,Free,0.0,Teen,Puzzle,"December 1, 2016",1.0,4.0 and up
FH CODE,TOOLS,4.3,13.0,3.6,100.0,Free,0.0,Everyone,Tools,"February 26, 2018",FH CODE 1.0,2.1 and up
IKORO FH App Rosenheim,FAMILY,4.3,22.0,29.0,1000.0,Free,0.0,Everyone,Education,"February 6, 2018",1.10.0.0,2.3.3 and up
Forgotten Hill: Fall,GAME,4.4,1063.0,18.0,50000.0,Free,0.0,Teen,Adventure,"October 30, 2017",1.7,3.0 and up
EHiN-FH conferenceapp,COMMUNICATION,4.3,5.0,26.0,100.0,Free,0.0,Everyone,Communication,"November 15, 2016",1.17,4.1 and up
BTK-FH Online Campus,FAMILY,4.3,1.0,3.3,500.0,Free,0.0,Everyone,Education,"November 7, 2016",1.7.2,4.0.3 and up
Talking Husky Dog,FAMILY,4.4,26545.0,40.0,1000000.0,Free,0.0,Everyone,Casual,"July 20, 2018",2.08,4.1 and up
Forgotten Hill: Surgery,GAME,4.5,2431.0,24.0,100000.0,Free,0.0,Teen,Adventure,"November 3, 2017",1.4,3.0 and up
Dolphin and fish coloring book,FAMILY,3.9,2249.0,13.0,500000.0,Free,0.0,Everyone,Art & Design;Creativity,"May 15, 2018",Varies with device,4.1 and up
Carpooling FH Hagenberg,COMMUNICATION,4.3,0.0,13.0,100.0,Free,0.0,Everyone,Communication,"May 18, 2017",Varies with device,Varies with device
Forgotten Hill: Puppeteer,GAME,4.5,2917.0,22.0,100000.0,Free,0.0,Teen,Adventure,"October 30, 2017",2.6,2.3 and up
Airplane Fly Hawaii,FAMILY,4.1,83427.0,16.0,1000000.0,Free,0.0,Everyone,Simulation,"January 30, 2015",2.6,4.1 and up
Signal Info,TOOLS,4.6,424.0,3.5,10000.0,Free,0.0,Everyone,Tools,"December 19, 2017",0.11,6.0 and up
Signal Spy - Monitor Signal Strength & Data Usage,TOOLS,4.4,875.0,8.5,100000.0,Free,0.0,Everyone,Tools,"December 31, 2017",1.9.9.5,5.1 and up
Wi-Fi Auto-connect,COMMUNICATION,3.8,15036.0,0.2470703125,1000000.0,Free,0.0,Everyone,Communication,"August 1, 2015",1.2.0,1.6 and up
"Talkie - Wi-Fi Calling, Chats, File Sharing",COMMUNICATION,4.2,4838.0,13.0,500000.0,Free,0.0,Everyone,Communication,"January 6, 2018",Varies with device,Varies with device
Avast Wi-Fi Finder,PRODUCTIVITY,4.3,37277.0,13.0,1000000.0,Free,0.0,Everyone,Productivity,"February 26, 2018",2.3.1,4.0.3 and up
LG Hi-Fi Plus Manager,TOOLS,3.5,154.0,3.4,10000.0,Free,0.0,Everyone,Tools,"September 6, 2016",5.0.6,6.0 and up
WeFi - Free Fast WiFi Connect & Find Wi-Fi Map,COMMUNICATION,4.0,13469.0,5.1,1000000.0,Free,0.0,Everyone,Communication,"June 5, 2018",4.7.0.2200000,4.0 and up
[root] Pry-Fi,TOOLS,3.9,6736.0,0.0703125,500000.0,Free,0.0,Everyone,Tools,"February 2, 2014",1.20,4.2 and up
Sat-Fi,COMMUNICATION,3.6,97.0,13.0,5000.0,Free,0.0,Everyone,Communication,"August 31, 2017",Varies with device,Varies with device
Wi-Fi settings shortcut,TOOLS,4.1,479.0,0.0283203125,50000.0,Free,0.0,Everyone,Tools,"December 13, 2013",1.4,1.6 and up
Wi-Fi Master,TOOLS,4.5,3673.0,5.8,500000.0,Free,0.0,Everyone,Tools,"July 24, 2018",1.2.1,4.1 and up
Micro Fi,FAMILY,3.7,39.0,2.8,5000.0,Free,0.0,Everyone,Education,"February 12, 2014",2.4,2.3.3 and up
Portable Wi-Fi hotspot Free,COMMUNICATION,4.0,1711.0,2.1,100000.0,Free,0.0,Everyone,Communication,"January 11, 2018",1.2.5.4-11,2.3 and up
Wi-Fi Networks,PRODUCTIVITY,4.2,115.0,1.4,10000.0,Free,0.0,Everyone,Productivity,"October 5, 2015",1.4,4.1 and up
FI CFL,FINANCE,3.7,112.0,3.9,10000.0,Free,0.0,Everyone,Finance,"July 5, 2018",1.1.1,5.0 and up
Tassa.fi Finland,LIFESTYLE,3.6,346.0,7.5,50000.0,Free,0.0,Everyone,Lifestyle,"May 22, 2018",5.5,4.0 and up
Xposed Wi-Fi-Pwd,PERSONALIZATION,3.5,1042.0,0.39453125,100000.0,Free,0.0,Everyone,Personalization,"August 5, 2014",3.0.0,4.0.3 and up
Wi-Fi Visualizer,TOOLS,3.9,132.0,2.6,50000.0,Free,0.0,Everyone,Tools,"May 17, 2017",0.0.9,2.3 and up
Sci-Fi Sounds and Ringtones,PERSONALIZATION,3.6,128.0,11.0,10000.0,Free,0.0,Everyone,Personalization,"September 27, 2017",4.0,4.0 and up
Free Wi-fi HotspoT,COMMUNICATION,4.1,382.0,2.3,50000.0,Free,0.0,Everyone,Communication,"July 20, 2018",2.5,4.0 and up
FJ 4x4 Cruiser Offroad Driving,FAMILY,4.1,3543.0,49.0,500000.0,Free,0.0,Everyone,Simulation,"January 4, 2017",1.1,2.3 and up
FJ 4x4 Cruiser Snow Driving,FAMILY,4.2,1619.0,43.0,500000.0,Free,0.0,Everyone,Simulation,"June 4, 2018",1.3,4.0 and up
Wallpapers Toyota FJ Cruiser,PERSONALIZATION,4.2,78.0,10.0,10000.0,Free,0.0,Everyone,Personalization,"June 20, 2016",1.0,2.3.3 and up
New Wallpapers Toyota FJ Cruiser Theme,PERSONALIZATION,4.3,1.0,16.0,100.0,Free,0.0,Teen,Personalization,"February 23, 2018",1.0,4.1 and up
"FJ Final Join , Circles Game",GAME,4.7,32.0,24.0,1000.0,Free,0.0,Teen,Arcade,"July 11, 2018",0.24,4.3 and up
HD Wallpaper - Toyota FJ Cruiser,TOOLS,4.3,2.0,6.2,100.0,Free,0.0,Everyone,Tools,"November 10, 2017",1.0,4.0 and up
FJ Drive: Mercedes-Benz Lease,AUTO_AND_VEHICLES,4.6,107.0,27.0,10000.0,Free,0.0,Everyone,Auto & Vehicles,"November 6, 2017",2.0.0,4.1 and up
Driving n Parking School 2017,FAMILY,4.5,15.0,46.0,1000.0,Free,0.0,Everyone,Simulation,"May 31, 2017",1.0,2.3 and up
FJ WiFi HDD,TOOLS,4.3,40.0,2.4,5000.0,Free,0.0,Everyone,Tools,"October 31, 2017",1.0.5,2.1 and up
Offroad Cruiser,FAMILY,4.3,42432.0,36.0,1000000.0,Free,0.0,Everyone,Simulation,"July 13, 2016",1.3,2.3.3 and up
HD Themes Toyota Cruiser 70,PERSONALIZATION,4.5,86.0,17.0,10000.0,Free,0.0,Teen,Personalization,"October 2, 2016",1.0,2.3.3 and up
Toyota Cruisers & Trucks Mag,TRAVEL_AND_LOCAL,4.5,10.0,8.0,500.0,Free,0.0,Everyone,Travel & Local,"March 14, 2018",3.0.0,4.4 and up
4 x4 Offroad SUV 3D Truck Simulator Driving 2017,FAMILY,4.4,32.0,37.0,1000.0,Free,0.0,Everyone,Simulation,"December 6, 2017",1.0,2.3 and up
HD Themes Toyota Cruiser 60,PERSONALIZATION,4.3,0.0,15.0,100.0,Free,0.0,Teen,Personalization,"October 2, 2016",1.0,2.3.3 and up
HD Themes Toyota Cruiser70,PERSONALIZATION,4.3,0.0,15.0,100.0,Free,0.0,Teen,Personalization,"October 3, 2016",1.0,2.3.3 and up
HD Themes Toyota Cruiser 80,PERSONALIZATION,4.3,2.0,13.0,100.0,Free,0.0,Teen,Personalization,"October 3, 2016",1.0,2.3.3 and up
HD Themes Toyota Cruiser 50,PERSONALIZATION,4.3,1.0,11.0,50.0,Free,0.0,Teen,Personalization,"October 2, 2016",1.0,2.3.3 and up
OFF-ROAD SIMULATOR 4x4 : REAL,FAMILY,4.2,109.0,25.0,10000.0,Free,0.0,Everyone,Simulation,"April 15, 2017",1.4,2.3 and up
HD Themes Toyota Cruiser 100VX,PERSONALIZATION,4.3,2.0,16.0,100.0,Free,0.0,Teen,Personalization,"September 30, 2016",1.0,2.3.3 and up
HD Themes Toyota Cruiser 200,PERSONALIZATION,3.7,3.0,15.0,100.0,Free,0.0,Teen,Personalization,"October 1, 2016",1.0,2.3.3 and up
HD Themes Toyota Cruiser 40,PERSONALIZATION,4.3,2.0,15.0,100.0,Free,0.0,Teen,Personalization,"October 2, 2016",1.0,2.3.3 and up
Offroad 4x4 Car Driving,FAMILY,4.3,26224.0,43.0,1000000.0,Free,0.0,Everyone,Simulation,"April 29, 2017",1.0.4,2.3 and up
Offroad drive : 4x4 driving game,GAME,3.5,2071.0,36.0,100000.0,Free,0.0,Everyone,Racing,"June 29, 2018",1.0.3,4.1 and up
Drive 4x4 Luxury SUV Jeep,GAME,4.2,2183.0,46.0,500000.0,Free,0.0,Everyone,Racing,"July 10, 2018",1.12,2.3 and up
FJ-link,TOOLS,4.3,1.0,20.0,10.0,Free,0.0,Everyone,Tools,"January 3, 2018",1.1.2,4.1 and up
Motocross Mayhem,GAME,3.8,35171.0,45.0,1000000.0,Free,0.0,Everyone,Racing,"February 11, 2014",1.2,2.3 and up
Funny Jokes,FAMILY,3.9,2505.0,2.9,100000.0,Free,0.0,Mature 17+,Entertainment,"June 18, 2018",1.2,4.1 and up
Motocross Fun Simulator,FAMILY,3.8,22570.0,35.0,1000000.0,Free,0.0,Everyone,Simulation,"January 9, 2017",1.2,2.3.3 and up
Dino Defends king 3 – Dinosaur T rex Hunter Games,GAME,3.6,182.0,41.0,50000.0,Free,0.0,Teen,Adventure,"March 1, 2018",2.1,4.1 and up
Fast Notes FJ,PRODUCTIVITY,4.2,12.0,2.2,500.0,Free,0.0,Everyone,Productivity,"August 12, 2014",8.0.0,2.2 and up
Block Gun 3D: Haunted Hollow,GAME,3.8,16282.0,35.0,1000000.0,Free,0.0,Teen,Action,"October 9, 2017",1.1.4,2.3 and up
Art of F J Taylor,VIDEO_PLAYERS,4.3,2.0,1.5,10.0,Free,0.0,Everyone,Video Players & Editors,"June 23, 2015",1.0.2,4.3 and up
Drift Legends,GAME,4.2,33788.0,27.0,1000000.0,Free,0.0,Everyone,Racing,"March 29, 2018",1.8.5,4.1 and up
FK,MEDICAL,4.4,1517.0,8.5,100000.0,Free,0.0,Everyone,Medical,"July 13, 2018",2.5.9,2.3 and up
FK (FlightKid),GAME,4.3,2.0,22.0,10.0,Free,0.0,Everyone,Action,"March 3, 2016",1.0,4.0 and up
FK Sūduva Marijampolė,SPORTS,4.3,2.0,26.0,10.0,Free,0.0,Everyone,Sports,"February 21, 2018",1.0,4.1 and up
FK Željezničar,SPORTS,4.9,1420.0,20.0,10000.0,Free,0.0,Everyone,Sports,"July 12, 2018",2.5.0,4.2 and up
FK Oleksandria,SPORTS,4.3,0.0,26.0,10.0,Free,0.0,Everyone,Sports,"February 14, 2018",1.0,4.1 and up
FK CLASSIC FOR YOU,BUSINESS,5.0,1.0,3.5,10.0,Free,0.0,Everyone,Business,"February 20, 2018",1.1.0,4.0 and up
FK Sileks,SPORTS,4.3,0.0,26.0,1.0,Free,0.0,Everyone,Sports,"March 18, 2018",1.0,4.1 and up
Qarabağ FK,SPORTS,4.3,9.0,5.5,100.0,Free,0.0,Everyone,Sports,"August 1, 2018",1.14,4.2 and up
FK Sloboda Tuzla,SPORTS,4.3,0.0,26.0,10.0,Free,0.0,Everyone,Sports,"February 20, 2018",1.0,4.1 and up
FK Jelgava,SPORTS,4.3,0.0,26.0,5.0,Free,0.0,Everyone,Sports,"February 22, 2018",1.0,4.1 and up
FK Vojvodina,SPORTS,4.3,5.0,26.0,50.0,Free,0.0,Everyone,Sports,"February 19, 2018",1.0,4.1 and up
FK Liepaja,SPORTS,4.3,4.0,26.0,100.0,Free,0.0,Everyone,Sports,"March 17, 2018",1.0,4.1 and up
FK Teplice,SPORTS,4.3,2.0,26.0,50.0,Free,0.0,Everyone,Sports,"March 1, 2018",1.0,4.1 and up
FK Sarajevo,SPORTS,4.3,6.0,26.0,100.0,Free,0.0,Everyone,Sports,"March 2, 2018",1.0,4.1 and up
FK Vardar,SPORTS,4.3,2.0,26.0,10.0,Free,0.0,Everyone,Sports,"February 20, 2018",1.0,4.1 and up
FK Bregalnica Štip,SPORTS,4.3,0.0,26.0,1.0,Free,0.0,Everyone,Sports,"February 24, 2018",1.0,4.1 and up
FK Mladost Lucani,SPORTS,4.3,0.0,26.0,5.0,Free,0.0,Everyone,Sports,"February 19, 2018",1.0,4.1 and up
FK Radnicki Nis,SPORTS,4.3,1.0,26.0,50.0,Free,0.0,Everyone,Sports,"February 19, 2018",1.0,4.1 and up
FK Dukla Prague,SPORTS,4.3,0.0,26.0,10.0,Free,0.0,Everyone,Sports,"February 28, 2018",1.0,4.1 and up
FK Rad,SPORTS,4.3,1.0,26.0,10.0,Free,0.0,Everyone,Sports,"February 19, 2018",1.0,4.1 and up
FK Jablonec,SPORTS,4.3,2.0,26.0,50.0,Free,0.0,Everyone,Sports,"February 27, 2018",1.0,4.1 and up
FK Senica,SPORTS,4.3,0.0,13.0,10.0,Free,0.0,Everyone,Sports,"August 24, 2017",14,4.1 and up
FK Vozdovac,SPORTS,4.3,1.0,26.0,10.0,Free,0.0,Everyone,Sports,"February 19, 2018",1.0,4.1 and up
FK Mladá Boleslav,SPORTS,4.3,0.0,26.0,10.0,Free,0.0,Everyone,Sports,"March 18, 2018",2.0,4.1 and up
FK Macva Sabac,SPORTS,4.3,3.0,26.0,10.0,Free,0.0,Everyone,Sports,"February 19, 2018",1.0,4.1 and up
FK Crvena zvezda,SPORTS,4.9,1211.0,15.0,10000.0,Free,0.0,Everyone,Sports,"January 22, 2018",1.0.1,4.4 and up
FK Events,PRODUCTIVITY,4.3,0.0,18.0,5.0,Free,0.0,Teen,Productivity,"June 27, 2018",7.17.2.1,5.0 and up
FK Jonava,SPORTS,4.3,1.0,26.0,5.0,Free,0.0,Everyone,Sports,"February 21, 2018",1.0,4.1 and up
FK Željezničar Izzy,FAMILY,4.9,119.0,17.0,1000.0,Free,0.0,Everyone,Entertainment,"November 18, 2016",1.0,4.4 and up
FK Čukarički,SPORTS,4.3,0.0,26.0,10.0,Free,0.0,Everyone,Sports,"February 19, 2018",1.0,4.1 and up
Austria Wien FK - Fussball - Inoffizielle App,SPORTS,4.3,2.0,12.0,100.0,Free,0.0,Everyone,Sports,"July 27, 2018",1.0.4,4.1 and up
FK Železiarne Podbrezová,SPORTS,4.3,0.0,26.0,5.0,Free,0.0,Everyone,Sports,"April 23, 2018",1.0,4.1 and up
FK Viktoria Žižkov,SPORTS,4.3,0.0,26.0,10.0,Free,0.0,Everyone,Sports,"February 27, 2018",1.0,4.1 and up
FK Zemun,SPORTS,4.3,3.0,26.0,10.0,Free,0.0,Everyone,Sports,"February 19, 2018",1.0,4.1 and up
FK Spartak Subotica,SPORTS,4.3,0.0,26.0,10.0,Free,0.0,Everyone,Sports,"February 19, 2018",1.0,4.1 and up
FK Dedinje BGD,SPORTS,5.0,36.0,2.6,100.0,Free,0.0,Everyone,Sports,"February 11, 2017",1.1,4.0 and up
FK Fotbal Třinec,SPORTS,4.3,0.0,27.0,10.0,Free,0.0,Everyone,Sports,"March 18, 2018",1.0,4.1 and up
FK Crvena Zvezda Izzy,TOOLS,4.8,1456.0,15.0,50000.0,Free,0.0,Everyone,Tools,"November 14, 2016",1.2,4.4 and up
FK Utenis Utena,SPORTS,4.3,0.0,26.0,5.0,Free,0.0,Everyone,Sports,"February 21, 2018",1.0,4.1 and up
FL State Parks Guide,TRAVEL_AND_LOCAL,3.7,871.0,45.0,100000.0,Free,0.0,Everyone,Travel & Local,"October 27, 2017",5.29.23 Domain 253,4.4 and up
Permit Test FL Florida DHSMV,FAMILY,4.7,246.0,11.0,10000.0,Free,0.0,Everyone,Education,"October 12, 2017",2.9.0,4.1 and up
FL Lottery Results,FAMILY,4.6,1481.0,3.1,50000.0,Free,0.0,Teen,Entertainment,"March 31, 2018",3.7,4.1 and up
Florida DMV Permit Test -Fl,FAMILY,4.3,87.0,30.0,10000.0,Free,0.0,Everyone,Education,"February 15, 2018",6.0.3,4.4 and up
Lottery Results: Florida,FAMILY,4.2,582.0,3.2,100000.0,Free,0.0,Teen,Entertainment,"January 22, 2018",4.0,4.0 and up
Scratch-Off Guide for FL Lotto,FAMILY,4.6,25.0,5.6,5000.0,Free,0.0,Everyone,Entertainment,"July 4, 2018",1.11,4.0.3 and up
"Charlotte County, FL",PRODUCTIVITY,4.7,10.0,7.1,1000.0,Free,0.0,Everyone,Productivity,"February 23, 2017",3.9.4,4.0.3 and up
Results for FL Lottery,NEWS_AND_MAGAZINES,4.6,146.0,7.1,10000.0,Free,0.0,Everyone,News & Magazines,"February 28, 2017",3.0,4.1 and up
Fish|Hunt FL,LIFESTYLE,3.6,853.0,34.0,100000.0,Free,0.0,Everyone,Lifestyle,"March 22, 2018",3.2.0,4.1 and up
Florida Storms,WEATHER,3.8,116.0,36.0,10000.0,Free,0.0,Everyone,Weather,"December 26, 2017",2.0.11,4.4 and up
FL Racing Manager 2018 Lite,SPORTS,4.0,1338.0,15.0,100000.0,Free,0.0,Everyone,Sports,"March 17, 2018",1.18,3.0 and up
FL Tax-Verify,BUSINESS,3.8,17.0,6.1,5000.0,Free,0.0,Everyone,Business,"November 9, 2016",1.1.3,4.0 and up
FL House,PRODUCTIVITY,4.4,29.0,13.0,1000.0,Free,0.0,Everyone,Productivity,"November 22, 2016",1.6.7,Varies with device
Lottery Driver- Florida Result,FAMILY,4.4,70.0,4.4,5000.0,Free,0.0,Teen,Entertainment,"April 16, 2017",2.5,4.1 and up
The Florida Trail Guide,TRAVEL_AND_LOCAL,4.3,100.0,13.0,5000.0,Free,0.0,Everyone,Travel & Local,"April 1, 2017",6.0.18,4.1 and up
Florida - Pocket Brainbook,BOOKS_AND_REFERENCE,4.6,7.0,12.0,1000.0,Free,0.0,Everyone,Books & Reference,"March 19, 2018",1.0.9,4.4 and up
Discovery Church Florida,LIFESTYLE,4.7,40.0,8.0,1000.0,Free,0.0,Teen,Lifestyle,"June 25, 2018",3.8.0,4.1 and up
Florida Driver License Test,FAMILY,4.5,65.0,0.458984375,5000.0,Free,0.0,Everyone,Education,"January 30, 2016",2.0,2.1 and up
Free Florida DMV Test 2018,FAMILY,4.1,665.0,5.3,50000.0,Free,0.0,Everyone,Education,"May 24, 2018",8.1,4.0.3 and up
Canvas FL,FAMILY,4.9,36.0,9.4,1000.0,Free,0.0,Teen,Education,"June 25, 2018",3.8.0,4.1 and up
Florida Lottery Results,NEWS_AND_MAGAZINES,4.1,763.0,2.2,100000.0,Free,0.0,Everyone,News & Magazines,"December 18, 2015",2.0,2.3.3 and up
Florida Cooling Supply HVAC,PRODUCTIVITY,4.2,6.0,43.0,500.0,Free,0.0,Everyone,Productivity,"July 27, 2018",8.1.10.41,4.4 and up
Restaurant Inspections - FL,HEALTH_AND_FITNESS,3.5,143.0,0.220703125,10000.0,Free,0.0,Everyone,Health & Fitness,"June 12, 2013",1.1,2.2 and up
Florida Keys,TRAVEL_AND_LOCAL,4.2,92.0,20.0,10000.0,Free,0.0,Everyone,Travel & Local,"April 6, 2017",4.1,4.0.3 and up
South Florida AA Meetings,LIFESTYLE,5.0,10.0,21.0,1000.0,Free,0.0,Everyone,Lifestyle,"May 24, 2018",2.18,4.1 and up
Florida Travel Guide - TOURIAS,TRAVEL_AND_LOCAL,3.8,80.0,37.0,10000.0,Free,0.0,Everyone,Travel & Local,"July 30, 2018",3.21,4.0 and up
Florida State Gameday,SPORTS,4.7,1566.0,26.0,50000.0,Free,0.0,Everyone,Sports,"July 13, 2018",9.19.2,4.1 and up
FL Bankers,EVENTS,4.3,0.0,3.4,10.0,Free,0.0,Everyone,Events,"June 5, 2018",1.0.1,4.2 and up
Fort Myers FL,PRODUCTIVITY,4.3,0.0,22.0,100.0,Free,0.0,Everyone,Productivity,"September 17, 2015",2.4.0,4.1 and up
"News-Journal-Daytona Beach, FL",NEWS_AND_MAGAZINES,4.5,76.0,7.8,5000.0,Free,0.0,Everyone,News & Magazines,"July 3, 2018",5.0,4.4 and up
Florida map,TRAVEL_AND_LOCAL,4.3,11.0,3.4,5000.0,Free,0.0,Everyone,Travel & Local,"May 15, 2016",0.0.7,4.0 and up
"Trinity Church Deltona, FL",LIFESTYLE,5.0,33.0,28.0,500.0,Free,0.0,Everyone,Lifestyle,"May 7, 2018",1.9.0.0,2.3.3 and up
"Beacon Baptist Jupiter, FL",LIFESTYLE,5.0,14.0,2.6,100.0,Free,0.0,Everyone,Lifestyle,"October 13, 2017",2.4,4.0.3 and up
"Clearwater, FL - weather and more",WEATHER,4.3,0.0,3.9,10.0,Free,0.0,Everyone,Weather,"April 12, 2018",1.0,5.0 and up
University of Florida,FAMILY,4.0,168.0,7.6,10000.0,Free,0.0,Everyone,Education,"October 2, 2017",2.0,4.1 and up
"Ocala Star Banner, FL",NEWS_AND_MAGAZINES,4.5,75.0,8.1,5000.0,Free,0.0,Everyone,News & Magazines,"July 25, 2018",5.1,4.4 and up
Lotto Results - Mega Millions Powerball Lottery US,NEWS_AND_MAGAZINES,4.5,14221.0,1.8,1000000.0,Free,0.0,Teen,News & Magazines,"December 11, 2015",2.0.3,2.3.3 and up
Jax Sheriff (FL),LIFESTYLE,4.2,53.0,16.0,5000.0,Free,0.0,Everyone,Lifestyle,"June 25, 2018",2.0.1,4.1 and up
Results for FL Lottery (Florida),FAMILY,4.3,1.0,3.2,100.0,Free,0.0,Mature 17+,Entertainment,"November 2, 2017",2.27,4.0.3 and up
Hidden Object Florida Vacation Adventure Fun Game,FAMILY,3.7,126.0,45.0,10000.0,Free,0.0,Everyone,Casual,"June 18, 2018",1.4,4.0.3 and up
WFLA News Channel 8 - Tampa FL,NEWS_AND_MAGAZINES,3.8,133.0,14.0,10000.0,Free,0.0,Everyone,News & Magazines,"July 18, 2018",v4.30.0.8,5.0 and up
Florida Beach Wallpapers HD,TRAVEL_AND_LOCAL,5.0,3.0,12.0,100.0,Free,0.0,Everyone,Travel & Local,"December 30, 2015",1.8.1,4.1 and up
MY GULFPORT FL,PRODUCTIVITY,4.3,0.0,49.0,50.0,Free,0.0,Everyone,Productivity,"May 18, 2018",17.4,4.1 and up
My MLS App,LIFESTYLE,4.1,1213.0,13.0,100000.0,Free,0.0,Everyone,Lifestyle,"June 4, 2018",2.8.4,4.0.3 and up
"St. Petersburg, FL - weather and more",WEATHER,4.3,0.0,3.9,10.0,Free,0.0,Everyone,Weather,"April 13, 2018",1.0,5.0 and up
LifePoint Church - FL,LIFESTYLE,4.3,1.0,7.6,50.0,Free,0.0,Everyone,Lifestyle,"December 9, 2015",1.1,4.0.3 and up
WSVN • South Florida's Source for Weather,WEATHER,4.3,7.0,28.0,1000.0,Free,0.0,Everyone,Weather,"June 21, 2018",4.6.1404,4.4 and up
PriorityONE Credit Union of Fl,FINANCE,4.7,178.0,12.0,1000.0,Free,0.0,Everyone,Finance,"June 12, 2018",5.9.1.0,5.0 and up
ORLANDO FLORIDA MAP,TRAVEL_AND_LOCAL,4.3,3.0,9.2,1000.0,Free,0.0,Everyone,Travel & Local,"January 24, 2017",1.3.0,4.0 and up
Florida Tech Mobile,FAMILY,3.8,87.0,5.4,5000.0,Free,0.0,Everyone,Education,"September 13, 2016",5.2,4.1 and up
Florida Offline Road Map,TRAVEL_AND_LOCAL,3.8,144.0,8.7,10000.0,Free,0.0,Everyone,Travel & Local,"October 2, 2014",5.0,2.3.3 and up
Florida Map offline,TRAVEL_AND_LOCAL,4.6,8.0,18.0,1000.0,Free,0.0,Everyone,Travel & Local,"June 22, 2018",1.73,4.3 and up
"The Ledger - Lakeland, Florida",NEWS_AND_MAGAZINES,4.6,89.0,5.7,5000.0,Free,0.0,Everyone,News & Magazines,"February 17, 2018",5.0,4.4 and up
Gainesville Florida Police Department,LIFESTYLE,4.8,4.0,15.0,500.0,Free,0.0,Everyone,Lifestyle,"November 22, 2017",1.1,4.1 and up
Gainesville Bus Tracker,MAPS_AND_NAVIGATION,4.2,63.0,1.6,10000.0,Free,0.0,Everyone,Maps & Navigation,"August 25, 2015",1.0.6,4.0 and up
Florida HSMV Driver License,FAMILY,3.9,14.0,11.0,1000.0,Free,0.0,Everyone,Education,"January 13, 2015",1.3,4.0 and up
WSVN - 7 News Miami,NEWS_AND_MAGAZINES,4.5,3320.0,14.0,100000.0,Free,0.0,Everyone,News & Magazines,"August 3, 2018",v4.30.0.9,5.0 and up
WICShopper,SHOPPING,3.9,3023.0,13.0,500000.0,Free,0.0,Everyone,Shopping,"July 26, 2018",Varies with device,Varies with device
First Federal Bank of Florida,FINANCE,4.3,133.0,30.0,10000.0,Free,0.0,Everyone,Finance,"May 23, 2018",18.1.79,5.0 and up
South Florida MLS,LIFESTYLE,4.4,133.0,13.0,10000.0,Free,0.0,Everyone,Lifestyle,"June 2, 2018",2.8.4,4.0.3 and up
Podcast App: Free & Offline Podcasts by Player FM,NEWS_AND_MAGAZINES,4.6,66407.0,19.0,1000000.0,Free,0.0,Teen,News & Magazines,"July 25, 2018",4.1.0.72,4.0 and up
How it Works: FN SCAR assault rifle,FAMILY,4.6,44.0,45.0,10000.0,Free,0.0,Everyone,Casual,"January 9, 2018",2.1.9f7,4.0.3 and up
FutureNet your social app,SOCIAL,4.2,2093.0,7.0,100000.0,Free,0.0,Teen,Social,"March 8, 2018",3.36,4.2 and up
Jigsaw Puzzles FN FAL Light Automatic Rifle,FAMILY,4.3,0.0,5.6,50.0,Free,0.0,Teen,Puzzle,"May 7, 2018",1.0,4.0.3 and up
Wallpapers FN Herstal FNP 9,PERSONALIZATION,4.3,0.0,11.0,1.0,Free,0.0,Teen,Personalization,"April 12, 2018",1.0,4.1 and up
Ninja FN Button,FAMILY,4.8,12.0,12.0,1000.0,Free,0.0,Teen,Entertainment,"July 4, 2018",1.1,4.0 and up
Wallpapers FN SCAR H,PERSONALIZATION,5.0,4.0,9.2,100.0,Free,0.0,Teen,Personalization,"April 12, 2018",1.0,4.1 and up
Wallpapers FN F2000,PERSONALIZATION,4.3,0.0,11.0,5.0,Free,0.0,Teen,Personalization,"April 16, 2018",1.0,4.1 and up
Wallpapers FN Five seven,PERSONALIZATION,4.3,0.0,13.0,10.0,Free,0.0,Teen,Personalization,"April 18, 2018",1.0,4.1 and up
FN,BUSINESS,5.0,14.0,3.3,50.0,Free,0.0,Everyone,Business,"February 1, 2018",1.0,4.0 and up
Wallpapers FN FAL Light Automatic Rifle,PERSONALIZATION,4.3,0.0,14.0,10.0,Free,0.0,Teen,Personalization,"April 17, 2018",1.0,4.1 and up
F N Bail Bonds,LIFESTYLE,3.8,4.0,14.0,500.0,Free,0.0,Everyone,Lifestyle,"January 6, 2017",1.4,4.0.3 and up
PIP-Camera FN Photo Effect,PHOTOGRAPHY,4.6,8.0,9.0,1000.0,Free,0.0,Everyone,Photography,"December 4, 2016",1.0,2.3 and up
Bullet - FN Theme,PERSONALIZATION,3.8,143.0,0.234375,5000.0,Free,0.0,Everyone,Personalization,"July 31, 2013",1.0,2.2 and up
FN Web Radio,COMMUNICATION,4.3,0.0,1.6,10.0,Free,0.0,Everyone,Communication,"May 18, 2018",1.1,2.3 and up
Gun Builder ELITE,GAME,4.1,88941.0,34.0,1000000.0,Free,0.0,Teen,Action,"July 26, 2016",3.1.7,4.0 and up
FNH Payment Info,COMMUNICATION,4.3,0.0,2.1,10.0,Free,0.0,Everyone,Communication,"March 17, 2018",1.3,4.0.3 and up
Calculator Fn,TOOLS,4.3,9.0,3.6,500.0,Free,0.0,Everyone,Tools,"November 12, 2015",1.4,4.0 and up
HAL-9000 - FN Theme,PERSONALIZATION,3.5,159.0,0.2509765625,10000.0,Free,0.0,Everyone,Personalization,"August 16, 2013",1.0,2.2 and up
Fresh News,NEWS_AND_MAGAZINES,4.4,2207.0,9.8,100000.0,Free,0.0,Everyone,News & Magazines,"July 26, 2018",41.0,4.1 and up
Future Cloud,PRODUCTIVITY,4.6,1075.0,13.0,100000.0,Free,0.0,Everyone,Productivity,"January 22, 2018",Varies with device,4.4 and up
Gun Club Armory,GAME,4.2,55014.0,28.0,1000000.0,Free,0.0,Teen,Action,"December 4, 2017",1.2.6,4.1 and up
Ethical Hacking,FAMILY,4.1,128.0,3.2,10000.0,Free,0.0,Everyone,Education,"July 9, 2018",1.3,4.0.3 and up
Armed Cam Gun Pack,GAME,4.2,1012.0,50.0,10000.0,Free,0.0,Teen,Action,"January 18, 2015",1.0.2,3.0 and up
Fo File Manager,TOOLS,4.5,1916.0,0.35546875,100000.0,Free,0.0,Everyone,Tools,"December 31, 2015",1.8.8,2.1 and up
Alarm.fo – choose your info,SOCIAL,4.4,19.0,3.1,1000.0,Free,0.0,Everyone,Social,"May 29, 2018",1.4.8,4.1 and up
Pin-fo,FAMILY,4.6,19.0,1.6,500.0,Free,0.0,Everyone,Entertainment,"August 15, 2016",3rd Release Aug 2016,2.2 and up
MARKET FO,COMMUNICATION,4.3,0.0,15.0,100.0,Free,0.0,Everyone,Communication,"November 30, 2017",1.0,4.1 and up
FO OP St-Nazaire,COMMUNICATION,4.3,1.0,17.0,100.0,Free,0.0,Everyone,Communication,"December 19, 2017",1.0,4.1 and up
FO SODEXO,COMMUNICATION,4.3,0.0,16.0,100.0,Free,0.0,Everyone,Communication,"March 13, 2018",1.0,4.1 and up
FO RCBT,COMMUNICATION,4.3,5.0,15.0,100.0,Free,0.0,Everyone,Communication,"November 15, 2017",1.0,4.1 and up
FO Interim,COMMUNICATION,4.3,1.0,11.0,100.0,Free,0.0,Everyone,Communication,"March 14, 2017",1.0,4.1 and up
FO PSA Sept-Fons,COMMUNICATION,4.3,2.0,15.0,100.0,Free,0.0,Everyone,Communication,"March 22, 2018",1.0,4.1 and up
FO BOULANGER,FINANCE,4.3,10.0,19.0,50.0,Free,0.0,Everyone,Finance,"May 15, 2018",1.0,4.4 and up
FO AIRBUS TLSE,COMMUNICATION,4.3,4.0,16.0,1000.0,Free,0.0,Everyone,Communication,"January 25, 2018",1.1,4.1 and up
F-O-Meter,FAMILY,4.3,0.0,2.8,1.0,Free,0.0,Mature 17+,Entertainment,"August 2, 2018",1.0.1,4.0 and up
Theme fo Oppo A30 Wallpaper & Icon,BUSINESS,4.3,7.0,1.3,500.0,Free,0.0,Everyone,Business,"August 18, 2017",1.0.0,2.3.3 and up
FO STELIA Méaulte,COMMUNICATION,4.3,2.0,18.0,100.0,Free,0.0,Everyone,Communication,"December 19, 2017",1.1,4.1 and up
RRIMS FO,BUSINESS,4.3,2.0,5.2,100.0,Free,0.0,Everyone,Business,"July 27, 2018",4.2,5.0 and up
Neon Blue Gaming Wallpaper&Theme fo Lenovo K8 Note,BUSINESS,4.6,7.0,2.0,500.0,Free,0.0,Everyone,Business,"August 24, 2017",1.0.0,2.3.3 and up
Custos F.O.,BUSINESS,4.3,0.0,9.7,1.0,Free,0.0,Everyone,Business,"June 20, 2018",4.1.0,4.1 and up
FO AIRBUS Nantes,COMMUNICATION,4.3,0.0,17.0,100.0,Free,0.0,Everyone,Communication,"December 14, 2017",1.0,4.1 and up
Lalafo Pulsuz Elanlar,SHOPPING,4.4,61392.0,13.0,1000000.0,Free,0.0,Everyone,Shopping,"August 8, 2018",Varies with device,Varies with device
My Earthquake Alerts - US & Worldwide Earthquakes,WEATHER,4.4,3471.0,13.0,100000.0,Free,0.0,Everyone,Weather,"July 24, 2018",Varies with device,Varies with device
Frontline Terrorist Battle Shoot: Free FPS Shooter,GAME,4.2,9183.0,49.0,1000000.0,Free,0.0,Mature 17+,Action,"June 22, 2018",1.1,4.4 and up
BankNordik,FINANCE,3.9,28.0,15.0,5000.0,Free,0.0,Everyone,Finance,"August 8, 2018",7.3.2,5.0 and up
Sona - Nær við allastaðni,LIFESTYLE,4.2,31.0,25.0,1000.0,Free,0.0,Everyone,Lifestyle,"August 2, 2018",1.6.3,4.4 and up
Firefox Focus: The privacy browser,COMMUNICATION,4.4,36981.0,4.0,1000000.0,Free,0.0,Everyone,Communication,"July 6, 2018",5.2,5.0 and up
Mad Dash Fo' Cash,GAME,5.0,14.0,16.0,100.0,Free,0.0,Everyone,Arcade,"June 19, 2017",2.5a,4.1 and up
Launcher Theme for LG K10 2018,PERSONALIZATION,4.0,649.0,11.0,100000.0,Free,0.0,Everyone,Personalization,"March 30, 2017",1.0,2.3.3 and up
English To Shona Dictionary,BOOKS_AND_REFERENCE,4.6,60.0,3.7,10000.0,Free,0.0,Everyone,Books & Reference,"July 10, 2016",1.4,3.0 and up
Posta App,MAPS_AND_NAVIGATION,3.6,8.0,13.0,1000.0,Free,0.0,Everyone,Maps & Navigation,"September 27, 2017",Varies with device,4.4 and up
Thumbnail Maker,PHOTOGRAPHY,4.4,26252.0,24.0,1000000.0,Free,0.0,Everyone,Photography,"May 26, 2018",1.7,4.2 and up
Fon WiFi App – WiFi Connect,TOOLS,4.1,222.0,16.0,50000.0,Free,0.0,Everyone,Tools,"July 26, 2018",2.2.4,4.4 and up
Draw with FP sDraw,TOOLS,4.3,3268.0,0.4560546875,100000.0,Free,0.0,Everyone,Tools,"December 16, 2017",6.6,2.0 and up
FP Click sound changer,PERSONALIZATION,3.5,178.0,1.4,10000.0,Free,0.0,Everyone,Personalization,"December 26, 2015",1.0,1.6 and up
FP Connect,COMMUNICATION,4.3,0.0,22.0,100.0,Free,0.0,Teen,Communication,"December 15, 2017",3.15.1,4.1 and up
FP-safe,BUSINESS,4.3,0.0,2.6,100.0,Free,0.0,Everyone,Business,"May 8, 2018",1.0,4.0.3 and up
FP Legacy,MAPS_AND_NAVIGATION,4.0,3.0,44.0,1000.0,Free,0.0,Everyone,Maps & Navigation,"July 2, 2018",3.4.0,4.0 and up
Race Manager FP,GAME,3.8,196.0,11.0,5000.0,Free,0.0,Everyone,Racing,"November 3, 2014",2.1,2.2 and up
FreedomPop Messaging Phone/SIM,COMMUNICATION,3.6,9894.0,39.0,500000.0,Free,0.0,Everyone,Communication,"July 26, 2018",23.01.1265.0712,4.1 and up
Fingerprint Quick Action,TOOLS,4.2,8484.0,1.7,1000000.0,Free,0.0,Everyone,Tools,"July 22, 2018",0.15.2,6.0 and up
GKPB FP Online Church,LIFESTYLE,5.0,32.0,7.9,1000.0,Free,0.0,Everyone,Lifestyle,"December 31, 2017",0.7.1,4.4 and up
FP Markets,FINANCE,4.3,1.0,2.0,100.0,Free,0.0,Everyone,Finance,"January 30, 2018",1.0.0.0,4.3 and up
FP Boss,FINANCE,4.3,1.0,5.8,1.0,Free,0.0,Everyone,Finance,"July 27, 2018",1.0.2,5.0 and up
FP Charging Daydream,PERSONALIZATION,3.5,96.0,3.8,5000.0,Free,0.0,Everyone,Personalization,"November 23, 2015",2.0,4.2 and up
FP Live,COMMUNICATION,4.3,0.0,3.3,10.0,Free,0.0,Teen,Communication,"November 3, 2017",1.2.4,4.2 and up
FP Runner,GAME,3.7,38.0,29.0,1000.0,Free,0.0,Everyone,Arcade,"June 29, 2016",1.12,3.1 and up
Finger Scanner Gestures,TOOLS,4.2,2531.0,3.3,100000.0,Free,0.0,Everyone,Tools,"July 30, 2017",1.2.4,6.0 and up
FP Market,FAMILY,4.3,24.0,0.04296875,1000.0,Free,0.0,Everyone,Education,"June 17, 2012",1.0,1.6 and up
FP FCU,FINANCE,3.6,48.0,26.0,5000.0,Free,0.0,Everyone,Finance,"April 5, 2018",4.6.71,4.0.3 and up
Slickdeals: Coupons & Shopping,SHOPPING,4.5,33599.0,12.0,1000000.0,Free,0.0,Everyone,Shopping,"July 30, 2018",3.9,4.4 and up
SCM FPS Status,BUSINESS,4.2,123.0,3.3,10000.0,Free,0.0,Everyone,Business,"April 28, 2018",3.5,2.3 and up
Hondata Mobile,MAPS_AND_NAVIGATION,4.3,334.0,0.66015625,10000.0,Free,0.0,Everyone,Maps & Navigation,"August 23, 2016",1.3,2.3.3 and up
FreedomPop Friends for Free Data,TOOLS,4.4,58.0,2.5,5000.0,Free,0.0,Everyone,Tools,"July 24, 2018",2017.07.24,4.1 and up
Fingerprint Lock Screen Prank,TOOLS,4.1,10786.0,4.3,1000000.0,Free,0.0,Everyone,Tools,"December 9, 2017",5.0,4.0 and up
FP NFC Rewrite,TOOLS,4.3,17.0,0.0654296875,1000.0,Free,0.0,Everyone,Tools,"January 29, 2016",1.1,4.0 and up
Greek Bible FP (Audio),BOOKS_AND_REFERENCE,4.3,5.0,8.0,1000.0,Free,0.0,Everyone,Books & Reference,"August 29, 2016",1.0.0,4.0.3 and up
The FP Shield,NEWS_AND_MAGAZINES,4.3,0.0,11.0,10.0,Free,0.0,Everyone,News & Magazines,"February 1, 2018",1.1.0,4.4 and up
FP Разбитый дисплей,FAMILY,4.5,922.0,0.5390625,50000.0,Free,0.0,Everyone,Entertainment,"September 20, 2014",1.1,1.6 and up
FP Transportation,AUTO_AND_VEHICLES,4.3,1.0,0.8642578125,1.0,Free,0.0,Everyone,Auto & Vehicles,"March 9, 2018",10.0.0,4.0 and up
NFP 2018,EVENTS,4.8,8.0,16.0,500.0,Free,0.0,Everyone,Events,"January 9, 2018",1.0.3,4.2 and up
FQ Magazine,LIFESTYLE,4.3,1.0,12.0,100.0,Free,0.0,Everyone,Lifestyle,"December 12, 2016",1.0,4.1 and up
Modern Counter Terrorist FPS Shoot,GAME,4.0,795.0,41.0,100000.0,Free,0.0,Teen,Action,"August 29, 2017",1.2,2.3 and up
FQ METER,PRODUCTIVITY,3.9,17.0,2.4,1000.0,Free,0.0,Everyone,Productivity,"April 23, 2017",1.1,4.0 and up
FQ Load Board for Transporters,BUSINESS,4.3,0.0,3.9,100.0,Free,0.0,Everyone,Business,"February 16, 2018",1.1.3,5.0 and up
FQ India,LIFESTYLE,4.3,0.0,8.9,10.0,Free,0.0,Everyone,Lifestyle,"July 31, 2018",7.2.2,4.1 and up
Miss FQ,NEWS_AND_MAGAZINES,4.3,0.0,36.0,10.0,Free,0.0,Everyone,News & Magazines,"April 5, 2018",3.8,4.4 and up
FQ - Football Quiz,SPORTS,4.3,1.0,9.0,1.0,Free,0.0,Everyone,Sports,"May 29, 2018",1.0,5.0 and up
Monster Ride Pro,GAME,5.0,1.0,24.0,10.0,Free,0.0,Everyone,Racing,"March 5, 2018",2.0,2.3 and up
BEBONCOOL GAMEPAD V1.0,GAME,3.9,404.0,2.2,100000.0,Free,0.0,Everyone,Arcade,"August 30, 2017",1.2,4.0 and up
Union League,FAMILY,4.0,939.0,38.0,10000.0,Free,0.0,Everyone,Role Playing,"June 8, 2018",1.0.0.96,4.1 and up
Modern Counter 3: FPS Multiplayers battlegro 3,FAMILY,4.1,17.0,50.0,1000.0,Free,0.0,Everyone,Strategy,"March 16, 2018",15,4.1 and up
ChopAssistant,TOOLS,4.2,455.0,2.8,50000.0,Free,0.0,Everyone,Tools,"February 28, 2017",1.6,6.0 and up
Modern Counter Global Strike 3D,GAME,4.1,297.0,48.0,50000.0,Free,0.0,Teen,Action,"March 28, 2018",1.2,4.1 and up
Fountain Live Wallpaper HD – Dubai Wallpaper 3D,PERSONALIZATION,4.3,1.0,20.0,500.0,Free,0.0,Everyone,Personalization,"April 13, 2018",1.0,4.1 and up
Modern Counter Global Strike 3D V2,GAME,4.0,368.0,48.0,50000.0,Free,0.0,Everyone 10+,Action,"March 28, 2018",1.7,4.1 and up
HipChat - beta version,COMMUNICATION,4.1,1035.0,20.0,50000.0,Free,0.0,Everyone,Communication,"August 7, 2018",3.20.001,4.1 and up
Winter Wonderland,GAME,4.0,1287.0,38.0,50000.0,Free,0.0,Everyone,Word,"December 18, 2013",1.0,2.2 and up
Soccer Clubs Logo Quiz,GAME,4.2,21661.0,16.0,1000000.0,Free,0.0,Everyone,Trivia,"May 24, 2018",1.3.81,4.0 and up
PopStar,FAMILY,4.3,13.0,5.7,1000.0,Free,0.0,Everyone,Casual,"January 3, 2018",1.6,4.3 and up
Reindeer VPN - Proxy VPN,TOOLS,4.2,7339.0,4.0,100000.0,Free,0.0,Everyone,Tools,"May 10, 2018",1.74,4.1 and up
Inf VPN - Global Proxy & Unlimited Free WIFI VPN,TOOLS,4.7,61445.0,7.8,1000000.0,Free,0.0,Everyone,Tools,"July 26, 2018",1.9.734,4.1 and up
Fuel Rewards® program,LIFESTYLE,4.6,32433.0,46.0,1000000.0,Free,0.0,Everyone,Lifestyle,"June 26, 2018",2.9.1,5.0 and up
Fr Daoud Lamei,SOCIAL,4.7,2036.0,6.8,100000.0,Free,0.0,Everyone,Social,"May 20, 2018",1.72,4.0.3 and up
FR Roster,TOOLS,4.1,174.0,12.0,5000.0,Free,0.0,Everyone,Tools,"July 30, 2018",6.04,4.4 and up
Fr Ignacio Outreach,FAMILY,4.9,52.0,19.0,1000.0,Free,0.0,Everyone,Education,"January 19, 2018",1.0,4.4 and up
FR: My Famous Lover,FAMILY,4.0,185.0,28.0,10000.0,Free,0.0,Teen,Entertainment,"August 6, 2015",1.3.0,3.0 and up
Poker Pro.Fr,GAME,4.2,5442.0,17.0,100000.0,Free,0.0,Teen,Card,"May 22, 2018",4.1.3,2.3 and up
Scoreboard FR,LIFESTYLE,4.3,3.0,15.0,100.0,Free,0.0,Everyone,Lifestyle,"August 7, 2018",2.1,4.2 and up
SnakeBite911 FR,MEDICAL,4.3,1.0,42.0,500.0,Free,0.0,Everyone,Medical,"October 9, 2017",1.2,4.1 and up
My FR App,TOOLS,4.3,2.0,4.2,100.0,Free,0.0,Everyone,Tools,"April 9, 2018",1.283.0037,2.3.3 and up
lesparticuliers.fr,LIFESTYLE,4.3,96.0,1.0,50000.0,Free,0.0,Everyone,Lifestyle,"November 25, 2014",1.5,2.3 and up
Fr Lupupa Sermons,BUSINESS,4.8,19.0,21.0,100.0,Free,0.0,Everyone,Business,"June 12, 2018",1.0,4.4 and up
FR Plus 1.6,AUTO_AND_VEHICLES,4.3,4.0,3.9,100.0,Free,0.0,Everyone,Auto & Vehicles,"July 24, 2018",1.3.6,4.4W and up
Fr Agnel Pune,FAMILY,4.1,80.0,13.0,1000.0,Free,0.0,Everyone,Education,"June 13, 2018",2.0.20,4.0.3 and up
DICT.fr Mobile,BUSINESS,4.3,20.0,2.7,10000.0,Free,0.0,Everyone,Business,"July 17, 2018",2.1.10,4.1 and up
FR: My Secret Pets! ,FAMILY,4.0,785.0,31.0,50000.0,Free,0.0,Teen,Entertainment,"June 3, 2015",1.3.1,3.0 and up
Golden Dictionary (FR-AR),BOOKS_AND_REFERENCE,4.2,5775.0,4.9,500000.0,Free,0.0,Everyone,Books & Reference,"July 19, 2018",7.0.4.6,4.2 and up
FieldBi FR Offline,BUSINESS,4.3,2.0,6.8,100.0,Free,0.0,Everyone,Business,"August 6, 2018",2.1.8,4.1 and up
HTC Sense Input - FR,TOOLS,4.0,885.0,8.0,100000.0,Free,0.0,Everyone,Tools,"October 30, 2015",1.0.612928,5.0 and up
Gold Quote - Gold.fr,FINANCE,4.3,96.0,1.5,10000.0,Free,0.0,Everyone,Finance,"May 19, 2016",2.3,2.2 and up
Fr. Daoud Lamei,FAMILY,5.0,22.0,8.6,1000.0,Free,0.0,Teen,Education,"June 27, 2018",3.8.0,4.1 and up
Poop FR,FAMILY,4.3,6.0,2.5,50.0,Free,0.0,Everyone,Entertainment,"May 29, 2018",1.0,4.0.3 and up
PLMGSS FR,PRODUCTIVITY,4.3,0.0,3.1,10.0,Free,0.0,Everyone,Productivity,"December 1, 2017",1,4.4 and up
List iptv FR,VIDEO_PLAYERS,4.3,1.0,2.9,100.0,Free,0.0,Everyone,Video Players & Editors,"April 22, 2018",1.0,4.0.3 and up
Naruto & Boruto FR,SOCIAL,4.3,7.0,7.7,100.0,Free,0.0,Teen,Social,"February 2, 2018",1.0,4.0 and up
Fr Agnel Ambarnath,FAMILY,4.2,117.0,13.0,5000.0,Free,0.0,Everyone,Education,"June 13, 2018",2.0.20,4.0.3 and up
Bulgarian French Dictionary Fr,BOOKS_AND_REFERENCE,4.6,603.0,7.4,10000.0,Free,0.0,Everyone,Books & Reference,"June 19, 2016",2.96,4.1 and up
News Minecraft.fr,NEWS_AND_MAGAZINES,3.8,881.0,2.3,100000.0,Free,0.0,Everyone,News & Magazines,"January 20, 2014",1.5,1.6 and up
payermonstationnement.fr,MAPS_AND_NAVIGATION,4.3,38.0,9.8,5000.0,Free,0.0,Everyone,Maps & Navigation,"June 13, 2018",2.0.148.0,4.0 and up
FR Tides,WEATHER,3.8,1195.0,0.568359375,100000.0,Free,0.0,Everyone,Weather,"February 16, 2014",6.0,2.1 and up
Chemin (fr),BOOKS_AND_REFERENCE,4.8,44.0,0.6044921875,1000.0,Free,0.0,Everyone,Books & Reference,"March 23, 2014",0.8,2.2 and up
FR Calculator,FAMILY,4.0,7.0,2.6,500.0,Free,0.0,Everyone,Education,"June 18, 2017",1.0.0,4.1 and up
FR Forms,BUSINESS,4.3,0.0,9.6,10.0,Free,0.0,Everyone,Business,"September 29, 2016",1.1.5,4.0 and up
Sya9a Maroc - FR,FAMILY,4.5,38.0,53.0,5000.0,Free,0.0,Everyone,Education,"July 25, 2017",1.48,4.1 and up
Fr. Mike Schmitz Audio Teachings,FAMILY,5.0,4.0,3.6,100.0,Free,0.0,Everyone,Education,"July 6, 2018",1.0,4.1 and up
Parkinson Exercices FR,MEDICAL,4.3,3.0,9.5,1000.0,Free,0.0,Everyone,Medical,"January 20, 2017",1.0,2.2 and up
The SCP Foundation DB fr nn5n,BOOKS_AND_REFERENCE,4.5,114.0,13.0,1000.0,Free,0.0,Mature 17+,Books & Reference,"January 19, 2015",Varies with device,Varies with device
